sample_id,uid,condition,analyzer_evidence_state,gate_action,is_gated_abstention,gated_report_covered,baseline_chexpert_f1,gated_chexpert_f1,delta_chexpert_f1,reference_chexpert_vector,baseline_chexpert_vector,gated_chexpert_vector
IU_1001,1001,conflicting,conflicting,qualify_or_abstain,False,True,0.0,0.0,0.0,"{'Enlarged Cardiomediastinum': None, 'Cardiomegaly': None, 'Lung Opacity': None, 'Lung Lesion': None, 'Edema': None, 'Consolidation': None, 'Pneumonia': None, 'Atelectasis': None, 'Pneumothorax': None, 'Pleural Effusion': None, 'Pleural Other': None, 'Fracture': None, 'Support Devices': None, 'No Finding': None}","{'Enlarged Cardiomediastinum': None, 'Cardiomegaly': 1, 'Lung Opacity': None, 'Lung Lesion': None, 'Edema': None, 'Consolidation': None, 'Pneumonia': None, 'Atelectasis': None, 'Pneumothorax': 0, 'Pleural Effusion': 0, 'Pleural Other': None, 'Fracture': None, 'Support Devices': None, 'No Finding': 1}","{'Enlarged Cardiomediastinum': None, 'Cardiomegaly': 1, 'Lung Opacity': None, 'Lung Lesion': None, 'Edema': None, 'Consolidation': None, 'Pneumonia': None, 'Atelectasis': None, 'Pneumothorax': 0, 'Pleural Effusion': 0, 'Pleural Other': None, 'Fracture': None, 'Support Devices': None, 'No Finding': 1}"
IU_1001,1001,evidentiary_incomplete,sufficient,generate,False,True,0.0,0.0,0.0,"{'Enlarged Cardiomediastinum': None, 'Cardiomegaly': None, 'Lung Opacity': None, 'Lung Lesion': None, 'Edema': None, 'Consolidation': None, 'Pneumonia': None, 'Atelectasis': None, 'Pneumothorax': None, 'Pleural Effusion': None, 'Pleural Other': None, 'Fracture': None, 'Support Devices': None, 'No Finding': None}","{'Enlarged Cardiomediastinum': None, 'Cardiomegaly': None, 'Lung Opacity': None, 'Lung Lesion': None, 'Edema': None, 'Consolidation': 0, 'Pneumonia': None, 'Atelectasis': None, 'Pneumothorax': 1, 'Pleural Effusion': 0, 'Pleural Other': None, 'Fracture': None, 'Support Devices': None, 'No Finding': 1}","{'Enlarged Cardiomediastinum': None, 'Cardiomegaly': None, 'Lung Opacity': None, 'Lung Lesion': None, 'Edema': None, 'Consolidation': 0, 'Pneumonia': None, 'Atelectasis': None, 'Pneumothorax': 1, 'Pleural Effusion': 0, 'Pleural Other': None, 'Fracture': None, 'Support Devices': None, 'No Finding': 1}"
IU_1001,1001,insufficient,insufficient,abstain,True,False,0.0,1.0,1.0,"{'Enlarged Cardiomediastinum': None, 'Cardiomegaly': None, 'Lung Opacity': None, 'Lung Lesion': None, 'Edema': None, 'Consolidation': None, 'Pneumonia': None, 'Atelectasis': None, 'Pneumothorax': None, 'Pleural Effusion': None, 'Pleural Other': None, 'Fracture': None, 'Support Devices': None, 'No Finding': None}","{'Enlarged Cardiomediastinum': None, 'Cardiomegaly': None, 'Lung Opacity': None, 'Lung Lesion': None, 'Edema': None, 'Consolidation': 0, 'Pneumonia': None, 'Atelectasis': None, 'Pneumothorax': 0, 'Pleural Effusion': 0, 'Pleural Other': None, 'Fracture': None, 'Support Devices': None, 'No Finding': 1}","{'Enlarged Cardiomediastinum': None, 'Cardiomegaly': None, 'Lung Opacity': None, 'Lung Lesion': None, 'Edema': None, 'Consolidation': None, 'Pneumonia': None, 'Atelectasis': None, 'Pneumothorax': None, 'Pleural Effusion': None, 'Pleural Other': None, 'Fracture': None, 'Support Devices': None, 'No Finding': None}"
IU_1001,1001,irrelevant,irrelevant,discount_context,False,True,0.0,0.0,0.0,"{'Enlarged Cardiomediastinum': None, 'Cardiomegaly': None, 'Lung Opacity': None, 'Lung Lesion': None, 'Edema': None, 'Consolidation': None, 'Pneumonia': None, 'Atelectasis': None, 'Pneumothorax': None, 'Pleural Effusion': None, 'Pleural Other': None, 'Fracture': None, 'Support Devices': None, 'No Finding': None}","{'Enlarged Cardiomediastinum': None, 'Cardiomegaly': None, 'Lung Opacity': None, 'Lung Lesion': None, 'Edema': None, 'Consolidation': None, 'Pneumonia': None, 'Atelectasis': None, 'Pneumothorax': 0, 'Pleural Effusion': 0, 'Pleural Other': None, 'Fracture': None, 'Support Devices': None, 'No Finding': 1}","{'Enlarged Cardiomediastinum': None, 'Cardiomegaly': None, 'Lung Opacity': None, 'Lung Lesion': None, 'Edema': None, 'Consolidation': 0, 'Pneumonia': None, 'Atelectasis': None, 'Pneumothorax': 0, 'Pleural Effusion': 0, 'Pleural Other': None, 'Fracture': None, 'Support Devices': None, 'No Finding': 1}"
IU_1001,1001,sufficient,sufficient,generate,False,True,0.0,0.0,0.0,"{'Enlarged Cardiomediastinum': None, 'Cardiomegaly': None, 'Lung Opacity': None, 'Lung Lesion': None, 'Edema': None, 'Consolidation': None, 'Pneumonia': None, 'Atelectasis': None, 'Pneumothorax': None, 'Pleural Effusion': None, 'Pleural Other': None, 'Fracture': None, 'Support Devices': None, 'No Finding': None}","{'Enlarged Cardiomediastinum': None, 'Cardiomegaly': None, 'Lung Opacity': None, 'Lung Lesion': None, 'Edema': None, 'Consolidation': 0, 'Pneumonia': None, 'Atelectasis': None, 'Pneumothorax': 0, 'Pleural Effusion': 1, 'Pleural Other': None, 'Fracture': None, 'Support Devices': None, 'No Finding': 1}","{'Enlarged Cardiomediastinum': None, 'Cardiomegaly': None, 'Lung Opacity': None, 'Lung Lesion': None, 'Edema': None, 'Consolidation': 0, 'Pneumonia': None, 'Atelectasis': None, 'Pneumothorax': 0, 'Pleural Effusion': 1, 'Pleural Other': None, 'Fracture': None, 'Support Devices': None, 'No Finding': 1}"
IU_1001,1001,syntactic_incomplete,incomplete,qualify,False,True,0.0,0.0,0.0,"{'Enlarged Cardiomediastinum': None, 'Cardiomegaly': None, 'Lung Opacity': None, 'Lung Lesion': None, 'Edema': None, 'Consolidation': None, 'Pneumonia': None, 'Atelectasis': None, 'Pneumothorax': None, 'Pleural Effusion': None, 'Pleural Other': None, 'Fracture': None, 'Support Devices': None, 'No Finding': None}","{'Enlarged Cardiomediastinum': None, 'Cardiomegaly': None, 'Lung Opacity': None, 'Lung Lesion': None, 'Edema': None, 'Consolidation': 0, 'Pneumonia': 1, 'Atelectasis': None, 'Pneumothorax': 0, 'Pleural Effusion': 0, 'Pleural Other': None, 'Fracture': None, 'Support Devices': None, 'No Finding': 1}","{'Enlarged Cardiomediastinum': None, 'Cardiomegaly': None, 'Lung Opacity': None, 'Lung Lesion': None, 'Edema': None, 'Consolidation': 0, 'Pneumonia': None, 'Atelectasis': None, 'Pneumothorax': 0, 'Pleural Effusion': 0, 'Pleural Other': None, 'Fracture': None, 'Support Devices': None, 'No Finding': 1}"
IU_1008,1008,conflicting,conflicting,qualify_or_abstain,False,True,0.6667,0.6667,0.0,"{'Enlarged Cardiomediastinum': None, 'Cardiomegaly': None, 'Lung Opacity': 0, 'Lung Lesion': None, 'Edema': None, 'Consolidation': None, 'Pneumonia': None, 'Atelectasis': None, 'Pneumothorax': 1, 'Pleural Effusion': 0, 'Pleural Other': None, 'Fracture': None, 'Support Devices': None, 'No Finding': 1}","{'Enlarged Cardiomediastinum': None, 'Cardiomegaly': None, 'Lung Opacity': None, 'Lung Lesion': None, 'Edema': None, 'Consolidation': 0, 'Pneumonia': None, 'Atelectasis': None, 'Pneumothorax': 1, 'Pleural Effusion': 0, 'Pleural Other': None, 'Fracture': None, 'Support Devices': None, 'No Finding': None}","{'Enlarged Cardiomediastinum': None, 'Cardiomegaly': None, 'Lung Opacity': None, 'Lung Lesion': None, 'Edema': None, 'Consolidation': 0, 'Pneumonia': None, 'Atelectasis': None, 'Pneumothorax': 1, 'Pleural Effusion': 0, 'Pleural Other': None, 'Fracture': None, 'Support Devices': None, 'No Finding': None}"
IU_1008,1008,evidentiary_incomplete,sufficient,generate,False,True,0.6667,0.6667,0.0,"{'Enlarged Cardiomediastinum': None, 'Cardiomegaly': None, 'Lung Opacity': 0, 'Lung Lesion': None, 'Edema': None, 'Consolidation': None, 'Pneumonia': None, 'Atelectasis': None, 'Pneumothorax': 1, 'Pleural Effusion': 0, 'Pleural Other': None, 'Fracture': None, 'Support Devices': None, 'No Finding': 1}","{'Enlarged Cardiomediastinum': None, 'Cardiomegaly': None, 'Lung Opacity': None, 'Lung Lesion': None, 'Edema': None, 'Consolidation': None, 'Pneumonia': None, 'Atelectasis': None, 'Pneumothorax': 0, 'Pleural Effusion': 0, 'Pleural Other': None, 'Fracture': None, 'Support Devices': None, 'No Finding': 1}","{'Enlarged Cardiomediastinum': None, 'Cardiomegaly': None, 'Lung Opacity': None, 'Lung Lesion': None, 'Edema': None, 'Consolidation': None, 'Pneumonia': None, 'Atelectasis': None, 'Pneumothorax': 0, 'Pleural Effusion': 0, 'Pleural Other': None, 'Fracture': None, 'Support Devices': None, 'No Finding': 1}"
IU_1008,1008,insufficient,insufficient,abstain,True,False,0.6667,0.0,-0.6667,"{'Enlarged Cardiomediastinum': None, 'Cardiomegaly': None, 'Lung Opacity': 0, 'Lung Lesion': None, 'Edema': None, 'Consolidation': None, 'Pneumonia': None, 'Atelectasis': None, 'Pneumothorax': 1, 'Pleural Effusion': 0, 'Pleural Other': None, 'Fracture': None, 'Support Devices': None, 'No Finding': 1}","{'Enlarged Cardiomediastinum': None, 'Cardiomegaly': None, 'Lung Opacity': None, 'Lung Lesion': None, 'Edema': 0, 'Consolidation': 0, 'Pneumonia': None, 'Atelectasis': None, 'Pneumothorax': 0, 'Pleural Effusion': 0, 'Pleural Other': None, 'Fracture': None, 'Support Devices': None, 'No Finding': 1}","{'Enlarged Cardiomediastinum': None, 'Cardiomegaly': None, 'Lung Opacity': None, 'Lung Lesion': None, 'Edema': None, 'Consolidation': None, 'Pneumonia': None, 'Atelectasis': None, 'Pneumothorax': None, 'Pleural Effusion': None, 'Pleural Other': None, 'Fracture': None, 'Support Devices': None, 'No Finding': None}"
IU_1008,1008,irrelevant,irrelevant,discount_context,False,True,0.6667,0.6667,0.0,"{'Enlarged Cardiomediastinum': None, 'Cardiomegaly': None, 'Lung Opacity': 0, 'Lung Lesion': None, 'Edema': None, 'Consolidation': None, 'Pneumonia': None, 'Atelectasis': None, 'Pneumothorax': 1, 'Pleural Effusion': 0, 'Pleural Other': None, 'Fracture': None, 'Support Devices': None, 'No Finding': 1}","{'Enlarged Cardiomediastinum': None, 'Cardiomegaly': None, 'Lung Opacity': None, 'Lung Lesion': None, 'Edema': None, 'Consolidation': None, 'Pneumonia': None, 'Atelectasis': None, 'Pneumothorax': 0, 'Pleural Effusion': 0, 'Pleural Other': None, 'Fracture': 0, 'Support Devices': None, 'No Finding': 1}","{'Enlarged Cardiomediastinum': None, 'Cardiomegaly': None, 'Lung Opacity': None, 'Lung Lesion': None, 'Edema': 0, 'Consolidation': 0, 'Pneumonia': None, 'Atelectasis': None, 'Pneumothorax': 0, 'Pleural Effusion': 0, 'Pleural Other': None, 'Fracture': None, 'Support Devices': None, 'No Finding': 1}"
IU_1008,1008,sufficient,sufficient,generate,False,True,0.6667,0.6667,0.0,"{'Enlarged Cardiomediastinum': None, 'Cardiomegaly': None, 'Lung Opacity': 0, 'Lung Lesion': None, 'Edema': None, 'Consolidation': None, 'Pneumonia': None, 'Atelectasis': None, 'Pneumothorax': 1, 'Pleural Effusion': 0, 'Pleural Other': None, 'Fracture': None, 'Support Devices': None, 'No Finding': 1}","{'Enlarged Cardiomediastinum': None, 'Cardiomegaly': None, 'Lung Opacity': None, 'Lung Lesion': None, 'Edema': None, 'Consolidation': None, 'Pneumonia': None, 'Atelectasis': None, 'Pneumothorax': 0, 'Pleural Effusion': 0, 'Pleural Other': None, 'Fracture': None, 'Support Devices': None, 'No Finding': 1}","{'Enlarged Cardiomediastinum': None, 'Cardiomegaly': None, 'Lung Opacity': None, 'Lung Lesion': None, 'Edema': None, 'Consolidation': None, 'Pneumonia': None, 'Atelectasis': None, 'Pneumothorax': 0, 'Pleural Effusion': 0, 'Pleural Other': None, 'Fracture': None, 'Support Devices': None, 'No Finding': 1}"
IU_1008,1008,syntactic_incomplete,incomplete,qualify,False,True,0.6667,0.6667,0.0,"{'Enlarged Cardiomediastinum': None, 'Cardiomegaly': None, 'Lung Opacity': 0, 'Lung Lesion': None, 'Edema': None, 'Consolidation': None, 'Pneumonia': None, 'Atelectasis': None, 'Pneumothorax': 1, 'Pleural Effusion': 0, 'Pleural Other': None, 'Fracture': None, 'Support Devices': None, 'No Finding': 1}","{'Enlarged Cardiomediastinum': None, 'Cardiomegaly': None, 'Lung Opacity': None, 'Lung Lesion': None, 'Edema': None, 'Consolidation': None, 'Pneumonia': None, 'Atelectasis': None, 'Pneumothorax': 0, 'Pleural Effusion': 0, 'Pleural Other': None, 'Fracture': None, 'Support Devices': None, 'No Finding': 1}","{'Enlarged Cardiomediastinum': None, 'Cardiomegaly': None, 'Lung Opacity': None, 'Lung Lesion': None, 'Edema': 0, 'Consolidation': 0, 'Pneumonia': None, 'Atelectasis': None, 'Pneumothorax': 0, 'Pleural Effusion': 0, 'Pleural Other': None, 'Fracture': None, 'Support Devices': None, 'No Finding': 1}"
IU_1025,1025,conflicting,conflicting,qualify_or_abstain,False,True,0.0,0.0,0.0,"{'Enlarged Cardiomediastinum': None, 'Cardiomegaly': None, 'Lung Opacity': None, 'Lung Lesion': 1, 'Edema': None, 'Consolidation': 0, 'Pneumonia': None, 'Atelectasis': None, 'Pneumothorax': 0, 'Pleural Effusion': 1, 'Pleural Other': None, 'Fracture': None, 'Support Devices': None, 'No Finding': None}","{'Enlarged Cardiomediastinum': None, 'Cardiomegaly': None, 'Lung Opacity': None, 'Lung Lesion': None, 'Edema': None, 'Consolidation': 0, 'Pneumonia': None, 'Atelectasis': None, 'Pneumothorax': 1, 'Pleural Effusion': 0, 'Pleural Other': None, 'Fracture': None, 'Support Devices': None, 'No Finding': None}","{'Enlarged Cardiomediastinum': None, 'Cardiomegaly': None, 'Lung Opacity': None, 'Lung Lesion': None, 'Edema': None, 'Consolidation': 0, 'Pneumonia': None, 'Atelectasis': None, 'Pneumothorax': 1, 'Pleural Effusion': 0, 'Pleural Other': None, 'Fracture': None, 'Support Devices': None, 'No Finding': None}"
IU_1025,1025,evidentiary_incomplete,sufficient,generate,False,True,0.0,0.0,0.0,"{'Enlarged Cardiomediastinum': None, 'Cardiomegaly': None, 'Lung Opacity': None, 'Lung Lesion': 1, 'Edema': None, 'Consolidation': 0, 'Pneumonia': None, 'Atelectasis': None, 'Pneumothorax': 0, 'Pleural Effusion': 1, 'Pleural Other': None, 'Fracture': None, 'Support Devices': None, 'No Finding': None}","{'Enlarged Cardiomediastinum': None, 'Cardiomegaly': None, 'Lung Opacity': None, 'Lung Lesion': None, 'Edema': None, 'Consolidation': None, 'Pneumonia': None, 'Atelectasis': None, 'Pneumothorax': 0, 'Pleural Effusion': 0, 'Pleural Other': None, 'Fracture': None, 'Support Devices': None, 'No Finding': 1}","{'Enlarged Cardiomediastinum': None, 'Cardiomegaly': None, 'Lung Opacity': None, 'Lung Lesion': None, 'Edema': None, 'Consolidation': None, 'Pneumonia': None, 'Atelectasis': None, 'Pneumothorax': 0, 'Pleural Effusion': 0, 'Pleural Other': None, 'Fracture': None, 'Support Devices': None, 'No Finding': 1}"
IU_1025,1025,insufficient,insufficient,abstain,True,False,0.0,0.0,0.0,"{'Enlarged Cardiomediastinum': None, 'Cardiomegaly': None, 'Lung Opacity': None, 'Lung Lesion': 1, 'Edema': None, 'Consolidation': 0, 'Pneumonia': None, 'Atelectasis': None, 'Pneumothorax': 0, 'Pleural Effusion': 1, 'Pleural Other': None, 'Fracture': None, 'Support Devices': None, 'No Finding': None}","{'Enlarged Cardiomediastinum': None, 'Cardiomegaly': None, 'Lung Opacity': None, 'Lung Lesion': None, 'Edema': 0, 'Consolidation': 0, 'Pneumonia': None, 'Atelectasis': None, 'Pneumothorax': 0, 'Pleural Effusion': 0, 'Pleural Other': None, 'Fracture': None, 'Support Devices': None, 'No Finding': 1}","{'Enlarged Cardiomediastinum': None, 'Cardiomegaly': None, 'Lung Opacity': None, 'Lung Lesion': None, 'Edema': None, 'Consolidation': None, 'Pneumonia': None, 'Atelectasis': None, 'Pneumothorax': None, 'Pleural Effusion': None, 'Pleural Other': None, 'Fracture': None, 'Support Devices': None, 'No Finding': None}"
IU_1025,1025,irrelevant,irrelevant,discount_context,False,True,0.0,0.0,0.0,"{'Enlarged Cardiomediastinum': None, 'Cardiomegaly': None, 'Lung Opacity': None, 'Lung Lesion': 1, 'Edema': None, 'Consolidation': 0, 'Pneumonia': None, 'Atelectasis': None, 'Pneumothorax': 0, 'Pleural Effusion': 1, 'Pleural Other': None, 'Fracture': None, 'Support Devices': None, 'No Finding': None}","{'Enlarged Cardiomediastinum': None, 'Cardiomegaly': None, 'Lung Opacity': None, 'Lung Lesion': None, 'Edema': None, 'Consolidation': None, 'Pneumonia': None, 'Atelectasis': None, 'Pneumothorax': 0, 'Pleural Effusion': 0, 'Pleural Other': None, 'Fracture': None, 'Support Devices': None, 'No Finding': 1}","{'Enlarged Cardiomediastinum': None, 'Cardiomegaly': None, 'Lung Opacity': None, 'Lung Lesion': None, 'Edema': 0, 'Consolidation': 0, 'Pneumonia': None, 'Atelectasis': None, 'Pneumothorax': 0, 'Pleural Effusion': 0, 'Pleural Other': None, 'Fracture': None, 'Support Devices': None, 'No Finding': 1}"
IU_1025,1025,sufficient,sufficient,generate,False,True,0.0,0.0,0.0,"{'Enlarged Cardiomediastinum': None, 'Cardiomegaly': None, 'Lung Opacity': None, 'Lung Lesion': 1, 'Edema': None, 'Consolidation': 0, 'Pneumonia': None, 'Atelectasis': None, 'Pneumothorax': 0, 'Pleural Effusion': 1, 'Pleural Other': None, 'Fracture': None, 'Support Devices': None, 'No Finding': None}","{'Enlarged Cardiomediastinum': None, 'Cardiomegaly': None, 'Lung Opacity': None, 'Lung Lesion': None, 'Edema': None, 'Consolidation': None, 'Pneumonia': None, 'Atelectasis': None, 'Pneumothorax': 0, 'Pleural Effusion': 0, 'Pleural Other': None, 'Fracture': None, 'Support Devices': None, 'No Finding': 1}","{'Enlarged Cardiomediastinum': None, 'Cardiomegaly': None, 'Lung Opacity': None, 'Lung Lesion': None, 'Edema': None, 'Consolidation': None, 'Pneumonia': None, 'Atelectasis': None, 'Pneumothorax': 0, 'Pleural Effusion': 0, 'Pleural Other': None, 'Fracture': None, 'Support Devices': None, 'No Finding': 1}"
IU_1025,1025,syntactic_incomplete,incomplete,qualify,False,True,0.0,0.0,0.0,"{'Enlarged Cardiomediastinum': None, 'Cardiomegaly': None, 'Lung Opacity': None, 'Lung Lesion': 1, 'Edema': None, 'Consolidation': 0, 'Pneumonia': None, 'Atelectasis': None, 'Pneumothorax': 0, 'Pleural Effusion': 1, 'Pleural Other': None, 'Fracture': None, 'Support Devices': None, 'No Finding': None}","{'Enlarged Cardiomediastinum': None, 'Cardiomegaly': None, 'Lung Opacity': None, 'Lung Lesion': None, 'Edema': None, 'Consolidation': None, 'Pneumonia': None, 'Atelectasis': None, 'Pneumothorax': 0, 'Pleural Effusion': 0, 'Pleural Other': None, 'Fracture': None, 'Support Devices': None, 'No Finding': 1}","{'Enlarged Cardiomediastinum': None, 'Cardiomegaly': None, 'Lung Opacity': None, 'Lung Lesion': None, 'Edema': 0, 'Consolidation': 0, 'Pneumonia': None, 'Atelectasis': None, 'Pneumothorax': 0, 'Pleural Effusion': 0, 'Pleural Other': None, 'Fracture': None, 'Support Devices': None, 'No Finding': 1}"
IU_1034,1034,conflicting,conflicting,qualify_or_abstain,False,True,0.5,0.5,0.0,"{'Enlarged Cardiomediastinum': None, 'Cardiomegaly': None, 'Lung Opacity': None, 'Lung Lesion': 1, 'Edema': None, 'Consolidation': None, 'Pneumonia': None, 'Atelectasis': None, 'Pneumothorax': None, 'Pleural Effusion': None, 'Pleural Other': None, 'Fracture': None, 'Support Devices': None, 'No Finding': 1}","{'Enlarged Cardiomediastinum': None, 'Cardiomegaly': None, 'Lung Opacity': None, 'Lung Lesion': None, 'Edema': None, 'Consolidation': None, 'Pneumonia': 1, 'Atelectasis': None, 'Pneumothorax': 0, 'Pleural Effusion': 0, 'Pleural Other': None, 'Fracture': None, 'Support Devices': None, 'No Finding': 1}","{'Enlarged Cardiomediastinum': None, 'Cardiomegaly': None, 'Lung Opacity': None, 'Lung Lesion': None, 'Edema': None, 'Consolidation': None, 'Pneumonia': 1, 'Atelectasis': None, 'Pneumothorax': 0, 'Pleural Effusion': 0, 'Pleural Other': None, 'Fracture': None, 'Support Devices': None, 'No Finding': 1}"
IU_1034,1034,evidentiary_incomplete,sufficient,generate,False,True,0.5,0.5,0.0,"{'Enlarged Cardiomediastinum': None, 'Cardiomegaly': None, 'Lung Opacity': None, 'Lung Lesion': 1, 'Edema': None, 'Consolidation': None, 'Pneumonia': None, 'Atelectasis': None, 'Pneumothorax': None, 'Pleural Effusion': None, 'Pleural Other': None, 'Fracture': None, 'Support Devices': None, 'No Finding': 1}","{'Enlarged Cardiomediastinum': None, 'Cardiomegaly': None, 'Lung Opacity': 0, 'Lung Lesion': None, 'Edema': None, 'Consolidation': None, 'Pneumonia': None, 'Atelectasis': None, 'Pneumothorax': 1, 'Pleural Effusion': 0, 'Pleural Other': None, 'Fracture': None, 'Support Devices': None, 'No Finding': 1}","{'Enlarged Cardiomediastinum': None, 'Cardiomegaly': None, 'Lung Opacity': 0, 'Lung Lesion': None, 'Edema': None, 'Consolidation': None, 'Pneumonia': None, 'Atelectasis': None, 'Pneumothorax': 1, 'Pleural Effusion': 0, 'Pleural Other': None, 'Fracture': None, 'Support Devices': None, 'No Finding': 1}"
IU_1034,1034,insufficient,insufficient,abstain,True,False,0.0,0.0,0.0,"{'Enlarged Cardiomediastinum': None, 'Cardiomegaly': None, 'Lung Opacity': None, 'Lung Lesion': 1, 'Edema': None, 'Consolidation': None, 'Pneumonia': None, 'Atelectasis': None, 'Pneumothorax': None, 'Pleural Effusion': None, 'Pleural Other': None, 'Fracture': None, 'Support Devices': None, 'No Finding': 1}","{'Enlarged Cardiomediastinum': None, 'Cardiomegaly': None, 'Lung Opacity': None, 'Lung Lesion': None, 'Edema': None, 'Consolidation': None, 'Pneumonia': None, 'Atelectasis': None, 'Pneumothorax': 0, 'Pleural Effusion': 0, 'Pleural Other': None, 'Fracture': None, 'Support Devices': None, 'No Finding': None}","{'Enlarged Cardiomediastinum': None, 'Cardiomegaly': None, 'Lung Opacity': None, 'Lung Lesion': None, 'Edema': None, 'Consolidation': None, 'Pneumonia': None, 'Atelectasis': None, 'Pneumothorax': None, 'Pleural Effusion': None, 'Pleural Other': None, 'Fracture': None, 'Support Devices': None, 'No Finding': None}"
IU_1034,1034,irrelevant,irrelevant,discount_context,False,True,0.5,0.0,-0.5,"{'Enlarged Cardiomediastinum': None, 'Cardiomegaly': None, 'Lung Opacity': None, 'Lung Lesion': 1, 'Edema': None, 'Consolidation': None, 'Pneumonia': None, 'Atelectasis': None, 'Pneumothorax': None, 'Pleural Effusion': None, 'Pleural Other': None, 'Fracture': None, 'Support Devices': None, 'No Finding': 1}","{'Enlarged Cardiomediastinum': None, 'Cardiomegaly': None, 'Lung Opacity': None, 'Lung Lesion': None, 'Edema': None, 'Consolidation': 0, 'Pneumonia': None, 'Atelectasis': None, 'Pneumothorax': 1, 'Pleural Effusion': 0, 'Pleural Other': None, 'Fracture': None, 'Support Devices': None, 'No Finding': 1}","{'Enlarged Cardiomediastinum': None, 'Cardiomegaly': None, 'Lung Opacity': None, 'Lung Lesion': None, 'Edema': None, 'Consolidation': None, 'Pneumonia': None, 'Atelectasis': None, 'Pneumothorax': 0, 'Pleural Effusion': 0, 'Pleural Other': None, 'Fracture': None, 'Support Devices': None, 'No Finding': None}"
IU_1034,1034,sufficient,sufficient,generate,False,True,0.5,0.5,0.0,"{'Enlarged Cardiomediastinum': None, 'Cardiomegaly': None, 'Lung Opacity': None, 'Lung Lesion': 1, 'Edema': None, 'Consolidation': None, 'Pneumonia': None, 'Atelectasis': None, 'Pneumothorax': None, 'Pleural Effusion': None, 'Pleural Other': None, 'Fracture': None, 'Support Devices': None, 'No Finding': 1}","{'Enlarged Cardiomediastinum': None, 'Cardiomegaly': None, 'Lung Opacity': 0, 'Lung Lesion': None, 'Edema': None, 'Consolidation': None, 'Pneumonia': None, 'Atelectasis': None, 'Pneumothorax': 1, 'Pleural Effusion': 0, 'Pleural Other': None, 'Fracture': None, 'Support Devices': None, 'No Finding': 1}","{'Enlarged Cardiomediastinum': None, 'Cardiomegaly': None, 'Lung Opacity': 0, 'Lung Lesion': None, 'Edema': None, 'Consolidation': None, 'Pneumonia': None, 'Atelectasis': None, 'Pneumothorax': 1, 'Pleural Effusion': 0, 'Pleural Other': None, 'Fracture': None, 'Support Devices': None, 'No Finding': 1}"
IU_1034,1034,syntactic_incomplete,incomplete,qualify,False,True,0.6667,0.0,-0.6667,"{'Enlarged Cardiomediastinum': None, 'Cardiomegaly': None, 'Lung Opacity': None, 'Lung Lesion': 1, 'Edema': None, 'Consolidation': None, 'Pneumonia': None, 'Atelectasis': None, 'Pneumothorax': None, 'Pleural Effusion': None, 'Pleural Other': None, 'Fracture': None, 'Support Devices': None, 'No Finding': 1}","{'Enlarged Cardiomediastinum': None, 'Cardiomegaly': None, 'Lung Opacity': 0, 'Lung Lesion': None, 'Edema': None, 'Consolidation': None, 'Pneumonia': None, 'Atelectasis': None, 'Pneumothorax': 0, 'Pleural Effusion': 0, 'Pleural Other': None, 'Fracture': None, 'Support Devices': None, 'No Finding': 1}","{'Enlarged Cardiomediastinum': None, 'Cardiomegaly': None, 'Lung Opacity': None, 'Lung Lesion': None, 'Edema': None, 'Consolidation': None, 'Pneumonia': None, 'Atelectasis': None, 'Pneumothorax': 0, 'Pleural Effusion': 0, 'Pleural Other': None, 'Fracture': None, 'Support Devices': None, 'No Finding': None}"
IU_1059,1059,conflicting,conflicting,qualify_or_abstain,False,True,0.0,0.0,0.0,"{'Enlarged Cardiomediastinum': None, 'Cardiomegaly': None, 'Lung Opacity': 1, 'Lung Lesion': 1, 'Edema': None, 'Consolidation': None, 'Pneumonia': None, 'Atelectasis': None, 'Pneumothorax': 0, 'Pleural Effusion': 0, 'Pleural Other': None, 'Fracture': None, 'Support Devices': None, 'No Finding': None}","{'Enlarged Cardiomediastinum': None, 'Cardiomegaly': None, 'Lung Opacity': None, 'Lung Lesion': None, 'Edema': None, 'Consolidation': None, 'Pneumonia': None, 'Atelectasis': None, 'Pneumothorax': 1, 'Pleural Effusion': 0, 'Pleural Other': None, 'Fracture': None, 'Support Devices': None, 'No Finding': None}","{'Enlarged Cardiomediastinum': None, 'Cardiomegaly': None, 'Lung Opacity': None, 'Lung Lesion': None, 'Edema': None, 'Consolidation': None, 'Pneumonia': None, 'Atelectasis': None, 'Pneumothorax': 1, 'Pleural Effusion': 0, 'Pleural Other': None, 'Fracture': None, 'Support Devices': None, 'No Finding': None}"
IU_1059,1059,evidentiary_incomplete,sufficient,generate,False,True,0.5,0.5,0.0,"{'Enlarged Cardiomediastinum': None, 'Cardiomegaly': None, 'Lung Opacity': 1, 'Lung Lesion': 1, 'Edema': None, 'Consolidation': None, 'Pneumonia': None, 'Atelectasis': None, 'Pneumothorax': 0, 'Pleural Effusion': 0, 'Pleural Other': None, 'Fracture': None, 'Support Devices': None, 'No Finding': None}","{'Enlarged Cardiomediastinum': None, 'Cardiomegaly': None, 'Lung Opacity': 1, 'Lung Lesion': None, 'Edema': None, 'Consolidation': None, 'Pneumonia': 1, 'Atelectasis': None, 'Pneumothorax': 0, 'Pleural Effusion': 0, 'Pleural Other': None, 'Fracture': None, 'Support Devices': None, 'No Finding': None}","{'Enlarged Cardiomediastinum': None, 'Cardiomegaly': None, 'Lung Opacity': 1, 'Lung Lesion': None, 'Edema': None, 'Consolidation': None, 'Pneumonia': 1, 'Atelectasis': None, 'Pneumothorax': 0, 'Pleural Effusion': 0, 'Pleural Other': None, 'Fracture': None, 'Support Devices': None, 'No Finding': None}"
IU_1059,1059,insufficient,insufficient,abstain,True,False,0.0,0.0,0.0,"{'Enlarged Cardiomediastinum': None, 'Cardiomegaly': None, 'Lung Opacity': 1, 'Lung Lesion': 1, 'Edema': None, 'Consolidation': None, 'Pneumonia': None, 'Atelectasis': None, 'Pneumothorax': 0, 'Pleural Effusion': 0, 'Pleural Other': None, 'Fracture': None, 'Support Devices': None, 'No Finding': None}","{'Enlarged Cardiomediastinum': None, 'Cardiomegaly': None, 'Lung Opacity': None, 'Lung Lesion': None, 'Edema': None, 'Consolidation': 0, 'Pneumonia': None, 'Atelectasis': None, 'Pneumothorax': 0, 'Pleural Effusion': 1, 'Pleural Other': None, 'Fracture': None, 'Support Devices': None, 'No Finding': 1}","{'Enlarged Cardiomediastinum': None, 'Cardiomegaly': None, 'Lung Opacity': None, 'Lung Lesion': None, 'Edema': None, 'Consolidation': None, 'Pneumonia': None, 'Atelectasis': None, 'Pneumothorax': None, 'Pleural Effusion': None, 'Pleural Other': None, 'Fracture': None, 'Support Devices': None, 'No Finding': None}"
IU_1059,1059,irrelevant,irrelevant,discount_context,False,True,0.0,0.0,0.0,"{'Enlarged Cardiomediastinum': None, 'Cardiomegaly': None, 'Lung Opacity': 1, 'Lung Lesion': 1, 'Edema': None, 'Consolidation': None, 'Pneumonia': None, 'Atelectasis': None, 'Pneumothorax': 0, 'Pleural Effusion': 0, 'Pleural Other': None, 'Fracture': None, 'Support Devices': None, 'No Finding': None}","{'Enlarged Cardiomediastinum': None, 'Cardiomegaly': None, 'Lung Opacity': None, 'Lung Lesion': None, 'Edema': None, 'Consolidation': None, 'Pneumonia': None, 'Atelectasis': None, 'Pneumothorax': 0, 'Pleural Effusion': 0, 'Pleural Other': None, 'Fracture': None, 'Support Devices': None, 'No Finding': 1}","{'Enlarged Cardiomediastinum': None, 'Cardiomegaly': None, 'Lung Opacity': None, 'Lung Lesion': None, 'Edema': None, 'Consolidation': 0, 'Pneumonia': None, 'Atelectasis': None, 'Pneumothorax': 0, 'Pleural Effusion': 1, 'Pleural Other': None, 'Fracture': None, 'Support Devices': None, 'No Finding': 1}"
IU_1059,1059,sufficient,sufficient,generate,False,True,0.0,0.0,0.0,"{'Enlarged Cardiomediastinum': None, 'Cardiomegaly': None, 'Lung Opacity': 1, 'Lung Lesion': 1, 'Edema': None, 'Consolidation': None, 'Pneumonia': None, 'Atelectasis': None, 'Pneumothorax': 0, 'Pleural Effusion': 0, 'Pleural Other': None, 'Fracture': None, 'Support Devices': None, 'No Finding': None}","{'Enlarged Cardiomediastinum': None, 'Cardiomegaly': None, 'Lung Opacity': None, 'Lung Lesion': None, 'Edema': 0, 'Consolidation': 0, 'Pneumonia': 1, 'Atelectasis': None, 'Pneumothorax': 0, 'Pleural Effusion': 0, 'Pleural Other': None, 'Fracture': None, 'Support Devices': None, 'No Finding': 1}","{'Enlarged Cardiomediastinum': None, 'Cardiomegaly': None, 'Lung Opacity': None, 'Lung Lesion': None, 'Edema': 0, 'Consolidation': 0, 'Pneumonia': 1, 'Atelectasis': None, 'Pneumothorax': 0, 'Pleural Effusion': 0, 'Pleural Other': None, 'Fracture': None, 'Support Devices': None, 'No Finding': 1}"
IU_1059,1059,syntactic_incomplete,incomplete,qualify,False,True,0.0,0.0,0.0,"{'Enlarged Cardiomediastinum': None, 'Cardiomegaly': None, 'Lung Opacity': 1, 'Lung Lesion': 1, 'Edema': None, 'Consolidation': None, 'Pneumonia': None, 'Atelectasis': None, 'Pneumothorax': 0, 'Pleural Effusion': 0, 'Pleural Other': None, 'Fracture': None, 'Support Devices': None, 'No Finding': None}","{'Enlarged Cardiomediastinum': None, 'Cardiomegaly': None, 'Lung Opacity': None, 'Lung Lesion': None, 'Edema': None, 'Consolidation': 0, 'Pneumonia': 1, 'Atelectasis': None, 'Pneumothorax': 0, 'Pleural Effusion': 0, 'Pleural Other': None, 'Fracture': None, 'Support Devices': None, 'No Finding': None}","{'Enlarged Cardiomediastinum': None, 'Cardiomegaly': None, 'Lung Opacity': None, 'Lung Lesion': None, 'Edema': None, 'Consolidation': 0, 'Pneumonia': None, 'Atelectasis': None, 'Pneumothorax': 0, 'Pleural Effusion': 1, 'Pleural Other': None, 'Fracture': None, 'Support Devices': None, 'No Finding': 1}"
IU_1097,1097,conflicting,conflicting,qualify_or_abstain,False,True,0.5,0.5,0.0,"{'Enlarged Cardiomediastinum': None, 'Cardiomegaly': None, 'Lung Opacity': None, 'Lung Lesion': 1, 'Edema': 0, 'Consolidation': 0, 'Pneumonia': None, 'Atelectasis': None, 'Pneumothorax': 1, 'Pleural Effusion': 0, 'Pleural Other': None, 'Fracture': None, 'Support Devices': None, 'No Finding': 1}","{'Enlarged Cardiomediastinum': None, 'Cardiomegaly': None, 'Lung Opacity': None, 'Lung Lesion': None, 'Edema': None, 'Consolidation': None, 'Pneumonia': None, 'Atelectasis': None, 'Pneumothorax': 1, 'Pleural Effusion': 0, 'Pleural Other': None, 'Fracture': None, 'Support Devices': None, 'No Finding': None}","{'Enlarged Cardiomediastinum': None, 'Cardiomegaly': None, 'Lung Opacity': None, 'Lung Lesion': None, 'Edema': None, 'Consolidation': None, 'Pneumonia': None, 'Atelectasis': None, 'Pneumothorax': 1, 'Pleural Effusion': 0, 'Pleural Other': None, 'Fracture': None, 'Support Devices': None, 'No Finding': None}"
IU_1097,1097,evidentiary_incomplete,sufficient,generate,False,True,0.5,0.5,0.0,"{'Enlarged Cardiomediastinum': None, 'Cardiomegaly': None, 'Lung Opacity': None, 'Lung Lesion': 1, 'Edema': 0, 'Consolidation': 0, 'Pneumonia': None, 'Atelectasis': None, 'Pneumothorax': 1, 'Pleural Effusion': 0, 'Pleural Other': None, 'Fracture': None, 'Support Devices': None, 'No Finding': 1}","{'Enlarged Cardiomediastinum': None, 'Cardiomegaly': None, 'Lung Opacity': None, 'Lung Lesion': None, 'Edema': None, 'Consolidation': None, 'Pneumonia': None, 'Atelectasis': None, 'Pneumothorax': None, 'Pleural Effusion': None, 'Pleural Other': None, 'Fracture': None, 'Support Devices': None, 'No Finding': 1}","{'Enlarged Cardiomediastinum': None, 'Cardiomegaly': None, 'Lung Opacity': None, 'Lung Lesion': None, 'Edema': None, 'Consolidation': None, 'Pneumonia': None, 'Atelectasis': None, 'Pneumothorax': None, 'Pleural Effusion': None, 'Pleural Other': None, 'Fracture': None, 'Support Devices': None, 'No Finding': 1}"
IU_1097,1097,insufficient,insufficient,abstain,True,False,0.5,0.0,-0.5,"{'Enlarged Cardiomediastinum': None, 'Cardiomegaly': None, 'Lung Opacity': None, 'Lung Lesion': 1, 'Edema': 0, 'Consolidation': 0, 'Pneumonia': None, 'Atelectasis': None, 'Pneumothorax': 1, 'Pleural Effusion': 0, 'Pleural Other': None, 'Fracture': None, 'Support Devices': None, 'No Finding': 1}","{'Enlarged Cardiomediastinum': None, 'Cardiomegaly': None, 'Lung Opacity': None, 'Lung Lesion': None, 'Edema': 0, 'Consolidation': 0, 'Pneumonia': None, 'Atelectasis': None, 'Pneumothorax': 0, 'Pleural Effusion': 0, 'Pleural Other': None, 'Fracture': None, 'Support Devices': None, 'No Finding': 1}","{'Enlarged Cardiomediastinum': None, 'Cardiomegaly': None, 'Lung Opacity': None, 'Lung Lesion': None, 'Edema': None, 'Consolidation': None, 'Pneumonia': None, 'Atelectasis': None, 'Pneumothorax': None, 'Pleural Effusion': None, 'Pleural Other': None, 'Fracture': None, 'Support Devices': None, 'No Finding': None}"
IU_1097,1097,irrelevant,irrelevant,discount_context,False,True,0.5,0.5,0.0,"{'Enlarged Cardiomediastinum': None, 'Cardiomegaly': None, 'Lung Opacity': None, 'Lung Lesion': 1, 'Edema': 0, 'Consolidation': 0, 'Pneumonia': None, 'Atelectasis': None, 'Pneumothorax': 1, 'Pleural Effusion': 0, 'Pleural Other': None, 'Fracture': None, 'Support Devices': None, 'No Finding': 1}","{'Enlarged Cardiomediastinum': None, 'Cardiomegaly': None, 'Lung Opacity': None, 'Lung Lesion': None, 'Edema': 0, 'Consolidation': 0, 'Pneumonia': None, 'Atelectasis': None, 'Pneumothorax': 0, 'Pleural Effusion': 0, 'Pleural Other': None, 'Fracture': None, 'Support Devices': None, 'No Finding': 1}","{'Enlarged Cardiomediastinum': None, 'Cardiomegaly': None, 'Lung Opacity': None, 'Lung Lesion': None, 'Edema': 0, 'Consolidation': 0, 'Pneumonia': None, 'Atelectasis': None, 'Pneumothorax': 0, 'Pleural Effusion': 0, 'Pleural Other': None, 'Fracture': None, 'Support Devices': None, 'No Finding': 1}"
IU_1097,1097,sufficient,sufficient,generate,False,True,0.8,0.8,0.0,"{'Enlarged Cardiomediastinum': None, 'Cardiomegaly': None, 'Lung Opacity': None, 'Lung Lesion': 1, 'Edema': 0, 'Consolidation': 0, 'Pneumonia': None, 'Atelectasis': None, 'Pneumothorax': 1, 'Pleural Effusion': 0, 'Pleural Other': None, 'Fracture': None, 'Support Devices': None, 'No Finding': 1}","{'Enlarged Cardiomediastinum': None, 'Cardiomegaly': None, 'Lung Opacity': None, 'Lung Lesion': None, 'Edema': None, 'Consolidation': 0, 'Pneumonia': None, 'Atelectasis': None, 'Pneumothorax': 1, 'Pleural Effusion': 0, 'Pleural Other': None, 'Fracture': None, 'Support Devices': None, 'No Finding': 1}","{'Enlarged Cardiomediastinum': None, 'Cardiomegaly': None, 'Lung Opacity': None, 'Lung Lesion': None, 'Edema': None, 'Consolidation': 0, 'Pneumonia': None, 'Atelectasis': None, 'Pneumothorax': 1, 'Pleural Effusion': 0, 'Pleural Other': None, 'Fracture': None, 'Support Devices': None, 'No Finding': 1}"
IU_1097,1097,syntactic_incomplete,incomplete,qualify,False,True,0.8,0.5,-0.3,"{'Enlarged Cardiomediastinum': None, 'Cardiomegaly': None, 'Lung Opacity': None, 'Lung Lesion': 1, 'Edema': 0, 'Consolidation': 0, 'Pneumonia': None, 'Atelectasis': None, 'Pneumothorax': 1, 'Pleural Effusion': 0, 'Pleural Other': None, 'Fracture': None, 'Support Devices': None, 'No Finding': 1}","{'Enlarged Cardiomediastinum': None, 'Cardiomegaly': None, 'Lung Opacity': None, 'Lung Lesion': None, 'Edema': None, 'Consolidation': 0, 'Pneumonia': None, 'Atelectasis': None, 'Pneumothorax': 1, 'Pleural Effusion': 0, 'Pleural Other': None, 'Fracture': None, 'Support Devices': None, 'No Finding': 1}","{'Enlarged Cardiomediastinum': None, 'Cardiomegaly': None, 'Lung Opacity': None, 'Lung Lesion': None, 'Edema': 0, 'Consolidation': 0, 'Pneumonia': None, 'Atelectasis': None, 'Pneumothorax': 0, 'Pleural Effusion': 0, 'Pleural Other': None, 'Fracture': None, 'Support Devices': None, 'No Finding': 1}"
IU_1114,1114,conflicting,conflicting,qualify_or_abstain,False,True,0.6667,0.6667,0.0,"{'Enlarged Cardiomediastinum': None, 'Cardiomegaly': None, 'Lung Opacity': None, 'Lung Lesion': None, 'Edema': None, 'Consolidation': None, 'Pneumonia': None, 'Atelectasis': None, 'Pneumothorax': None, 'Pleural Effusion': None, 'Pleural Other': None, 'Fracture': None, 'Support Devices': None, 'No Finding': 1}","{'Enlarged Cardiomediastinum': None, 'Cardiomegaly': 1, 'Lung Opacity': None, 'Lung Lesion': None, 'Edema': None, 'Consolidation': None, 'Pneumonia': None, 'Atelectasis': None, 'Pneumothorax': 0, 'Pleural Effusion': 0, 'Pleural Other': None, 'Fracture': None, 'Support Devices': None, 'No Finding': 1}","{'Enlarged Cardiomediastinum': None, 'Cardiomegaly': 1, 'Lung Opacity': None, 'Lung Lesion': None, 'Edema': None, 'Consolidation': None, 'Pneumonia': None, 'Atelectasis': None, 'Pneumothorax': 0, 'Pleural Effusion': 0, 'Pleural Other': None, 'Fracture': None, 'Support Devices': None, 'No Finding': 1}"
IU_1114,1114,evidentiary_incomplete,sufficient,generate,False,True,0.0,0.0,0.0,"{'Enlarged Cardiomediastinum': None, 'Cardiomegaly': None, 'Lung Opacity': None, 'Lung Lesion': None, 'Edema': None, 'Consolidation': None, 'Pneumonia': None, 'Atelectasis': None, 'Pneumothorax': None, 'Pleural Effusion': None, 'Pleural Other': None, 'Fracture': None, 'Support Devices': None, 'No Finding': 1}","{'Enlarged Cardiomediastinum': None, 'Cardiomegaly': None, 'Lung Opacity': None, 'Lung Lesion': None, 'Edema': None, 'Consolidation': None, 'Pneumonia': None, 'Atelectasis': None, 'Pneumothorax': 0, 'Pleural Effusion': 0, 'Pleural Other': None, 'Fracture': None, 'Support Devices': None, 'No Finding': None}","{'Enlarged Cardiomediastinum': None, 'Cardiomegaly': None, 'Lung Opacity': None, 'Lung Lesion': None, 'Edema': None, 'Consolidation': None, 'Pneumonia': None, 'Atelectasis': None, 'Pneumothorax': 0, 'Pleural Effusion': 0, 'Pleural Other': None, 'Fracture': None, 'Support Devices': None, 'No Finding': None}"
IU_1114,1114,insufficient,insufficient,abstain,True,False,1.0,0.0,-1.0,"{'Enlarged Cardiomediastinum': None, 'Cardiomegaly': None, 'Lung Opacity': None, 'Lung Lesion': None, 'Edema': None, 'Consolidation': None, 'Pneumonia': None, 'Atelectasis': None, 'Pneumothorax': None, 'Pleural Effusion': None, 'Pleural Other': None, 'Fracture': None, 'Support Devices': None, 'No Finding': 1}","{'Enlarged Cardiomediastinum': None, 'Cardiomegaly': None, 'Lung Opacity': None, 'Lung Lesion': None, 'Edema': 0, 'Consolidation': 0, 'Pneumonia': None, 'Atelectasis': None, 'Pneumothorax': 0, 'Pleural Effusion': 0, 'Pleural Other': None, 'Fracture': None, 'Support Devices': None, 'No Finding': 1}","{'Enlarged Cardiomediastinum': None, 'Cardiomegaly': None, 'Lung Opacity': None, 'Lung Lesion': None, 'Edema': None, 'Consolidation': None, 'Pneumonia': None, 'Atelectasis': None, 'Pneumothorax': None, 'Pleural Effusion': None, 'Pleural Other': None, 'Fracture': None, 'Support Devices': None, 'No Finding': None}"
IU_1114,1114,irrelevant,irrelevant,discount_context,False,True,0.0,1.0,1.0,"{'Enlarged Cardiomediastinum': None, 'Cardiomegaly': None, 'Lung Opacity': None, 'Lung Lesion': None, 'Edema': None, 'Consolidation': None, 'Pneumonia': None, 'Atelectasis': None, 'Pneumothorax': None, 'Pleural Effusion': None, 'Pleural Other': None, 'Fracture': None, 'Support Devices': None, 'No Finding': 1}","{'Enlarged Cardiomediastinum': None, 'Cardiomegaly': None, 'Lung Opacity': None, 'Lung Lesion': None, 'Edema': None, 'Consolidation': 0, 'Pneumonia': None, 'Atelectasis': None, 'Pneumothorax': 1, 'Pleural Effusion': 0, 'Pleural Other': None, 'Fracture': None, 'Support Devices': None, 'No Finding': None}","{'Enlarged Cardiomediastinum': None, 'Cardiomegaly': None, 'Lung Opacity': None, 'Lung Lesion': None, 'Edema': 0, 'Consolidation': 0, 'Pneumonia': None, 'Atelectasis': None, 'Pneumothorax': 0, 'Pleural Effusion': 0, 'Pleural Other': None, 'Fracture': None, 'Support Devices': None, 'No Finding': 1}"
IU_1114,1114,sufficient,sufficient,generate,False,True,0.0,0.0,0.0,"{'Enlarged Cardiomediastinum': None, 'Cardiomegaly': None, 'Lung Opacity': None, 'Lung Lesion': None, 'Edema': None, 'Consolidation': None, 'Pneumonia': None, 'Atelectasis': None, 'Pneumothorax': None, 'Pleural Effusion': None, 'Pleural Other': None, 'Fracture': None, 'Support Devices': None, 'No Finding': 1}","{'Enlarged Cardiomediastinum': None, 'Cardiomegaly': None, 'Lung Opacity': None, 'Lung Lesion': None, 'Edema': None, 'Consolidation': None, 'Pneumonia': None, 'Atelectasis': None, 'Pneumothorax': 0, 'Pleural Effusion': 0, 'Pleural Other': None, 'Fracture': 1, 'Support Devices': 1, 'No Finding': None}","{'Enlarged Cardiomediastinum': None, 'Cardiomegaly': None, 'Lung Opacity': None, 'Lung Lesion': None, 'Edema': None, 'Consolidation': None, 'Pneumonia': None, 'Atelectasis': None, 'Pneumothorax': 0, 'Pleural Effusion': 0, 'Pleural Other': None, 'Fracture': 1, 'Support Devices': 1, 'No Finding': None}"
IU_1114,1114,syntactic_incomplete,incomplete,qualify,False,True,0.0,1.0,1.0,"{'Enlarged Cardiomediastinum': None, 'Cardiomegaly': None, 'Lung Opacity': None, 'Lung Lesion': None, 'Edema': None, 'Consolidation': None, 'Pneumonia': None, 'Atelectasis': None, 'Pneumothorax': None, 'Pleural Effusion': None, 'Pleural Other': None, 'Fracture': None, 'Support Devices': None, 'No Finding': 1}","{'Enlarged Cardiomediastinum': None, 'Cardiomegaly': None, 'Lung Opacity': None, 'Lung Lesion': None, 'Edema': None, 'Consolidation': None, 'Pneumonia': None, 'Atelectasis': None, 'Pneumothorax': 0, 'Pleural Effusion': 0, 'Pleural Other': None, 'Fracture': 1, 'Support Devices': None, 'No Finding': None}","{'Enlarged Cardiomediastinum': None, 'Cardiomegaly': None, 'Lung Opacity': None, 'Lung Lesion': None, 'Edema': 0, 'Consolidation': 0, 'Pneumonia': None, 'Atelectasis': None, 'Pneumothorax': 0, 'Pleural Effusion': 0, 'Pleural Other': None, 'Fracture': None, 'Support Devices': None, 'No Finding': 1}"
IU_1165,1165,conflicting,conflicting,qualify_or_abstain,False,True,0.0,0.0,0.0,"{'Enlarged Cardiomediastinum': None, 'Cardiomegaly': None, 'Lung Opacity': None, 'Lung Lesion': None, 'Edema': None, 'Consolidation': None, 'Pneumonia': None, 'Atelectasis': None, 'Pneumothorax': None, 'Pleural Effusion': 0, 'Pleural Other': None, 'Fracture': None, 'Support Devices': None, 'No Finding': None}","{'Enlarged Cardiomediastinum': None, 'Cardiomegaly': None, 'Lung Opacity': None, 'Lung Lesion': None, 'Edema': None, 'Consolidation': 0, 'Pneumonia': None, 'Atelectasis': None, 'Pneumothorax': 1, 'Pleural Effusion': 1, 'Pleural Other': None, 'Fracture': None, 'Support Devices': None, 'No Finding': None}","{'Enlarged Cardiomediastinum': None, 'Cardiomegaly': None, 'Lung Opacity': None, 'Lung Lesion': None, 'Edema': None, 'Consolidation': 0, 'Pneumonia': None, 'Atelectasis': None, 'Pneumothorax': 1, 'Pleural Effusion': 1, 'Pleural Other': None, 'Fracture': None, 'Support Devices': None, 'No Finding': None}"
IU_1165,1165,evidentiary_incomplete,sufficient,generate,False,True,0.0,0.0,0.0,"{'Enlarged Cardiomediastinum': None, 'Cardiomegaly': None, 'Lung Opacity': None, 'Lung Lesion': None, 'Edema': None, 'Consolidation': None, 'Pneumonia': None, 'Atelectasis': None, 'Pneumothorax': None, 'Pleural Effusion': 0, 'Pleural Other': None, 'Fracture': None, 'Support Devices': None, 'No Finding': None}","{'Enlarged Cardiomediastinum': None, 'Cardiomegaly': None, 'Lung Opacity': None, 'Lung Lesion': None, 'Edema': None, 'Consolidation': 0, 'Pneumonia': None, 'Atelectasis': None, 'Pneumothorax': 1, 'Pleural Effusion': 0, 'Pleural Other': None, 'Fracture': None, 'Support Devices': None, 'No Finding': None}","{'Enlarged Cardiomediastinum': None, 'Cardiomegaly': None, 'Lung Opacity': None, 'Lung Lesion': None, 'Edema': None, 'Consolidation': 0, 'Pneumonia': None, 'Atelectasis': None, 'Pneumothorax': 1, 'Pleural Effusion': 0, 'Pleural Other': None, 'Fracture': None, 'Support Devices': None, 'No Finding': None}"
IU_1165,1165,insufficient,insufficient,abstain,True,False,0.0,1.0,1.0,"{'Enlarged Cardiomediastinum': None, 'Cardiomegaly': None, 'Lung Opacity': None, 'Lung Lesion': None, 'Edema': None, 'Consolidation': None, 'Pneumonia': None, 'Atelectasis': None, 'Pneumothorax': None, 'Pleural Effusion': 0, 'Pleural Other': None, 'Fracture': None, 'Support Devices': None, 'No Finding': None}","{'Enlarged Cardiomediastinum': None, 'Cardiomegaly': None, 'Lung Opacity': None, 'Lung Lesion': None, 'Edema': 0, 'Consolidation': 0, 'Pneumonia': None, 'Atelectasis': None, 'Pneumothorax': 0, 'Pleural Effusion': 0, 'Pleural Other': None, 'Fracture': None, 'Support Devices': None, 'No Finding': 1}","{'Enlarged Cardiomediastinum': None, 'Cardiomegaly': None, 'Lung Opacity': None, 'Lung Lesion': None, 'Edema': None, 'Consolidation': None, 'Pneumonia': None, 'Atelectasis': None, 'Pneumothorax': None, 'Pleural Effusion': None, 'Pleural Other': None, 'Fracture': None, 'Support Devices': None, 'No Finding': None}"
IU_1165,1165,irrelevant,irrelevant,discount_context,False,True,0.0,0.0,0.0,"{'Enlarged Cardiomediastinum': None, 'Cardiomegaly': None, 'Lung Opacity': None, 'Lung Lesion': None, 'Edema': None, 'Consolidation': None, 'Pneumonia': None, 'Atelectasis': None, 'Pneumothorax': None, 'Pleural Effusion': 0, 'Pleural Other': None, 'Fracture': None, 'Support Devices': None, 'No Finding': None}","{'Enlarged Cardiomediastinum': None, 'Cardiomegaly': None, 'Lung Opacity': None, 'Lung Lesion': None, 'Edema': None, 'Consolidation': None, 'Pneumonia': None, 'Atelectasis': None, 'Pneumothorax': 0, 'Pleural Effusion': 0, 'Pleural Other': None, 'Fracture': None, 'Support Devices': None, 'No Finding': 1}","{'Enlarged Cardiomediastinum': None, 'Cardiomegaly': None, 'Lung Opacity': None, 'Lung Lesion': None, 'Edema': 0, 'Consolidation': 0, 'Pneumonia': None, 'Atelectasis': None, 'Pneumothorax': 0, 'Pleural Effusion': 0, 'Pleural Other': None, 'Fracture': None, 'Support Devices': None, 'No Finding': 1}"
IU_1165,1165,sufficient,sufficient,generate,False,True,0.0,0.0,0.0,"{'Enlarged Cardiomediastinum': None, 'Cardiomegaly': None, 'Lung Opacity': None, 'Lung Lesion': None, 'Edema': None, 'Consolidation': None, 'Pneumonia': None, 'Atelectasis': None, 'Pneumothorax': None, 'Pleural Effusion': 0, 'Pleural Other': None, 'Fracture': None, 'Support Devices': None, 'No Finding': None}","{'Enlarged Cardiomediastinum': None, 'Cardiomegaly': None, 'Lung Opacity': None, 'Lung Lesion': None, 'Edema': None, 'Consolidation': 0, 'Pneumonia': None, 'Atelectasis': None, 'Pneumothorax': 1, 'Pleural Effusion': 0, 'Pleural Other': None, 'Fracture': None, 'Support Devices': None, 'No Finding': None}","{'Enlarged Cardiomediastinum': None, 'Cardiomegaly': None, 'Lung Opacity': None, 'Lung Lesion': None, 'Edema': None, 'Consolidation': 0, 'Pneumonia': None, 'Atelectasis': None, 'Pneumothorax': 1, 'Pleural Effusion': 0, 'Pleural Other': None, 'Fracture': None, 'Support Devices': None, 'No Finding': None}"
IU_1165,1165,syntactic_incomplete,incomplete,qualify,False,True,0.0,0.0,0.0,"{'Enlarged Cardiomediastinum': None, 'Cardiomegaly': None, 'Lung Opacity': None, 'Lung Lesion': None, 'Edema': None, 'Consolidation': None, 'Pneumonia': None, 'Atelectasis': None, 'Pneumothorax': None, 'Pleural Effusion': 0, 'Pleural Other': None, 'Fracture': None, 'Support Devices': None, 'No Finding': None}","{'Enlarged Cardiomediastinum': None, 'Cardiomegaly': None, 'Lung Opacity': None, 'Lung Lesion': None, 'Edema': 0, 'Consolidation': 0, 'Pneumonia': None, 'Atelectasis': None, 'Pneumothorax': 0, 'Pleural Effusion': 0, 'Pleural Other': None, 'Fracture': None, 'Support Devices': None, 'No Finding': 1}","{'Enlarged Cardiomediastinum': None, 'Cardiomegaly': None, 'Lung Opacity': None, 'Lung Lesion': None, 'Edema': 0, 'Consolidation': 0, 'Pneumonia': None, 'Atelectasis': None, 'Pneumothorax': 0, 'Pleural Effusion': 0, 'Pleural Other': None, 'Fracture': None, 'Support Devices': None, 'No Finding': 1}"
IU_1172,1172,conflicting,conflicting,qualify_or_abstain,False,True,0.0,0.0,0.0,"{'Enlarged Cardiomediastinum': None, 'Cardiomegaly': None, 'Lung Opacity': 1, 'Lung Lesion': None, 'Edema': None, 'Consolidation': None, 'Pneumonia': None, 'Atelectasis': None, 'Pneumothorax': 1, 'Pleural Effusion': 1, 'Pleural Other': None, 'Fracture': None, 'Support Devices': None, 'No Finding': 1}","{'Enlarged Cardiomediastinum': None, 'Cardiomegaly': None, 'Lung Opacity': None, 'Lung Lesion': None, 'Edema': None, 'Consolidation': None, 'Pneumonia': None, 'Atelectasis': None, 'Pneumothorax': 0, 'Pleural Effusion': 0, 'Pleural Other': None, 'Fracture': None, 'Support Devices': None, 'No Finding': None}","{'Enlarged Cardiomediastinum': None, 'Cardiomegaly': None, 'Lung Opacity': None, 'Lung Lesion': None, 'Edema': None, 'Consolidation': None, 'Pneumonia': None, 'Atelectasis': None, 'Pneumothorax': 0, 'Pleural Effusion': 0, 'Pleural Other': None, 'Fracture': None, 'Support Devices': None, 'No Finding': None}"
IU_1172,1172,evidentiary_incomplete,sufficient,generate,False,True,0.0,0.0,0.0,"{'Enlarged Cardiomediastinum': None, 'Cardiomegaly': None, 'Lung Opacity': 1, 'Lung Lesion': None, 'Edema': None, 'Consolidation': None, 'Pneumonia': None, 'Atelectasis': None, 'Pneumothorax': 1, 'Pleural Effusion': 1, 'Pleural Other': None, 'Fracture': None, 'Support Devices': None, 'No Finding': 1}","{'Enlarged Cardiomediastinum': None, 'Cardiomegaly': None, 'Lung Opacity': None, 'Lung Lesion': None, 'Edema': None, 'Consolidation': None, 'Pneumonia': None, 'Atelectasis': None, 'Pneumothorax': 0, 'Pleural Effusion': 0, 'Pleural Other': None, 'Fracture': None, 'Support Devices': None, 'No Finding': None}","{'Enlarged Cardiomediastinum': None, 'Cardiomegaly': None, 'Lung Opacity': None, 'Lung Lesion': None, 'Edema': None, 'Consolidation': None, 'Pneumonia': None, 'Atelectasis': None, 'Pneumothorax': 0, 'Pleural Effusion': 0, 'Pleural Other': None, 'Fracture': None, 'Support Devices': None, 'No Finding': None}"
IU_1172,1172,insufficient,insufficient,abstain,True,False,0.4,0.0,-0.4,"{'Enlarged Cardiomediastinum': None, 'Cardiomegaly': None, 'Lung Opacity': 1, 'Lung Lesion': None, 'Edema': None, 'Consolidation': None, 'Pneumonia': None, 'Atelectasis': None, 'Pneumothorax': 1, 'Pleural Effusion': 1, 'Pleural Other': None, 'Fracture': None, 'Support Devices': None, 'No Finding': 1}","{'Enlarged Cardiomediastinum': None, 'Cardiomegaly': None, 'Lung Opacity': None, 'Lung Lesion': None, 'Edema': 0, 'Consolidation': 0, 'Pneumonia': None, 'Atelectasis': None, 'Pneumothorax': 0, 'Pleural Effusion': 0, 'Pleural Other': None, 'Fracture': None, 'Support Devices': None, 'No Finding': 1}","{'Enlarged Cardiomediastinum': None, 'Cardiomegaly': None, 'Lung Opacity': None, 'Lung Lesion': None, 'Edema': None, 'Consolidation': None, 'Pneumonia': None, 'Atelectasis': None, 'Pneumothorax': None, 'Pleural Effusion': None, 'Pleural Other': None, 'Fracture': None, 'Support Devices': None, 'No Finding': None}"
IU_1172,1172,irrelevant,irrelevant,discount_context,False,True,0.6667,0.4,-0.2667,"{'Enlarged Cardiomediastinum': None, 'Cardiomegaly': None, 'Lung Opacity': 1, 'Lung Lesion': None, 'Edema': None, 'Consolidation': None, 'Pneumonia': None, 'Atelectasis': None, 'Pneumothorax': 1, 'Pleural Effusion': 1, 'Pleural Other': None, 'Fracture': None, 'Support Devices': None, 'No Finding': 1}","{'Enlarged Cardiomediastinum': None, 'Cardiomegaly': None, 'Lung Opacity': None, 'Lung Lesion': None, 'Edema': None, 'Consolidation': 0, 'Pneumonia': None, 'Atelectasis': None, 'Pneumothorax': 1, 'Pleural Effusion': 0, 'Pleural Other': None, 'Fracture': None, 'Support Devices': None, 'No Finding': 1}","{'Enlarged Cardiomediastinum': None, 'Cardiomegaly': None, 'Lung Opacity': None, 'Lung Lesion': None, 'Edema': 0, 'Consolidation': 0, 'Pneumonia': None, 'Atelectasis': None, 'Pneumothorax': 0, 'Pleural Effusion': 0, 'Pleural Other': None, 'Fracture': None, 'Support Devices': None, 'No Finding': 1}"
IU_1172,1172,sufficient,sufficient,generate,False,True,0.4,0.4,0.0,"{'Enlarged Cardiomediastinum': None, 'Cardiomegaly': None, 'Lung Opacity': 1, 'Lung Lesion': None, 'Edema': None, 'Consolidation': None, 'Pneumonia': None, 'Atelectasis': None, 'Pneumothorax': 1, 'Pleural Effusion': 1, 'Pleural Other': None, 'Fracture': None, 'Support Devices': None, 'No Finding': 1}","{'Enlarged Cardiomediastinum': None, 'Cardiomegaly': None, 'Lung Opacity': None, 'Lung Lesion': None, 'Edema': None, 'Consolidation': 0, 'Pneumonia': None, 'Atelectasis': None, 'Pneumothorax': 1, 'Pleural Effusion': 0, 'Pleural Other': None, 'Fracture': None, 'Support Devices': None, 'No Finding': None}","{'Enlarged Cardiomediastinum': None, 'Cardiomegaly': None, 'Lung Opacity': None, 'Lung Lesion': None, 'Edema': None, 'Consolidation': 0, 'Pneumonia': None, 'Atelectasis': None, 'Pneumothorax': 1, 'Pleural Effusion': 0, 'Pleural Other': None, 'Fracture': None, 'Support Devices': None, 'No Finding': None}"
IU_1172,1172,syntactic_incomplete,incomplete,qualify,False,True,0.4,0.4,0.0,"{'Enlarged Cardiomediastinum': None, 'Cardiomegaly': None, 'Lung Opacity': 1, 'Lung Lesion': None, 'Edema': None, 'Consolidation': None, 'Pneumonia': None, 'Atelectasis': None, 'Pneumothorax': 1, 'Pleural Effusion': 1, 'Pleural Other': None, 'Fracture': None, 'Support Devices': None, 'No Finding': 1}","{'Enlarged Cardiomediastinum': None, 'Cardiomegaly': None, 'Lung Opacity': None, 'Lung Lesion': None, 'Edema': None, 'Consolidation': None, 'Pneumonia': None, 'Atelectasis': None, 'Pneumothorax': 0, 'Pleural Effusion': 0, 'Pleural Other': None, 'Fracture': None, 'Support Devices': None, 'No Finding': 1}","{'Enlarged Cardiomediastinum': None, 'Cardiomegaly': None, 'Lung Opacity': None, 'Lung Lesion': None, 'Edema': 0, 'Consolidation': 0, 'Pneumonia': None, 'Atelectasis': None, 'Pneumothorax': 0, 'Pleural Effusion': 0, 'Pleural Other': None, 'Fracture': None, 'Support Devices': None, 'No Finding': 1}"
IU_1173,1173,conflicting,conflicting,qualify_or_abstain,False,True,0.5,0.5,0.0,"{'Enlarged Cardiomediastinum': None, 'Cardiomegaly': None, 'Lung Opacity': 0, 'Lung Lesion': None, 'Edema': 1, 'Consolidation': 0, 'Pneumonia': None, 'Atelectasis': None, 'Pneumothorax': 1, 'Pleural Effusion': 1, 'Pleural Other': None, 'Fracture': None, 'Support Devices': None, 'No Finding': None}","{'Enlarged Cardiomediastinum': None, 'Cardiomegaly': None, 'Lung Opacity': None, 'Lung Lesion': None, 'Edema': None, 'Consolidation': None, 'Pneumonia': None, 'Atelectasis': None, 'Pneumothorax': 1, 'Pleural Effusion': 0, 'Pleural Other': None, 'Fracture': None, 'Support Devices': None, 'No Finding': None}","{'Enlarged Cardiomediastinum': None, 'Cardiomegaly': None, 'Lung Opacity': None, 'Lung Lesion': None, 'Edema': None, 'Consolidation': None, 'Pneumonia': None, 'Atelectasis': None, 'Pneumothorax': 1, 'Pleural Effusion': 0, 'Pleural Other': None, 'Fracture': None, 'Support Devices': None, 'No Finding': None}"
IU_1173,1173,evidentiary_incomplete,sufficient,generate,False,True,0.4,0.4,0.0,"{'Enlarged Cardiomediastinum': None, 'Cardiomegaly': None, 'Lung Opacity': 0, 'Lung Lesion': None, 'Edema': 1, 'Consolidation': 0, 'Pneumonia': None, 'Atelectasis': None, 'Pneumothorax': 1, 'Pleural Effusion': 1, 'Pleural Other': None, 'Fracture': None, 'Support Devices': None, 'No Finding': None}","{'Enlarged Cardiomediastinum': None, 'Cardiomegaly': None, 'Lung Opacity': None, 'Lung Lesion': None, 'Edema': None, 'Consolidation': 0, 'Pneumonia': None, 'Atelectasis': None, 'Pneumothorax': 0, 'Pleural Effusion': 1, 'Pleural Other': None, 'Fracture': None, 'Support Devices': None, 'No Finding': 1}","{'Enlarged Cardiomediastinum': None, 'Cardiomegaly': None, 'Lung Opacity': None, 'Lung Lesion': None, 'Edema': None, 'Consolidation': 0, 'Pneumonia': None, 'Atelectasis': None, 'Pneumothorax': 0, 'Pleural Effusion': 1, 'Pleural Other': None, 'Fracture': None, 'Support Devices': None, 'No Finding': 1}"
IU_1173,1173,insufficient,insufficient,abstain,True,False,0.4,0.0,-0.4,"{'Enlarged Cardiomediastinum': None, 'Cardiomegaly': None, 'Lung Opacity': 0, 'Lung Lesion': None, 'Edema': 1, 'Consolidation': 0, 'Pneumonia': None, 'Atelectasis': None, 'Pneumothorax': 1, 'Pleural Effusion': 1, 'Pleural Other': None, 'Fracture': None, 'Support Devices': None, 'No Finding': None}","{'Enlarged Cardiomediastinum': None, 'Cardiomegaly': None, 'Lung Opacity': None, 'Lung Lesion': None, 'Edema': None, 'Consolidation': 0, 'Pneumonia': None, 'Atelectasis': None, 'Pneumothorax': 0, 'Pleural Effusion': 1, 'Pleural Other': None, 'Fracture': None, 'Support Devices': None, 'No Finding': 1}","{'Enlarged Cardiomediastinum': None, 'Cardiomegaly': None, 'Lung Opacity': None, 'Lung Lesion': None, 'Edema': None, 'Consolidation': None, 'Pneumonia': None, 'Atelectasis': None, 'Pneumothorax': None, 'Pleural Effusion': None, 'Pleural Other': None, 'Fracture': None, 'Support Devices': None, 'No Finding': None}"
IU_1173,1173,irrelevant,irrelevant,discount_context,False,True,0.4,0.4,0.0,"{'Enlarged Cardiomediastinum': None, 'Cardiomegaly': None, 'Lung Opacity': 0, 'Lung Lesion': None, 'Edema': 1, 'Consolidation': 0, 'Pneumonia': None, 'Atelectasis': None, 'Pneumothorax': 1, 'Pleural Effusion': 1, 'Pleural Other': None, 'Fracture': None, 'Support Devices': None, 'No Finding': None}","{'Enlarged Cardiomediastinum': None, 'Cardiomegaly': None, 'Lung Opacity': None, 'Lung Lesion': None, 'Edema': None, 'Consolidation': 0, 'Pneumonia': None, 'Atelectasis': None, 'Pneumothorax': 1, 'Pleural Effusion': 0, 'Pleural Other': None, 'Fracture': None, 'Support Devices': None, 'No Finding': 1}","{'Enlarged Cardiomediastinum': None, 'Cardiomegaly': None, 'Lung Opacity': None, 'Lung Lesion': None, 'Edema': None, 'Consolidation': 0, 'Pneumonia': None, 'Atelectasis': None, 'Pneumothorax': 0, 'Pleural Effusion': 1, 'Pleural Other': None, 'Fracture': None, 'Support Devices': None, 'No Finding': 1}"
IU_1173,1173,sufficient,sufficient,generate,False,True,0.4,0.4,0.0,"{'Enlarged Cardiomediastinum': None, 'Cardiomegaly': None, 'Lung Opacity': 0, 'Lung Lesion': None, 'Edema': 1, 'Consolidation': 0, 'Pneumonia': None, 'Atelectasis': None, 'Pneumothorax': 1, 'Pleural Effusion': 1, 'Pleural Other': None, 'Fracture': None, 'Support Devices': None, 'No Finding': None}","{'Enlarged Cardiomediastinum': None, 'Cardiomegaly': None, 'Lung Opacity': None, 'Lung Lesion': None, 'Edema': None, 'Consolidation': 0, 'Pneumonia': None, 'Atelectasis': None, 'Pneumothorax': 1, 'Pleural Effusion': 0, 'Pleural Other': None, 'Fracture': None, 'Support Devices': None, 'No Finding': 1}","{'Enlarged Cardiomediastinum': None, 'Cardiomegaly': None, 'Lung Opacity': None, 'Lung Lesion': None, 'Edema': None, 'Consolidation': 0, 'Pneumonia': None, 'Atelectasis': None, 'Pneumothorax': 1, 'Pleural Effusion': 0, 'Pleural Other': None, 'Fracture': None, 'Support Devices': None, 'No Finding': 1}"
IU_1173,1173,syntactic_incomplete,incomplete,qualify,False,True,0.0,0.4,0.4,"{'Enlarged Cardiomediastinum': None, 'Cardiomegaly': None, 'Lung Opacity': 0, 'Lung Lesion': None, 'Edema': 1, 'Consolidation': 0, 'Pneumonia': None, 'Atelectasis': None, 'Pneumothorax': 1, 'Pleural Effusion': 1, 'Pleural Other': None, 'Fracture': None, 'Support Devices': None, 'No Finding': None}","{'Enlarged Cardiomediastinum': None, 'Cardiomegaly': None, 'Lung Opacity': None, 'Lung Lesion': None, 'Edema': None, 'Consolidation': None, 'Pneumonia': None, 'Atelectasis': None, 'Pneumothorax': 0, 'Pleural Effusion': 0, 'Pleural Other': None, 'Fracture': None, 'Support Devices': None, 'No Finding': 1}","{'Enlarged Cardiomediastinum': None, 'Cardiomegaly': None, 'Lung Opacity': None, 'Lung Lesion': None, 'Edema': None, 'Consolidation': 0, 'Pneumonia': None, 'Atelectasis': None, 'Pneumothorax': 0, 'Pleural Effusion': 1, 'Pleural Other': None, 'Fracture': None, 'Support Devices': None, 'No Finding': 1}"
IU_1205,1205,conflicting,conflicting,qualify_or_abstain,False,True,0.0,0.0,0.0,"{'Enlarged Cardiomediastinum': None, 'Cardiomegaly': None, 'Lung Opacity': None, 'Lung Lesion': None, 'Edema': None, 'Consolidation': None, 'Pneumonia': None, 'Atelectasis': None, 'Pneumothorax': 0, 'Pleural Effusion': 0, 'Pleural Other': None, 'Fracture': None, 'Support Devices': None, 'No Finding': None}","{'Enlarged Cardiomediastinum': None, 'Cardiomegaly': None, 'Lung Opacity': None, 'Lung Lesion': None, 'Edema': None, 'Consolidation': 0, 'Pneumonia': None, 'Atelectasis': None, 'Pneumothorax': 1, 'Pleural Effusion': 0, 'Pleural Other': None, 'Fracture': None, 'Support Devices': None, 'No Finding': None}","{'Enlarged Cardiomediastinum': None, 'Cardiomegaly': None, 'Lung Opacity': None, 'Lung Lesion': None, 'Edema': None, 'Consolidation': 0, 'Pneumonia': None, 'Atelectasis': None, 'Pneumothorax': 1, 'Pleural Effusion': 0, 'Pleural Other': None, 'Fracture': None, 'Support Devices': None, 'No Finding': None}"
IU_1205,1205,evidentiary_incomplete,sufficient,generate,False,True,0.0,0.0,0.0,"{'Enlarged Cardiomediastinum': None, 'Cardiomegaly': None, 'Lung Opacity': None, 'Lung Lesion': None, 'Edema': None, 'Consolidation': None, 'Pneumonia': None, 'Atelectasis': None, 'Pneumothorax': 0, 'Pleural Effusion': 0, 'Pleural Other': None, 'Fracture': None, 'Support Devices': None, 'No Finding': None}","{'Enlarged Cardiomediastinum': None, 'Cardiomegaly': None, 'Lung Opacity': None, 'Lung Lesion': None, 'Edema': None, 'Consolidation': None, 'Pneumonia': None, 'Atelectasis': None, 'Pneumothorax': 0, 'Pleural Effusion': 0, 'Pleural Other': None, 'Fracture': None, 'Support Devices': None, 'No Finding': 1}","{'Enlarged Cardiomediastinum': None, 'Cardiomegaly': None, 'Lung Opacity': None, 'Lung Lesion': None, 'Edema': None, 'Consolidation': None, 'Pneumonia': None, 'Atelectasis': None, 'Pneumothorax': 0, 'Pleural Effusion': 0, 'Pleural Other': None, 'Fracture': None, 'Support Devices': None, 'No Finding': 1}"
IU_1205,1205,insufficient,insufficient,abstain,True,False,0.0,1.0,1.0,"{'Enlarged Cardiomediastinum': None, 'Cardiomegaly': None, 'Lung Opacity': None, 'Lung Lesion': None, 'Edema': None, 'Consolidation': None, 'Pneumonia': None, 'Atelectasis': None, 'Pneumothorax': 0, 'Pleural Effusion': 0, 'Pleural Other': None, 'Fracture': None, 'Support Devices': None, 'No Finding': None}","{'Enlarged Cardiomediastinum': None, 'Cardiomegaly': None, 'Lung Opacity': None, 'Lung Lesion': None, 'Edema': 0, 'Consolidation': 0, 'Pneumonia': None, 'Atelectasis': None, 'Pneumothorax': 0, 'Pleural Effusion': 0, 'Pleural Other': None, 'Fracture': None, 'Support Devices': None, 'No Finding': 1}","{'Enlarged Cardiomediastinum': None, 'Cardiomegaly': None, 'Lung Opacity': None, 'Lung Lesion': None, 'Edema': None, 'Consolidation': None, 'Pneumonia': None, 'Atelectasis': None, 'Pneumothorax': None, 'Pleural Effusion': None, 'Pleural Other': None, 'Fracture': None, 'Support Devices': None, 'No Finding': None}"
IU_1205,1205,irrelevant,irrelevant,discount_context,False,True,0.0,0.0,0.0,"{'Enlarged Cardiomediastinum': None, 'Cardiomegaly': None, 'Lung Opacity': None, 'Lung Lesion': None, 'Edema': None, 'Consolidation': None, 'Pneumonia': None, 'Atelectasis': None, 'Pneumothorax': 0, 'Pleural Effusion': 0, 'Pleural Other': None, 'Fracture': None, 'Support Devices': None, 'No Finding': None}","{'Enlarged Cardiomediastinum': None, 'Cardiomegaly': None, 'Lung Opacity': None, 'Lung Lesion': None, 'Edema': None, 'Consolidation': None, 'Pneumonia': None, 'Atelectasis': None, 'Pneumothorax': 0, 'Pleural Effusion': 0, 'Pleural Other': None, 'Fracture': None, 'Support Devices': None, 'No Finding': 1}","{'Enlarged Cardiomediastinum': None, 'Cardiomegaly': None, 'Lung Opacity': None, 'Lung Lesion': None, 'Edema': 0, 'Consolidation': 0, 'Pneumonia': None, 'Atelectasis': None, 'Pneumothorax': 0, 'Pleural Effusion': 0, 'Pleural Other': None, 'Fracture': None, 'Support Devices': None, 'No Finding': 1}"
IU_1205,1205,sufficient,sufficient,generate,False,True,0.0,0.0,0.0,"{'Enlarged Cardiomediastinum': None, 'Cardiomegaly': None, 'Lung Opacity': None, 'Lung Lesion': None, 'Edema': None, 'Consolidation': None, 'Pneumonia': None, 'Atelectasis': None, 'Pneumothorax': 0, 'Pleural Effusion': 0, 'Pleural Other': None, 'Fracture': None, 'Support Devices': None, 'No Finding': None}","{'Enlarged Cardiomediastinum': None, 'Cardiomegaly': None, 'Lung Opacity': None, 'Lung Lesion': None, 'Edema': None, 'Consolidation': None, 'Pneumonia': None, 'Atelectasis': None, 'Pneumothorax': 0, 'Pleural Effusion': 0, 'Pleural Other': None, 'Fracture': None, 'Support Devices': None, 'No Finding': 1}","{'Enlarged Cardiomediastinum': None, 'Cardiomegaly': None, 'Lung Opacity': None, 'Lung Lesion': None, 'Edema': None, 'Consolidation': None, 'Pneumonia': None, 'Atelectasis': None, 'Pneumothorax': 0, 'Pleural Effusion': 0, 'Pleural Other': None, 'Fracture': None, 'Support Devices': None, 'No Finding': 1}"
IU_1205,1205,syntactic_incomplete,incomplete,qualify,False,True,0.0,0.0,0.0,"{'Enlarged Cardiomediastinum': None, 'Cardiomegaly': None, 'Lung Opacity': None, 'Lung Lesion': None, 'Edema': None, 'Consolidation': None, 'Pneumonia': None, 'Atelectasis': None, 'Pneumothorax': 0, 'Pleural Effusion': 0, 'Pleural Other': None, 'Fracture': None, 'Support Devices': None, 'No Finding': None}","{'Enlarged Cardiomediastinum': None, 'Cardiomegaly': None, 'Lung Opacity': None, 'Lung Lesion': None, 'Edema': None, 'Consolidation': None, 'Pneumonia': None, 'Atelectasis': None, 'Pneumothorax': 0, 'Pleural Effusion': 0, 'Pleural Other': None, 'Fracture': None, 'Support Devices': None, 'No Finding': 1}","{'Enlarged Cardiomediastinum': None, 'Cardiomegaly': None, 'Lung Opacity': None, 'Lung Lesion': None, 'Edema': 0, 'Consolidation': 0, 'Pneumonia': None, 'Atelectasis': None, 'Pneumothorax': 0, 'Pleural Effusion': 0, 'Pleural Other': None, 'Fracture': None, 'Support Devices': None, 'No Finding': 1}"
IU_175,175,conflicting,conflicting,qualify_or_abstain,False,True,0.0,0.0,0.0,"{'Enlarged Cardiomediastinum': None, 'Cardiomegaly': 1, 'Lung Opacity': 1, 'Lung Lesion': None, 'Edema': None, 'Consolidation': None, 'Pneumonia': None, 'Atelectasis': 1, 'Pneumothorax': 0, 'Pleural Effusion': 1, 'Pleural Other': None, 'Fracture': None, 'Support Devices': None, 'No Finding': None}","{'Enlarged Cardiomediastinum': None, 'Cardiomegaly': None, 'Lung Opacity': None, 'Lung Lesion': None, 'Edema': None, 'Consolidation': None, 'Pneumonia': None, 'Atelectasis': None, 'Pneumothorax': 1, 'Pleural Effusion': 0, 'Pleural Other': None, 'Fracture': None, 'Support Devices': None, 'No Finding': None}","{'Enlarged Cardiomediastinum': None, 'Cardiomegaly': None, 'Lung Opacity': None, 'Lung Lesion': None, 'Edema': None, 'Consolidation': None, 'Pneumonia': None, 'Atelectasis': None, 'Pneumothorax': 1, 'Pleural Effusion': 0, 'Pleural Other': None, 'Fracture': None, 'Support Devices': None, 'No Finding': None}"
IU_175,175,evidentiary_incomplete,sufficient,generate,False,True,0.0,0.0,0.0,"{'Enlarged Cardiomediastinum': None, 'Cardiomegaly': 1, 'Lung Opacity': 1, 'Lung Lesion': None, 'Edema': None, 'Consolidation': None, 'Pneumonia': None, 'Atelectasis': 1, 'Pneumothorax': 0, 'Pleural Effusion': 1, 'Pleural Other': None, 'Fracture': None, 'Support Devices': None, 'No Finding': None}","{'Enlarged Cardiomediastinum': None, 'Cardiomegaly': None, 'Lung Opacity': None, 'Lung Lesion': None, 'Edema': None, 'Consolidation': 0, 'Pneumonia': None, 'Atelectasis': None, 'Pneumothorax': 1, 'Pleural Effusion': 0, 'Pleural Other': None, 'Fracture': None, 'Support Devices': None, 'No Finding': 1}","{'Enlarged Cardiomediastinum': None, 'Cardiomegaly': None, 'Lung Opacity': None, 'Lung Lesion': None, 'Edema': None, 'Consolidation': 0, 'Pneumonia': None, 'Atelectasis': None, 'Pneumothorax': 1, 'Pleural Effusion': 0, 'Pleural Other': None, 'Fracture': None, 'Support Devices': None, 'No Finding': 1}"
IU_175,175,insufficient,insufficient,abstain,True,False,0.0,0.0,0.0,"{'Enlarged Cardiomediastinum': None, 'Cardiomegaly': 1, 'Lung Opacity': 1, 'Lung Lesion': None, 'Edema': None, 'Consolidation': None, 'Pneumonia': None, 'Atelectasis': 1, 'Pneumothorax': 0, 'Pleural Effusion': 1, 'Pleural Other': None, 'Fracture': None, 'Support Devices': None, 'No Finding': None}","{'Enlarged Cardiomediastinum': None, 'Cardiomegaly': None, 'Lung Opacity': None, 'Lung Lesion': None, 'Edema': 0, 'Consolidation': 0, 'Pneumonia': None, 'Atelectasis': None, 'Pneumothorax': 0, 'Pleural Effusion': 0, 'Pleural Other': None, 'Fracture': None, 'Support Devices': None, 'No Finding': 1}","{'Enlarged Cardiomediastinum': None, 'Cardiomegaly': None, 'Lung Opacity': None, 'Lung Lesion': None, 'Edema': None, 'Consolidation': None, 'Pneumonia': None, 'Atelectasis': None, 'Pneumothorax': None, 'Pleural Effusion': None, 'Pleural Other': None, 'Fracture': None, 'Support Devices': None, 'No Finding': None}"
IU_175,175,irrelevant,irrelevant,discount_context,False,True,0.0,0.0,0.0,"{'Enlarged Cardiomediastinum': None, 'Cardiomegaly': 1, 'Lung Opacity': 1, 'Lung Lesion': None, 'Edema': None, 'Consolidation': None, 'Pneumonia': None, 'Atelectasis': 1, 'Pneumothorax': 0, 'Pleural Effusion': 1, 'Pleural Other': None, 'Fracture': None, 'Support Devices': None, 'No Finding': None}","{'Enlarged Cardiomediastinum': None, 'Cardiomegaly': None, 'Lung Opacity': None, 'Lung Lesion': None, 'Edema': None, 'Consolidation': 0, 'Pneumonia': None, 'Atelectasis': None, 'Pneumothorax': 1, 'Pleural Effusion': 0, 'Pleural Other': None, 'Fracture': None, 'Support Devices': None, 'No Finding': 1}","{'Enlarged Cardiomediastinum': None, 'Cardiomegaly': None, 'Lung Opacity': None, 'Lung Lesion': None, 'Edema': 0, 'Consolidation': 0, 'Pneumonia': None, 'Atelectasis': None, 'Pneumothorax': 0, 'Pleural Effusion': 0, 'Pleural Other': None, 'Fracture': None, 'Support Devices': None, 'No Finding': 1}"
IU_175,175,sufficient,sufficient,generate,False,True,0.0,0.0,0.0,"{'Enlarged Cardiomediastinum': None, 'Cardiomegaly': 1, 'Lung Opacity': 1, 'Lung Lesion': None, 'Edema': None, 'Consolidation': None, 'Pneumonia': None, 'Atelectasis': 1, 'Pneumothorax': 0, 'Pleural Effusion': 1, 'Pleural Other': None, 'Fracture': None, 'Support Devices': None, 'No Finding': None}","{'Enlarged Cardiomediastinum': None, 'Cardiomegaly': None, 'Lung Opacity': None, 'Lung Lesion': None, 'Edema': None, 'Consolidation': 0, 'Pneumonia': None, 'Atelectasis': None, 'Pneumothorax': 1, 'Pleural Effusion': 0, 'Pleural Other': None, 'Fracture': None, 'Support Devices': None, 'No Finding': 1}","{'Enlarged Cardiomediastinum': None, 'Cardiomegaly': None, 'Lung Opacity': None, 'Lung Lesion': None, 'Edema': None, 'Consolidation': 0, 'Pneumonia': None, 'Atelectasis': None, 'Pneumothorax': 1, 'Pleural Effusion': 0, 'Pleural Other': None, 'Fracture': None, 'Support Devices': None, 'No Finding': 1}"
IU_175,175,syntactic_incomplete,incomplete,qualify,False,True,0.0,0.0,0.0,"{'Enlarged Cardiomediastinum': None, 'Cardiomegaly': 1, 'Lung Opacity': 1, 'Lung Lesion': None, 'Edema': None, 'Consolidation': None, 'Pneumonia': None, 'Atelectasis': 1, 'Pneumothorax': 0, 'Pleural Effusion': 1, 'Pleural Other': None, 'Fracture': None, 'Support Devices': None, 'No Finding': None}","{'Enlarged Cardiomediastinum': None, 'Cardiomegaly': None, 'Lung Opacity': None, 'Lung Lesion': None, 'Edema': None, 'Consolidation': None, 'Pneumonia': None, 'Atelectasis': None, 'Pneumothorax': 0, 'Pleural Effusion': 0, 'Pleural Other': None, 'Fracture': None, 'Support Devices': None, 'No Finding': None}","{'Enlarged Cardiomediastinum': None, 'Cardiomegaly': None, 'Lung Opacity': None, 'Lung Lesion': None, 'Edema': 0, 'Consolidation': 0, 'Pneumonia': None, 'Atelectasis': None, 'Pneumothorax': 0, 'Pleural Effusion': 0, 'Pleural Other': None, 'Fracture': None, 'Support Devices': None, 'No Finding': 1}"
IU_185,185,conflicting,conflicting,qualify_or_abstain,False,True,0.0,0.0,0.0,"{'Enlarged Cardiomediastinum': None, 'Cardiomegaly': None, 'Lung Opacity': 1, 'Lung Lesion': None, 'Edema': None, 'Consolidation': None, 'Pneumonia': None, 'Atelectasis': None, 'Pneumothorax': None, 'Pleural Effusion': 0, 'Pleural Other': None, 'Fracture': None, 'Support Devices': None, 'No Finding': None}","{'Enlarged Cardiomediastinum': None, 'Cardiomegaly': None, 'Lung Opacity': None, 'Lung Lesion': None, 'Edema': None, 'Consolidation': 0, 'Pneumonia': None, 'Atelectasis': None, 'Pneumothorax': 1, 'Pleural Effusion': 1, 'Pleural Other': None, 'Fracture': None, 'Support Devices': None, 'No Finding': None}","{'Enlarged Cardiomediastinum': None, 'Cardiomegaly': None, 'Lung Opacity': None, 'Lung Lesion': None, 'Edema': None, 'Consolidation': 0, 'Pneumonia': None, 'Atelectasis': None, 'Pneumothorax': 1, 'Pleural Effusion': 1, 'Pleural Other': None, 'Fracture': None, 'Support Devices': None, 'No Finding': None}"
IU_185,185,evidentiary_incomplete,sufficient,generate,False,True,0.0,0.0,0.0,"{'Enlarged Cardiomediastinum': None, 'Cardiomegaly': None, 'Lung Opacity': 1, 'Lung Lesion': None, 'Edema': None, 'Consolidation': None, 'Pneumonia': None, 'Atelectasis': None, 'Pneumothorax': None, 'Pleural Effusion': 0, 'Pleural Other': None, 'Fracture': None, 'Support Devices': None, 'No Finding': None}","{'Enlarged Cardiomediastinum': None, 'Cardiomegaly': None, 'Lung Opacity': None, 'Lung Lesion': None, 'Edema': None, 'Consolidation': 0, 'Pneumonia': None, 'Atelectasis': None, 'Pneumothorax': 1, 'Pleural Effusion': 0, 'Pleural Other': None, 'Fracture': None, 'Support Devices': None, 'No Finding': 1}","{'Enlarged Cardiomediastinum': None, 'Cardiomegaly': None, 'Lung Opacity': None, 'Lung Lesion': None, 'Edema': None, 'Consolidation': 0, 'Pneumonia': None, 'Atelectasis': None, 'Pneumothorax': 1, 'Pleural Effusion': 0, 'Pleural Other': None, 'Fracture': None, 'Support Devices': None, 'No Finding': 1}"
IU_185,185,insufficient,insufficient,abstain,True,False,0.0,0.0,0.0,"{'Enlarged Cardiomediastinum': None, 'Cardiomegaly': None, 'Lung Opacity': 1, 'Lung Lesion': None, 'Edema': None, 'Consolidation': None, 'Pneumonia': None, 'Atelectasis': None, 'Pneumothorax': None, 'Pleural Effusion': 0, 'Pleural Other': None, 'Fracture': None, 'Support Devices': None, 'No Finding': None}","{'Enlarged Cardiomediastinum': None, 'Cardiomegaly': None, 'Lung Opacity': None, 'Lung Lesion': None, 'Edema': 0, 'Consolidation': 0, 'Pneumonia': None, 'Atelectasis': None, 'Pneumothorax': 0, 'Pleural Effusion': 0, 'Pleural Other': None, 'Fracture': None, 'Support Devices': None, 'No Finding': 1}","{'Enlarged Cardiomediastinum': None, 'Cardiomegaly': None, 'Lung Opacity': None, 'Lung Lesion': None, 'Edema': None, 'Consolidation': None, 'Pneumonia': None, 'Atelectasis': None, 'Pneumothorax': None, 'Pleural Effusion': None, 'Pleural Other': None, 'Fracture': None, 'Support Devices': None, 'No Finding': None}"
IU_185,185,irrelevant,irrelevant,discount_context,False,True,0.0,0.0,0.0,"{'Enlarged Cardiomediastinum': None, 'Cardiomegaly': None, 'Lung Opacity': 1, 'Lung Lesion': None, 'Edema': None, 'Consolidation': None, 'Pneumonia': None, 'Atelectasis': None, 'Pneumothorax': None, 'Pleural Effusion': 0, 'Pleural Other': None, 'Fracture': None, 'Support Devices': None, 'No Finding': None}","{'Enlarged Cardiomediastinum': None, 'Cardiomegaly': None, 'Lung Opacity': None, 'Lung Lesion': None, 'Edema': None, 'Consolidation': None, 'Pneumonia': None, 'Atelectasis': None, 'Pneumothorax': 0, 'Pleural Effusion': 0, 'Pleural Other': None, 'Fracture': None, 'Support Devices': None, 'No Finding': 1}","{'Enlarged Cardiomediastinum': None, 'Cardiomegaly': None, 'Lung Opacity': None, 'Lung Lesion': None, 'Edema': 0, 'Consolidation': 0, 'Pneumonia': None, 'Atelectasis': None, 'Pneumothorax': 0, 'Pleural Effusion': 0, 'Pleural Other': None, 'Fracture': None, 'Support Devices': None, 'No Finding': 1}"
IU_185,185,sufficient,sufficient,generate,False,True,0.0,0.0,0.0,"{'Enlarged Cardiomediastinum': None, 'Cardiomegaly': None, 'Lung Opacity': 1, 'Lung Lesion': None, 'Edema': None, 'Consolidation': None, 'Pneumonia': None, 'Atelectasis': None, 'Pneumothorax': None, 'Pleural Effusion': 0, 'Pleural Other': None, 'Fracture': None, 'Support Devices': None, 'No Finding': None}","{'Enlarged Cardiomediastinum': None, 'Cardiomegaly': None, 'Lung Opacity': None, 'Lung Lesion': None, 'Edema': None, 'Consolidation': 0, 'Pneumonia': None, 'Atelectasis': None, 'Pneumothorax': 1, 'Pleural Effusion': 0, 'Pleural Other': None, 'Fracture': None, 'Support Devices': None, 'No Finding': 1}","{'Enlarged Cardiomediastinum': None, 'Cardiomegaly': None, 'Lung Opacity': None, 'Lung Lesion': None, 'Edema': None, 'Consolidation': 0, 'Pneumonia': None, 'Atelectasis': None, 'Pneumothorax': 1, 'Pleural Effusion': 0, 'Pleural Other': None, 'Fracture': None, 'Support Devices': None, 'No Finding': 1}"
IU_185,185,syntactic_incomplete,incomplete,qualify,False,True,0.0,0.0,0.0,"{'Enlarged Cardiomediastinum': None, 'Cardiomegaly': None, 'Lung Opacity': 1, 'Lung Lesion': None, 'Edema': None, 'Consolidation': None, 'Pneumonia': None, 'Atelectasis': None, 'Pneumothorax': None, 'Pleural Effusion': 0, 'Pleural Other': None, 'Fracture': None, 'Support Devices': None, 'No Finding': None}","{'Enlarged Cardiomediastinum': None, 'Cardiomegaly': None, 'Lung Opacity': None, 'Lung Lesion': None, 'Edema': None, 'Consolidation': 0, 'Pneumonia': None, 'Atelectasis': None, 'Pneumothorax': 1, 'Pleural Effusion': 0, 'Pleural Other': None, 'Fracture': None, 'Support Devices': None, 'No Finding': 1}","{'Enlarged Cardiomediastinum': None, 'Cardiomegaly': None, 'Lung Opacity': None, 'Lung Lesion': None, 'Edema': 0, 'Consolidation': 0, 'Pneumonia': None, 'Atelectasis': None, 'Pneumothorax': 0, 'Pleural Effusion': 0, 'Pleural Other': None, 'Fracture': None, 'Support Devices': None, 'No Finding': 1}"
IU_190,190,conflicting,conflicting,qualify_or_abstain,False,True,0.0,0.0,0.0,"{'Enlarged Cardiomediastinum': None, 'Cardiomegaly': None, 'Lung Opacity': None, 'Lung Lesion': None, 'Edema': None, 'Consolidation': None, 'Pneumonia': None, 'Atelectasis': None, 'Pneumothorax': None, 'Pleural Effusion': None, 'Pleural Other': None, 'Fracture': 0, 'Support Devices': None, 'No Finding': 1}","{'Enlarged Cardiomediastinum': None, 'Cardiomegaly': 1, 'Lung Opacity': None, 'Lung Lesion': None, 'Edema': None, 'Consolidation': None, 'Pneumonia': None, 'Atelectasis': None, 'Pneumothorax': 0, 'Pleural Effusion': 0, 'Pleural Other': None, 'Fracture': None, 'Support Devices': None, 'No Finding': None}","{'Enlarged Cardiomediastinum': None, 'Cardiomegaly': 1, 'Lung Opacity': None, 'Lung Lesion': None, 'Edema': None, 'Consolidation': None, 'Pneumonia': None, 'Atelectasis': None, 'Pneumothorax': 0, 'Pleural Effusion': 0, 'Pleural Other': None, 'Fracture': None, 'Support Devices': None, 'No Finding': None}"
IU_190,190,evidentiary_incomplete,sufficient,generate,False,True,0.6667,0.6667,0.0,"{'Enlarged Cardiomediastinum': None, 'Cardiomegaly': None, 'Lung Opacity': None, 'Lung Lesion': None, 'Edema': None, 'Consolidation': None, 'Pneumonia': None, 'Atelectasis': None, 'Pneumothorax': None, 'Pleural Effusion': None, 'Pleural Other': None, 'Fracture': 0, 'Support Devices': None, 'No Finding': 1}","{'Enlarged Cardiomediastinum': None, 'Cardiomegaly': None, 'Lung Opacity': 1, 'Lung Lesion': None, 'Edema': None, 'Consolidation': None, 'Pneumonia': None, 'Atelectasis': None, 'Pneumothorax': 0, 'Pleural Effusion': 0, 'Pleural Other': None, 'Fracture': None, 'Support Devices': None, 'No Finding': 1}","{'Enlarged Cardiomediastinum': None, 'Cardiomegaly': None, 'Lung Opacity': 1, 'Lung Lesion': None, 'Edema': None, 'Consolidation': None, 'Pneumonia': None, 'Atelectasis': None, 'Pneumothorax': 0, 'Pleural Effusion': 0, 'Pleural Other': None, 'Fracture': None, 'Support Devices': None, 'No Finding': 1}"
IU_190,190,insufficient,insufficient,abstain,True,False,1.0,0.0,-1.0,"{'Enlarged Cardiomediastinum': None, 'Cardiomegaly': None, 'Lung Opacity': None, 'Lung Lesion': None, 'Edema': None, 'Consolidation': None, 'Pneumonia': None, 'Atelectasis': None, 'Pneumothorax': None, 'Pleural Effusion': None, 'Pleural Other': None, 'Fracture': 0, 'Support Devices': None, 'No Finding': 1}","{'Enlarged Cardiomediastinum': None, 'Cardiomegaly': None, 'Lung Opacity': None, 'Lung Lesion': None, 'Edema': 0, 'Consolidation': 0, 'Pneumonia': None, 'Atelectasis': None, 'Pneumothorax': 0, 'Pleural Effusion': 0, 'Pleural Other': None, 'Fracture': None, 'Support Devices': None, 'No Finding': 1}","{'Enlarged Cardiomediastinum': None, 'Cardiomegaly': None, 'Lung Opacity': None, 'Lung Lesion': None, 'Edema': None, 'Consolidation': None, 'Pneumonia': None, 'Atelectasis': None, 'Pneumothorax': None, 'Pleural Effusion': None, 'Pleural Other': None, 'Fracture': None, 'Support Devices': None, 'No Finding': None}"
IU_190,190,irrelevant,irrelevant,discount_context,False,True,0.6667,1.0,0.3333,"{'Enlarged Cardiomediastinum': None, 'Cardiomegaly': None, 'Lung Opacity': None, 'Lung Lesion': None, 'Edema': None, 'Consolidation': None, 'Pneumonia': None, 'Atelectasis': None, 'Pneumothorax': None, 'Pleural Effusion': None, 'Pleural Other': None, 'Fracture': 0, 'Support Devices': None, 'No Finding': 1}","{'Enlarged Cardiomediastinum': None, 'Cardiomegaly': None, 'Lung Opacity': None, 'Lung Lesion': None, 'Edema': 0, 'Consolidation': 0, 'Pneumonia': 1, 'Atelectasis': None, 'Pneumothorax': 0, 'Pleural Effusion': 0, 'Pleural Other': None, 'Fracture': None, 'Support Devices': None, 'No Finding': 1}","{'Enlarged Cardiomediastinum': None, 'Cardiomegaly': None, 'Lung Opacity': None, 'Lung Lesion': None, 'Edema': 0, 'Consolidation': 0, 'Pneumonia': None, 'Atelectasis': None, 'Pneumothorax': 0, 'Pleural Effusion': 0, 'Pleural Other': None, 'Fracture': None, 'Support Devices': None, 'No Finding': 1}"
IU_190,190,sufficient,sufficient,generate,False,True,0.0,0.0,0.0,"{'Enlarged Cardiomediastinum': None, 'Cardiomegaly': None, 'Lung Opacity': None, 'Lung Lesion': None, 'Edema': None, 'Consolidation': None, 'Pneumonia': None, 'Atelectasis': None, 'Pneumothorax': None, 'Pleural Effusion': None, 'Pleural Other': None, 'Fracture': 0, 'Support Devices': None, 'No Finding': 1}","{'Enlarged Cardiomediastinum': None, 'Cardiomegaly': None, 'Lung Opacity': 1, 'Lung Lesion': None, 'Edema': None, 'Consolidation': None, 'Pneumonia': None, 'Atelectasis': None, 'Pneumothorax': 0, 'Pleural Effusion': 0, 'Pleural Other': None, 'Fracture': 0, 'Support Devices': None, 'No Finding': None}","{'Enlarged Cardiomediastinum': None, 'Cardiomegaly': None, 'Lung Opacity': 1, 'Lung Lesion': None, 'Edema': None, 'Consolidation': None, 'Pneumonia': None, 'Atelectasis': None, 'Pneumothorax': 0, 'Pleural Effusion': 0, 'Pleural Other': None, 'Fracture': 0, 'Support Devices': None, 'No Finding': None}"
IU_190,190,syntactic_incomplete,incomplete,qualify,False,True,0.0,1.0,1.0,"{'Enlarged Cardiomediastinum': None, 'Cardiomegaly': None, 'Lung Opacity': None, 'Lung Lesion': None, 'Edema': None, 'Consolidation': None, 'Pneumonia': None, 'Atelectasis': None, 'Pneumothorax': None, 'Pleural Effusion': None, 'Pleural Other': None, 'Fracture': 0, 'Support Devices': None, 'No Finding': 1}","{'Enlarged Cardiomediastinum': None, 'Cardiomegaly': None, 'Lung Opacity': 1, 'Lung Lesion': None, 'Edema': None, 'Consolidation': None, 'Pneumonia': None, 'Atelectasis': None, 'Pneumothorax': 0, 'Pleural Effusion': 0, 'Pleural Other': None, 'Fracture': None, 'Support Devices': None, 'No Finding': None}","{'Enlarged Cardiomediastinum': None, 'Cardiomegaly': None, 'Lung Opacity': None, 'Lung Lesion': None, 'Edema': 0, 'Consolidation': 0, 'Pneumonia': None, 'Atelectasis': None, 'Pneumothorax': 0, 'Pleural Effusion': 0, 'Pleural Other': None, 'Fracture': None, 'Support Devices': None, 'No Finding': 1}"
IU_195,195,conflicting,conflicting,qualify_or_abstain,False,True,0.0,0.0,0.0,"{'Enlarged Cardiomediastinum': None, 'Cardiomegaly': None, 'Lung Opacity': None, 'Lung Lesion': None, 'Edema': None, 'Consolidation': None, 'Pneumonia': None, 'Atelectasis': None, 'Pneumothorax': 0, 'Pleural Effusion': 0, 'Pleural Other': None, 'Fracture': None, 'Support Devices': None, 'No Finding': None}","{'Enlarged Cardiomediastinum': None, 'Cardiomegaly': None, 'Lung Opacity': None, 'Lung Lesion': None, 'Edema': None, 'Consolidation': 0, 'Pneumonia': None, 'Atelectasis': None, 'Pneumothorax': 1, 'Pleural Effusion': 0, 'Pleural Other': None, 'Fracture': None, 'Support Devices': None, 'No Finding': None}","{'Enlarged Cardiomediastinum': None, 'Cardiomegaly': None, 'Lung Opacity': None, 'Lung Lesion': None, 'Edema': None, 'Consolidation': 0, 'Pneumonia': None, 'Atelectasis': None, 'Pneumothorax': 1, 'Pleural Effusion': 0, 'Pleural Other': None, 'Fracture': None, 'Support Devices': None, 'No Finding': None}"
IU_195,195,evidentiary_incomplete,sufficient,generate,False,True,0.0,0.0,0.0,"{'Enlarged Cardiomediastinum': None, 'Cardiomegaly': None, 'Lung Opacity': None, 'Lung Lesion': None, 'Edema': None, 'Consolidation': None, 'Pneumonia': None, 'Atelectasis': None, 'Pneumothorax': 0, 'Pleural Effusion': 0, 'Pleural Other': None, 'Fracture': None, 'Support Devices': None, 'No Finding': None}","{'Enlarged Cardiomediastinum': None, 'Cardiomegaly': None, 'Lung Opacity': None, 'Lung Lesion': None, 'Edema': None, 'Consolidation': None, 'Pneumonia': None, 'Atelectasis': None, 'Pneumothorax': 0, 'Pleural Effusion': 0, 'Pleural Other': None, 'Fracture': None, 'Support Devices': None, 'No Finding': 1}","{'Enlarged Cardiomediastinum': None, 'Cardiomegaly': None, 'Lung Opacity': None, 'Lung Lesion': None, 'Edema': None, 'Consolidation': None, 'Pneumonia': None, 'Atelectasis': None, 'Pneumothorax': 0, 'Pleural Effusion': 0, 'Pleural Other': None, 'Fracture': None, 'Support Devices': None, 'No Finding': 1}"
IU_195,195,insufficient,insufficient,abstain,True,False,0.0,1.0,1.0,"{'Enlarged Cardiomediastinum': None, 'Cardiomegaly': None, 'Lung Opacity': None, 'Lung Lesion': None, 'Edema': None, 'Consolidation': None, 'Pneumonia': None, 'Atelectasis': None, 'Pneumothorax': 0, 'Pleural Effusion': 0, 'Pleural Other': None, 'Fracture': None, 'Support Devices': None, 'No Finding': None}","{'Enlarged Cardiomediastinum': None, 'Cardiomegaly': None, 'Lung Opacity': None, 'Lung Lesion': None, 'Edema': 0, 'Consolidation': 0, 'Pneumonia': None, 'Atelectasis': None, 'Pneumothorax': 0, 'Pleural Effusion': 0, 'Pleural Other': None, 'Fracture': None, 'Support Devices': None, 'No Finding': 1}","{'Enlarged Cardiomediastinum': None, 'Cardiomegaly': None, 'Lung Opacity': None, 'Lung Lesion': None, 'Edema': None, 'Consolidation': None, 'Pneumonia': None, 'Atelectasis': None, 'Pneumothorax': None, 'Pleural Effusion': None, 'Pleural Other': None, 'Fracture': None, 'Support Devices': None, 'No Finding': None}"
IU_195,195,irrelevant,irrelevant,discount_context,False,True,1.0,0.0,-1.0,"{'Enlarged Cardiomediastinum': None, 'Cardiomegaly': None, 'Lung Opacity': None, 'Lung Lesion': None, 'Edema': None, 'Consolidation': None, 'Pneumonia': None, 'Atelectasis': None, 'Pneumothorax': 0, 'Pleural Effusion': 0, 'Pleural Other': None, 'Fracture': None, 'Support Devices': None, 'No Finding': None}","{'Enlarged Cardiomediastinum': None, 'Cardiomegaly': None, 'Lung Opacity': None, 'Lung Lesion': None, 'Edema': None, 'Consolidation': None, 'Pneumonia': None, 'Atelectasis': None, 'Pneumothorax': 0, 'Pleural Effusion': 0, 'Pleural Other': None, 'Fracture': None, 'Support Devices': None, 'No Finding': None}","{'Enlarged Cardiomediastinum': None, 'Cardiomegaly': None, 'Lung Opacity': None, 'Lung Lesion': None, 'Edema': 0, 'Consolidation': 0, 'Pneumonia': None, 'Atelectasis': None, 'Pneumothorax': 0, 'Pleural Effusion': 0, 'Pleural Other': None, 'Fracture': None, 'Support Devices': None, 'No Finding': 1}"
IU_195,195,sufficient,sufficient,generate,False,True,0.0,0.0,0.0,"{'Enlarged Cardiomediastinum': None, 'Cardiomegaly': None, 'Lung Opacity': None, 'Lung Lesion': None, 'Edema': None, 'Consolidation': None, 'Pneumonia': None, 'Atelectasis': None, 'Pneumothorax': 0, 'Pleural Effusion': 0, 'Pleural Other': None, 'Fracture': None, 'Support Devices': None, 'No Finding': None}","{'Enlarged Cardiomediastinum': None, 'Cardiomegaly': None, 'Lung Opacity': None, 'Lung Lesion': None, 'Edema': None, 'Consolidation': None, 'Pneumonia': None, 'Atelectasis': None, 'Pneumothorax': 0, 'Pleural Effusion': 0, 'Pleural Other': None, 'Fracture': None, 'Support Devices': None, 'No Finding': 1}","{'Enlarged Cardiomediastinum': None, 'Cardiomegaly': None, 'Lung Opacity': None, 'Lung Lesion': None, 'Edema': None, 'Consolidation': None, 'Pneumonia': None, 'Atelectasis': None, 'Pneumothorax': 0, 'Pleural Effusion': 0, 'Pleural Other': None, 'Fracture': None, 'Support Devices': None, 'No Finding': 1}"
IU_195,195,syntactic_incomplete,incomplete,qualify,False,True,0.0,0.0,0.0,"{'Enlarged Cardiomediastinum': None, 'Cardiomegaly': None, 'Lung Opacity': None, 'Lung Lesion': None, 'Edema': None, 'Consolidation': None, 'Pneumonia': None, 'Atelectasis': None, 'Pneumothorax': 0, 'Pleural Effusion': 0, 'Pleural Other': None, 'Fracture': None, 'Support Devices': None, 'No Finding': None}","{'Enlarged Cardiomediastinum': None, 'Cardiomegaly': None, 'Lung Opacity': None, 'Lung Lesion': None, 'Edema': None, 'Consolidation': None, 'Pneumonia': None, 'Atelectasis': None, 'Pneumothorax': 0, 'Pleural Effusion': 0, 'Pleural Other': None, 'Fracture': None, 'Support Devices': None, 'No Finding': 1}","{'Enlarged Cardiomediastinum': None, 'Cardiomegaly': None, 'Lung Opacity': None, 'Lung Lesion': None, 'Edema': 0, 'Consolidation': 0, 'Pneumonia': None, 'Atelectasis': None, 'Pneumothorax': 0, 'Pleural Effusion': 0, 'Pleural Other': None, 'Fracture': None, 'Support Devices': None, 'No Finding': 1}"
IU_227,227,conflicting,conflicting,qualify_or_abstain,False,True,0.4,0.4,0.0,"{'Enlarged Cardiomediastinum': None, 'Cardiomegaly': 1, 'Lung Opacity': 1, 'Lung Lesion': None, 'Edema': 1, 'Consolidation': 0, 'Pneumonia': None, 'Atelectasis': None, 'Pneumothorax': 1, 'Pleural Effusion': 0, 'Pleural Other': None, 'Fracture': None, 'Support Devices': None, 'No Finding': None}","{'Enlarged Cardiomediastinum': None, 'Cardiomegaly': None, 'Lung Opacity': None, 'Lung Lesion': None, 'Edema': None, 'Consolidation': None, 'Pneumonia': None, 'Atelectasis': None, 'Pneumothorax': 1, 'Pleural Effusion': 0, 'Pleural Other': None, 'Fracture': None, 'Support Devices': None, 'No Finding': None}","{'Enlarged Cardiomediastinum': None, 'Cardiomegaly': None, 'Lung Opacity': None, 'Lung Lesion': None, 'Edema': None, 'Consolidation': None, 'Pneumonia': None, 'Atelectasis': None, 'Pneumothorax': 1, 'Pleural Effusion': 0, 'Pleural Other': None, 'Fracture': None, 'Support Devices': None, 'No Finding': None}"
IU_227,227,evidentiary_incomplete,sufficient,generate,False,True,0.0,0.0,0.0,"{'Enlarged Cardiomediastinum': None, 'Cardiomegaly': 1, 'Lung Opacity': 1, 'Lung Lesion': None, 'Edema': 1, 'Consolidation': 0, 'Pneumonia': None, 'Atelectasis': None, 'Pneumothorax': 1, 'Pleural Effusion': 0, 'Pleural Other': None, 'Fracture': None, 'Support Devices': None, 'No Finding': None}","{'Enlarged Cardiomediastinum': None, 'Cardiomegaly': None, 'Lung Opacity': None, 'Lung Lesion': None, 'Edema': None, 'Consolidation': None, 'Pneumonia': None, 'Atelectasis': None, 'Pneumothorax': 0, 'Pleural Effusion': 0, 'Pleural Other': None, 'Fracture': None, 'Support Devices': None, 'No Finding': 1}","{'Enlarged Cardiomediastinum': None, 'Cardiomegaly': None, 'Lung Opacity': None, 'Lung Lesion': None, 'Edema': None, 'Consolidation': None, 'Pneumonia': None, 'Atelectasis': None, 'Pneumothorax': 0, 'Pleural Effusion': 0, 'Pleural Other': None, 'Fracture': None, 'Support Devices': None, 'No Finding': 1}"
IU_227,227,insufficient,insufficient,abstain,True,False,0.0,0.0,0.0,"{'Enlarged Cardiomediastinum': None, 'Cardiomegaly': 1, 'Lung Opacity': 1, 'Lung Lesion': None, 'Edema': 1, 'Consolidation': 0, 'Pneumonia': None, 'Atelectasis': None, 'Pneumothorax': 1, 'Pleural Effusion': 0, 'Pleural Other': None, 'Fracture': None, 'Support Devices': None, 'No Finding': None}","{'Enlarged Cardiomediastinum': None, 'Cardiomegaly': None, 'Lung Opacity': None, 'Lung Lesion': None, 'Edema': None, 'Consolidation': 0, 'Pneumonia': None, 'Atelectasis': None, 'Pneumothorax': 0, 'Pleural Effusion': 1, 'Pleural Other': None, 'Fracture': None, 'Support Devices': None, 'No Finding': 1}","{'Enlarged Cardiomediastinum': None, 'Cardiomegaly': None, 'Lung Opacity': None, 'Lung Lesion': None, 'Edema': None, 'Consolidation': None, 'Pneumonia': None, 'Atelectasis': None, 'Pneumothorax': None, 'Pleural Effusion': None, 'Pleural Other': None, 'Fracture': None, 'Support Devices': None, 'No Finding': None}"
IU_227,227,irrelevant,irrelevant,discount_context,False,True,0.0,0.0,0.0,"{'Enlarged Cardiomediastinum': None, 'Cardiomegaly': 1, 'Lung Opacity': 1, 'Lung Lesion': None, 'Edema': 1, 'Consolidation': 0, 'Pneumonia': None, 'Atelectasis': None, 'Pneumothorax': 1, 'Pleural Effusion': 0, 'Pleural Other': None, 'Fracture': None, 'Support Devices': None, 'No Finding': None}","{'Enlarged Cardiomediastinum': None, 'Cardiomegaly': None, 'Lung Opacity': None, 'Lung Lesion': None, 'Edema': None, 'Consolidation': None, 'Pneumonia': None, 'Atelectasis': None, 'Pneumothorax': 0, 'Pleural Effusion': 0, 'Pleural Other': None, 'Fracture': None, 'Support Devices': None, 'No Finding': None}","{'Enlarged Cardiomediastinum': None, 'Cardiomegaly': None, 'Lung Opacity': None, 'Lung Lesion': None, 'Edema': None, 'Consolidation': 0, 'Pneumonia': None, 'Atelectasis': None, 'Pneumothorax': 0, 'Pleural Effusion': 1, 'Pleural Other': None, 'Fracture': None, 'Support Devices': None, 'No Finding': 1}"
IU_227,227,sufficient,sufficient,generate,False,True,0.0,0.0,0.0,"{'Enlarged Cardiomediastinum': None, 'Cardiomegaly': 1, 'Lung Opacity': 1, 'Lung Lesion': None, 'Edema': 1, 'Consolidation': 0, 'Pneumonia': None, 'Atelectasis': None, 'Pneumothorax': 1, 'Pleural Effusion': 0, 'Pleural Other': None, 'Fracture': None, 'Support Devices': None, 'No Finding': None}","{'Enlarged Cardiomediastinum': None, 'Cardiomegaly': None, 'Lung Opacity': None, 'Lung Lesion': None, 'Edema': None, 'Consolidation': None, 'Pneumonia': None, 'Atelectasis': None, 'Pneumothorax': 0, 'Pleural Effusion': 0, 'Pleural Other': None, 'Fracture': None, 'Support Devices': None, 'No Finding': 1}","{'Enlarged Cardiomediastinum': None, 'Cardiomegaly': None, 'Lung Opacity': None, 'Lung Lesion': None, 'Edema': None, 'Consolidation': None, 'Pneumonia': None, 'Atelectasis': None, 'Pneumothorax': 0, 'Pleural Effusion': 0, 'Pleural Other': None, 'Fracture': None, 'Support Devices': None, 'No Finding': 1}"
IU_227,227,syntactic_incomplete,incomplete,qualify,False,True,0.0,0.0,0.0,"{'Enlarged Cardiomediastinum': None, 'Cardiomegaly': 1, 'Lung Opacity': 1, 'Lung Lesion': None, 'Edema': 1, 'Consolidation': 0, 'Pneumonia': None, 'Atelectasis': None, 'Pneumothorax': 1, 'Pleural Effusion': 0, 'Pleural Other': None, 'Fracture': None, 'Support Devices': None, 'No Finding': None}","{'Enlarged Cardiomediastinum': None, 'Cardiomegaly': None, 'Lung Opacity': None, 'Lung Lesion': None, 'Edema': None, 'Consolidation': None, 'Pneumonia': None, 'Atelectasis': None, 'Pneumothorax': 0, 'Pleural Effusion': 0, 'Pleural Other': None, 'Fracture': None, 'Support Devices': None, 'No Finding': 1}","{'Enlarged Cardiomediastinum': None, 'Cardiomegaly': None, 'Lung Opacity': None, 'Lung Lesion': None, 'Edema': None, 'Consolidation': 0, 'Pneumonia': None, 'Atelectasis': None, 'Pneumothorax': 0, 'Pleural Effusion': 1, 'Pleural Other': None, 'Fracture': None, 'Support Devices': None, 'No Finding': 1}"
IU_247,247,conflicting,conflicting,qualify_or_abstain,False,True,0.0,0.0,0.0,"{'Enlarged Cardiomediastinum': None, 'Cardiomegaly': None, 'Lung Opacity': None, 'Lung Lesion': None, 'Edema': None, 'Consolidation': 0, 'Pneumonia': None, 'Atelectasis': None, 'Pneumothorax': 0, 'Pleural Effusion': 0, 'Pleural Other': None, 'Fracture': None, 'Support Devices': None, 'No Finding': 0}","{'Enlarged Cardiomediastinum': None, 'Cardiomegaly': None, 'Lung Opacity': None, 'Lung Lesion': None, 'Edema': None, 'Consolidation': 0, 'Pneumonia': None, 'Atelectasis': None, 'Pneumothorax': 1, 'Pleural Effusion': 0, 'Pleural Other': None, 'Fracture': None, 'Support Devices': None, 'No Finding': None}","{'Enlarged Cardiomediastinum': None, 'Cardiomegaly': None, 'Lung Opacity': None, 'Lung Lesion': None, 'Edema': None, 'Consolidation': 0, 'Pneumonia': None, 'Atelectasis': None, 'Pneumothorax': 1, 'Pleural Effusion': 0, 'Pleural Other': None, 'Fracture': None, 'Support Devices': None, 'No Finding': None}"
IU_247,247,evidentiary_incomplete,sufficient,generate,False,True,0.0,0.0,0.0,"{'Enlarged Cardiomediastinum': None, 'Cardiomegaly': None, 'Lung Opacity': None, 'Lung Lesion': None, 'Edema': None, 'Consolidation': 0, 'Pneumonia': None, 'Atelectasis': None, 'Pneumothorax': 0, 'Pleural Effusion': 0, 'Pleural Other': None, 'Fracture': None, 'Support Devices': None, 'No Finding': 0}","{'Enlarged Cardiomediastinum': None, 'Cardiomegaly': None, 'Lung Opacity': None, 'Lung Lesion': None, 'Edema': 0, 'Consolidation': 0, 'Pneumonia': None, 'Atelectasis': None, 'Pneumothorax': 0, 'Pleural Effusion': 0, 'Pleural Other': None, 'Fracture': None, 'Support Devices': None, 'No Finding': 1}","{'Enlarged Cardiomediastinum': None, 'Cardiomegaly': None, 'Lung Opacity': None, 'Lung Lesion': None, 'Edema': 0, 'Consolidation': 0, 'Pneumonia': None, 'Atelectasis': None, 'Pneumothorax': 0, 'Pleural Effusion': 0, 'Pleural Other': None, 'Fracture': None, 'Support Devices': None, 'No Finding': 1}"
IU_247,247,insufficient,insufficient,abstain,True,False,0.0,1.0,1.0,"{'Enlarged Cardiomediastinum': None, 'Cardiomegaly': None, 'Lung Opacity': None, 'Lung Lesion': None, 'Edema': None, 'Consolidation': 0, 'Pneumonia': None, 'Atelectasis': None, 'Pneumothorax': 0, 'Pleural Effusion': 0, 'Pleural Other': None, 'Fracture': None, 'Support Devices': None, 'No Finding': 0}","{'Enlarged Cardiomediastinum': None, 'Cardiomegaly': None, 'Lung Opacity': None, 'Lung Lesion': None, 'Edema': 0, 'Consolidation': 0, 'Pneumonia': None, 'Atelectasis': None, 'Pneumothorax': 0, 'Pleural Effusion': 0, 'Pleural Other': None, 'Fracture': None, 'Support Devices': None, 'No Finding': 1}","{'Enlarged Cardiomediastinum': None, 'Cardiomegaly': None, 'Lung Opacity': None, 'Lung Lesion': None, 'Edema': None, 'Consolidation': None, 'Pneumonia': None, 'Atelectasis': None, 'Pneumothorax': None, 'Pleural Effusion': None, 'Pleural Other': None, 'Fracture': None, 'Support Devices': None, 'No Finding': None}"
IU_247,247,irrelevant,irrelevant,discount_context,False,True,0.0,0.0,0.0,"{'Enlarged Cardiomediastinum': None, 'Cardiomegaly': None, 'Lung Opacity': None, 'Lung Lesion': None, 'Edema': None, 'Consolidation': 0, 'Pneumonia': None, 'Atelectasis': None, 'Pneumothorax': 0, 'Pleural Effusion': 0, 'Pleural Other': None, 'Fracture': None, 'Support Devices': None, 'No Finding': 0}","{'Enlarged Cardiomediastinum': None, 'Cardiomegaly': None, 'Lung Opacity': None, 'Lung Lesion': None, 'Edema': None, 'Consolidation': 0, 'Pneumonia': None, 'Atelectasis': None, 'Pneumothorax': 1, 'Pleural Effusion': 0, 'Pleural Other': None, 'Fracture': None, 'Support Devices': None, 'No Finding': 1}","{'Enlarged Cardiomediastinum': None, 'Cardiomegaly': None, 'Lung Opacity': None, 'Lung Lesion': None, 'Edema': 0, 'Consolidation': 0, 'Pneumonia': None, 'Atelectasis': None, 'Pneumothorax': 0, 'Pleural Effusion': 0, 'Pleural Other': None, 'Fracture': None, 'Support Devices': None, 'No Finding': 1}"
IU_247,247,sufficient,sufficient,generate,False,True,0.0,0.0,0.0,"{'Enlarged Cardiomediastinum': None, 'Cardiomegaly': None, 'Lung Opacity': None, 'Lung Lesion': None, 'Edema': None, 'Consolidation': 0, 'Pneumonia': None, 'Atelectasis': None, 'Pneumothorax': 0, 'Pleural Effusion': 0, 'Pleural Other': None, 'Fracture': None, 'Support Devices': None, 'No Finding': 0}","{'Enlarged Cardiomediastinum': None, 'Cardiomegaly': None, 'Lung Opacity': None, 'Lung Lesion': None, 'Edema': None, 'Consolidation': None, 'Pneumonia': None, 'Atelectasis': None, 'Pneumothorax': 0, 'Pleural Effusion': 0, 'Pleural Other': None, 'Fracture': None, 'Support Devices': None, 'No Finding': 1}","{'Enlarged Cardiomediastinum': None, 'Cardiomegaly': None, 'Lung Opacity': None, 'Lung Lesion': None, 'Edema': None, 'Consolidation': None, 'Pneumonia': None, 'Atelectasis': None, 'Pneumothorax': 0, 'Pleural Effusion': 0, 'Pleural Other': None, 'Fracture': None, 'Support Devices': None, 'No Finding': 1}"
IU_247,247,syntactic_incomplete,incomplete,qualify,False,True,0.0,0.0,0.0,"{'Enlarged Cardiomediastinum': None, 'Cardiomegaly': None, 'Lung Opacity': None, 'Lung Lesion': None, 'Edema': None, 'Consolidation': 0, 'Pneumonia': None, 'Atelectasis': None, 'Pneumothorax': 0, 'Pleural Effusion': 0, 'Pleural Other': None, 'Fracture': None, 'Support Devices': None, 'No Finding': 0}","{'Enlarged Cardiomediastinum': None, 'Cardiomegaly': None, 'Lung Opacity': None, 'Lung Lesion': None, 'Edema': None, 'Consolidation': 0, 'Pneumonia': None, 'Atelectasis': None, 'Pneumothorax': 1, 'Pleural Effusion': 0, 'Pleural Other': None, 'Fracture': None, 'Support Devices': None, 'No Finding': 1}","{'Enlarged Cardiomediastinum': None, 'Cardiomegaly': None, 'Lung Opacity': None, 'Lung Lesion': None, 'Edema': 0, 'Consolidation': 0, 'Pneumonia': None, 'Atelectasis': None, 'Pneumothorax': 0, 'Pleural Effusion': 0, 'Pleural Other': None, 'Fracture': None, 'Support Devices': None, 'No Finding': 1}"
IU_253,253,conflicting,conflicting,qualify_or_abstain,False,True,0.0,0.0,0.0,"{'Enlarged Cardiomediastinum': None, 'Cardiomegaly': None, 'Lung Opacity': None, 'Lung Lesion': None, 'Edema': None, 'Consolidation': 0, 'Pneumonia': None, 'Atelectasis': None, 'Pneumothorax': 1, 'Pleural Effusion': None, 'Pleural Other': None, 'Fracture': None, 'Support Devices': 1, 'No Finding': None}","{'Enlarged Cardiomediastinum': None, 'Cardiomegaly': None, 'Lung Opacity': None, 'Lung Lesion': None, 'Edema': None, 'Consolidation': 0, 'Pneumonia': None, 'Atelectasis': None, 'Pneumothorax': 0, 'Pleural Effusion': 0, 'Pleural Other': None, 'Fracture': None, 'Support Devices': None, 'No Finding': None}","{'Enlarged Cardiomediastinum': None, 'Cardiomegaly': None, 'Lung Opacity': None, 'Lung Lesion': None, 'Edema': None, 'Consolidation': 0, 'Pneumonia': None, 'Atelectasis': None, 'Pneumothorax': 0, 'Pleural Effusion': 0, 'Pleural Other': None, 'Fracture': None, 'Support Devices': None, 'No Finding': None}"
IU_253,253,evidentiary_incomplete,sufficient,generate,False,True,0.5,0.5,0.0,"{'Enlarged Cardiomediastinum': None, 'Cardiomegaly': None, 'Lung Opacity': None, 'Lung Lesion': None, 'Edema': None, 'Consolidation': 0, 'Pneumonia': None, 'Atelectasis': None, 'Pneumothorax': 1, 'Pleural Effusion': None, 'Pleural Other': None, 'Fracture': None, 'Support Devices': 1, 'No Finding': None}","{'Enlarged Cardiomediastinum': None, 'Cardiomegaly': None, 'Lung Opacity': None, 'Lung Lesion': None, 'Edema': None, 'Consolidation': None, 'Pneumonia': None, 'Atelectasis': None, 'Pneumothorax': 1, 'Pleural Effusion': 0, 'Pleural Other': None, 'Fracture': None, 'Support Devices': None, 'No Finding': 1}","{'Enlarged Cardiomediastinum': None, 'Cardiomegaly': None, 'Lung Opacity': None, 'Lung Lesion': None, 'Edema': None, 'Consolidation': None, 'Pneumonia': None, 'Atelectasis': None, 'Pneumothorax': 1, 'Pleural Effusion': 0, 'Pleural Other': None, 'Fracture': None, 'Support Devices': None, 'No Finding': 1}"
IU_253,253,insufficient,insufficient,abstain,True,False,0.0,0.0,0.0,"{'Enlarged Cardiomediastinum': None, 'Cardiomegaly': None, 'Lung Opacity': None, 'Lung Lesion': None, 'Edema': None, 'Consolidation': 0, 'Pneumonia': None, 'Atelectasis': None, 'Pneumothorax': 1, 'Pleural Effusion': None, 'Pleural Other': None, 'Fracture': None, 'Support Devices': 1, 'No Finding': None}","{'Enlarged Cardiomediastinum': None, 'Cardiomegaly': None, 'Lung Opacity': None, 'Lung Lesion': None, 'Edema': 0, 'Consolidation': 0, 'Pneumonia': None, 'Atelectasis': None, 'Pneumothorax': 0, 'Pleural Effusion': 0, 'Pleural Other': None, 'Fracture': None, 'Support Devices': None, 'No Finding': 1}","{'Enlarged Cardiomediastinum': None, 'Cardiomegaly': None, 'Lung Opacity': None, 'Lung Lesion': None, 'Edema': None, 'Consolidation': None, 'Pneumonia': None, 'Atelectasis': None, 'Pneumothorax': None, 'Pleural Effusion': None, 'Pleural Other': None, 'Fracture': None, 'Support Devices': None, 'No Finding': None}"
IU_253,253,irrelevant,irrelevant,discount_context,False,True,0.5,0.0,-0.5,"{'Enlarged Cardiomediastinum': None, 'Cardiomegaly': None, 'Lung Opacity': None, 'Lung Lesion': None, 'Edema': None, 'Consolidation': 0, 'Pneumonia': None, 'Atelectasis': None, 'Pneumothorax': 1, 'Pleural Effusion': None, 'Pleural Other': None, 'Fracture': None, 'Support Devices': 1, 'No Finding': None}","{'Enlarged Cardiomediastinum': None, 'Cardiomegaly': None, 'Lung Opacity': None, 'Lung Lesion': None, 'Edema': None, 'Consolidation': 0, 'Pneumonia': 0, 'Atelectasis': None, 'Pneumothorax': 1, 'Pleural Effusion': 0, 'Pleural Other': None, 'Fracture': None, 'Support Devices': None, 'No Finding': 1}","{'Enlarged Cardiomediastinum': None, 'Cardiomegaly': None, 'Lung Opacity': None, 'Lung Lesion': None, 'Edema': 0, 'Consolidation': 0, 'Pneumonia': None, 'Atelectasis': None, 'Pneumothorax': 0, 'Pleural Effusion': 0, 'Pleural Other': None, 'Fracture': None, 'Support Devices': None, 'No Finding': 1}"
IU_253,253,sufficient,sufficient,generate,False,True,0.8,0.8,0.0,"{'Enlarged Cardiomediastinum': None, 'Cardiomegaly': None, 'Lung Opacity': None, 'Lung Lesion': None, 'Edema': None, 'Consolidation': 0, 'Pneumonia': None, 'Atelectasis': None, 'Pneumothorax': 1, 'Pleural Effusion': None, 'Pleural Other': None, 'Fracture': None, 'Support Devices': 1, 'No Finding': None}","{'Enlarged Cardiomediastinum': None, 'Cardiomegaly': None, 'Lung Opacity': None, 'Lung Lesion': None, 'Edema': 1, 'Consolidation': 0, 'Pneumonia': None, 'Atelectasis': None, 'Pneumothorax': 1, 'Pleural Effusion': 0, 'Pleural Other': None, 'Fracture': None, 'Support Devices': 1, 'No Finding': None}","{'Enlarged Cardiomediastinum': None, 'Cardiomegaly': None, 'Lung Opacity': None, 'Lung Lesion': None, 'Edema': 1, 'Consolidation': 0, 'Pneumonia': None, 'Atelectasis': None, 'Pneumothorax': 1, 'Pleural Effusion': 0, 'Pleural Other': None, 'Fracture': None, 'Support Devices': 1, 'No Finding': None}"
IU_253,253,syntactic_incomplete,incomplete,qualify,False,True,0.5,0.0,-0.5,"{'Enlarged Cardiomediastinum': None, 'Cardiomegaly': None, 'Lung Opacity': None, 'Lung Lesion': None, 'Edema': None, 'Consolidation': 0, 'Pneumonia': None, 'Atelectasis': None, 'Pneumothorax': 1, 'Pleural Effusion': None, 'Pleural Other': None, 'Fracture': None, 'Support Devices': 1, 'No Finding': None}","{'Enlarged Cardiomediastinum': None, 'Cardiomegaly': None, 'Lung Opacity': None, 'Lung Lesion': None, 'Edema': None, 'Consolidation': None, 'Pneumonia': None, 'Atelectasis': None, 'Pneumothorax': None, 'Pleural Effusion': None, 'Pleural Other': None, 'Fracture': None, 'Support Devices': 1, 'No Finding': 1}","{'Enlarged Cardiomediastinum': None, 'Cardiomegaly': None, 'Lung Opacity': None, 'Lung Lesion': None, 'Edema': 0, 'Consolidation': 0, 'Pneumonia': None, 'Atelectasis': None, 'Pneumothorax': 0, 'Pleural Effusion': 0, 'Pleural Other': None, 'Fracture': None, 'Support Devices': None, 'No Finding': 1}"
IU_254,254,conflicting,conflicting,qualify_or_abstain,False,True,0.5,0.5,0.0,"{'Enlarged Cardiomediastinum': None, 'Cardiomegaly': None, 'Lung Opacity': None, 'Lung Lesion': None, 'Edema': None, 'Consolidation': None, 'Pneumonia': None, 'Atelectasis': None, 'Pneumothorax': None, 'Pleural Effusion': None, 'Pleural Other': None, 'Fracture': None, 'Support Devices': None, 'No Finding': 1}","{'Enlarged Cardiomediastinum': None, 'Cardiomegaly': None, 'Lung Opacity': None, 'Lung Lesion': None, 'Edema': None, 'Consolidation': 0, 'Pneumonia': 1, 'Atelectasis': None, 'Pneumothorax': 1, 'Pleural Effusion': 0, 'Pleural Other': None, 'Fracture': None, 'Support Devices': None, 'No Finding': 1}","{'Enlarged Cardiomediastinum': None, 'Cardiomegaly': None, 'Lung Opacity': None, 'Lung Lesion': None, 'Edema': None, 'Consolidation': 0, 'Pneumonia': 1, 'Atelectasis': None, 'Pneumothorax': 1, 'Pleural Effusion': 0, 'Pleural Other': None, 'Fracture': None, 'Support Devices': None, 'No Finding': 1}"
IU_254,254,evidentiary_incomplete,sufficient,generate,False,True,1.0,1.0,0.0,"{'Enlarged Cardiomediastinum': None, 'Cardiomegaly': None, 'Lung Opacity': None, 'Lung Lesion': None, 'Edema': None, 'Consolidation': None, 'Pneumonia': None, 'Atelectasis': None, 'Pneumothorax': None, 'Pleural Effusion': None, 'Pleural Other': None, 'Fracture': None, 'Support Devices': None, 'No Finding': 1}","{'Enlarged Cardiomediastinum': None, 'Cardiomegaly': None, 'Lung Opacity': None, 'Lung Lesion': None, 'Edema': 0, 'Consolidation': 0, 'Pneumonia': None, 'Atelectasis': None, 'Pneumothorax': 0, 'Pleural Effusion': 0, 'Pleural Other': None, 'Fracture': None, 'Support Devices': None, 'No Finding': 1}","{'Enlarged Cardiomediastinum': None, 'Cardiomegaly': None, 'Lung Opacity': None, 'Lung Lesion': None, 'Edema': 0, 'Consolidation': 0, 'Pneumonia': None, 'Atelectasis': None, 'Pneumothorax': 0, 'Pleural Effusion': 0, 'Pleural Other': None, 'Fracture': None, 'Support Devices': None, 'No Finding': 1}"
IU_254,254,insufficient,insufficient,abstain,True,False,1.0,0.0,-1.0,"{'Enlarged Cardiomediastinum': None, 'Cardiomegaly': None, 'Lung Opacity': None, 'Lung Lesion': None, 'Edema': None, 'Consolidation': None, 'Pneumonia': None, 'Atelectasis': None, 'Pneumothorax': None, 'Pleural Effusion': None, 'Pleural Other': None, 'Fracture': None, 'Support Devices': None, 'No Finding': 1}","{'Enlarged Cardiomediastinum': None, 'Cardiomegaly': None, 'Lung Opacity': None, 'Lung Lesion': None, 'Edema': 0, 'Consolidation': 0, 'Pneumonia': None, 'Atelectasis': None, 'Pneumothorax': 0, 'Pleural Effusion': 0, 'Pleural Other': None, 'Fracture': None, 'Support Devices': None, 'No Finding': 1}","{'Enlarged Cardiomediastinum': None, 'Cardiomegaly': None, 'Lung Opacity': None, 'Lung Lesion': None, 'Edema': None, 'Consolidation': None, 'Pneumonia': None, 'Atelectasis': None, 'Pneumothorax': None, 'Pleural Effusion': None, 'Pleural Other': None, 'Fracture': None, 'Support Devices': None, 'No Finding': None}"
IU_254,254,irrelevant,irrelevant,discount_context,False,True,0.0,1.0,1.0,"{'Enlarged Cardiomediastinum': None, 'Cardiomegaly': None, 'Lung Opacity': None, 'Lung Lesion': None, 'Edema': None, 'Consolidation': None, 'Pneumonia': None, 'Atelectasis': None, 'Pneumothorax': None, 'Pleural Effusion': None, 'Pleural Other': None, 'Fracture': None, 'Support Devices': None, 'No Finding': 1}","{'Enlarged Cardiomediastinum': None, 'Cardiomegaly': None, 'Lung Opacity': None, 'Lung Lesion': None, 'Edema': None, 'Consolidation': None, 'Pneumonia': None, 'Atelectasis': None, 'Pneumothorax': None, 'Pleural Effusion': None, 'Pleural Other': None, 'Fracture': None, 'Support Devices': None, 'No Finding': None}","{'Enlarged Cardiomediastinum': None, 'Cardiomegaly': None, 'Lung Opacity': None, 'Lung Lesion': None, 'Edema': 0, 'Consolidation': 0, 'Pneumonia': None, 'Atelectasis': None, 'Pneumothorax': 0, 'Pleural Effusion': 0, 'Pleural Other': None, 'Fracture': None, 'Support Devices': None, 'No Finding': 1}"
IU_254,254,sufficient,sufficient,generate,False,True,1.0,1.0,0.0,"{'Enlarged Cardiomediastinum': None, 'Cardiomegaly': None, 'Lung Opacity': None, 'Lung Lesion': None, 'Edema': None, 'Consolidation': None, 'Pneumonia': None, 'Atelectasis': None, 'Pneumothorax': None, 'Pleural Effusion': None, 'Pleural Other': None, 'Fracture': None, 'Support Devices': None, 'No Finding': 1}","{'Enlarged Cardiomediastinum': None, 'Cardiomegaly': None, 'Lung Opacity': None, 'Lung Lesion': None, 'Edema': None, 'Consolidation': None, 'Pneumonia': None, 'Atelectasis': None, 'Pneumothorax': 0, 'Pleural Effusion': 0, 'Pleural Other': None, 'Fracture': 0, 'Support Devices': None, 'No Finding': 1}","{'Enlarged Cardiomediastinum': None, 'Cardiomegaly': None, 'Lung Opacity': None, 'Lung Lesion': None, 'Edema': None, 'Consolidation': None, 'Pneumonia': None, 'Atelectasis': None, 'Pneumothorax': 0, 'Pleural Effusion': 0, 'Pleural Other': None, 'Fracture': 0, 'Support Devices': None, 'No Finding': 1}"
IU_254,254,syntactic_incomplete,incomplete,qualify,False,True,1.0,1.0,0.0,"{'Enlarged Cardiomediastinum': None, 'Cardiomegaly': None, 'Lung Opacity': None, 'Lung Lesion': None, 'Edema': None, 'Consolidation': None, 'Pneumonia': None, 'Atelectasis': None, 'Pneumothorax': None, 'Pleural Effusion': None, 'Pleural Other': None, 'Fracture': None, 'Support Devices': None, 'No Finding': 1}","{'Enlarged Cardiomediastinum': None, 'Cardiomegaly': None, 'Lung Opacity': None, 'Lung Lesion': None, 'Edema': None, 'Consolidation': None, 'Pneumonia': None, 'Atelectasis': None, 'Pneumothorax': 0, 'Pleural Effusion': 0, 'Pleural Other': None, 'Fracture': 0, 'Support Devices': None, 'No Finding': 1}","{'Enlarged Cardiomediastinum': None, 'Cardiomegaly': None, 'Lung Opacity': None, 'Lung Lesion': None, 'Edema': 0, 'Consolidation': 0, 'Pneumonia': None, 'Atelectasis': None, 'Pneumothorax': 0, 'Pleural Effusion': 0, 'Pleural Other': None, 'Fracture': None, 'Support Devices': None, 'No Finding': 1}"
IU_270,270,conflicting,conflicting,qualify_or_abstain,False,True,0.4,0.4,0.0,"{'Enlarged Cardiomediastinum': None, 'Cardiomegaly': None, 'Lung Opacity': 1, 'Lung Lesion': None, 'Edema': None, 'Consolidation': None, 'Pneumonia': None, 'Atelectasis': None, 'Pneumothorax': 1, 'Pleural Effusion': 1, 'Pleural Other': None, 'Fracture': None, 'Support Devices': None, 'No Finding': 1}","{'Enlarged Cardiomediastinum': None, 'Cardiomegaly': None, 'Lung Opacity': None, 'Lung Lesion': None, 'Edema': None, 'Consolidation': None, 'Pneumonia': None, 'Atelectasis': None, 'Pneumothorax': 0, 'Pleural Effusion': 0, 'Pleural Other': None, 'Fracture': None, 'Support Devices': None, 'No Finding': 1}","{'Enlarged Cardiomediastinum': None, 'Cardiomegaly': None, 'Lung Opacity': None, 'Lung Lesion': None, 'Edema': None, 'Consolidation': None, 'Pneumonia': None, 'Atelectasis': None, 'Pneumothorax': 0, 'Pleural Effusion': 0, 'Pleural Other': None, 'Fracture': None, 'Support Devices': None, 'No Finding': 1}"
IU_270,270,evidentiary_incomplete,sufficient,generate,False,True,0.6667,0.6667,0.0,"{'Enlarged Cardiomediastinum': None, 'Cardiomegaly': None, 'Lung Opacity': 1, 'Lung Lesion': None, 'Edema': None, 'Consolidation': None, 'Pneumonia': None, 'Atelectasis': None, 'Pneumothorax': 1, 'Pleural Effusion': 1, 'Pleural Other': None, 'Fracture': None, 'Support Devices': None, 'No Finding': 1}","{'Enlarged Cardiomediastinum': None, 'Cardiomegaly': None, 'Lung Opacity': None, 'Lung Lesion': None, 'Edema': None, 'Consolidation': 0, 'Pneumonia': None, 'Atelectasis': None, 'Pneumothorax': 1, 'Pleural Effusion': 0, 'Pleural Other': None, 'Fracture': None, 'Support Devices': None, 'No Finding': 1}","{'Enlarged Cardiomediastinum': None, 'Cardiomegaly': None, 'Lung Opacity': None, 'Lung Lesion': None, 'Edema': None, 'Consolidation': 0, 'Pneumonia': None, 'Atelectasis': None, 'Pneumothorax': 1, 'Pleural Effusion': 0, 'Pleural Other': None, 'Fracture': None, 'Support Devices': None, 'No Finding': 1}"
IU_270,270,insufficient,insufficient,abstain,True,False,0.4,0.0,-0.4,"{'Enlarged Cardiomediastinum': None, 'Cardiomegaly': None, 'Lung Opacity': 1, 'Lung Lesion': None, 'Edema': None, 'Consolidation': None, 'Pneumonia': None, 'Atelectasis': None, 'Pneumothorax': 1, 'Pleural Effusion': 1, 'Pleural Other': None, 'Fracture': None, 'Support Devices': None, 'No Finding': 1}","{'Enlarged Cardiomediastinum': None, 'Cardiomegaly': None, 'Lung Opacity': None, 'Lung Lesion': None, 'Edema': 0, 'Consolidation': 0, 'Pneumonia': None, 'Atelectasis': None, 'Pneumothorax': 0, 'Pleural Effusion': 0, 'Pleural Other': None, 'Fracture': None, 'Support Devices': None, 'No Finding': 1}","{'Enlarged Cardiomediastinum': None, 'Cardiomegaly': None, 'Lung Opacity': None, 'Lung Lesion': None, 'Edema': None, 'Consolidation': None, 'Pneumonia': None, 'Atelectasis': None, 'Pneumothorax': None, 'Pleural Effusion': None, 'Pleural Other': None, 'Fracture': None, 'Support Devices': None, 'No Finding': None}"
IU_270,270,irrelevant,irrelevant,discount_context,False,True,0.6667,0.4,-0.2667,"{'Enlarged Cardiomediastinum': None, 'Cardiomegaly': None, 'Lung Opacity': 1, 'Lung Lesion': None, 'Edema': None, 'Consolidation': None, 'Pneumonia': None, 'Atelectasis': None, 'Pneumothorax': 1, 'Pleural Effusion': 1, 'Pleural Other': None, 'Fracture': None, 'Support Devices': None, 'No Finding': 1}","{'Enlarged Cardiomediastinum': None, 'Cardiomegaly': None, 'Lung Opacity': None, 'Lung Lesion': None, 'Edema': None, 'Consolidation': 0, 'Pneumonia': None, 'Atelectasis': None, 'Pneumothorax': 1, 'Pleural Effusion': 0, 'Pleural Other': None, 'Fracture': None, 'Support Devices': None, 'No Finding': 1}","{'Enlarged Cardiomediastinum': None, 'Cardiomegaly': None, 'Lung Opacity': None, 'Lung Lesion': None, 'Edema': 0, 'Consolidation': 0, 'Pneumonia': None, 'Atelectasis': None, 'Pneumothorax': 0, 'Pleural Effusion': 0, 'Pleural Other': None, 'Fracture': None, 'Support Devices': None, 'No Finding': 1}"
IU_270,270,sufficient,sufficient,generate,False,True,0.4,0.4,0.0,"{'Enlarged Cardiomediastinum': None, 'Cardiomegaly': None, 'Lung Opacity': 1, 'Lung Lesion': None, 'Edema': None, 'Consolidation': None, 'Pneumonia': None, 'Atelectasis': None, 'Pneumothorax': 1, 'Pleural Effusion': 1, 'Pleural Other': None, 'Fracture': None, 'Support Devices': None, 'No Finding': 1}","{'Enlarged Cardiomediastinum': None, 'Cardiomegaly': None, 'Lung Opacity': None, 'Lung Lesion': None, 'Edema': 0, 'Consolidation': 0, 'Pneumonia': None, 'Atelectasis': None, 'Pneumothorax': 0, 'Pleural Effusion': 0, 'Pleural Other': None, 'Fracture': None, 'Support Devices': None, 'No Finding': 1}","{'Enlarged Cardiomediastinum': None, 'Cardiomegaly': None, 'Lung Opacity': None, 'Lung Lesion': None, 'Edema': 0, 'Consolidation': 0, 'Pneumonia': None, 'Atelectasis': None, 'Pneumothorax': 0, 'Pleural Effusion': 0, 'Pleural Other': None, 'Fracture': None, 'Support Devices': None, 'No Finding': 1}"
IU_270,270,syntactic_incomplete,incomplete,qualify,False,True,0.4,0.4,0.0,"{'Enlarged Cardiomediastinum': None, 'Cardiomegaly': None, 'Lung Opacity': 1, 'Lung Lesion': None, 'Edema': None, 'Consolidation': None, 'Pneumonia': None, 'Atelectasis': None, 'Pneumothorax': 1, 'Pleural Effusion': 1, 'Pleural Other': None, 'Fracture': None, 'Support Devices': None, 'No Finding': 1}","{'Enlarged Cardiomediastinum': None, 'Cardiomegaly': None, 'Lung Opacity': None, 'Lung Lesion': None, 'Edema': 0, 'Consolidation': 0, 'Pneumonia': None, 'Atelectasis': None, 'Pneumothorax': 0, 'Pleural Effusion': 0, 'Pleural Other': None, 'Fracture': None, 'Support Devices': None, 'No Finding': 1}","{'Enlarged Cardiomediastinum': None, 'Cardiomegaly': None, 'Lung Opacity': None, 'Lung Lesion': None, 'Edema': 0, 'Consolidation': 0, 'Pneumonia': None, 'Atelectasis': None, 'Pneumothorax': 0, 'Pleural Effusion': 0, 'Pleural Other': None, 'Fracture': None, 'Support Devices': None, 'No Finding': 1}"
IU_275,275,conflicting,conflicting,qualify_or_abstain,False,True,0.6667,0.6667,0.0,"{'Enlarged Cardiomediastinum': None, 'Cardiomegaly': None, 'Lung Opacity': None, 'Lung Lesion': None, 'Edema': None, 'Consolidation': 0, 'Pneumonia': None, 'Atelectasis': None, 'Pneumothorax': 1, 'Pleural Effusion': 0, 'Pleural Other': None, 'Fracture': None, 'Support Devices': None, 'No Finding': 1}","{'Enlarged Cardiomediastinum': None, 'Cardiomegaly': None, 'Lung Opacity': None, 'Lung Lesion': None, 'Edema': None, 'Consolidation': 0, 'Pneumonia': None, 'Atelectasis': None, 'Pneumothorax': 1, 'Pleural Effusion': 0, 'Pleural Other': None, 'Fracture': None, 'Support Devices': None, 'No Finding': None}","{'Enlarged Cardiomediastinum': None, 'Cardiomegaly': None, 'Lung Opacity': None, 'Lung Lesion': None, 'Edema': None, 'Consolidation': 0, 'Pneumonia': None, 'Atelectasis': None, 'Pneumothorax': 1, 'Pleural Effusion': 0, 'Pleural Other': None, 'Fracture': None, 'Support Devices': None, 'No Finding': None}"
IU_275,275,evidentiary_incomplete,sufficient,generate,False,True,0.6667,0.6667,0.0,"{'Enlarged Cardiomediastinum': None, 'Cardiomegaly': None, 'Lung Opacity': None, 'Lung Lesion': None, 'Edema': None, 'Consolidation': 0, 'Pneumonia': None, 'Atelectasis': None, 'Pneumothorax': 1, 'Pleural Effusion': 0, 'Pleural Other': None, 'Fracture': None, 'Support Devices': None, 'No Finding': 1}","{'Enlarged Cardiomediastinum': None, 'Cardiomegaly': None, 'Lung Opacity': None, 'Lung Lesion': None, 'Edema': None, 'Consolidation': None, 'Pneumonia': None, 'Atelectasis': None, 'Pneumothorax': 0, 'Pleural Effusion': 0, 'Pleural Other': None, 'Fracture': None, 'Support Devices': None, 'No Finding': 1}","{'Enlarged Cardiomediastinum': None, 'Cardiomegaly': None, 'Lung Opacity': None, 'Lung Lesion': None, 'Edema': None, 'Consolidation': None, 'Pneumonia': None, 'Atelectasis': None, 'Pneumothorax': 0, 'Pleural Effusion': 0, 'Pleural Other': None, 'Fracture': None, 'Support Devices': None, 'No Finding': 1}"
IU_275,275,insufficient,insufficient,abstain,True,False,0.6667,0.0,-0.6667,"{'Enlarged Cardiomediastinum': None, 'Cardiomegaly': None, 'Lung Opacity': None, 'Lung Lesion': None, 'Edema': None, 'Consolidation': 0, 'Pneumonia': None, 'Atelectasis': None, 'Pneumothorax': 1, 'Pleural Effusion': 0, 'Pleural Other': None, 'Fracture': None, 'Support Devices': None, 'No Finding': 1}","{'Enlarged Cardiomediastinum': None, 'Cardiomegaly': None, 'Lung Opacity': None, 'Lung Lesion': None, 'Edema': 0, 'Consolidation': 0, 'Pneumonia': None, 'Atelectasis': None, 'Pneumothorax': 0, 'Pleural Effusion': 0, 'Pleural Other': None, 'Fracture': None, 'Support Devices': None, 'No Finding': 1}","{'Enlarged Cardiomediastinum': None, 'Cardiomegaly': None, 'Lung Opacity': None, 'Lung Lesion': None, 'Edema': None, 'Consolidation': None, 'Pneumonia': None, 'Atelectasis': None, 'Pneumothorax': None, 'Pleural Effusion': None, 'Pleural Other': None, 'Fracture': None, 'Support Devices': None, 'No Finding': None}"
IU_275,275,irrelevant,irrelevant,discount_context,False,True,1.0,0.6667,-0.3333,"{'Enlarged Cardiomediastinum': None, 'Cardiomegaly': None, 'Lung Opacity': None, 'Lung Lesion': None, 'Edema': None, 'Consolidation': 0, 'Pneumonia': None, 'Atelectasis': None, 'Pneumothorax': 1, 'Pleural Effusion': 0, 'Pleural Other': None, 'Fracture': None, 'Support Devices': None, 'No Finding': 1}","{'Enlarged Cardiomediastinum': None, 'Cardiomegaly': None, 'Lung Opacity': None, 'Lung Lesion': None, 'Edema': None, 'Consolidation': 0, 'Pneumonia': None, 'Atelectasis': None, 'Pneumothorax': 1, 'Pleural Effusion': 0, 'Pleural Other': None, 'Fracture': None, 'Support Devices': None, 'No Finding': 1}","{'Enlarged Cardiomediastinum': None, 'Cardiomegaly': None, 'Lung Opacity': None, 'Lung Lesion': None, 'Edema': 0, 'Consolidation': 0, 'Pneumonia': None, 'Atelectasis': None, 'Pneumothorax': 0, 'Pleural Effusion': 0, 'Pleural Other': None, 'Fracture': None, 'Support Devices': None, 'No Finding': 1}"
IU_275,275,sufficient,sufficient,generate,False,True,1.0,1.0,0.0,"{'Enlarged Cardiomediastinum': None, 'Cardiomegaly': None, 'Lung Opacity': None, 'Lung Lesion': None, 'Edema': None, 'Consolidation': 0, 'Pneumonia': None, 'Atelectasis': None, 'Pneumothorax': 1, 'Pleural Effusion': 0, 'Pleural Other': None, 'Fracture': None, 'Support Devices': None, 'No Finding': 1}","{'Enlarged Cardiomediastinum': None, 'Cardiomegaly': None, 'Lung Opacity': None, 'Lung Lesion': None, 'Edema': None, 'Consolidation': 0, 'Pneumonia': None, 'Atelectasis': None, 'Pneumothorax': 1, 'Pleural Effusion': 0, 'Pleural Other': None, 'Fracture': None, 'Support Devices': None, 'No Finding': 1}","{'Enlarged Cardiomediastinum': None, 'Cardiomegaly': None, 'Lung Opacity': None, 'Lung Lesion': None, 'Edema': None, 'Consolidation': 0, 'Pneumonia': None, 'Atelectasis': None, 'Pneumothorax': 1, 'Pleural Effusion': 0, 'Pleural Other': None, 'Fracture': None, 'Support Devices': None, 'No Finding': 1}"
IU_275,275,syntactic_incomplete,incomplete,qualify,False,True,1.0,0.6667,-0.3333,"{'Enlarged Cardiomediastinum': None, 'Cardiomegaly': None, 'Lung Opacity': None, 'Lung Lesion': None, 'Edema': None, 'Consolidation': 0, 'Pneumonia': None, 'Atelectasis': None, 'Pneumothorax': 1, 'Pleural Effusion': 0, 'Pleural Other': None, 'Fracture': None, 'Support Devices': None, 'No Finding': 1}","{'Enlarged Cardiomediastinum': None, 'Cardiomegaly': None, 'Lung Opacity': None, 'Lung Lesion': None, 'Edema': None, 'Consolidation': 0, 'Pneumonia': None, 'Atelectasis': None, 'Pneumothorax': 1, 'Pleural Effusion': 0, 'Pleural Other': None, 'Fracture': None, 'Support Devices': None, 'No Finding': 1}","{'Enlarged Cardiomediastinum': None, 'Cardiomegaly': None, 'Lung Opacity': None, 'Lung Lesion': None, 'Edema': 0, 'Consolidation': 0, 'Pneumonia': None, 'Atelectasis': None, 'Pneumothorax': 0, 'Pleural Effusion': 0, 'Pleural Other': None, 'Fracture': None, 'Support Devices': None, 'No Finding': 1}"
IU_282,282,conflicting,conflicting,qualify_or_abstain,False,True,0.0,0.0,0.0,"{'Enlarged Cardiomediastinum': None, 'Cardiomegaly': None, 'Lung Opacity': None, 'Lung Lesion': None, 'Edema': None, 'Consolidation': 0, 'Pneumonia': None, 'Atelectasis': None, 'Pneumothorax': 0, 'Pleural Effusion': 1, 'Pleural Other': None, 'Fracture': None, 'Support Devices': None, 'No Finding': 1}","{'Enlarged Cardiomediastinum': None, 'Cardiomegaly': None, 'Lung Opacity': None, 'Lung Lesion': None, 'Edema': None, 'Consolidation': 0, 'Pneumonia': None, 'Atelectasis': None, 'Pneumothorax': 1, 'Pleural Effusion': 0, 'Pleural Other': None, 'Fracture': None, 'Support Devices': None, 'No Finding': None}","{'Enlarged Cardiomediastinum': None, 'Cardiomegaly': None, 'Lung Opacity': None, 'Lung Lesion': None, 'Edema': None, 'Consolidation': 0, 'Pneumonia': None, 'Atelectasis': None, 'Pneumothorax': 1, 'Pleural Effusion': 0, 'Pleural Other': None, 'Fracture': None, 'Support Devices': None, 'No Finding': None}"
IU_282,282,evidentiary_incomplete,sufficient,generate,False,True,0.5,0.5,0.0,"{'Enlarged Cardiomediastinum': None, 'Cardiomegaly': None, 'Lung Opacity': None, 'Lung Lesion': None, 'Edema': None, 'Consolidation': 0, 'Pneumonia': None, 'Atelectasis': None, 'Pneumothorax': 0, 'Pleural Effusion': 1, 'Pleural Other': None, 'Fracture': None, 'Support Devices': None, 'No Finding': 1}","{'Enlarged Cardiomediastinum': None, 'Cardiomegaly': None, 'Lung Opacity': None, 'Lung Lesion': None, 'Edema': None, 'Consolidation': 0, 'Pneumonia': None, 'Atelectasis': None, 'Pneumothorax': 1, 'Pleural Effusion': 0, 'Pleural Other': None, 'Fracture': None, 'Support Devices': None, 'No Finding': 1}","{'Enlarged Cardiomediastinum': None, 'Cardiomegaly': None, 'Lung Opacity': None, 'Lung Lesion': None, 'Edema': None, 'Consolidation': 0, 'Pneumonia': None, 'Atelectasis': None, 'Pneumothorax': 1, 'Pleural Effusion': 0, 'Pleural Other': None, 'Fracture': None, 'Support Devices': None, 'No Finding': 1}"
IU_282,282,insufficient,insufficient,abstain,True,False,0.6667,0.0,-0.6667,"{'Enlarged Cardiomediastinum': None, 'Cardiomegaly': None, 'Lung Opacity': None, 'Lung Lesion': None, 'Edema': None, 'Consolidation': 0, 'Pneumonia': None, 'Atelectasis': None, 'Pneumothorax': 0, 'Pleural Effusion': 1, 'Pleural Other': None, 'Fracture': None, 'Support Devices': None, 'No Finding': 1}","{'Enlarged Cardiomediastinum': None, 'Cardiomegaly': None, 'Lung Opacity': None, 'Lung Lesion': None, 'Edema': 0, 'Consolidation': 0, 'Pneumonia': None, 'Atelectasis': None, 'Pneumothorax': 0, 'Pleural Effusion': 0, 'Pleural Other': None, 'Fracture': None, 'Support Devices': None, 'No Finding': 1}","{'Enlarged Cardiomediastinum': None, 'Cardiomegaly': None, 'Lung Opacity': None, 'Lung Lesion': None, 'Edema': None, 'Consolidation': None, 'Pneumonia': None, 'Atelectasis': None, 'Pneumothorax': None, 'Pleural Effusion': None, 'Pleural Other': None, 'Fracture': None, 'Support Devices': None, 'No Finding': None}"
IU_282,282,irrelevant,irrelevant,discount_context,False,True,0.0,0.6667,0.6667,"{'Enlarged Cardiomediastinum': None, 'Cardiomegaly': None, 'Lung Opacity': None, 'Lung Lesion': None, 'Edema': None, 'Consolidation': 0, 'Pneumonia': None, 'Atelectasis': None, 'Pneumothorax': 0, 'Pleural Effusion': 1, 'Pleural Other': None, 'Fracture': None, 'Support Devices': None, 'No Finding': 1}","{'Enlarged Cardiomediastinum': None, 'Cardiomegaly': None, 'Lung Opacity': None, 'Lung Lesion': None, 'Edema': None, 'Consolidation': None, 'Pneumonia': None, 'Atelectasis': None, 'Pneumothorax': 0, 'Pleural Effusion': 0, 'Pleural Other': None, 'Fracture': None, 'Support Devices': None, 'No Finding': None}","{'Enlarged Cardiomediastinum': None, 'Cardiomegaly': None, 'Lung Opacity': None, 'Lung Lesion': None, 'Edema': 0, 'Consolidation': 0, 'Pneumonia': None, 'Atelectasis': None, 'Pneumothorax': 0, 'Pleural Effusion': 0, 'Pleural Other': None, 'Fracture': None, 'Support Devices': None, 'No Finding': 1}"
IU_282,282,sufficient,sufficient,generate,False,True,0.0,0.0,0.0,"{'Enlarged Cardiomediastinum': None, 'Cardiomegaly': None, 'Lung Opacity': None, 'Lung Lesion': None, 'Edema': None, 'Consolidation': 0, 'Pneumonia': None, 'Atelectasis': None, 'Pneumothorax': 0, 'Pleural Effusion': 1, 'Pleural Other': None, 'Fracture': None, 'Support Devices': None, 'No Finding': 1}","{'Enlarged Cardiomediastinum': None, 'Cardiomegaly': None, 'Lung Opacity': None, 'Lung Lesion': None, 'Edema': None, 'Consolidation': 0, 'Pneumonia': None, 'Atelectasis': None, 'Pneumothorax': 1, 'Pleural Effusion': 0, 'Pleural Other': None, 'Fracture': None, 'Support Devices': None, 'No Finding': None}","{'Enlarged Cardiomediastinum': None, 'Cardiomegaly': None, 'Lung Opacity': None, 'Lung Lesion': None, 'Edema': None, 'Consolidation': 0, 'Pneumonia': None, 'Atelectasis': None, 'Pneumothorax': 1, 'Pleural Effusion': 0, 'Pleural Other': None, 'Fracture': None, 'Support Devices': None, 'No Finding': None}"
IU_282,282,syntactic_incomplete,incomplete,qualify,False,True,0.5,0.6667,0.1667,"{'Enlarged Cardiomediastinum': None, 'Cardiomegaly': None, 'Lung Opacity': None, 'Lung Lesion': None, 'Edema': None, 'Consolidation': 0, 'Pneumonia': None, 'Atelectasis': None, 'Pneumothorax': 0, 'Pleural Effusion': 1, 'Pleural Other': None, 'Fracture': None, 'Support Devices': None, 'No Finding': 1}","{'Enlarged Cardiomediastinum': None, 'Cardiomegaly': None, 'Lung Opacity': None, 'Lung Lesion': None, 'Edema': None, 'Consolidation': 0, 'Pneumonia': None, 'Atelectasis': None, 'Pneumothorax': 1, 'Pleural Effusion': 0, 'Pleural Other': None, 'Fracture': None, 'Support Devices': None, 'No Finding': 1}","{'Enlarged Cardiomediastinum': None, 'Cardiomegaly': None, 'Lung Opacity': None, 'Lung Lesion': None, 'Edema': 0, 'Consolidation': 0, 'Pneumonia': None, 'Atelectasis': None, 'Pneumothorax': 0, 'Pleural Effusion': 0, 'Pleural Other': None, 'Fracture': None, 'Support Devices': None, 'No Finding': 1}"
IU_287,287,conflicting,conflicting,qualify_or_abstain,False,True,0.0,0.0,0.0,"{'Enlarged Cardiomediastinum': None, 'Cardiomegaly': None, 'Lung Opacity': None, 'Lung Lesion': None, 'Edema': 0, 'Consolidation': None, 'Pneumonia': None, 'Atelectasis': None, 'Pneumothorax': 0, 'Pleural Effusion': 0, 'Pleural Other': None, 'Fracture': None, 'Support Devices': None, 'No Finding': None}","{'Enlarged Cardiomediastinum': None, 'Cardiomegaly': None, 'Lung Opacity': None, 'Lung Lesion': None, 'Edema': None, 'Consolidation': None, 'Pneumonia': None, 'Atelectasis': None, 'Pneumothorax': 1, 'Pleural Effusion': 0, 'Pleural Other': None, 'Fracture': None, 'Support Devices': None, 'No Finding': None}","{'Enlarged Cardiomediastinum': None, 'Cardiomegaly': None, 'Lung Opacity': None, 'Lung Lesion': None, 'Edema': None, 'Consolidation': None, 'Pneumonia': None, 'Atelectasis': None, 'Pneumothorax': 1, 'Pleural Effusion': 0, 'Pleural Other': None, 'Fracture': None, 'Support Devices': None, 'No Finding': None}"
IU_287,287,evidentiary_incomplete,sufficient,generate,False,True,0.0,0.0,0.0,"{'Enlarged Cardiomediastinum': None, 'Cardiomegaly': None, 'Lung Opacity': None, 'Lung Lesion': None, 'Edema': 0, 'Consolidation': None, 'Pneumonia': None, 'Atelectasis': None, 'Pneumothorax': 0, 'Pleural Effusion': 0, 'Pleural Other': None, 'Fracture': None, 'Support Devices': None, 'No Finding': None}","{'Enlarged Cardiomediastinum': None, 'Cardiomegaly': None, 'Lung Opacity': 1, 'Lung Lesion': None, 'Edema': None, 'Consolidation': None, 'Pneumonia': 1, 'Atelectasis': 1, 'Pneumothorax': 0, 'Pleural Effusion': 0, 'Pleural Other': None, 'Fracture': None, 'Support Devices': None, 'No Finding': None}","{'Enlarged Cardiomediastinum': None, 'Cardiomegaly': None, 'Lung Opacity': 1, 'Lung Lesion': None, 'Edema': None, 'Consolidation': None, 'Pneumonia': 1, 'Atelectasis': 1, 'Pneumothorax': 0, 'Pleural Effusion': 0, 'Pleural Other': None, 'Fracture': None, 'Support Devices': None, 'No Finding': None}"
IU_287,287,insufficient,insufficient,abstain,True,False,0.0,1.0,1.0,"{'Enlarged Cardiomediastinum': None, 'Cardiomegaly': None, 'Lung Opacity': None, 'Lung Lesion': None, 'Edema': 0, 'Consolidation': None, 'Pneumonia': None, 'Atelectasis': None, 'Pneumothorax': 0, 'Pleural Effusion': 0, 'Pleural Other': None, 'Fracture': None, 'Support Devices': None, 'No Finding': None}","{'Enlarged Cardiomediastinum': None, 'Cardiomegaly': None, 'Lung Opacity': None, 'Lung Lesion': None, 'Edema': None, 'Consolidation': 0, 'Pneumonia': None, 'Atelectasis': None, 'Pneumothorax': 0, 'Pleural Effusion': 1, 'Pleural Other': None, 'Fracture': None, 'Support Devices': None, 'No Finding': 1}","{'Enlarged Cardiomediastinum': None, 'Cardiomegaly': None, 'Lung Opacity': None, 'Lung Lesion': None, 'Edema': None, 'Consolidation': None, 'Pneumonia': None, 'Atelectasis': None, 'Pneumothorax': None, 'Pleural Effusion': None, 'Pleural Other': None, 'Fracture': None, 'Support Devices': None, 'No Finding': None}"
IU_287,287,irrelevant,irrelevant,discount_context,False,True,0.0,0.0,0.0,"{'Enlarged Cardiomediastinum': None, 'Cardiomegaly': None, 'Lung Opacity': None, 'Lung Lesion': None, 'Edema': 0, 'Consolidation': None, 'Pneumonia': None, 'Atelectasis': None, 'Pneumothorax': 0, 'Pleural Effusion': 0, 'Pleural Other': None, 'Fracture': None, 'Support Devices': None, 'No Finding': None}","{'Enlarged Cardiomediastinum': None, 'Cardiomegaly': None, 'Lung Opacity': None, 'Lung Lesion': None, 'Edema': None, 'Consolidation': None, 'Pneumonia': None, 'Atelectasis': None, 'Pneumothorax': 0, 'Pleural Effusion': 0, 'Pleural Other': None, 'Fracture': None, 'Support Devices': None, 'No Finding': 1}","{'Enlarged Cardiomediastinum': None, 'Cardiomegaly': None, 'Lung Opacity': None, 'Lung Lesion': None, 'Edema': None, 'Consolidation': 0, 'Pneumonia': None, 'Atelectasis': None, 'Pneumothorax': 0, 'Pleural Effusion': 1, 'Pleural Other': None, 'Fracture': None, 'Support Devices': None, 'No Finding': 1}"
IU_287,287,sufficient,sufficient,generate,False,True,0.0,0.0,0.0,"{'Enlarged Cardiomediastinum': None, 'Cardiomegaly': None, 'Lung Opacity': None, 'Lung Lesion': None, 'Edema': 0, 'Consolidation': None, 'Pneumonia': None, 'Atelectasis': None, 'Pneumothorax': 0, 'Pleural Effusion': 0, 'Pleural Other': None, 'Fracture': None, 'Support Devices': None, 'No Finding': None}","{'Enlarged Cardiomediastinum': None, 'Cardiomegaly': None, 'Lung Opacity': None, 'Lung Lesion': None, 'Edema': None, 'Consolidation': 0, 'Pneumonia': None, 'Atelectasis': None, 'Pneumothorax': 1, 'Pleural Effusion': 0, 'Pleural Other': None, 'Fracture': None, 'Support Devices': None, 'No Finding': 1}","{'Enlarged Cardiomediastinum': None, 'Cardiomegaly': None, 'Lung Opacity': None, 'Lung Lesion': None, 'Edema': None, 'Consolidation': 0, 'Pneumonia': None, 'Atelectasis': None, 'Pneumothorax': 1, 'Pleural Effusion': 0, 'Pleural Other': None, 'Fracture': None, 'Support Devices': None, 'No Finding': 1}"
IU_287,287,syntactic_incomplete,incomplete,qualify,False,True,0.0,0.0,0.0,"{'Enlarged Cardiomediastinum': None, 'Cardiomegaly': None, 'Lung Opacity': None, 'Lung Lesion': None, 'Edema': 0, 'Consolidation': None, 'Pneumonia': None, 'Atelectasis': None, 'Pneumothorax': 0, 'Pleural Effusion': 0, 'Pleural Other': None, 'Fracture': None, 'Support Devices': None, 'No Finding': None}","{'Enlarged Cardiomediastinum': None, 'Cardiomegaly': None, 'Lung Opacity': None, 'Lung Lesion': None, 'Edema': None, 'Consolidation': 0, 'Pneumonia': None, 'Atelectasis': None, 'Pneumothorax': 1, 'Pleural Effusion': 0, 'Pleural Other': None, 'Fracture': None, 'Support Devices': None, 'No Finding': 1}","{'Enlarged Cardiomediastinum': None, 'Cardiomegaly': None, 'Lung Opacity': None, 'Lung Lesion': None, 'Edema': None, 'Consolidation': 0, 'Pneumonia': None, 'Atelectasis': None, 'Pneumothorax': 0, 'Pleural Effusion': 1, 'Pleural Other': None, 'Fracture': None, 'Support Devices': None, 'No Finding': 1}"
IU_290,290,conflicting,conflicting,qualify_or_abstain,False,True,0.5,0.5,0.0,"{'Enlarged Cardiomediastinum': None, 'Cardiomegaly': None, 'Lung Opacity': None, 'Lung Lesion': None, 'Edema': None, 'Consolidation': None, 'Pneumonia': None, 'Atelectasis': None, 'Pneumothorax': None, 'Pleural Effusion': None, 'Pleural Other': None, 'Fracture': None, 'Support Devices': None, 'No Finding': 1}","{'Enlarged Cardiomediastinum': None, 'Cardiomegaly': None, 'Lung Opacity': None, 'Lung Lesion': None, 'Edema': None, 'Consolidation': 0, 'Pneumonia': 1, 'Atelectasis': None, 'Pneumothorax': 1, 'Pleural Effusion': 0, 'Pleural Other': None, 'Fracture': None, 'Support Devices': None, 'No Finding': 1}","{'Enlarged Cardiomediastinum': None, 'Cardiomegaly': None, 'Lung Opacity': None, 'Lung Lesion': None, 'Edema': None, 'Consolidation': 0, 'Pneumonia': 1, 'Atelectasis': None, 'Pneumothorax': 1, 'Pleural Effusion': 0, 'Pleural Other': None, 'Fracture': None, 'Support Devices': None, 'No Finding': 1}"
IU_290,290,evidentiary_incomplete,sufficient,generate,False,True,0.0,0.0,0.0,"{'Enlarged Cardiomediastinum': None, 'Cardiomegaly': None, 'Lung Opacity': None, 'Lung Lesion': None, 'Edema': None, 'Consolidation': None, 'Pneumonia': None, 'Atelectasis': None, 'Pneumothorax': None, 'Pleural Effusion': None, 'Pleural Other': None, 'Fracture': None, 'Support Devices': None, 'No Finding': 1}","{'Enlarged Cardiomediastinum': None, 'Cardiomegaly': None, 'Lung Opacity': None, 'Lung Lesion': None, 'Edema': None, 'Consolidation': None, 'Pneumonia': None, 'Atelectasis': None, 'Pneumothorax': 0, 'Pleural Effusion': 0, 'Pleural Other': None, 'Fracture': None, 'Support Devices': None, 'No Finding': None}","{'Enlarged Cardiomediastinum': None, 'Cardiomegaly': None, 'Lung Opacity': None, 'Lung Lesion': None, 'Edema': None, 'Consolidation': None, 'Pneumonia': None, 'Atelectasis': None, 'Pneumothorax': 0, 'Pleural Effusion': 0, 'Pleural Other': None, 'Fracture': None, 'Support Devices': None, 'No Finding': None}"
IU_290,290,insufficient,insufficient,abstain,True,False,1.0,0.0,-1.0,"{'Enlarged Cardiomediastinum': None, 'Cardiomegaly': None, 'Lung Opacity': None, 'Lung Lesion': None, 'Edema': None, 'Consolidation': None, 'Pneumonia': None, 'Atelectasis': None, 'Pneumothorax': None, 'Pleural Effusion': None, 'Pleural Other': None, 'Fracture': None, 'Support Devices': None, 'No Finding': 1}","{'Enlarged Cardiomediastinum': None, 'Cardiomegaly': None, 'Lung Opacity': None, 'Lung Lesion': None, 'Edema': 0, 'Consolidation': 0, 'Pneumonia': None, 'Atelectasis': None, 'Pneumothorax': 0, 'Pleural Effusion': 0, 'Pleural Other': None, 'Fracture': None, 'Support Devices': None, 'No Finding': 1}","{'Enlarged Cardiomediastinum': None, 'Cardiomegaly': None, 'Lung Opacity': None, 'Lung Lesion': None, 'Edema': None, 'Consolidation': None, 'Pneumonia': None, 'Atelectasis': None, 'Pneumothorax': None, 'Pleural Effusion': None, 'Pleural Other': None, 'Fracture': None, 'Support Devices': None, 'No Finding': None}"
IU_290,290,irrelevant,irrelevant,discount_context,False,True,0.6667,1.0,0.3333,"{'Enlarged Cardiomediastinum': None, 'Cardiomegaly': None, 'Lung Opacity': None, 'Lung Lesion': None, 'Edema': None, 'Consolidation': None, 'Pneumonia': None, 'Atelectasis': None, 'Pneumothorax': None, 'Pleural Effusion': None, 'Pleural Other': None, 'Fracture': None, 'Support Devices': None, 'No Finding': 1}","{'Enlarged Cardiomediastinum': None, 'Cardiomegaly': None, 'Lung Opacity': None, 'Lung Lesion': None, 'Edema': None, 'Consolidation': None, 'Pneumonia': 1, 'Atelectasis': None, 'Pneumothorax': 0, 'Pleural Effusion': 0, 'Pleural Other': None, 'Fracture': None, 'Support Devices': None, 'No Finding': 1}","{'Enlarged Cardiomediastinum': None, 'Cardiomegaly': None, 'Lung Opacity': None, 'Lung Lesion': None, 'Edema': 0, 'Consolidation': 0, 'Pneumonia': None, 'Atelectasis': None, 'Pneumothorax': 0, 'Pleural Effusion': 0, 'Pleural Other': None, 'Fracture': None, 'Support Devices': None, 'No Finding': 1}"
IU_290,290,sufficient,sufficient,generate,False,True,1.0,1.0,0.0,"{'Enlarged Cardiomediastinum': None, 'Cardiomegaly': None, 'Lung Opacity': None, 'Lung Lesion': None, 'Edema': None, 'Consolidation': None, 'Pneumonia': None, 'Atelectasis': None, 'Pneumothorax': None, 'Pleural Effusion': None, 'Pleural Other': None, 'Fracture': None, 'Support Devices': None, 'No Finding': 1}","{'Enlarged Cardiomediastinum': None, 'Cardiomegaly': None, 'Lung Opacity': None, 'Lung Lesion': None, 'Edema': 0, 'Consolidation': 0, 'Pneumonia': None, 'Atelectasis': None, 'Pneumothorax': 0, 'Pleural Effusion': 0, 'Pleural Other': None, 'Fracture': None, 'Support Devices': None, 'No Finding': 1}","{'Enlarged Cardiomediastinum': None, 'Cardiomegaly': None, 'Lung Opacity': None, 'Lung Lesion': None, 'Edema': 0, 'Consolidation': 0, 'Pneumonia': None, 'Atelectasis': None, 'Pneumothorax': 0, 'Pleural Effusion': 0, 'Pleural Other': None, 'Fracture': None, 'Support Devices': None, 'No Finding': 1}"
IU_290,290,syntactic_incomplete,incomplete,qualify,False,True,1.0,1.0,0.0,"{'Enlarged Cardiomediastinum': None, 'Cardiomegaly': None, 'Lung Opacity': None, 'Lung Lesion': None, 'Edema': None, 'Consolidation': None, 'Pneumonia': None, 'Atelectasis': None, 'Pneumothorax': None, 'Pleural Effusion': None, 'Pleural Other': None, 'Fracture': None, 'Support Devices': None, 'No Finding': 1}","{'Enlarged Cardiomediastinum': None, 'Cardiomegaly': None, 'Lung Opacity': None, 'Lung Lesion': None, 'Edema': 0, 'Consolidation': 0, 'Pneumonia': None, 'Atelectasis': None, 'Pneumothorax': 0, 'Pleural Effusion': 0, 'Pleural Other': None, 'Fracture': None, 'Support Devices': None, 'No Finding': 1}","{'Enlarged Cardiomediastinum': None, 'Cardiomegaly': None, 'Lung Opacity': None, 'Lung Lesion': None, 'Edema': 0, 'Consolidation': 0, 'Pneumonia': None, 'Atelectasis': None, 'Pneumothorax': 0, 'Pleural Effusion': 0, 'Pleural Other': None, 'Fracture': None, 'Support Devices': None, 'No Finding': 1}"
IU_297,297,conflicting,conflicting,qualify_or_abstain,False,True,0.0,0.0,0.0,"{'Enlarged Cardiomediastinum': None, 'Cardiomegaly': None, 'Lung Opacity': 1, 'Lung Lesion': None, 'Edema': None, 'Consolidation': None, 'Pneumonia': None, 'Atelectasis': 1, 'Pneumothorax': 0, 'Pleural Effusion': 0, 'Pleural Other': None, 'Fracture': None, 'Support Devices': None, 'No Finding': None}","{'Enlarged Cardiomediastinum': None, 'Cardiomegaly': None, 'Lung Opacity': None, 'Lung Lesion': None, 'Edema': None, 'Consolidation': 0, 'Pneumonia': None, 'Atelectasis': None, 'Pneumothorax': 1, 'Pleural Effusion': 0, 'Pleural Other': None, 'Fracture': None, 'Support Devices': 1, 'No Finding': None}","{'Enlarged Cardiomediastinum': None, 'Cardiomegaly': None, 'Lung Opacity': None, 'Lung Lesion': None, 'Edema': None, 'Consolidation': 0, 'Pneumonia': None, 'Atelectasis': None, 'Pneumothorax': 1, 'Pleural Effusion': 0, 'Pleural Other': None, 'Fracture': None, 'Support Devices': 1, 'No Finding': None}"
IU_297,297,evidentiary_incomplete,sufficient,generate,False,True,0.0,0.0,0.0,"{'Enlarged Cardiomediastinum': None, 'Cardiomegaly': None, 'Lung Opacity': 1, 'Lung Lesion': None, 'Edema': None, 'Consolidation': None, 'Pneumonia': None, 'Atelectasis': 1, 'Pneumothorax': 0, 'Pleural Effusion': 0, 'Pleural Other': None, 'Fracture': None, 'Support Devices': None, 'No Finding': None}","{'Enlarged Cardiomediastinum': None, 'Cardiomegaly': None, 'Lung Opacity': None, 'Lung Lesion': None, 'Edema': None, 'Consolidation': 0, 'Pneumonia': None, 'Atelectasis': None, 'Pneumothorax': 0, 'Pleural Effusion': 0, 'Pleural Other': None, 'Fracture': None, 'Support Devices': None, 'No Finding': None}","{'Enlarged Cardiomediastinum': None, 'Cardiomegaly': None, 'Lung Opacity': None, 'Lung Lesion': None, 'Edema': None, 'Consolidation': 0, 'Pneumonia': None, 'Atelectasis': None, 'Pneumothorax': 0, 'Pleural Effusion': 0, 'Pleural Other': None, 'Fracture': None, 'Support Devices': None, 'No Finding': None}"
IU_297,297,insufficient,insufficient,abstain,True,False,0.0,0.0,0.0,"{'Enlarged Cardiomediastinum': None, 'Cardiomegaly': None, 'Lung Opacity': 1, 'Lung Lesion': None, 'Edema': None, 'Consolidation': None, 'Pneumonia': None, 'Atelectasis': 1, 'Pneumothorax': 0, 'Pleural Effusion': 0, 'Pleural Other': None, 'Fracture': None, 'Support Devices': None, 'No Finding': None}","{'Enlarged Cardiomediastinum': None, 'Cardiomegaly': None, 'Lung Opacity': None, 'Lung Lesion': None, 'Edema': None, 'Consolidation': 0, 'Pneumonia': None, 'Atelectasis': None, 'Pneumothorax': 0, 'Pleural Effusion': 1, 'Pleural Other': None, 'Fracture': None, 'Support Devices': None, 'No Finding': 1}","{'Enlarged Cardiomediastinum': None, 'Cardiomegaly': None, 'Lung Opacity': None, 'Lung Lesion': None, 'Edema': None, 'Consolidation': None, 'Pneumonia': None, 'Atelectasis': None, 'Pneumothorax': None, 'Pleural Effusion': None, 'Pleural Other': None, 'Fracture': None, 'Support Devices': None, 'No Finding': None}"
IU_297,297,irrelevant,irrelevant,discount_context,False,True,0.0,0.0,0.0,"{'Enlarged Cardiomediastinum': None, 'Cardiomegaly': None, 'Lung Opacity': 1, 'Lung Lesion': None, 'Edema': None, 'Consolidation': None, 'Pneumonia': None, 'Atelectasis': 1, 'Pneumothorax': 0, 'Pleural Effusion': 0, 'Pleural Other': None, 'Fracture': None, 'Support Devices': None, 'No Finding': None}","{'Enlarged Cardiomediastinum': None, 'Cardiomegaly': None, 'Lung Opacity': None, 'Lung Lesion': None, 'Edema': None, 'Consolidation': 0, 'Pneumonia': None, 'Atelectasis': None, 'Pneumothorax': 0, 'Pleural Effusion': 0, 'Pleural Other': None, 'Fracture': None, 'Support Devices': None, 'No Finding': 1}","{'Enlarged Cardiomediastinum': None, 'Cardiomegaly': None, 'Lung Opacity': None, 'Lung Lesion': None, 'Edema': None, 'Consolidation': 0, 'Pneumonia': None, 'Atelectasis': None, 'Pneumothorax': 0, 'Pleural Effusion': 1, 'Pleural Other': None, 'Fracture': None, 'Support Devices': None, 'No Finding': 1}"
IU_297,297,sufficient,sufficient,generate,False,True,0.0,0.0,0.0,"{'Enlarged Cardiomediastinum': None, 'Cardiomegaly': None, 'Lung Opacity': 1, 'Lung Lesion': None, 'Edema': None, 'Consolidation': None, 'Pneumonia': None, 'Atelectasis': 1, 'Pneumothorax': 0, 'Pleural Effusion': 0, 'Pleural Other': None, 'Fracture': None, 'Support Devices': None, 'No Finding': None}","{'Enlarged Cardiomediastinum': None, 'Cardiomegaly': None, 'Lung Opacity': None, 'Lung Lesion': None, 'Edema': None, 'Consolidation': 0, 'Pneumonia': None, 'Atelectasis': None, 'Pneumothorax': 1, 'Pleural Effusion': 0, 'Pleural Other': None, 'Fracture': None, 'Support Devices': None, 'No Finding': 1}","{'Enlarged Cardiomediastinum': None, 'Cardiomegaly': None, 'Lung Opacity': None, 'Lung Lesion': None, 'Edema': None, 'Consolidation': 0, 'Pneumonia': None, 'Atelectasis': None, 'Pneumothorax': 1, 'Pleural Effusion': 0, 'Pleural Other': None, 'Fracture': None, 'Support Devices': None, 'No Finding': 1}"
IU_297,297,syntactic_incomplete,incomplete,qualify,False,True,0.0,0.0,0.0,"{'Enlarged Cardiomediastinum': None, 'Cardiomegaly': None, 'Lung Opacity': 1, 'Lung Lesion': None, 'Edema': None, 'Consolidation': None, 'Pneumonia': None, 'Atelectasis': 1, 'Pneumothorax': 0, 'Pleural Effusion': 0, 'Pleural Other': None, 'Fracture': None, 'Support Devices': None, 'No Finding': None}","{'Enlarged Cardiomediastinum': None, 'Cardiomegaly': None, 'Lung Opacity': None, 'Lung Lesion': None, 'Edema': None, 'Consolidation': 0, 'Pneumonia': None, 'Atelectasis': None, 'Pneumothorax': 0, 'Pleural Effusion': 1, 'Pleural Other': None, 'Fracture': None, 'Support Devices': None, 'No Finding': 1}","{'Enlarged Cardiomediastinum': None, 'Cardiomegaly': None, 'Lung Opacity': None, 'Lung Lesion': None, 'Edema': None, 'Consolidation': 0, 'Pneumonia': None, 'Atelectasis': None, 'Pneumothorax': 0, 'Pleural Effusion': 1, 'Pleural Other': None, 'Fracture': None, 'Support Devices': None, 'No Finding': 1}"
IU_303,303,conflicting,conflicting,qualify_or_abstain,False,True,0.0,0.0,0.0,"{'Enlarged Cardiomediastinum': None, 'Cardiomegaly': None, 'Lung Opacity': 1, 'Lung Lesion': None, 'Edema': None, 'Consolidation': None, 'Pneumonia': None, 'Atelectasis': 1, 'Pneumothorax': None, 'Pleural Effusion': None, 'Pleural Other': 1, 'Fracture': None, 'Support Devices': None, 'No Finding': None}","{'Enlarged Cardiomediastinum': None, 'Cardiomegaly': 1, 'Lung Opacity': None, 'Lung Lesion': None, 'Edema': 1, 'Consolidation': 0, 'Pneumonia': None, 'Atelectasis': None, 'Pneumothorax': 1, 'Pleural Effusion': 0, 'Pleural Other': None, 'Fracture': None, 'Support Devices': None, 'No Finding': None}","{'Enlarged Cardiomediastinum': None, 'Cardiomegaly': 1, 'Lung Opacity': None, 'Lung Lesion': None, 'Edema': 1, 'Consolidation': 0, 'Pneumonia': None, 'Atelectasis': None, 'Pneumothorax': 1, 'Pleural Effusion': 0, 'Pleural Other': None, 'Fracture': None, 'Support Devices': None, 'No Finding': None}"
IU_303,303,evidentiary_incomplete,sufficient,generate,False,True,0.6667,0.6667,0.0,"{'Enlarged Cardiomediastinum': None, 'Cardiomegaly': None, 'Lung Opacity': 1, 'Lung Lesion': None, 'Edema': None, 'Consolidation': None, 'Pneumonia': None, 'Atelectasis': 1, 'Pneumothorax': None, 'Pleural Effusion': None, 'Pleural Other': 1, 'Fracture': None, 'Support Devices': None, 'No Finding': None}","{'Enlarged Cardiomediastinum': None, 'Cardiomegaly': None, 'Lung Opacity': 1, 'Lung Lesion': None, 'Edema': None, 'Consolidation': None, 'Pneumonia': 1, 'Atelectasis': 1, 'Pneumothorax': 0, 'Pleural Effusion': 0, 'Pleural Other': None, 'Fracture': None, 'Support Devices': None, 'No Finding': None}","{'Enlarged Cardiomediastinum': None, 'Cardiomegaly': None, 'Lung Opacity': 1, 'Lung Lesion': None, 'Edema': None, 'Consolidation': None, 'Pneumonia': 1, 'Atelectasis': 1, 'Pneumothorax': 0, 'Pleural Effusion': 0, 'Pleural Other': None, 'Fracture': None, 'Support Devices': None, 'No Finding': None}"
IU_303,303,insufficient,insufficient,abstain,True,False,0.0,0.0,0.0,"{'Enlarged Cardiomediastinum': None, 'Cardiomegaly': None, 'Lung Opacity': 1, 'Lung Lesion': None, 'Edema': None, 'Consolidation': None, 'Pneumonia': None, 'Atelectasis': 1, 'Pneumothorax': None, 'Pleural Effusion': None, 'Pleural Other': 1, 'Fracture': None, 'Support Devices': None, 'No Finding': None}","{'Enlarged Cardiomediastinum': None, 'Cardiomegaly': None, 'Lung Opacity': None, 'Lung Lesion': None, 'Edema': 1, 'Consolidation': 0, 'Pneumonia': None, 'Atelectasis': None, 'Pneumothorax': 1, 'Pleural Effusion': 0, 'Pleural Other': None, 'Fracture': None, 'Support Devices': None, 'No Finding': None}","{'Enlarged Cardiomediastinum': None, 'Cardiomegaly': None, 'Lung Opacity': None, 'Lung Lesion': None, 'Edema': None, 'Consolidation': None, 'Pneumonia': None, 'Atelectasis': None, 'Pneumothorax': None, 'Pleural Effusion': None, 'Pleural Other': None, 'Fracture': None, 'Support Devices': None, 'No Finding': None}"
IU_303,303,irrelevant,irrelevant,discount_context,False,True,0.0,0.0,0.0,"{'Enlarged Cardiomediastinum': None, 'Cardiomegaly': None, 'Lung Opacity': 1, 'Lung Lesion': None, 'Edema': None, 'Consolidation': None, 'Pneumonia': None, 'Atelectasis': 1, 'Pneumothorax': None, 'Pleural Effusion': None, 'Pleural Other': 1, 'Fracture': None, 'Support Devices': None, 'No Finding': None}","{'Enlarged Cardiomediastinum': None, 'Cardiomegaly': None, 'Lung Opacity': None, 'Lung Lesion': None, 'Edema': 1, 'Consolidation': 0, 'Pneumonia': None, 'Atelectasis': None, 'Pneumothorax': 1, 'Pleural Effusion': 0, 'Pleural Other': None, 'Fracture': None, 'Support Devices': 1, 'No Finding': None}","{'Enlarged Cardiomediastinum': None, 'Cardiomegaly': None, 'Lung Opacity': None, 'Lung Lesion': None, 'Edema': 1, 'Consolidation': 0, 'Pneumonia': None, 'Atelectasis': None, 'Pneumothorax': 1, 'Pleural Effusion': 0, 'Pleural Other': None, 'Fracture': None, 'Support Devices': None, 'No Finding': None}"
IU_303,303,sufficient,sufficient,generate,False,True,0.0,0.0,0.0,"{'Enlarged Cardiomediastinum': None, 'Cardiomegaly': None, 'Lung Opacity': 1, 'Lung Lesion': None, 'Edema': None, 'Consolidation': None, 'Pneumonia': None, 'Atelectasis': 1, 'Pneumothorax': None, 'Pleural Effusion': None, 'Pleural Other': 1, 'Fracture': None, 'Support Devices': None, 'No Finding': None}","{'Enlarged Cardiomediastinum': None, 'Cardiomegaly': None, 'Lung Opacity': 0, 'Lung Lesion': None, 'Edema': None, 'Consolidation': None, 'Pneumonia': None, 'Atelectasis': None, 'Pneumothorax': 1, 'Pleural Effusion': 0, 'Pleural Other': None, 'Fracture': None, 'Support Devices': None, 'No Finding': 1}","{'Enlarged Cardiomediastinum': None, 'Cardiomegaly': None, 'Lung Opacity': 0, 'Lung Lesion': None, 'Edema': None, 'Consolidation': None, 'Pneumonia': None, 'Atelectasis': None, 'Pneumothorax': 1, 'Pleural Effusion': 0, 'Pleural Other': None, 'Fracture': None, 'Support Devices': None, 'No Finding': 1}"
IU_303,303,syntactic_incomplete,incomplete,qualify,False,True,0.0,0.0,0.0,"{'Enlarged Cardiomediastinum': None, 'Cardiomegaly': None, 'Lung Opacity': 1, 'Lung Lesion': None, 'Edema': None, 'Consolidation': None, 'Pneumonia': None, 'Atelectasis': 1, 'Pneumothorax': None, 'Pleural Effusion': None, 'Pleural Other': 1, 'Fracture': None, 'Support Devices': None, 'No Finding': None}","{'Enlarged Cardiomediastinum': None, 'Cardiomegaly': None, 'Lung Opacity': None, 'Lung Lesion': None, 'Edema': None, 'Consolidation': 0, 'Pneumonia': None, 'Atelectasis': None, 'Pneumothorax': 1, 'Pleural Effusion': 0, 'Pleural Other': None, 'Fracture': None, 'Support Devices': None, 'No Finding': 1}","{'Enlarged Cardiomediastinum': None, 'Cardiomegaly': None, 'Lung Opacity': None, 'Lung Lesion': None, 'Edema': 1, 'Consolidation': 0, 'Pneumonia': None, 'Atelectasis': None, 'Pneumothorax': 1, 'Pleural Effusion': 0, 'Pleural Other': None, 'Fracture': None, 'Support Devices': None, 'No Finding': None}"
IU_304,304,conflicting,conflicting,qualify_or_abstain,False,True,0.4,0.4,0.0,"{'Enlarged Cardiomediastinum': None, 'Cardiomegaly': None, 'Lung Opacity': None, 'Lung Lesion': None, 'Edema': None, 'Consolidation': 0, 'Pneumonia': None, 'Atelectasis': 1, 'Pneumothorax': 1, 'Pleural Effusion': 0, 'Pleural Other': None, 'Fracture': None, 'Support Devices': 1, 'No Finding': None}","{'Enlarged Cardiomediastinum': None, 'Cardiomegaly': None, 'Lung Opacity': None, 'Lung Lesion': None, 'Edema': None, 'Consolidation': 0, 'Pneumonia': 1, 'Atelectasis': None, 'Pneumothorax': 1, 'Pleural Effusion': 0, 'Pleural Other': None, 'Fracture': None, 'Support Devices': None, 'No Finding': None}","{'Enlarged Cardiomediastinum': None, 'Cardiomegaly': None, 'Lung Opacity': None, 'Lung Lesion': None, 'Edema': None, 'Consolidation': 0, 'Pneumonia': 1, 'Atelectasis': None, 'Pneumothorax': 1, 'Pleural Effusion': 0, 'Pleural Other': None, 'Fracture': None, 'Support Devices': None, 'No Finding': None}"
IU_304,304,evidentiary_incomplete,sufficient,generate,False,True,0.4,0.4,0.0,"{'Enlarged Cardiomediastinum': None, 'Cardiomegaly': None, 'Lung Opacity': None, 'Lung Lesion': None, 'Edema': None, 'Consolidation': 0, 'Pneumonia': None, 'Atelectasis': 1, 'Pneumothorax': 1, 'Pleural Effusion': 0, 'Pleural Other': None, 'Fracture': None, 'Support Devices': 1, 'No Finding': None}","{'Enlarged Cardiomediastinum': None, 'Cardiomegaly': None, 'Lung Opacity': None, 'Lung Lesion': None, 'Edema': None, 'Consolidation': 0, 'Pneumonia': None, 'Atelectasis': None, 'Pneumothorax': 1, 'Pleural Effusion': 0, 'Pleural Other': None, 'Fracture': None, 'Support Devices': None, 'No Finding': 1}","{'Enlarged Cardiomediastinum': None, 'Cardiomegaly': None, 'Lung Opacity': None, 'Lung Lesion': None, 'Edema': None, 'Consolidation': 0, 'Pneumonia': None, 'Atelectasis': None, 'Pneumothorax': 1, 'Pleural Effusion': 0, 'Pleural Other': None, 'Fracture': None, 'Support Devices': None, 'No Finding': 1}"
IU_304,304,insufficient,insufficient,abstain,True,False,0.0,0.0,0.0,"{'Enlarged Cardiomediastinum': None, 'Cardiomegaly': None, 'Lung Opacity': None, 'Lung Lesion': None, 'Edema': None, 'Consolidation': 0, 'Pneumonia': None, 'Atelectasis': 1, 'Pneumothorax': 1, 'Pleural Effusion': 0, 'Pleural Other': None, 'Fracture': None, 'Support Devices': 1, 'No Finding': None}","{'Enlarged Cardiomediastinum': None, 'Cardiomegaly': None, 'Lung Opacity': None, 'Lung Lesion': None, 'Edema': 0, 'Consolidation': 0, 'Pneumonia': None, 'Atelectasis': None, 'Pneumothorax': 0, 'Pleural Effusion': 0, 'Pleural Other': None, 'Fracture': None, 'Support Devices': None, 'No Finding': 1}","{'Enlarged Cardiomediastinum': None, 'Cardiomegaly': None, 'Lung Opacity': None, 'Lung Lesion': None, 'Edema': None, 'Consolidation': None, 'Pneumonia': None, 'Atelectasis': None, 'Pneumothorax': None, 'Pleural Effusion': None, 'Pleural Other': None, 'Fracture': None, 'Support Devices': None, 'No Finding': None}"
IU_304,304,irrelevant,irrelevant,discount_context,False,True,0.6667,0.0,-0.6667,"{'Enlarged Cardiomediastinum': None, 'Cardiomegaly': None, 'Lung Opacity': None, 'Lung Lesion': None, 'Edema': None, 'Consolidation': 0, 'Pneumonia': None, 'Atelectasis': 1, 'Pneumothorax': 1, 'Pleural Effusion': 0, 'Pleural Other': None, 'Fracture': None, 'Support Devices': 1, 'No Finding': None}","{'Enlarged Cardiomediastinum': None, 'Cardiomegaly': None, 'Lung Opacity': None, 'Lung Lesion': None, 'Edema': None, 'Consolidation': 0, 'Pneumonia': None, 'Atelectasis': None, 'Pneumothorax': 1, 'Pleural Effusion': 0, 'Pleural Other': None, 'Fracture': None, 'Support Devices': 1, 'No Finding': 1}","{'Enlarged Cardiomediastinum': None, 'Cardiomegaly': None, 'Lung Opacity': None, 'Lung Lesion': None, 'Edema': 0, 'Consolidation': 0, 'Pneumonia': None, 'Atelectasis': None, 'Pneumothorax': 0, 'Pleural Effusion': 0, 'Pleural Other': None, 'Fracture': None, 'Support Devices': None, 'No Finding': 1}"
IU_304,304,sufficient,sufficient,generate,False,True,0.4,0.4,0.0,"{'Enlarged Cardiomediastinum': None, 'Cardiomegaly': None, 'Lung Opacity': None, 'Lung Lesion': None, 'Edema': None, 'Consolidation': 0, 'Pneumonia': None, 'Atelectasis': 1, 'Pneumothorax': 1, 'Pleural Effusion': 0, 'Pleural Other': None, 'Fracture': None, 'Support Devices': 1, 'No Finding': None}","{'Enlarged Cardiomediastinum': None, 'Cardiomegaly': None, 'Lung Opacity': None, 'Lung Lesion': None, 'Edema': None, 'Consolidation': 0, 'Pneumonia': None, 'Atelectasis': None, 'Pneumothorax': 1, 'Pleural Effusion': 0, 'Pleural Other': None, 'Fracture': None, 'Support Devices': None, 'No Finding': 1}","{'Enlarged Cardiomediastinum': None, 'Cardiomegaly': None, 'Lung Opacity': None, 'Lung Lesion': None, 'Edema': None, 'Consolidation': 0, 'Pneumonia': None, 'Atelectasis': None, 'Pneumothorax': 1, 'Pleural Effusion': 0, 'Pleural Other': None, 'Fracture': None, 'Support Devices': None, 'No Finding': 1}"
IU_304,304,syntactic_incomplete,incomplete,qualify,False,True,0.4,0.0,-0.4,"{'Enlarged Cardiomediastinum': None, 'Cardiomegaly': None, 'Lung Opacity': None, 'Lung Lesion': None, 'Edema': None, 'Consolidation': 0, 'Pneumonia': None, 'Atelectasis': 1, 'Pneumothorax': 1, 'Pleural Effusion': 0, 'Pleural Other': None, 'Fracture': None, 'Support Devices': 1, 'No Finding': None}","{'Enlarged Cardiomediastinum': None, 'Cardiomegaly': None, 'Lung Opacity': None, 'Lung Lesion': None, 'Edema': None, 'Consolidation': 0, 'Pneumonia': None, 'Atelectasis': None, 'Pneumothorax': 1, 'Pleural Effusion': 0, 'Pleural Other': None, 'Fracture': None, 'Support Devices': None, 'No Finding': 1}","{'Enlarged Cardiomediastinum': None, 'Cardiomegaly': None, 'Lung Opacity': None, 'Lung Lesion': None, 'Edema': 0, 'Consolidation': 0, 'Pneumonia': None, 'Atelectasis': None, 'Pneumothorax': 0, 'Pleural Effusion': 0, 'Pleural Other': None, 'Fracture': None, 'Support Devices': None, 'No Finding': 1}"
IU_313,313,conflicting,conflicting,qualify_or_abstain,False,True,0.4,0.4,0.0,"{'Enlarged Cardiomediastinum': None, 'Cardiomegaly': None, 'Lung Opacity': 1, 'Lung Lesion': None, 'Edema': None, 'Consolidation': 1, 'Pneumonia': None, 'Atelectasis': None, 'Pneumothorax': 0, 'Pleural Effusion': 1, 'Pleural Other': None, 'Fracture': None, 'Support Devices': None, 'No Finding': None}","{'Enlarged Cardiomediastinum': None, 'Cardiomegaly': None, 'Lung Opacity': None, 'Lung Lesion': None, 'Edema': None, 'Consolidation': 0, 'Pneumonia': None, 'Atelectasis': None, 'Pneumothorax': 1, 'Pleural Effusion': 1, 'Pleural Other': None, 'Fracture': None, 'Support Devices': None, 'No Finding': None}","{'Enlarged Cardiomediastinum': None, 'Cardiomegaly': None, 'Lung Opacity': None, 'Lung Lesion': None, 'Edema': None, 'Consolidation': 0, 'Pneumonia': None, 'Atelectasis': None, 'Pneumothorax': 1, 'Pleural Effusion': 1, 'Pleural Other': None, 'Fracture': None, 'Support Devices': None, 'No Finding': None}"
IU_313,313,evidentiary_incomplete,sufficient,generate,False,True,0.0,0.0,0.0,"{'Enlarged Cardiomediastinum': None, 'Cardiomegaly': None, 'Lung Opacity': 1, 'Lung Lesion': None, 'Edema': None, 'Consolidation': 1, 'Pneumonia': None, 'Atelectasis': None, 'Pneumothorax': 0, 'Pleural Effusion': 1, 'Pleural Other': None, 'Fracture': None, 'Support Devices': None, 'No Finding': None}","{'Enlarged Cardiomediastinum': None, 'Cardiomegaly': None, 'Lung Opacity': None, 'Lung Lesion': None, 'Edema': None, 'Consolidation': 0, 'Pneumonia': None, 'Atelectasis': None, 'Pneumothorax': 1, 'Pleural Effusion': 0, 'Pleural Other': None, 'Fracture': None, 'Support Devices': None, 'No Finding': 1}","{'Enlarged Cardiomediastinum': None, 'Cardiomegaly': None, 'Lung Opacity': None, 'Lung Lesion': None, 'Edema': None, 'Consolidation': 0, 'Pneumonia': None, 'Atelectasis': None, 'Pneumothorax': 1, 'Pleural Effusion': 0, 'Pleural Other': None, 'Fracture': None, 'Support Devices': None, 'No Finding': 1}"
IU_313,313,insufficient,insufficient,abstain,True,False,0.4,0.0,-0.4,"{'Enlarged Cardiomediastinum': None, 'Cardiomegaly': None, 'Lung Opacity': 1, 'Lung Lesion': None, 'Edema': None, 'Consolidation': 1, 'Pneumonia': None, 'Atelectasis': None, 'Pneumothorax': 0, 'Pleural Effusion': 1, 'Pleural Other': None, 'Fracture': None, 'Support Devices': None, 'No Finding': None}","{'Enlarged Cardiomediastinum': None, 'Cardiomegaly': None, 'Lung Opacity': None, 'Lung Lesion': None, 'Edema': None, 'Consolidation': 0, 'Pneumonia': None, 'Atelectasis': None, 'Pneumothorax': 0, 'Pleural Effusion': 1, 'Pleural Other': None, 'Fracture': None, 'Support Devices': None, 'No Finding': 1}","{'Enlarged Cardiomediastinum': None, 'Cardiomegaly': None, 'Lung Opacity': None, 'Lung Lesion': None, 'Edema': None, 'Consolidation': None, 'Pneumonia': None, 'Atelectasis': None, 'Pneumothorax': None, 'Pleural Effusion': None, 'Pleural Other': None, 'Fracture': None, 'Support Devices': None, 'No Finding': None}"
IU_313,313,irrelevant,irrelevant,discount_context,False,True,0.4,0.4,0.0,"{'Enlarged Cardiomediastinum': None, 'Cardiomegaly': None, 'Lung Opacity': 1, 'Lung Lesion': None, 'Edema': None, 'Consolidation': 1, 'Pneumonia': None, 'Atelectasis': None, 'Pneumothorax': 0, 'Pleural Effusion': 1, 'Pleural Other': None, 'Fracture': None, 'Support Devices': None, 'No Finding': None}","{'Enlarged Cardiomediastinum': None, 'Cardiomegaly': None, 'Lung Opacity': 1, 'Lung Lesion': None, 'Edema': None, 'Consolidation': None, 'Pneumonia': 1, 'Atelectasis': None, 'Pneumothorax': 0, 'Pleural Effusion': 0, 'Pleural Other': None, 'Fracture': None, 'Support Devices': None, 'No Finding': None}","{'Enlarged Cardiomediastinum': None, 'Cardiomegaly': None, 'Lung Opacity': None, 'Lung Lesion': None, 'Edema': None, 'Consolidation': 0, 'Pneumonia': None, 'Atelectasis': None, 'Pneumothorax': 0, 'Pleural Effusion': 1, 'Pleural Other': None, 'Fracture': None, 'Support Devices': None, 'No Finding': 1}"
IU_313,313,sufficient,sufficient,generate,False,True,0.4,0.4,0.0,"{'Enlarged Cardiomediastinum': None, 'Cardiomegaly': None, 'Lung Opacity': 1, 'Lung Lesion': None, 'Edema': None, 'Consolidation': 1, 'Pneumonia': None, 'Atelectasis': None, 'Pneumothorax': 0, 'Pleural Effusion': 1, 'Pleural Other': None, 'Fracture': None, 'Support Devices': None, 'No Finding': None}","{'Enlarged Cardiomediastinum': None, 'Cardiomegaly': None, 'Lung Opacity': None, 'Lung Lesion': None, 'Edema': None, 'Consolidation': 0, 'Pneumonia': None, 'Atelectasis': None, 'Pneumothorax': 0, 'Pleural Effusion': 1, 'Pleural Other': None, 'Fracture': None, 'Support Devices': None, 'No Finding': 1}","{'Enlarged Cardiomediastinum': None, 'Cardiomegaly': None, 'Lung Opacity': None, 'Lung Lesion': None, 'Edema': None, 'Consolidation': 0, 'Pneumonia': None, 'Atelectasis': None, 'Pneumothorax': 0, 'Pleural Effusion': 1, 'Pleural Other': None, 'Fracture': None, 'Support Devices': None, 'No Finding': 1}"
IU_313,313,syntactic_incomplete,incomplete,qualify,False,True,0.0,0.4,0.4,"{'Enlarged Cardiomediastinum': None, 'Cardiomegaly': None, 'Lung Opacity': 1, 'Lung Lesion': None, 'Edema': None, 'Consolidation': 1, 'Pneumonia': None, 'Atelectasis': None, 'Pneumothorax': 0, 'Pleural Effusion': 1, 'Pleural Other': None, 'Fracture': None, 'Support Devices': None, 'No Finding': None}","{'Enlarged Cardiomediastinum': None, 'Cardiomegaly': None, 'Lung Opacity': None, 'Lung Lesion': None, 'Edema': None, 'Consolidation': None, 'Pneumonia': None, 'Atelectasis': None, 'Pneumothorax': 0, 'Pleural Effusion': 0, 'Pleural Other': None, 'Fracture': None, 'Support Devices': None, 'No Finding': None}","{'Enlarged Cardiomediastinum': None, 'Cardiomegaly': None, 'Lung Opacity': None, 'Lung Lesion': None, 'Edema': None, 'Consolidation': 0, 'Pneumonia': None, 'Atelectasis': None, 'Pneumothorax': 0, 'Pleural Effusion': 1, 'Pleural Other': None, 'Fracture': None, 'Support Devices': None, 'No Finding': 1}"
IU_317,317,conflicting,conflicting,qualify_or_abstain,False,True,0.0,0.0,0.0,"{'Enlarged Cardiomediastinum': None, 'Cardiomegaly': None, 'Lung Opacity': 0, 'Lung Lesion': None, 'Edema': None, 'Consolidation': None, 'Pneumonia': None, 'Atelectasis': None, 'Pneumothorax': 0, 'Pleural Effusion': 0, 'Pleural Other': None, 'Fracture': None, 'Support Devices': None, 'No Finding': None}","{'Enlarged Cardiomediastinum': None, 'Cardiomegaly': None, 'Lung Opacity': None, 'Lung Lesion': None, 'Edema': None, 'Consolidation': None, 'Pneumonia': None, 'Atelectasis': None, 'Pneumothorax': 1, 'Pleural Effusion': None, 'Pleural Other': None, 'Fracture': None, 'Support Devices': None, 'No Finding': None}","{'Enlarged Cardiomediastinum': None, 'Cardiomegaly': None, 'Lung Opacity': None, 'Lung Lesion': None, 'Edema': None, 'Consolidation': None, 'Pneumonia': None, 'Atelectasis': None, 'Pneumothorax': 1, 'Pleural Effusion': None, 'Pleural Other': None, 'Fracture': None, 'Support Devices': None, 'No Finding': None}"
IU_317,317,evidentiary_incomplete,sufficient,generate,False,True,1.0,1.0,0.0,"{'Enlarged Cardiomediastinum': None, 'Cardiomegaly': None, 'Lung Opacity': 0, 'Lung Lesion': None, 'Edema': None, 'Consolidation': None, 'Pneumonia': None, 'Atelectasis': None, 'Pneumothorax': 0, 'Pleural Effusion': 0, 'Pleural Other': None, 'Fracture': None, 'Support Devices': None, 'No Finding': None}","{'Enlarged Cardiomediastinum': None, 'Cardiomegaly': None, 'Lung Opacity': None, 'Lung Lesion': None, 'Edema': None, 'Consolidation': None, 'Pneumonia': None, 'Atelectasis': None, 'Pneumothorax': None, 'Pleural Effusion': None, 'Pleural Other': None, 'Fracture': None, 'Support Devices': None, 'No Finding': None}","{'Enlarged Cardiomediastinum': None, 'Cardiomegaly': None, 'Lung Opacity': None, 'Lung Lesion': None, 'Edema': None, 'Consolidation': None, 'Pneumonia': None, 'Atelectasis': None, 'Pneumothorax': None, 'Pleural Effusion': None, 'Pleural Other': None, 'Fracture': None, 'Support Devices': None, 'No Finding': None}"
IU_317,317,insufficient,insufficient,abstain,True,False,1.0,1.0,0.0,"{'Enlarged Cardiomediastinum': None, 'Cardiomegaly': None, 'Lung Opacity': 0, 'Lung Lesion': None, 'Edema': None, 'Consolidation': None, 'Pneumonia': None, 'Atelectasis': None, 'Pneumothorax': 0, 'Pleural Effusion': 0, 'Pleural Other': None, 'Fracture': None, 'Support Devices': None, 'No Finding': None}","{'Enlarged Cardiomediastinum': None, 'Cardiomegaly': None, 'Lung Opacity': None, 'Lung Lesion': None, 'Edema': None, 'Consolidation': None, 'Pneumonia': None, 'Atelectasis': None, 'Pneumothorax': None, 'Pleural Effusion': None, 'Pleural Other': None, 'Fracture': None, 'Support Devices': None, 'No Finding': None}","{'Enlarged Cardiomediastinum': None, 'Cardiomegaly': None, 'Lung Opacity': None, 'Lung Lesion': None, 'Edema': None, 'Consolidation': None, 'Pneumonia': None, 'Atelectasis': None, 'Pneumothorax': None, 'Pleural Effusion': None, 'Pleural Other': None, 'Fracture': None, 'Support Devices': None, 'No Finding': None}"
IU_317,317,irrelevant,irrelevant,discount_context,False,True,1.0,1.0,0.0,"{'Enlarged Cardiomediastinum': None, 'Cardiomegaly': None, 'Lung Opacity': 0, 'Lung Lesion': None, 'Edema': None, 'Consolidation': None, 'Pneumonia': None, 'Atelectasis': None, 'Pneumothorax': 0, 'Pleural Effusion': 0, 'Pleural Other': None, 'Fracture': None, 'Support Devices': None, 'No Finding': None}","{'Enlarged Cardiomediastinum': None, 'Cardiomegaly': None, 'Lung Opacity': None, 'Lung Lesion': None, 'Edema': None, 'Consolidation': None, 'Pneumonia': None, 'Atelectasis': None, 'Pneumothorax': None, 'Pleural Effusion': None, 'Pleural Other': None, 'Fracture': None, 'Support Devices': None, 'No Finding': None}","{'Enlarged Cardiomediastinum': None, 'Cardiomegaly': None, 'Lung Opacity': None, 'Lung Lesion': None, 'Edema': None, 'Consolidation': None, 'Pneumonia': None, 'Atelectasis': None, 'Pneumothorax': None, 'Pleural Effusion': None, 'Pleural Other': None, 'Fracture': None, 'Support Devices': None, 'No Finding': None}"
IU_317,317,sufficient,sufficient,generate,False,True,1.0,1.0,0.0,"{'Enlarged Cardiomediastinum': None, 'Cardiomegaly': None, 'Lung Opacity': 0, 'Lung Lesion': None, 'Edema': None, 'Consolidation': None, 'Pneumonia': None, 'Atelectasis': None, 'Pneumothorax': 0, 'Pleural Effusion': 0, 'Pleural Other': None, 'Fracture': None, 'Support Devices': None, 'No Finding': None}","{'Enlarged Cardiomediastinum': None, 'Cardiomegaly': None, 'Lung Opacity': None, 'Lung Lesion': None, 'Edema': None, 'Consolidation': None, 'Pneumonia': None, 'Atelectasis': None, 'Pneumothorax': None, 'Pleural Effusion': None, 'Pleural Other': None, 'Fracture': None, 'Support Devices': None, 'No Finding': None}","{'Enlarged Cardiomediastinum': None, 'Cardiomegaly': None, 'Lung Opacity': None, 'Lung Lesion': None, 'Edema': None, 'Consolidation': None, 'Pneumonia': None, 'Atelectasis': None, 'Pneumothorax': None, 'Pleural Effusion': None, 'Pleural Other': None, 'Fracture': None, 'Support Devices': None, 'No Finding': None}"
IU_317,317,syntactic_incomplete,incomplete,qualify,False,True,1.0,1.0,0.0,"{'Enlarged Cardiomediastinum': None, 'Cardiomegaly': None, 'Lung Opacity': 0, 'Lung Lesion': None, 'Edema': None, 'Consolidation': None, 'Pneumonia': None, 'Atelectasis': None, 'Pneumothorax': 0, 'Pleural Effusion': 0, 'Pleural Other': None, 'Fracture': None, 'Support Devices': None, 'No Finding': None}","{'Enlarged Cardiomediastinum': None, 'Cardiomegaly': None, 'Lung Opacity': None, 'Lung Lesion': None, 'Edema': None, 'Consolidation': None, 'Pneumonia': None, 'Atelectasis': None, 'Pneumothorax': None, 'Pleural Effusion': None, 'Pleural Other': None, 'Fracture': None, 'Support Devices': None, 'No Finding': None}","{'Enlarged Cardiomediastinum': None, 'Cardiomegaly': None, 'Lung Opacity': None, 'Lung Lesion': None, 'Edema': None, 'Consolidation': None, 'Pneumonia': None, 'Atelectasis': None, 'Pneumothorax': None, 'Pleural Effusion': None, 'Pleural Other': None, 'Fracture': None, 'Support Devices': None, 'No Finding': None}"
IU_32,32,conflicting,conflicting,qualify_or_abstain,False,True,0.0,0.0,0.0,"{'Enlarged Cardiomediastinum': None, 'Cardiomegaly': None, 'Lung Opacity': None, 'Lung Lesion': None, 'Edema': None, 'Consolidation': None, 'Pneumonia': None, 'Atelectasis': None, 'Pneumothorax': None, 'Pleural Effusion': None, 'Pleural Other': None, 'Fracture': None, 'Support Devices': None, 'No Finding': None}","{'Enlarged Cardiomediastinum': None, 'Cardiomegaly': 1, 'Lung Opacity': None, 'Lung Lesion': None, 'Edema': None, 'Consolidation': None, 'Pneumonia': None, 'Atelectasis': None, 'Pneumothorax': 0, 'Pleural Effusion': 0, 'Pleural Other': None, 'Fracture': None, 'Support Devices': None, 'No Finding': 1}","{'Enlarged Cardiomediastinum': None, 'Cardiomegaly': 1, 'Lung Opacity': None, 'Lung Lesion': None, 'Edema': None, 'Consolidation': None, 'Pneumonia': None, 'Atelectasis': None, 'Pneumothorax': 0, 'Pleural Effusion': 0, 'Pleural Other': None, 'Fracture': None, 'Support Devices': None, 'No Finding': 1}"
IU_32,32,evidentiary_incomplete,sufficient,generate,False,True,0.0,0.0,0.0,"{'Enlarged Cardiomediastinum': None, 'Cardiomegaly': None, 'Lung Opacity': None, 'Lung Lesion': None, 'Edema': None, 'Consolidation': None, 'Pneumonia': None, 'Atelectasis': None, 'Pneumothorax': None, 'Pleural Effusion': None, 'Pleural Other': None, 'Fracture': None, 'Support Devices': None, 'No Finding': None}","{'Enlarged Cardiomediastinum': None, 'Cardiomegaly': None, 'Lung Opacity': None, 'Lung Lesion': 1, 'Edema': None, 'Consolidation': 0, 'Pneumonia': None, 'Atelectasis': None, 'Pneumothorax': 1, 'Pleural Effusion': 0, 'Pleural Other': None, 'Fracture': None, 'Support Devices': None, 'No Finding': 1}","{'Enlarged Cardiomediastinum': None, 'Cardiomegaly': None, 'Lung Opacity': None, 'Lung Lesion': 1, 'Edema': None, 'Consolidation': 0, 'Pneumonia': None, 'Atelectasis': None, 'Pneumothorax': 1, 'Pleural Effusion': 0, 'Pleural Other': None, 'Fracture': None, 'Support Devices': None, 'No Finding': 1}"
IU_32,32,insufficient,insufficient,abstain,True,False,0.0,1.0,1.0,"{'Enlarged Cardiomediastinum': None, 'Cardiomegaly': None, 'Lung Opacity': None, 'Lung Lesion': None, 'Edema': None, 'Consolidation': None, 'Pneumonia': None, 'Atelectasis': None, 'Pneumothorax': None, 'Pleural Effusion': None, 'Pleural Other': None, 'Fracture': None, 'Support Devices': None, 'No Finding': None}","{'Enlarged Cardiomediastinum': None, 'Cardiomegaly': None, 'Lung Opacity': None, 'Lung Lesion': None, 'Edema': 0, 'Consolidation': 0, 'Pneumonia': None, 'Atelectasis': None, 'Pneumothorax': 0, 'Pleural Effusion': 0, 'Pleural Other': None, 'Fracture': None, 'Support Devices': None, 'No Finding': 1}","{'Enlarged Cardiomediastinum': None, 'Cardiomegaly': None, 'Lung Opacity': None, 'Lung Lesion': None, 'Edema': None, 'Consolidation': None, 'Pneumonia': None, 'Atelectasis': None, 'Pneumothorax': None, 'Pleural Effusion': None, 'Pleural Other': None, 'Fracture': None, 'Support Devices': None, 'No Finding': None}"
IU_32,32,irrelevant,irrelevant,discount_context,False,True,0.0,0.0,0.0,"{'Enlarged Cardiomediastinum': None, 'Cardiomegaly': None, 'Lung Opacity': None, 'Lung Lesion': None, 'Edema': None, 'Consolidation': None, 'Pneumonia': None, 'Atelectasis': None, 'Pneumothorax': None, 'Pleural Effusion': None, 'Pleural Other': None, 'Fracture': None, 'Support Devices': None, 'No Finding': None}","{'Enlarged Cardiomediastinum': None, 'Cardiomegaly': None, 'Lung Opacity': None, 'Lung Lesion': None, 'Edema': None, 'Consolidation': None, 'Pneumonia': None, 'Atelectasis': None, 'Pneumothorax': 0, 'Pleural Effusion': 0, 'Pleural Other': None, 'Fracture': None, 'Support Devices': None, 'No Finding': 1}","{'Enlarged Cardiomediastinum': None, 'Cardiomegaly': None, 'Lung Opacity': None, 'Lung Lesion': None, 'Edema': 0, 'Consolidation': 0, 'Pneumonia': None, 'Atelectasis': None, 'Pneumothorax': 0, 'Pleural Effusion': 0, 'Pleural Other': None, 'Fracture': None, 'Support Devices': None, 'No Finding': 1}"
IU_32,32,sufficient,sufficient,generate,False,True,0.0,0.0,0.0,"{'Enlarged Cardiomediastinum': None, 'Cardiomegaly': None, 'Lung Opacity': None, 'Lung Lesion': None, 'Edema': None, 'Consolidation': None, 'Pneumonia': None, 'Atelectasis': None, 'Pneumothorax': None, 'Pleural Effusion': None, 'Pleural Other': None, 'Fracture': None, 'Support Devices': None, 'No Finding': None}","{'Enlarged Cardiomediastinum': None, 'Cardiomegaly': None, 'Lung Opacity': None, 'Lung Lesion': 1, 'Edema': None, 'Consolidation': None, 'Pneumonia': None, 'Atelectasis': None, 'Pneumothorax': None, 'Pleural Effusion': None, 'Pleural Other': None, 'Fracture': None, 'Support Devices': None, 'No Finding': 1}","{'Enlarged Cardiomediastinum': None, 'Cardiomegaly': None, 'Lung Opacity': None, 'Lung Lesion': 1, 'Edema': None, 'Consolidation': None, 'Pneumonia': None, 'Atelectasis': None, 'Pneumothorax': None, 'Pleural Effusion': None, 'Pleural Other': None, 'Fracture': None, 'Support Devices': None, 'No Finding': 1}"
IU_32,32,syntactic_incomplete,incomplete,qualify,False,True,0.0,0.0,0.0,"{'Enlarged Cardiomediastinum': None, 'Cardiomegaly': None, 'Lung Opacity': None, 'Lung Lesion': None, 'Edema': None, 'Consolidation': None, 'Pneumonia': None, 'Atelectasis': None, 'Pneumothorax': None, 'Pleural Effusion': None, 'Pleural Other': None, 'Fracture': None, 'Support Devices': None, 'No Finding': None}","{'Enlarged Cardiomediastinum': None, 'Cardiomegaly': None, 'Lung Opacity': None, 'Lung Lesion': None, 'Edema': None, 'Consolidation': 0, 'Pneumonia': None, 'Atelectasis': None, 'Pneumothorax': 1, 'Pleural Effusion': 0, 'Pleural Other': None, 'Fracture': None, 'Support Devices': None, 'No Finding': 1}","{'Enlarged Cardiomediastinum': None, 'Cardiomegaly': None, 'Lung Opacity': None, 'Lung Lesion': None, 'Edema': 0, 'Consolidation': 0, 'Pneumonia': None, 'Atelectasis': None, 'Pneumothorax': 0, 'Pleural Effusion': 0, 'Pleural Other': None, 'Fracture': None, 'Support Devices': None, 'No Finding': 1}"
IU_329,329,conflicting,conflicting,qualify_or_abstain,False,True,0.0,0.0,0.0,"{'Enlarged Cardiomediastinum': None, 'Cardiomegaly': None, 'Lung Opacity': None, 'Lung Lesion': None, 'Edema': None, 'Consolidation': None, 'Pneumonia': None, 'Atelectasis': None, 'Pneumothorax': None, 'Pleural Effusion': None, 'Pleural Other': None, 'Fracture': None, 'Support Devices': 1, 'No Finding': None}","{'Enlarged Cardiomediastinum': None, 'Cardiomegaly': 0, 'Lung Opacity': None, 'Lung Lesion': None, 'Edema': None, 'Consolidation': 0, 'Pneumonia': None, 'Atelectasis': None, 'Pneumothorax': 1, 'Pleural Effusion': 0, 'Pleural Other': None, 'Fracture': None, 'Support Devices': None, 'No Finding': 1}","{'Enlarged Cardiomediastinum': None, 'Cardiomegaly': 0, 'Lung Opacity': None, 'Lung Lesion': None, 'Edema': None, 'Consolidation': 0, 'Pneumonia': None, 'Atelectasis': None, 'Pneumothorax': 1, 'Pleural Effusion': 0, 'Pleural Other': None, 'Fracture': None, 'Support Devices': None, 'No Finding': 1}"
IU_329,329,evidentiary_incomplete,sufficient,generate,False,True,0.0,0.0,0.0,"{'Enlarged Cardiomediastinum': None, 'Cardiomegaly': None, 'Lung Opacity': None, 'Lung Lesion': None, 'Edema': None, 'Consolidation': None, 'Pneumonia': None, 'Atelectasis': None, 'Pneumothorax': None, 'Pleural Effusion': None, 'Pleural Other': None, 'Fracture': None, 'Support Devices': 1, 'No Finding': None}","{'Enlarged Cardiomediastinum': None, 'Cardiomegaly': None, 'Lung Opacity': None, 'Lung Lesion': None, 'Edema': None, 'Consolidation': None, 'Pneumonia': None, 'Atelectasis': None, 'Pneumothorax': 0, 'Pleural Effusion': 0, 'Pleural Other': None, 'Fracture': None, 'Support Devices': None, 'No Finding': 1}","{'Enlarged Cardiomediastinum': None, 'Cardiomegaly': None, 'Lung Opacity': None, 'Lung Lesion': None, 'Edema': None, 'Consolidation': None, 'Pneumonia': None, 'Atelectasis': None, 'Pneumothorax': 0, 'Pleural Effusion': 0, 'Pleural Other': None, 'Fracture': None, 'Support Devices': None, 'No Finding': 1}"
IU_329,329,insufficient,insufficient,abstain,True,False,0.0,0.0,0.0,"{'Enlarged Cardiomediastinum': None, 'Cardiomegaly': None, 'Lung Opacity': None, 'Lung Lesion': None, 'Edema': None, 'Consolidation': None, 'Pneumonia': None, 'Atelectasis': None, 'Pneumothorax': None, 'Pleural Effusion': None, 'Pleural Other': None, 'Fracture': None, 'Support Devices': 1, 'No Finding': None}","{'Enlarged Cardiomediastinum': None, 'Cardiomegaly': None, 'Lung Opacity': None, 'Lung Lesion': None, 'Edema': 0, 'Consolidation': 0, 'Pneumonia': None, 'Atelectasis': None, 'Pneumothorax': 0, 'Pleural Effusion': 0, 'Pleural Other': None, 'Fracture': None, 'Support Devices': None, 'No Finding': 1}","{'Enlarged Cardiomediastinum': None, 'Cardiomegaly': None, 'Lung Opacity': None, 'Lung Lesion': None, 'Edema': None, 'Consolidation': None, 'Pneumonia': None, 'Atelectasis': None, 'Pneumothorax': None, 'Pleural Effusion': None, 'Pleural Other': None, 'Fracture': None, 'Support Devices': None, 'No Finding': None}"
IU_329,329,irrelevant,irrelevant,discount_context,False,True,0.0,0.0,0.0,"{'Enlarged Cardiomediastinum': None, 'Cardiomegaly': None, 'Lung Opacity': None, 'Lung Lesion': None, 'Edema': None, 'Consolidation': None, 'Pneumonia': None, 'Atelectasis': None, 'Pneumothorax': None, 'Pleural Effusion': None, 'Pleural Other': None, 'Fracture': None, 'Support Devices': 1, 'No Finding': None}","{'Enlarged Cardiomediastinum': None, 'Cardiomegaly': None, 'Lung Opacity': None, 'Lung Lesion': None, 'Edema': None, 'Consolidation': 0, 'Pneumonia': None, 'Atelectasis': None, 'Pneumothorax': 1, 'Pleural Effusion': 0, 'Pleural Other': None, 'Fracture': None, 'Support Devices': None, 'No Finding': 1}","{'Enlarged Cardiomediastinum': None, 'Cardiomegaly': None, 'Lung Opacity': None, 'Lung Lesion': None, 'Edema': 0, 'Consolidation': 0, 'Pneumonia': None, 'Atelectasis': None, 'Pneumothorax': 0, 'Pleural Effusion': 0, 'Pleural Other': None, 'Fracture': None, 'Support Devices': None, 'No Finding': 1}"
IU_329,329,sufficient,sufficient,generate,False,True,0.0,0.0,0.0,"{'Enlarged Cardiomediastinum': None, 'Cardiomegaly': None, 'Lung Opacity': None, 'Lung Lesion': None, 'Edema': None, 'Consolidation': None, 'Pneumonia': None, 'Atelectasis': None, 'Pneumothorax': None, 'Pleural Effusion': None, 'Pleural Other': None, 'Fracture': None, 'Support Devices': 1, 'No Finding': None}","{'Enlarged Cardiomediastinum': None, 'Cardiomegaly': None, 'Lung Opacity': None, 'Lung Lesion': None, 'Edema': None, 'Consolidation': 0, 'Pneumonia': None, 'Atelectasis': None, 'Pneumothorax': 1, 'Pleural Effusion': 0, 'Pleural Other': None, 'Fracture': None, 'Support Devices': None, 'No Finding': 1}","{'Enlarged Cardiomediastinum': None, 'Cardiomegaly': None, 'Lung Opacity': None, 'Lung Lesion': None, 'Edema': None, 'Consolidation': 0, 'Pneumonia': None, 'Atelectasis': None, 'Pneumothorax': 1, 'Pleural Effusion': 0, 'Pleural Other': None, 'Fracture': None, 'Support Devices': None, 'No Finding': 1}"
IU_329,329,syntactic_incomplete,incomplete,qualify,False,True,0.5,0.0,-0.5,"{'Enlarged Cardiomediastinum': None, 'Cardiomegaly': None, 'Lung Opacity': None, 'Lung Lesion': None, 'Edema': None, 'Consolidation': None, 'Pneumonia': None, 'Atelectasis': None, 'Pneumothorax': None, 'Pleural Effusion': None, 'Pleural Other': None, 'Fracture': None, 'Support Devices': 1, 'No Finding': None}","{'Enlarged Cardiomediastinum': None, 'Cardiomegaly': None, 'Lung Opacity': None, 'Lung Lesion': None, 'Edema': None, 'Consolidation': 0, 'Pneumonia': None, 'Atelectasis': None, 'Pneumothorax': 1, 'Pleural Effusion': 0, 'Pleural Other': None, 'Fracture': None, 'Support Devices': 1, 'No Finding': 1}","{'Enlarged Cardiomediastinum': None, 'Cardiomegaly': None, 'Lung Opacity': None, 'Lung Lesion': None, 'Edema': 0, 'Consolidation': 0, 'Pneumonia': None, 'Atelectasis': None, 'Pneumothorax': 0, 'Pleural Effusion': 0, 'Pleural Other': None, 'Fracture': None, 'Support Devices': None, 'No Finding': 1}"
IU_340,340,conflicting,conflicting,qualify_or_abstain,False,True,0.0,0.0,0.0,"{'Enlarged Cardiomediastinum': None, 'Cardiomegaly': 1, 'Lung Opacity': 1, 'Lung Lesion': None, 'Edema': 0, 'Consolidation': 0, 'Pneumonia': None, 'Atelectasis': None, 'Pneumothorax': None, 'Pleural Effusion': 0, 'Pleural Other': None, 'Fracture': None, 'Support Devices': 1, 'No Finding': None}","{'Enlarged Cardiomediastinum': None, 'Cardiomegaly': None, 'Lung Opacity': None, 'Lung Lesion': None, 'Edema': None, 'Consolidation': None, 'Pneumonia': None, 'Atelectasis': None, 'Pneumothorax': 0, 'Pleural Effusion': 1, 'Pleural Other': None, 'Fracture': None, 'Support Devices': None, 'No Finding': None}","{'Enlarged Cardiomediastinum': None, 'Cardiomegaly': None, 'Lung Opacity': None, 'Lung Lesion': None, 'Edema': None, 'Consolidation': None, 'Pneumonia': None, 'Atelectasis': None, 'Pneumothorax': 0, 'Pleural Effusion': 1, 'Pleural Other': None, 'Fracture': None, 'Support Devices': None, 'No Finding': None}"
IU_340,340,evidentiary_incomplete,sufficient,generate,False,True,0.0,0.0,0.0,"{'Enlarged Cardiomediastinum': None, 'Cardiomegaly': 1, 'Lung Opacity': 1, 'Lung Lesion': None, 'Edema': 0, 'Consolidation': 0, 'Pneumonia': None, 'Atelectasis': None, 'Pneumothorax': None, 'Pleural Effusion': 0, 'Pleural Other': None, 'Fracture': None, 'Support Devices': 1, 'No Finding': None}","{'Enlarged Cardiomediastinum': None, 'Cardiomegaly': None, 'Lung Opacity': None, 'Lung Lesion': None, 'Edema': None, 'Consolidation': None, 'Pneumonia': None, 'Atelectasis': None, 'Pneumothorax': 0, 'Pleural Effusion': 0, 'Pleural Other': None, 'Fracture': None, 'Support Devices': None, 'No Finding': 1}","{'Enlarged Cardiomediastinum': None, 'Cardiomegaly': None, 'Lung Opacity': None, 'Lung Lesion': None, 'Edema': None, 'Consolidation': None, 'Pneumonia': None, 'Atelectasis': None, 'Pneumothorax': 0, 'Pleural Effusion': 0, 'Pleural Other': None, 'Fracture': None, 'Support Devices': None, 'No Finding': 1}"
IU_340,340,insufficient,insufficient,abstain,True,False,0.0,0.0,0.0,"{'Enlarged Cardiomediastinum': None, 'Cardiomegaly': 1, 'Lung Opacity': 1, 'Lung Lesion': None, 'Edema': 0, 'Consolidation': 0, 'Pneumonia': None, 'Atelectasis': None, 'Pneumothorax': None, 'Pleural Effusion': 0, 'Pleural Other': None, 'Fracture': None, 'Support Devices': 1, 'No Finding': None}","{'Enlarged Cardiomediastinum': None, 'Cardiomegaly': None, 'Lung Opacity': None, 'Lung Lesion': None, 'Edema': None, 'Consolidation': 0, 'Pneumonia': None, 'Atelectasis': None, 'Pneumothorax': 0, 'Pleural Effusion': 1, 'Pleural Other': None, 'Fracture': None, 'Support Devices': None, 'No Finding': 1}","{'Enlarged Cardiomediastinum': None, 'Cardiomegaly': None, 'Lung Opacity': None, 'Lung Lesion': None, 'Edema': None, 'Consolidation': None, 'Pneumonia': None, 'Atelectasis': None, 'Pneumothorax': None, 'Pleural Effusion': None, 'Pleural Other': None, 'Fracture': None, 'Support Devices': None, 'No Finding': None}"
IU_340,340,irrelevant,irrelevant,discount_context,False,True,0.0,0.0,0.0,"{'Enlarged Cardiomediastinum': None, 'Cardiomegaly': 1, 'Lung Opacity': 1, 'Lung Lesion': None, 'Edema': 0, 'Consolidation': 0, 'Pneumonia': None, 'Atelectasis': None, 'Pneumothorax': None, 'Pleural Effusion': 0, 'Pleural Other': None, 'Fracture': None, 'Support Devices': 1, 'No Finding': None}","{'Enlarged Cardiomediastinum': None, 'Cardiomegaly': None, 'Lung Opacity': None, 'Lung Lesion': None, 'Edema': 0, 'Consolidation': 0, 'Pneumonia': None, 'Atelectasis': None, 'Pneumothorax': 0, 'Pleural Effusion': 0, 'Pleural Other': None, 'Fracture': None, 'Support Devices': None, 'No Finding': 1}","{'Enlarged Cardiomediastinum': None, 'Cardiomegaly': None, 'Lung Opacity': None, 'Lung Lesion': None, 'Edema': None, 'Consolidation': 0, 'Pneumonia': None, 'Atelectasis': None, 'Pneumothorax': 0, 'Pleural Effusion': 1, 'Pleural Other': None, 'Fracture': None, 'Support Devices': None, 'No Finding': 1}"
IU_340,340,sufficient,sufficient,generate,False,True,0.0,0.0,0.0,"{'Enlarged Cardiomediastinum': None, 'Cardiomegaly': 1, 'Lung Opacity': 1, 'Lung Lesion': None, 'Edema': 0, 'Consolidation': 0, 'Pneumonia': None, 'Atelectasis': None, 'Pneumothorax': None, 'Pleural Effusion': 0, 'Pleural Other': None, 'Fracture': None, 'Support Devices': 1, 'No Finding': None}","{'Enlarged Cardiomediastinum': None, 'Cardiomegaly': None, 'Lung Opacity': None, 'Lung Lesion': None, 'Edema': None, 'Consolidation': None, 'Pneumonia': None, 'Atelectasis': None, 'Pneumothorax': 0, 'Pleural Effusion': 0, 'Pleural Other': None, 'Fracture': None, 'Support Devices': None, 'No Finding': 1}","{'Enlarged Cardiomediastinum': None, 'Cardiomegaly': None, 'Lung Opacity': None, 'Lung Lesion': None, 'Edema': None, 'Consolidation': None, 'Pneumonia': None, 'Atelectasis': None, 'Pneumothorax': 0, 'Pleural Effusion': 0, 'Pleural Other': None, 'Fracture': None, 'Support Devices': None, 'No Finding': 1}"
IU_340,340,syntactic_incomplete,incomplete,qualify,False,True,0.0,0.0,0.0,"{'Enlarged Cardiomediastinum': None, 'Cardiomegaly': 1, 'Lung Opacity': 1, 'Lung Lesion': None, 'Edema': 0, 'Consolidation': 0, 'Pneumonia': None, 'Atelectasis': None, 'Pneumothorax': None, 'Pleural Effusion': 0, 'Pleural Other': None, 'Fracture': None, 'Support Devices': 1, 'No Finding': None}","{'Enlarged Cardiomediastinum': None, 'Cardiomegaly': None, 'Lung Opacity': None, 'Lung Lesion': None, 'Edema': None, 'Consolidation': None, 'Pneumonia': None, 'Atelectasis': None, 'Pneumothorax': 0, 'Pleural Effusion': 0, 'Pleural Other': None, 'Fracture': None, 'Support Devices': None, 'No Finding': 1}","{'Enlarged Cardiomediastinum': None, 'Cardiomegaly': None, 'Lung Opacity': None, 'Lung Lesion': None, 'Edema': None, 'Consolidation': 0, 'Pneumonia': None, 'Atelectasis': None, 'Pneumothorax': 0, 'Pleural Effusion': 1, 'Pleural Other': None, 'Fracture': None, 'Support Devices': None, 'No Finding': 1}"
IU_341,341,conflicting,conflicting,qualify_or_abstain,False,True,0.0,0.0,0.0,"{'Enlarged Cardiomediastinum': None, 'Cardiomegaly': None, 'Lung Opacity': None, 'Lung Lesion': None, 'Edema': None, 'Consolidation': None, 'Pneumonia': None, 'Atelectasis': None, 'Pneumothorax': None, 'Pleural Effusion': None, 'Pleural Other': None, 'Fracture': 0, 'Support Devices': None, 'No Finding': 1}","{'Enlarged Cardiomediastinum': None, 'Cardiomegaly': 1, 'Lung Opacity': None, 'Lung Lesion': None, 'Edema': None, 'Consolidation': None, 'Pneumonia': None, 'Atelectasis': None, 'Pneumothorax': 0, 'Pleural Effusion': 0, 'Pleural Other': None, 'Fracture': None, 'Support Devices': None, 'No Finding': None}","{'Enlarged Cardiomediastinum': None, 'Cardiomegaly': 1, 'Lung Opacity': None, 'Lung Lesion': None, 'Edema': None, 'Consolidation': None, 'Pneumonia': None, 'Atelectasis': None, 'Pneumothorax': 0, 'Pleural Effusion': 0, 'Pleural Other': None, 'Fracture': None, 'Support Devices': None, 'No Finding': None}"
IU_341,341,evidentiary_incomplete,sufficient,generate,False,True,0.0,0.0,0.0,"{'Enlarged Cardiomediastinum': None, 'Cardiomegaly': None, 'Lung Opacity': None, 'Lung Lesion': None, 'Edema': None, 'Consolidation': None, 'Pneumonia': None, 'Atelectasis': None, 'Pneumothorax': None, 'Pleural Effusion': None, 'Pleural Other': None, 'Fracture': 0, 'Support Devices': None, 'No Finding': 1}","{'Enlarged Cardiomediastinum': None, 'Cardiomegaly': None, 'Lung Opacity': None, 'Lung Lesion': None, 'Edema': None, 'Consolidation': None, 'Pneumonia': None, 'Atelectasis': None, 'Pneumothorax': 0, 'Pleural Effusion': 0, 'Pleural Other': None, 'Fracture': None, 'Support Devices': None, 'No Finding': None}","{'Enlarged Cardiomediastinum': None, 'Cardiomegaly': None, 'Lung Opacity': None, 'Lung Lesion': None, 'Edema': None, 'Consolidation': None, 'Pneumonia': None, 'Atelectasis': None, 'Pneumothorax': 0, 'Pleural Effusion': 0, 'Pleural Other': None, 'Fracture': None, 'Support Devices': None, 'No Finding': None}"
IU_341,341,insufficient,insufficient,abstain,True,False,1.0,0.0,-1.0,"{'Enlarged Cardiomediastinum': None, 'Cardiomegaly': None, 'Lung Opacity': None, 'Lung Lesion': None, 'Edema': None, 'Consolidation': None, 'Pneumonia': None, 'Atelectasis': None, 'Pneumothorax': None, 'Pleural Effusion': None, 'Pleural Other': None, 'Fracture': 0, 'Support Devices': None, 'No Finding': 1}","{'Enlarged Cardiomediastinum': None, 'Cardiomegaly': None, 'Lung Opacity': None, 'Lung Lesion': None, 'Edema': 0, 'Consolidation': 0, 'Pneumonia': None, 'Atelectasis': None, 'Pneumothorax': 0, 'Pleural Effusion': 0, 'Pleural Other': None, 'Fracture': None, 'Support Devices': None, 'No Finding': 1}","{'Enlarged Cardiomediastinum': None, 'Cardiomegaly': None, 'Lung Opacity': None, 'Lung Lesion': None, 'Edema': None, 'Consolidation': None, 'Pneumonia': None, 'Atelectasis': None, 'Pneumothorax': None, 'Pleural Effusion': None, 'Pleural Other': None, 'Fracture': None, 'Support Devices': None, 'No Finding': None}"
IU_341,341,irrelevant,irrelevant,discount_context,False,True,0.6667,1.0,0.3333,"{'Enlarged Cardiomediastinum': None, 'Cardiomegaly': None, 'Lung Opacity': None, 'Lung Lesion': None, 'Edema': None, 'Consolidation': None, 'Pneumonia': None, 'Atelectasis': None, 'Pneumothorax': None, 'Pleural Effusion': None, 'Pleural Other': None, 'Fracture': 0, 'Support Devices': None, 'No Finding': 1}","{'Enlarged Cardiomediastinum': None, 'Cardiomegaly': None, 'Lung Opacity': None, 'Lung Lesion': None, 'Edema': None, 'Consolidation': 0, 'Pneumonia': None, 'Atelectasis': None, 'Pneumothorax': 1, 'Pleural Effusion': 0, 'Pleural Other': None, 'Fracture': None, 'Support Devices': None, 'No Finding': 1}","{'Enlarged Cardiomediastinum': None, 'Cardiomegaly': None, 'Lung Opacity': None, 'Lung Lesion': None, 'Edema': 0, 'Consolidation': 0, 'Pneumonia': None, 'Atelectasis': None, 'Pneumothorax': 0, 'Pleural Effusion': 0, 'Pleural Other': None, 'Fracture': None, 'Support Devices': None, 'No Finding': 1}"
IU_341,341,sufficient,sufficient,generate,False,True,0.6667,0.6667,0.0,"{'Enlarged Cardiomediastinum': None, 'Cardiomegaly': None, 'Lung Opacity': None, 'Lung Lesion': None, 'Edema': None, 'Consolidation': None, 'Pneumonia': None, 'Atelectasis': None, 'Pneumothorax': None, 'Pleural Effusion': None, 'Pleural Other': None, 'Fracture': 0, 'Support Devices': None, 'No Finding': 1}","{'Enlarged Cardiomediastinum': None, 'Cardiomegaly': None, 'Lung Opacity': None, 'Lung Lesion': None, 'Edema': None, 'Consolidation': None, 'Pneumonia': 1, 'Atelectasis': None, 'Pneumothorax': 0, 'Pleural Effusion': None, 'Pleural Other': None, 'Fracture': None, 'Support Devices': None, 'No Finding': 1}","{'Enlarged Cardiomediastinum': None, 'Cardiomegaly': None, 'Lung Opacity': None, 'Lung Lesion': None, 'Edema': None, 'Consolidation': None, 'Pneumonia': 1, 'Atelectasis': None, 'Pneumothorax': 0, 'Pleural Effusion': None, 'Pleural Other': None, 'Fracture': None, 'Support Devices': None, 'No Finding': 1}"
IU_341,341,syntactic_incomplete,incomplete,qualify,False,True,1.0,1.0,0.0,"{'Enlarged Cardiomediastinum': None, 'Cardiomegaly': None, 'Lung Opacity': None, 'Lung Lesion': None, 'Edema': None, 'Consolidation': None, 'Pneumonia': None, 'Atelectasis': None, 'Pneumothorax': None, 'Pleural Effusion': None, 'Pleural Other': None, 'Fracture': 0, 'Support Devices': None, 'No Finding': 1}","{'Enlarged Cardiomediastinum': None, 'Cardiomegaly': None, 'Lung Opacity': None, 'Lung Lesion': None, 'Edema': None, 'Consolidation': None, 'Pneumonia': None, 'Atelectasis': None, 'Pneumothorax': None, 'Pleural Effusion': None, 'Pleural Other': None, 'Fracture': None, 'Support Devices': None, 'No Finding': 1}","{'Enlarged Cardiomediastinum': None, 'Cardiomegaly': None, 'Lung Opacity': None, 'Lung Lesion': None, 'Edema': 0, 'Consolidation': 0, 'Pneumonia': None, 'Atelectasis': None, 'Pneumothorax': 0, 'Pleural Effusion': 0, 'Pleural Other': None, 'Fracture': None, 'Support Devices': None, 'No Finding': 1}"
IU_36,36,conflicting,conflicting,qualify_or_abstain,False,True,0.6667,0.6667,0.0,"{'Enlarged Cardiomediastinum': None, 'Cardiomegaly': None, 'Lung Opacity': None, 'Lung Lesion': None, 'Edema': None, 'Consolidation': 0, 'Pneumonia': None, 'Atelectasis': None, 'Pneumothorax': 1, 'Pleural Effusion': 1, 'Pleural Other': None, 'Fracture': None, 'Support Devices': None, 'No Finding': 0}","{'Enlarged Cardiomediastinum': None, 'Cardiomegaly': None, 'Lung Opacity': None, 'Lung Lesion': None, 'Edema': None, 'Consolidation': 0, 'Pneumonia': None, 'Atelectasis': None, 'Pneumothorax': 1, 'Pleural Effusion': 0, 'Pleural Other': None, 'Fracture': None, 'Support Devices': None, 'No Finding': None}","{'Enlarged Cardiomediastinum': None, 'Cardiomegaly': None, 'Lung Opacity': None, 'Lung Lesion': None, 'Edema': None, 'Consolidation': 0, 'Pneumonia': None, 'Atelectasis': None, 'Pneumothorax': 1, 'Pleural Effusion': 0, 'Pleural Other': None, 'Fracture': None, 'Support Devices': None, 'No Finding': None}"
IU_36,36,evidentiary_incomplete,sufficient,generate,False,True,0.0,0.0,0.0,"{'Enlarged Cardiomediastinum': None, 'Cardiomegaly': None, 'Lung Opacity': None, 'Lung Lesion': None, 'Edema': None, 'Consolidation': 0, 'Pneumonia': None, 'Atelectasis': None, 'Pneumothorax': 1, 'Pleural Effusion': 1, 'Pleural Other': None, 'Fracture': None, 'Support Devices': None, 'No Finding': 0}","{'Enlarged Cardiomediastinum': None, 'Cardiomegaly': None, 'Lung Opacity': None, 'Lung Lesion': None, 'Edema': None, 'Consolidation': None, 'Pneumonia': 1, 'Atelectasis': None, 'Pneumothorax': 0, 'Pleural Effusion': 0, 'Pleural Other': None, 'Fracture': None, 'Support Devices': None, 'No Finding': None}","{'Enlarged Cardiomediastinum': None, 'Cardiomegaly': None, 'Lung Opacity': None, 'Lung Lesion': None, 'Edema': None, 'Consolidation': None, 'Pneumonia': 1, 'Atelectasis': None, 'Pneumothorax': 0, 'Pleural Effusion': 0, 'Pleural Other': None, 'Fracture': None, 'Support Devices': None, 'No Finding': None}"
IU_36,36,insufficient,insufficient,abstain,True,False,0.0,0.0,0.0,"{'Enlarged Cardiomediastinum': None, 'Cardiomegaly': None, 'Lung Opacity': None, 'Lung Lesion': None, 'Edema': None, 'Consolidation': 0, 'Pneumonia': None, 'Atelectasis': None, 'Pneumothorax': 1, 'Pleural Effusion': 1, 'Pleural Other': None, 'Fracture': None, 'Support Devices': None, 'No Finding': 0}","{'Enlarged Cardiomediastinum': None, 'Cardiomegaly': None, 'Lung Opacity': None, 'Lung Lesion': None, 'Edema': 0, 'Consolidation': 0, 'Pneumonia': None, 'Atelectasis': None, 'Pneumothorax': 0, 'Pleural Effusion': 0, 'Pleural Other': None, 'Fracture': None, 'Support Devices': None, 'No Finding': 1}","{'Enlarged Cardiomediastinum': None, 'Cardiomegaly': None, 'Lung Opacity': None, 'Lung Lesion': None, 'Edema': None, 'Consolidation': None, 'Pneumonia': None, 'Atelectasis': None, 'Pneumothorax': None, 'Pleural Effusion': None, 'Pleural Other': None, 'Fracture': None, 'Support Devices': None, 'No Finding': None}"
IU_36,36,irrelevant,irrelevant,discount_context,False,True,0.0,0.0,0.0,"{'Enlarged Cardiomediastinum': None, 'Cardiomegaly': None, 'Lung Opacity': None, 'Lung Lesion': None, 'Edema': None, 'Consolidation': 0, 'Pneumonia': None, 'Atelectasis': None, 'Pneumothorax': 1, 'Pleural Effusion': 1, 'Pleural Other': None, 'Fracture': None, 'Support Devices': None, 'No Finding': 0}","{'Enlarged Cardiomediastinum': None, 'Cardiomegaly': None, 'Lung Opacity': None, 'Lung Lesion': None, 'Edema': None, 'Consolidation': None, 'Pneumonia': None, 'Atelectasis': None, 'Pneumothorax': 0, 'Pleural Effusion': 0, 'Pleural Other': None, 'Fracture': None, 'Support Devices': None, 'No Finding': 1}","{'Enlarged Cardiomediastinum': None, 'Cardiomegaly': None, 'Lung Opacity': None, 'Lung Lesion': None, 'Edema': 0, 'Consolidation': 0, 'Pneumonia': None, 'Atelectasis': None, 'Pneumothorax': 0, 'Pleural Effusion': 0, 'Pleural Other': None, 'Fracture': None, 'Support Devices': None, 'No Finding': 1}"
IU_36,36,sufficient,sufficient,generate,False,True,0.0,0.0,0.0,"{'Enlarged Cardiomediastinum': None, 'Cardiomegaly': None, 'Lung Opacity': None, 'Lung Lesion': None, 'Edema': None, 'Consolidation': 0, 'Pneumonia': None, 'Atelectasis': None, 'Pneumothorax': 1, 'Pleural Effusion': 1, 'Pleural Other': None, 'Fracture': None, 'Support Devices': None, 'No Finding': 0}","{'Enlarged Cardiomediastinum': None, 'Cardiomegaly': None, 'Lung Opacity': None, 'Lung Lesion': None, 'Edema': None, 'Consolidation': None, 'Pneumonia': 1, 'Atelectasis': None, 'Pneumothorax': 0, 'Pleural Effusion': 0, 'Pleural Other': None, 'Fracture': None, 'Support Devices': None, 'No Finding': None}","{'Enlarged Cardiomediastinum': None, 'Cardiomegaly': None, 'Lung Opacity': None, 'Lung Lesion': None, 'Edema': None, 'Consolidation': None, 'Pneumonia': 1, 'Atelectasis': None, 'Pneumothorax': 0, 'Pleural Effusion': 0, 'Pleural Other': None, 'Fracture': None, 'Support Devices': None, 'No Finding': None}"
IU_36,36,syntactic_incomplete,incomplete,qualify,False,True,0.0,0.0,0.0,"{'Enlarged Cardiomediastinum': None, 'Cardiomegaly': None, 'Lung Opacity': None, 'Lung Lesion': None, 'Edema': None, 'Consolidation': 0, 'Pneumonia': None, 'Atelectasis': None, 'Pneumothorax': 1, 'Pleural Effusion': 1, 'Pleural Other': None, 'Fracture': None, 'Support Devices': None, 'No Finding': 0}","{'Enlarged Cardiomediastinum': None, 'Cardiomegaly': None, 'Lung Opacity': None, 'Lung Lesion': None, 'Edema': None, 'Consolidation': None, 'Pneumonia': None, 'Atelectasis': None, 'Pneumothorax': 0, 'Pleural Effusion': 0, 'Pleural Other': None, 'Fracture': None, 'Support Devices': None, 'No Finding': None}","{'Enlarged Cardiomediastinum': None, 'Cardiomegaly': None, 'Lung Opacity': None, 'Lung Lesion': None, 'Edema': 0, 'Consolidation': 0, 'Pneumonia': None, 'Atelectasis': None, 'Pneumothorax': 0, 'Pleural Effusion': 0, 'Pleural Other': None, 'Fracture': None, 'Support Devices': None, 'No Finding': 1}"
IU_372,372,conflicting,conflicting,qualify_or_abstain,False,True,0.4,0.4,0.0,"{'Enlarged Cardiomediastinum': None, 'Cardiomegaly': None, 'Lung Opacity': 1, 'Lung Lesion': None, 'Edema': None, 'Consolidation': None, 'Pneumonia': None, 'Atelectasis': -1, 'Pneumothorax': None, 'Pleural Effusion': 1, 'Pleural Other': None, 'Fracture': None, 'Support Devices': 1, 'No Finding': None}","{'Enlarged Cardiomediastinum': None, 'Cardiomegaly': None, 'Lung Opacity': 1, 'Lung Lesion': None, 'Edema': None, 'Consolidation': None, 'Pneumonia': 1, 'Atelectasis': None, 'Pneumothorax': 0, 'Pleural Effusion': 0, 'Pleural Other': None, 'Fracture': None, 'Support Devices': None, 'No Finding': None}","{'Enlarged Cardiomediastinum': None, 'Cardiomegaly': None, 'Lung Opacity': 1, 'Lung Lesion': None, 'Edema': None, 'Consolidation': None, 'Pneumonia': 1, 'Atelectasis': None, 'Pneumothorax': 0, 'Pleural Effusion': 0, 'Pleural Other': None, 'Fracture': None, 'Support Devices': None, 'No Finding': None}"
IU_372,372,evidentiary_incomplete,sufficient,generate,False,True,0.0,0.0,0.0,"{'Enlarged Cardiomediastinum': None, 'Cardiomegaly': None, 'Lung Opacity': 1, 'Lung Lesion': None, 'Edema': None, 'Consolidation': None, 'Pneumonia': None, 'Atelectasis': -1, 'Pneumothorax': None, 'Pleural Effusion': 1, 'Pleural Other': None, 'Fracture': None, 'Support Devices': 1, 'No Finding': None}","{'Enlarged Cardiomediastinum': None, 'Cardiomegaly': None, 'Lung Opacity': None, 'Lung Lesion': None, 'Edema': None, 'Consolidation': None, 'Pneumonia': None, 'Atelectasis': None, 'Pneumothorax': 0, 'Pleural Effusion': 0, 'Pleural Other': None, 'Fracture': None, 'Support Devices': None, 'No Finding': 1}","{'Enlarged Cardiomediastinum': None, 'Cardiomegaly': None, 'Lung Opacity': None, 'Lung Lesion': None, 'Edema': None, 'Consolidation': None, 'Pneumonia': None, 'Atelectasis': None, 'Pneumothorax': 0, 'Pleural Effusion': 0, 'Pleural Other': None, 'Fracture': None, 'Support Devices': None, 'No Finding': 1}"
IU_372,372,insufficient,insufficient,abstain,True,False,0.0,0.0,0.0,"{'Enlarged Cardiomediastinum': None, 'Cardiomegaly': None, 'Lung Opacity': 1, 'Lung Lesion': None, 'Edema': None, 'Consolidation': None, 'Pneumonia': None, 'Atelectasis': -1, 'Pneumothorax': None, 'Pleural Effusion': 1, 'Pleural Other': None, 'Fracture': None, 'Support Devices': 1, 'No Finding': None}","{'Enlarged Cardiomediastinum': None, 'Cardiomegaly': None, 'Lung Opacity': None, 'Lung Lesion': None, 'Edema': 0, 'Consolidation': 0, 'Pneumonia': None, 'Atelectasis': None, 'Pneumothorax': 0, 'Pleural Effusion': 0, 'Pleural Other': None, 'Fracture': None, 'Support Devices': None, 'No Finding': 1}","{'Enlarged Cardiomediastinum': None, 'Cardiomegaly': None, 'Lung Opacity': None, 'Lung Lesion': None, 'Edema': None, 'Consolidation': None, 'Pneumonia': None, 'Atelectasis': None, 'Pneumothorax': None, 'Pleural Effusion': None, 'Pleural Other': None, 'Fracture': None, 'Support Devices': None, 'No Finding': None}"
IU_372,372,irrelevant,irrelevant,discount_context,False,True,0.0,0.0,0.0,"{'Enlarged Cardiomediastinum': None, 'Cardiomegaly': None, 'Lung Opacity': 1, 'Lung Lesion': None, 'Edema': None, 'Consolidation': None, 'Pneumonia': None, 'Atelectasis': -1, 'Pneumothorax': None, 'Pleural Effusion': 1, 'Pleural Other': None, 'Fracture': None, 'Support Devices': 1, 'No Finding': None}","{'Enlarged Cardiomediastinum': None, 'Cardiomegaly': None, 'Lung Opacity': None, 'Lung Lesion': None, 'Edema': None, 'Consolidation': None, 'Pneumonia': None, 'Atelectasis': None, 'Pneumothorax': 0, 'Pleural Effusion': 0, 'Pleural Other': None, 'Fracture': None, 'Support Devices': None, 'No Finding': 1}","{'Enlarged Cardiomediastinum': None, 'Cardiomegaly': None, 'Lung Opacity': None, 'Lung Lesion': None, 'Edema': 0, 'Consolidation': 0, 'Pneumonia': None, 'Atelectasis': None, 'Pneumothorax': 0, 'Pleural Effusion': 0, 'Pleural Other': None, 'Fracture': None, 'Support Devices': None, 'No Finding': 1}"
IU_372,372,sufficient,sufficient,generate,False,True,0.0,0.0,0.0,"{'Enlarged Cardiomediastinum': None, 'Cardiomegaly': None, 'Lung Opacity': 1, 'Lung Lesion': None, 'Edema': None, 'Consolidation': None, 'Pneumonia': None, 'Atelectasis': -1, 'Pneumothorax': None, 'Pleural Effusion': 1, 'Pleural Other': None, 'Fracture': None, 'Support Devices': 1, 'No Finding': None}","{'Enlarged Cardiomediastinum': None, 'Cardiomegaly': None, 'Lung Opacity': None, 'Lung Lesion': None, 'Edema': None, 'Consolidation': None, 'Pneumonia': None, 'Atelectasis': None, 'Pneumothorax': 0, 'Pleural Effusion': 0, 'Pleural Other': None, 'Fracture': None, 'Support Devices': None, 'No Finding': 1}","{'Enlarged Cardiomediastinum': None, 'Cardiomegaly': None, 'Lung Opacity': None, 'Lung Lesion': None, 'Edema': None, 'Consolidation': None, 'Pneumonia': None, 'Atelectasis': None, 'Pneumothorax': 0, 'Pleural Effusion': 0, 'Pleural Other': None, 'Fracture': None, 'Support Devices': None, 'No Finding': 1}"
IU_372,372,syntactic_incomplete,incomplete,qualify,False,True,0.0,0.0,0.0,"{'Enlarged Cardiomediastinum': None, 'Cardiomegaly': None, 'Lung Opacity': 1, 'Lung Lesion': None, 'Edema': None, 'Consolidation': None, 'Pneumonia': None, 'Atelectasis': -1, 'Pneumothorax': None, 'Pleural Effusion': 1, 'Pleural Other': None, 'Fracture': None, 'Support Devices': 1, 'No Finding': None}","{'Enlarged Cardiomediastinum': None, 'Cardiomegaly': None, 'Lung Opacity': None, 'Lung Lesion': None, 'Edema': None, 'Consolidation': None, 'Pneumonia': None, 'Atelectasis': None, 'Pneumothorax': 0, 'Pleural Effusion': 0, 'Pleural Other': None, 'Fracture': None, 'Support Devices': None, 'No Finding': 1}","{'Enlarged Cardiomediastinum': None, 'Cardiomegaly': None, 'Lung Opacity': None, 'Lung Lesion': None, 'Edema': 0, 'Consolidation': 0, 'Pneumonia': None, 'Atelectasis': None, 'Pneumothorax': 0, 'Pleural Effusion': 0, 'Pleural Other': None, 'Fracture': None, 'Support Devices': None, 'No Finding': 1}"
IU_382,382,conflicting,conflicting,qualify_or_abstain,False,True,0.5,0.5,0.0,"{'Enlarged Cardiomediastinum': None, 'Cardiomegaly': None, 'Lung Opacity': 1, 'Lung Lesion': None, 'Edema': None, 'Consolidation': 1, 'Pneumonia': None, 'Atelectasis': None, 'Pneumothorax': 1, 'Pleural Effusion': 0, 'Pleural Other': None, 'Fracture': None, 'Support Devices': None, 'No Finding': None}","{'Enlarged Cardiomediastinum': None, 'Cardiomegaly': None, 'Lung Opacity': None, 'Lung Lesion': None, 'Edema': None, 'Consolidation': None, 'Pneumonia': None, 'Atelectasis': None, 'Pneumothorax': 1, 'Pleural Effusion': 0, 'Pleural Other': None, 'Fracture': None, 'Support Devices': None, 'No Finding': None}","{'Enlarged Cardiomediastinum': None, 'Cardiomegaly': None, 'Lung Opacity': None, 'Lung Lesion': None, 'Edema': None, 'Consolidation': None, 'Pneumonia': None, 'Atelectasis': None, 'Pneumothorax': 1, 'Pleural Effusion': 0, 'Pleural Other': None, 'Fracture': None, 'Support Devices': None, 'No Finding': None}"
IU_382,382,evidentiary_incomplete,sufficient,generate,False,True,0.4,0.4,0.0,"{'Enlarged Cardiomediastinum': None, 'Cardiomegaly': None, 'Lung Opacity': 1, 'Lung Lesion': None, 'Edema': None, 'Consolidation': 1, 'Pneumonia': None, 'Atelectasis': None, 'Pneumothorax': 1, 'Pleural Effusion': 0, 'Pleural Other': None, 'Fracture': None, 'Support Devices': None, 'No Finding': None}","{'Enlarged Cardiomediastinum': None, 'Cardiomegaly': None, 'Lung Opacity': None, 'Lung Lesion': None, 'Edema': None, 'Consolidation': 0, 'Pneumonia': None, 'Atelectasis': None, 'Pneumothorax': 1, 'Pleural Effusion': 0, 'Pleural Other': None, 'Fracture': None, 'Support Devices': None, 'No Finding': 1}","{'Enlarged Cardiomediastinum': None, 'Cardiomegaly': None, 'Lung Opacity': None, 'Lung Lesion': None, 'Edema': None, 'Consolidation': 0, 'Pneumonia': None, 'Atelectasis': None, 'Pneumothorax': 1, 'Pleural Effusion': 0, 'Pleural Other': None, 'Fracture': None, 'Support Devices': None, 'No Finding': 1}"
IU_382,382,insufficient,insufficient,abstain,True,False,0.0,0.0,0.0,"{'Enlarged Cardiomediastinum': None, 'Cardiomegaly': None, 'Lung Opacity': 1, 'Lung Lesion': None, 'Edema': None, 'Consolidation': 1, 'Pneumonia': None, 'Atelectasis': None, 'Pneumothorax': 1, 'Pleural Effusion': 0, 'Pleural Other': None, 'Fracture': None, 'Support Devices': None, 'No Finding': None}","{'Enlarged Cardiomediastinum': None, 'Cardiomegaly': None, 'Lung Opacity': None, 'Lung Lesion': None, 'Edema': 0, 'Consolidation': 0, 'Pneumonia': None, 'Atelectasis': None, 'Pneumothorax': 0, 'Pleural Effusion': 0, 'Pleural Other': None, 'Fracture': None, 'Support Devices': None, 'No Finding': 1}","{'Enlarged Cardiomediastinum': None, 'Cardiomegaly': None, 'Lung Opacity': None, 'Lung Lesion': None, 'Edema': None, 'Consolidation': None, 'Pneumonia': None, 'Atelectasis': None, 'Pneumothorax': None, 'Pleural Effusion': None, 'Pleural Other': None, 'Fracture': None, 'Support Devices': None, 'No Finding': None}"
IU_382,382,irrelevant,irrelevant,discount_context,False,True,0.0,0.0,0.0,"{'Enlarged Cardiomediastinum': None, 'Cardiomegaly': None, 'Lung Opacity': 1, 'Lung Lesion': None, 'Edema': None, 'Consolidation': 1, 'Pneumonia': None, 'Atelectasis': None, 'Pneumothorax': 1, 'Pleural Effusion': 0, 'Pleural Other': None, 'Fracture': None, 'Support Devices': None, 'No Finding': None}","{'Enlarged Cardiomediastinum': None, 'Cardiomegaly': None, 'Lung Opacity': None, 'Lung Lesion': None, 'Edema': None, 'Consolidation': None, 'Pneumonia': None, 'Atelectasis': None, 'Pneumothorax': 0, 'Pleural Effusion': 0, 'Pleural Other': None, 'Fracture': None, 'Support Devices': None, 'No Finding': 1}","{'Enlarged Cardiomediastinum': None, 'Cardiomegaly': None, 'Lung Opacity': None, 'Lung Lesion': None, 'Edema': 0, 'Consolidation': 0, 'Pneumonia': None, 'Atelectasis': None, 'Pneumothorax': 0, 'Pleural Effusion': 0, 'Pleural Other': None, 'Fracture': None, 'Support Devices': None, 'No Finding': 1}"
IU_382,382,sufficient,sufficient,generate,False,True,0.0,0.0,0.0,"{'Enlarged Cardiomediastinum': None, 'Cardiomegaly': None, 'Lung Opacity': 1, 'Lung Lesion': None, 'Edema': None, 'Consolidation': 1, 'Pneumonia': None, 'Atelectasis': None, 'Pneumothorax': 1, 'Pleural Effusion': 0, 'Pleural Other': None, 'Fracture': None, 'Support Devices': None, 'No Finding': None}","{'Enlarged Cardiomediastinum': None, 'Cardiomegaly': None, 'Lung Opacity': None, 'Lung Lesion': None, 'Edema': None, 'Consolidation': None, 'Pneumonia': None, 'Atelectasis': None, 'Pneumothorax': 0, 'Pleural Effusion': 0, 'Pleural Other': None, 'Fracture': None, 'Support Devices': None, 'No Finding': 1}","{'Enlarged Cardiomediastinum': None, 'Cardiomegaly': None, 'Lung Opacity': None, 'Lung Lesion': None, 'Edema': None, 'Consolidation': None, 'Pneumonia': None, 'Atelectasis': None, 'Pneumothorax': 0, 'Pleural Effusion': 0, 'Pleural Other': None, 'Fracture': None, 'Support Devices': None, 'No Finding': 1}"
IU_382,382,syntactic_incomplete,incomplete,qualify,False,True,0.0,0.0,0.0,"{'Enlarged Cardiomediastinum': None, 'Cardiomegaly': None, 'Lung Opacity': 1, 'Lung Lesion': None, 'Edema': None, 'Consolidation': 1, 'Pneumonia': None, 'Atelectasis': None, 'Pneumothorax': 1, 'Pleural Effusion': 0, 'Pleural Other': None, 'Fracture': None, 'Support Devices': None, 'No Finding': None}","{'Enlarged Cardiomediastinum': None, 'Cardiomegaly': None, 'Lung Opacity': None, 'Lung Lesion': None, 'Edema': None, 'Consolidation': None, 'Pneumonia': None, 'Atelectasis': None, 'Pneumothorax': 0, 'Pleural Effusion': 0, 'Pleural Other': None, 'Fracture': None, 'Support Devices': None, 'No Finding': 1}","{'Enlarged Cardiomediastinum': None, 'Cardiomegaly': None, 'Lung Opacity': None, 'Lung Lesion': None, 'Edema': 0, 'Consolidation': 0, 'Pneumonia': None, 'Atelectasis': None, 'Pneumothorax': 0, 'Pleural Effusion': 0, 'Pleural Other': None, 'Fracture': None, 'Support Devices': None, 'No Finding': 1}"
IU_388,388,conflicting,conflicting,qualify_or_abstain,False,True,0.5,0.5,0.0,"{'Enlarged Cardiomediastinum': None, 'Cardiomegaly': 1, 'Lung Opacity': None, 'Lung Lesion': None, 'Edema': None, 'Consolidation': 0, 'Pneumonia': None, 'Atelectasis': None, 'Pneumothorax': 1, 'Pleural Effusion': 1, 'Pleural Other': None, 'Fracture': None, 'Support Devices': None, 'No Finding': None}","{'Enlarged Cardiomediastinum': None, 'Cardiomegaly': None, 'Lung Opacity': None, 'Lung Lesion': None, 'Edema': None, 'Consolidation': None, 'Pneumonia': None, 'Atelectasis': None, 'Pneumothorax': 1, 'Pleural Effusion': 0, 'Pleural Other': None, 'Fracture': None, 'Support Devices': None, 'No Finding': None}","{'Enlarged Cardiomediastinum': None, 'Cardiomegaly': None, 'Lung Opacity': None, 'Lung Lesion': None, 'Edema': None, 'Consolidation': None, 'Pneumonia': None, 'Atelectasis': None, 'Pneumothorax': 1, 'Pleural Effusion': 0, 'Pleural Other': None, 'Fracture': None, 'Support Devices': None, 'No Finding': None}"
IU_388,388,evidentiary_incomplete,sufficient,generate,False,True,0.0,0.0,0.0,"{'Enlarged Cardiomediastinum': None, 'Cardiomegaly': 1, 'Lung Opacity': None, 'Lung Lesion': None, 'Edema': None, 'Consolidation': 0, 'Pneumonia': None, 'Atelectasis': None, 'Pneumothorax': 1, 'Pleural Effusion': 1, 'Pleural Other': None, 'Fracture': None, 'Support Devices': None, 'No Finding': None}","{'Enlarged Cardiomediastinum': None, 'Cardiomegaly': None, 'Lung Opacity': None, 'Lung Lesion': None, 'Edema': None, 'Consolidation': None, 'Pneumonia': None, 'Atelectasis': None, 'Pneumothorax': 0, 'Pleural Effusion': 0, 'Pleural Other': None, 'Fracture': None, 'Support Devices': None, 'No Finding': 1}","{'Enlarged Cardiomediastinum': None, 'Cardiomegaly': None, 'Lung Opacity': None, 'Lung Lesion': None, 'Edema': None, 'Consolidation': None, 'Pneumonia': None, 'Atelectasis': None, 'Pneumothorax': 0, 'Pleural Effusion': 0, 'Pleural Other': None, 'Fracture': None, 'Support Devices': None, 'No Finding': 1}"
IU_388,388,insufficient,insufficient,abstain,True,False,0.0,0.0,0.0,"{'Enlarged Cardiomediastinum': None, 'Cardiomegaly': 1, 'Lung Opacity': None, 'Lung Lesion': None, 'Edema': None, 'Consolidation': 0, 'Pneumonia': None, 'Atelectasis': None, 'Pneumothorax': 1, 'Pleural Effusion': 1, 'Pleural Other': None, 'Fracture': None, 'Support Devices': None, 'No Finding': None}","{'Enlarged Cardiomediastinum': None, 'Cardiomegaly': None, 'Lung Opacity': None, 'Lung Lesion': None, 'Edema': 0, 'Consolidation': 0, 'Pneumonia': None, 'Atelectasis': None, 'Pneumothorax': 0, 'Pleural Effusion': 0, 'Pleural Other': None, 'Fracture': None, 'Support Devices': None, 'No Finding': 1}","{'Enlarged Cardiomediastinum': None, 'Cardiomegaly': None, 'Lung Opacity': None, 'Lung Lesion': None, 'Edema': None, 'Consolidation': None, 'Pneumonia': None, 'Atelectasis': None, 'Pneumothorax': None, 'Pleural Effusion': None, 'Pleural Other': None, 'Fracture': None, 'Support Devices': None, 'No Finding': None}"
IU_388,388,irrelevant,irrelevant,discount_context,False,True,0.0,0.0,0.0,"{'Enlarged Cardiomediastinum': None, 'Cardiomegaly': 1, 'Lung Opacity': None, 'Lung Lesion': None, 'Edema': None, 'Consolidation': 0, 'Pneumonia': None, 'Atelectasis': None, 'Pneumothorax': 1, 'Pleural Effusion': 1, 'Pleural Other': None, 'Fracture': None, 'Support Devices': None, 'No Finding': None}","{'Enlarged Cardiomediastinum': None, 'Cardiomegaly': None, 'Lung Opacity': None, 'Lung Lesion': None, 'Edema': None, 'Consolidation': None, 'Pneumonia': None, 'Atelectasis': None, 'Pneumothorax': None, 'Pleural Effusion': None, 'Pleural Other': None, 'Fracture': None, 'Support Devices': None, 'No Finding': 1}","{'Enlarged Cardiomediastinum': None, 'Cardiomegaly': None, 'Lung Opacity': None, 'Lung Lesion': None, 'Edema': 0, 'Consolidation': 0, 'Pneumonia': None, 'Atelectasis': None, 'Pneumothorax': 0, 'Pleural Effusion': 0, 'Pleural Other': None, 'Fracture': None, 'Support Devices': None, 'No Finding': 1}"
IU_388,388,sufficient,sufficient,generate,False,True,0.0,0.0,0.0,"{'Enlarged Cardiomediastinum': None, 'Cardiomegaly': 1, 'Lung Opacity': None, 'Lung Lesion': None, 'Edema': None, 'Consolidation': 0, 'Pneumonia': None, 'Atelectasis': None, 'Pneumothorax': 1, 'Pleural Effusion': 1, 'Pleural Other': None, 'Fracture': None, 'Support Devices': None, 'No Finding': None}","{'Enlarged Cardiomediastinum': None, 'Cardiomegaly': None, 'Lung Opacity': 0, 'Lung Lesion': None, 'Edema': None, 'Consolidation': None, 'Pneumonia': None, 'Atelectasis': None, 'Pneumothorax': None, 'Pleural Effusion': 0, 'Pleural Other': None, 'Fracture': None, 'Support Devices': None, 'No Finding': 1}","{'Enlarged Cardiomediastinum': None, 'Cardiomegaly': None, 'Lung Opacity': 0, 'Lung Lesion': None, 'Edema': None, 'Consolidation': None, 'Pneumonia': None, 'Atelectasis': None, 'Pneumothorax': None, 'Pleural Effusion': 0, 'Pleural Other': None, 'Fracture': None, 'Support Devices': None, 'No Finding': 1}"
IU_388,388,syntactic_incomplete,incomplete,qualify,False,True,0.0,0.0,0.0,"{'Enlarged Cardiomediastinum': None, 'Cardiomegaly': 1, 'Lung Opacity': None, 'Lung Lesion': None, 'Edema': None, 'Consolidation': 0, 'Pneumonia': None, 'Atelectasis': None, 'Pneumothorax': 1, 'Pleural Effusion': 1, 'Pleural Other': None, 'Fracture': None, 'Support Devices': None, 'No Finding': None}","{'Enlarged Cardiomediastinum': None, 'Cardiomegaly': None, 'Lung Opacity': None, 'Lung Lesion': None, 'Edema': 0, 'Consolidation': 0, 'Pneumonia': None, 'Atelectasis': None, 'Pneumothorax': 0, 'Pleural Effusion': 0, 'Pleural Other': None, 'Fracture': None, 'Support Devices': None, 'No Finding': 1}","{'Enlarged Cardiomediastinum': None, 'Cardiomegaly': None, 'Lung Opacity': None, 'Lung Lesion': None, 'Edema': 0, 'Consolidation': 0, 'Pneumonia': None, 'Atelectasis': None, 'Pneumothorax': 0, 'Pleural Effusion': 0, 'Pleural Other': None, 'Fracture': None, 'Support Devices': None, 'No Finding': 1}"
IU_400,400,conflicting,conflicting,qualify_or_abstain,False,True,0.5,0.5,0.0,"{'Enlarged Cardiomediastinum': None, 'Cardiomegaly': None, 'Lung Opacity': None, 'Lung Lesion': 1, 'Edema': None, 'Consolidation': 0, 'Pneumonia': None, 'Atelectasis': None, 'Pneumothorax': 1, 'Pleural Effusion': 1, 'Pleural Other': None, 'Fracture': None, 'Support Devices': None, 'No Finding': 0}","{'Enlarged Cardiomediastinum': None, 'Cardiomegaly': None, 'Lung Opacity': None, 'Lung Lesion': None, 'Edema': None, 'Consolidation': 0, 'Pneumonia': None, 'Atelectasis': None, 'Pneumothorax': 1, 'Pleural Effusion': 0, 'Pleural Other': None, 'Fracture': None, 'Support Devices': None, 'No Finding': None}","{'Enlarged Cardiomediastinum': None, 'Cardiomegaly': None, 'Lung Opacity': None, 'Lung Lesion': None, 'Edema': None, 'Consolidation': 0, 'Pneumonia': None, 'Atelectasis': None, 'Pneumothorax': 1, 'Pleural Effusion': 0, 'Pleural Other': None, 'Fracture': None, 'Support Devices': None, 'No Finding': None}"
IU_400,400,evidentiary_incomplete,sufficient,generate,False,True,0.0,0.0,0.0,"{'Enlarged Cardiomediastinum': None, 'Cardiomegaly': None, 'Lung Opacity': None, 'Lung Lesion': 1, 'Edema': None, 'Consolidation': 0, 'Pneumonia': None, 'Atelectasis': None, 'Pneumothorax': 1, 'Pleural Effusion': 1, 'Pleural Other': None, 'Fracture': None, 'Support Devices': None, 'No Finding': 0}","{'Enlarged Cardiomediastinum': None, 'Cardiomegaly': None, 'Lung Opacity': None, 'Lung Lesion': None, 'Edema': None, 'Consolidation': None, 'Pneumonia': None, 'Atelectasis': None, 'Pneumothorax': None, 'Pleural Effusion': None, 'Pleural Other': None, 'Fracture': None, 'Support Devices': None, 'No Finding': None}","{'Enlarged Cardiomediastinum': None, 'Cardiomegaly': None, 'Lung Opacity': None, 'Lung Lesion': None, 'Edema': None, 'Consolidation': None, 'Pneumonia': None, 'Atelectasis': None, 'Pneumothorax': None, 'Pleural Effusion': None, 'Pleural Other': None, 'Fracture': None, 'Support Devices': None, 'No Finding': None}"
IU_400,400,insufficient,insufficient,abstain,True,False,0.0,0.0,0.0,"{'Enlarged Cardiomediastinum': None, 'Cardiomegaly': None, 'Lung Opacity': None, 'Lung Lesion': 1, 'Edema': None, 'Consolidation': 0, 'Pneumonia': None, 'Atelectasis': None, 'Pneumothorax': 1, 'Pleural Effusion': 1, 'Pleural Other': None, 'Fracture': None, 'Support Devices': None, 'No Finding': 0}","{'Enlarged Cardiomediastinum': None, 'Cardiomegaly': None, 'Lung Opacity': None, 'Lung Lesion': None, 'Edema': 0, 'Consolidation': 0, 'Pneumonia': None, 'Atelectasis': None, 'Pneumothorax': 0, 'Pleural Effusion': 0, 'Pleural Other': None, 'Fracture': None, 'Support Devices': None, 'No Finding': 1}","{'Enlarged Cardiomediastinum': None, 'Cardiomegaly': None, 'Lung Opacity': None, 'Lung Lesion': None, 'Edema': None, 'Consolidation': None, 'Pneumonia': None, 'Atelectasis': None, 'Pneumothorax': None, 'Pleural Effusion': None, 'Pleural Other': None, 'Fracture': None, 'Support Devices': None, 'No Finding': None}"
IU_400,400,irrelevant,irrelevant,discount_context,False,True,0.0,0.0,0.0,"{'Enlarged Cardiomediastinum': None, 'Cardiomegaly': None, 'Lung Opacity': None, 'Lung Lesion': 1, 'Edema': None, 'Consolidation': 0, 'Pneumonia': None, 'Atelectasis': None, 'Pneumothorax': 1, 'Pleural Effusion': 1, 'Pleural Other': None, 'Fracture': None, 'Support Devices': None, 'No Finding': 0}","{'Enlarged Cardiomediastinum': None, 'Cardiomegaly': None, 'Lung Opacity': None, 'Lung Lesion': None, 'Edema': None, 'Consolidation': None, 'Pneumonia': None, 'Atelectasis': None, 'Pneumothorax': 0, 'Pleural Effusion': 0, 'Pleural Other': None, 'Fracture': None, 'Support Devices': None, 'No Finding': 1}","{'Enlarged Cardiomediastinum': None, 'Cardiomegaly': None, 'Lung Opacity': None, 'Lung Lesion': None, 'Edema': 0, 'Consolidation': 0, 'Pneumonia': None, 'Atelectasis': None, 'Pneumothorax': 0, 'Pleural Effusion': 0, 'Pleural Other': None, 'Fracture': None, 'Support Devices': None, 'No Finding': 1}"
IU_400,400,sufficient,sufficient,generate,False,True,0.0,0.0,0.0,"{'Enlarged Cardiomediastinum': None, 'Cardiomegaly': None, 'Lung Opacity': None, 'Lung Lesion': 1, 'Edema': None, 'Consolidation': 0, 'Pneumonia': None, 'Atelectasis': None, 'Pneumothorax': 1, 'Pleural Effusion': 1, 'Pleural Other': None, 'Fracture': None, 'Support Devices': None, 'No Finding': 0}","{'Enlarged Cardiomediastinum': None, 'Cardiomegaly': None, 'Lung Opacity': None, 'Lung Lesion': None, 'Edema': None, 'Consolidation': None, 'Pneumonia': None, 'Atelectasis': None, 'Pneumothorax': None, 'Pleural Effusion': None, 'Pleural Other': None, 'Fracture': None, 'Support Devices': None, 'No Finding': None}","{'Enlarged Cardiomediastinum': None, 'Cardiomegaly': None, 'Lung Opacity': None, 'Lung Lesion': None, 'Edema': None, 'Consolidation': None, 'Pneumonia': None, 'Atelectasis': None, 'Pneumothorax': None, 'Pleural Effusion': None, 'Pleural Other': None, 'Fracture': None, 'Support Devices': None, 'No Finding': None}"
IU_400,400,syntactic_incomplete,incomplete,qualify,False,True,0.0,0.0,0.0,"{'Enlarged Cardiomediastinum': None, 'Cardiomegaly': None, 'Lung Opacity': None, 'Lung Lesion': 1, 'Edema': None, 'Consolidation': 0, 'Pneumonia': None, 'Atelectasis': None, 'Pneumothorax': 1, 'Pleural Effusion': 1, 'Pleural Other': None, 'Fracture': None, 'Support Devices': None, 'No Finding': 0}","{'Enlarged Cardiomediastinum': None, 'Cardiomegaly': None, 'Lung Opacity': None, 'Lung Lesion': None, 'Edema': None, 'Consolidation': None, 'Pneumonia': None, 'Atelectasis': None, 'Pneumothorax': None, 'Pleural Effusion': None, 'Pleural Other': None, 'Fracture': None, 'Support Devices': None, 'No Finding': None}","{'Enlarged Cardiomediastinum': None, 'Cardiomegaly': None, 'Lung Opacity': None, 'Lung Lesion': None, 'Edema': 0, 'Consolidation': 0, 'Pneumonia': None, 'Atelectasis': None, 'Pneumothorax': 0, 'Pleural Effusion': 0, 'Pleural Other': None, 'Fracture': None, 'Support Devices': None, 'No Finding': 1}"
IU_417,417,conflicting,conflicting,qualify_or_abstain,False,True,0.0,0.0,0.0,"{'Enlarged Cardiomediastinum': None, 'Cardiomegaly': None, 'Lung Opacity': None, 'Lung Lesion': 1, 'Edema': None, 'Consolidation': 1, 'Pneumonia': None, 'Atelectasis': None, 'Pneumothorax': 0, 'Pleural Effusion': 0, 'Pleural Other': None, 'Fracture': None, 'Support Devices': 1, 'No Finding': 1}","{'Enlarged Cardiomediastinum': None, 'Cardiomegaly': None, 'Lung Opacity': None, 'Lung Lesion': None, 'Edema': None, 'Consolidation': 0, 'Pneumonia': None, 'Atelectasis': None, 'Pneumothorax': 1, 'Pleural Effusion': 0, 'Pleural Other': None, 'Fracture': None, 'Support Devices': None, 'No Finding': None}","{'Enlarged Cardiomediastinum': None, 'Cardiomegaly': None, 'Lung Opacity': None, 'Lung Lesion': None, 'Edema': None, 'Consolidation': 0, 'Pneumonia': None, 'Atelectasis': None, 'Pneumothorax': 1, 'Pleural Effusion': 0, 'Pleural Other': None, 'Fracture': None, 'Support Devices': None, 'No Finding': None}"
IU_417,417,evidentiary_incomplete,sufficient,generate,False,True,0.3333,0.3333,0.0,"{'Enlarged Cardiomediastinum': None, 'Cardiomegaly': None, 'Lung Opacity': None, 'Lung Lesion': 1, 'Edema': None, 'Consolidation': 1, 'Pneumonia': None, 'Atelectasis': None, 'Pneumothorax': 0, 'Pleural Effusion': 0, 'Pleural Other': None, 'Fracture': None, 'Support Devices': 1, 'No Finding': 1}","{'Enlarged Cardiomediastinum': None, 'Cardiomegaly': None, 'Lung Opacity': None, 'Lung Lesion': None, 'Edema': None, 'Consolidation': 0, 'Pneumonia': None, 'Atelectasis': None, 'Pneumothorax': 1, 'Pleural Effusion': 0, 'Pleural Other': None, 'Fracture': None, 'Support Devices': None, 'No Finding': 1}","{'Enlarged Cardiomediastinum': None, 'Cardiomegaly': None, 'Lung Opacity': None, 'Lung Lesion': None, 'Edema': None, 'Consolidation': 0, 'Pneumonia': None, 'Atelectasis': None, 'Pneumothorax': 1, 'Pleural Effusion': 0, 'Pleural Other': None, 'Fracture': None, 'Support Devices': None, 'No Finding': 1}"
IU_417,417,insufficient,insufficient,abstain,True,False,0.4,0.0,-0.4,"{'Enlarged Cardiomediastinum': None, 'Cardiomegaly': None, 'Lung Opacity': None, 'Lung Lesion': 1, 'Edema': None, 'Consolidation': 1, 'Pneumonia': None, 'Atelectasis': None, 'Pneumothorax': 0, 'Pleural Effusion': 0, 'Pleural Other': None, 'Fracture': None, 'Support Devices': 1, 'No Finding': 1}","{'Enlarged Cardiomediastinum': None, 'Cardiomegaly': None, 'Lung Opacity': None, 'Lung Lesion': None, 'Edema': 0, 'Consolidation': 0, 'Pneumonia': None, 'Atelectasis': None, 'Pneumothorax': 0, 'Pleural Effusion': 0, 'Pleural Other': None, 'Fracture': None, 'Support Devices': None, 'No Finding': 1}","{'Enlarged Cardiomediastinum': None, 'Cardiomegaly': None, 'Lung Opacity': None, 'Lung Lesion': None, 'Edema': None, 'Consolidation': None, 'Pneumonia': None, 'Atelectasis': None, 'Pneumothorax': None, 'Pleural Effusion': None, 'Pleural Other': None, 'Fracture': None, 'Support Devices': None, 'No Finding': None}"
IU_417,417,irrelevant,irrelevant,discount_context,False,True,0.4,0.4,0.0,"{'Enlarged Cardiomediastinum': None, 'Cardiomegaly': None, 'Lung Opacity': None, 'Lung Lesion': 1, 'Edema': None, 'Consolidation': 1, 'Pneumonia': None, 'Atelectasis': None, 'Pneumothorax': 0, 'Pleural Effusion': 0, 'Pleural Other': None, 'Fracture': None, 'Support Devices': 1, 'No Finding': 1}","{'Enlarged Cardiomediastinum': None, 'Cardiomegaly': None, 'Lung Opacity': None, 'Lung Lesion': None, 'Edema': None, 'Consolidation': None, 'Pneumonia': None, 'Atelectasis': None, 'Pneumothorax': 0, 'Pleural Effusion': 0, 'Pleural Other': None, 'Fracture': None, 'Support Devices': None, 'No Finding': 1}","{'Enlarged Cardiomediastinum': None, 'Cardiomegaly': None, 'Lung Opacity': None, 'Lung Lesion': None, 'Edema': 0, 'Consolidation': 0, 'Pneumonia': None, 'Atelectasis': None, 'Pneumothorax': 0, 'Pleural Effusion': 0, 'Pleural Other': None, 'Fracture': None, 'Support Devices': None, 'No Finding': 1}"
IU_417,417,sufficient,sufficient,generate,False,True,0.3333,0.3333,0.0,"{'Enlarged Cardiomediastinum': None, 'Cardiomegaly': None, 'Lung Opacity': None, 'Lung Lesion': 1, 'Edema': None, 'Consolidation': 1, 'Pneumonia': None, 'Atelectasis': None, 'Pneumothorax': 0, 'Pleural Effusion': 0, 'Pleural Other': None, 'Fracture': None, 'Support Devices': 1, 'No Finding': 1}","{'Enlarged Cardiomediastinum': None, 'Cardiomegaly': None, 'Lung Opacity': None, 'Lung Lesion': None, 'Edema': None, 'Consolidation': 0, 'Pneumonia': None, 'Atelectasis': None, 'Pneumothorax': 1, 'Pleural Effusion': 0, 'Pleural Other': None, 'Fracture': None, 'Support Devices': None, 'No Finding': 1}","{'Enlarged Cardiomediastinum': None, 'Cardiomegaly': None, 'Lung Opacity': None, 'Lung Lesion': None, 'Edema': None, 'Consolidation': 0, 'Pneumonia': None, 'Atelectasis': None, 'Pneumothorax': 1, 'Pleural Effusion': 0, 'Pleural Other': None, 'Fracture': None, 'Support Devices': None, 'No Finding': 1}"
IU_417,417,syntactic_incomplete,incomplete,qualify,False,True,0.4,0.4,0.0,"{'Enlarged Cardiomediastinum': None, 'Cardiomegaly': None, 'Lung Opacity': None, 'Lung Lesion': 1, 'Edema': None, 'Consolidation': 1, 'Pneumonia': None, 'Atelectasis': None, 'Pneumothorax': 0, 'Pleural Effusion': 0, 'Pleural Other': None, 'Fracture': None, 'Support Devices': 1, 'No Finding': 1}","{'Enlarged Cardiomediastinum': None, 'Cardiomegaly': None, 'Lung Opacity': None, 'Lung Lesion': None, 'Edema': None, 'Consolidation': None, 'Pneumonia': None, 'Atelectasis': None, 'Pneumothorax': 0, 'Pleural Effusion': 0, 'Pleural Other': None, 'Fracture': None, 'Support Devices': None, 'No Finding': 1}","{'Enlarged Cardiomediastinum': None, 'Cardiomegaly': None, 'Lung Opacity': None, 'Lung Lesion': None, 'Edema': 0, 'Consolidation': 0, 'Pneumonia': None, 'Atelectasis': None, 'Pneumothorax': 0, 'Pleural Effusion': 0, 'Pleural Other': None, 'Fracture': None, 'Support Devices': None, 'No Finding': 1}"
IU_437,437,conflicting,conflicting,qualify_or_abstain,False,True,0.0,0.0,0.0,"{'Enlarged Cardiomediastinum': None, 'Cardiomegaly': 1, 'Lung Opacity': None, 'Lung Lesion': None, 'Edema': None, 'Consolidation': 0, 'Pneumonia': None, 'Atelectasis': None, 'Pneumothorax': 0, 'Pleural Effusion': 0, 'Pleural Other': None, 'Fracture': None, 'Support Devices': 1, 'No Finding': None}","{'Enlarged Cardiomediastinum': None, 'Cardiomegaly': None, 'Lung Opacity': None, 'Lung Lesion': None, 'Edema': None, 'Consolidation': None, 'Pneumonia': None, 'Atelectasis': None, 'Pneumothorax': 1, 'Pleural Effusion': 0, 'Pleural Other': None, 'Fracture': None, 'Support Devices': None, 'No Finding': None}","{'Enlarged Cardiomediastinum': None, 'Cardiomegaly': None, 'Lung Opacity': None, 'Lung Lesion': None, 'Edema': None, 'Consolidation': None, 'Pneumonia': None, 'Atelectasis': None, 'Pneumothorax': 1, 'Pleural Effusion': 0, 'Pleural Other': None, 'Fracture': None, 'Support Devices': None, 'No Finding': None}"
IU_437,437,evidentiary_incomplete,sufficient,generate,False,True,0.0,0.0,0.0,"{'Enlarged Cardiomediastinum': None, 'Cardiomegaly': 1, 'Lung Opacity': None, 'Lung Lesion': None, 'Edema': None, 'Consolidation': 0, 'Pneumonia': None, 'Atelectasis': None, 'Pneumothorax': 0, 'Pleural Effusion': 0, 'Pleural Other': None, 'Fracture': None, 'Support Devices': 1, 'No Finding': None}","{'Enlarged Cardiomediastinum': None, 'Cardiomegaly': None, 'Lung Opacity': None, 'Lung Lesion': None, 'Edema': None, 'Consolidation': 0, 'Pneumonia': None, 'Atelectasis': None, 'Pneumothorax': 0, 'Pleural Effusion': 1, 'Pleural Other': None, 'Fracture': None, 'Support Devices': None, 'No Finding': 1}","{'Enlarged Cardiomediastinum': None, 'Cardiomegaly': None, 'Lung Opacity': None, 'Lung Lesion': None, 'Edema': None, 'Consolidation': 0, 'Pneumonia': None, 'Atelectasis': None, 'Pneumothorax': 0, 'Pleural Effusion': 1, 'Pleural Other': None, 'Fracture': None, 'Support Devices': None, 'No Finding': 1}"
IU_437,437,insufficient,insufficient,abstain,True,False,0.0,0.0,0.0,"{'Enlarged Cardiomediastinum': None, 'Cardiomegaly': 1, 'Lung Opacity': None, 'Lung Lesion': None, 'Edema': None, 'Consolidation': 0, 'Pneumonia': None, 'Atelectasis': None, 'Pneumothorax': 0, 'Pleural Effusion': 0, 'Pleural Other': None, 'Fracture': None, 'Support Devices': 1, 'No Finding': None}","{'Enlarged Cardiomediastinum': None, 'Cardiomegaly': None, 'Lung Opacity': None, 'Lung Lesion': None, 'Edema': None, 'Consolidation': 0, 'Pneumonia': None, 'Atelectasis': None, 'Pneumothorax': 0, 'Pleural Effusion': 1, 'Pleural Other': None, 'Fracture': None, 'Support Devices': None, 'No Finding': 1}","{'Enlarged Cardiomediastinum': None, 'Cardiomegaly': None, 'Lung Opacity': None, 'Lung Lesion': None, 'Edema': None, 'Consolidation': None, 'Pneumonia': None, 'Atelectasis': None, 'Pneumothorax': None, 'Pleural Effusion': None, 'Pleural Other': None, 'Fracture': None, 'Support Devices': None, 'No Finding': None}"
IU_437,437,irrelevant,irrelevant,discount_context,False,True,0.0,0.0,0.0,"{'Enlarged Cardiomediastinum': None, 'Cardiomegaly': 1, 'Lung Opacity': None, 'Lung Lesion': None, 'Edema': None, 'Consolidation': 0, 'Pneumonia': None, 'Atelectasis': None, 'Pneumothorax': 0, 'Pleural Effusion': 0, 'Pleural Other': None, 'Fracture': None, 'Support Devices': 1, 'No Finding': None}","{'Enlarged Cardiomediastinum': None, 'Cardiomegaly': None, 'Lung Opacity': None, 'Lung Lesion': None, 'Edema': None, 'Consolidation': None, 'Pneumonia': None, 'Atelectasis': None, 'Pneumothorax': 0, 'Pleural Effusion': 0, 'Pleural Other': None, 'Fracture': None, 'Support Devices': None, 'No Finding': 1}","{'Enlarged Cardiomediastinum': None, 'Cardiomegaly': None, 'Lung Opacity': None, 'Lung Lesion': None, 'Edema': None, 'Consolidation': 0, 'Pneumonia': None, 'Atelectasis': None, 'Pneumothorax': 0, 'Pleural Effusion': 1, 'Pleural Other': None, 'Fracture': None, 'Support Devices': None, 'No Finding': 1}"
IU_437,437,sufficient,sufficient,generate,False,True,0.0,0.0,0.0,"{'Enlarged Cardiomediastinum': None, 'Cardiomegaly': 1, 'Lung Opacity': None, 'Lung Lesion': None, 'Edema': None, 'Consolidation': 0, 'Pneumonia': None, 'Atelectasis': None, 'Pneumothorax': 0, 'Pleural Effusion': 0, 'Pleural Other': None, 'Fracture': None, 'Support Devices': 1, 'No Finding': None}","{'Enlarged Cardiomediastinum': None, 'Cardiomegaly': None, 'Lung Opacity': None, 'Lung Lesion': 1, 'Edema': None, 'Consolidation': 0, 'Pneumonia': None, 'Atelectasis': None, 'Pneumothorax': 1, 'Pleural Effusion': 0, 'Pleural Other': None, 'Fracture': None, 'Support Devices': None, 'No Finding': 1}","{'Enlarged Cardiomediastinum': None, 'Cardiomegaly': None, 'Lung Opacity': None, 'Lung Lesion': 1, 'Edema': None, 'Consolidation': 0, 'Pneumonia': None, 'Atelectasis': None, 'Pneumothorax': 1, 'Pleural Effusion': 0, 'Pleural Other': None, 'Fracture': None, 'Support Devices': None, 'No Finding': 1}"
IU_437,437,syntactic_incomplete,incomplete,qualify,False,True,0.0,0.0,0.0,"{'Enlarged Cardiomediastinum': None, 'Cardiomegaly': 1, 'Lung Opacity': None, 'Lung Lesion': None, 'Edema': None, 'Consolidation': 0, 'Pneumonia': None, 'Atelectasis': None, 'Pneumothorax': 0, 'Pleural Effusion': 0, 'Pleural Other': None, 'Fracture': None, 'Support Devices': 1, 'No Finding': None}","{'Enlarged Cardiomediastinum': None, 'Cardiomegaly': None, 'Lung Opacity': None, 'Lung Lesion': None, 'Edema': None, 'Consolidation': 0, 'Pneumonia': None, 'Atelectasis': None, 'Pneumothorax': 1, 'Pleural Effusion': 0, 'Pleural Other': None, 'Fracture': None, 'Support Devices': None, 'No Finding': 1}","{'Enlarged Cardiomediastinum': None, 'Cardiomegaly': None, 'Lung Opacity': None, 'Lung Lesion': None, 'Edema': None, 'Consolidation': 0, 'Pneumonia': None, 'Atelectasis': None, 'Pneumothorax': 0, 'Pleural Effusion': 1, 'Pleural Other': None, 'Fracture': None, 'Support Devices': None, 'No Finding': 1}"
IU_44,44,conflicting,conflicting,qualify_or_abstain,False,True,0.0,0.0,0.0,"{'Enlarged Cardiomediastinum': None, 'Cardiomegaly': None, 'Lung Opacity': 0, 'Lung Lesion': None, 'Edema': None, 'Consolidation': None, 'Pneumonia': 1, 'Atelectasis': None, 'Pneumothorax': 0, 'Pleural Effusion': 0, 'Pleural Other': None, 'Fracture': None, 'Support Devices': None, 'No Finding': None}","{'Enlarged Cardiomediastinum': None, 'Cardiomegaly': None, 'Lung Opacity': None, 'Lung Lesion': None, 'Edema': None, 'Consolidation': 0, 'Pneumonia': None, 'Atelectasis': None, 'Pneumothorax': 1, 'Pleural Effusion': 0, 'Pleural Other': None, 'Fracture': None, 'Support Devices': None, 'No Finding': None}","{'Enlarged Cardiomediastinum': None, 'Cardiomegaly': None, 'Lung Opacity': None, 'Lung Lesion': None, 'Edema': None, 'Consolidation': 0, 'Pneumonia': None, 'Atelectasis': None, 'Pneumothorax': 1, 'Pleural Effusion': 0, 'Pleural Other': None, 'Fracture': None, 'Support Devices': None, 'No Finding': None}"
IU_44,44,evidentiary_incomplete,sufficient,generate,False,True,0.0,0.0,0.0,"{'Enlarged Cardiomediastinum': None, 'Cardiomegaly': None, 'Lung Opacity': 0, 'Lung Lesion': None, 'Edema': None, 'Consolidation': None, 'Pneumonia': 1, 'Atelectasis': None, 'Pneumothorax': 0, 'Pleural Effusion': 0, 'Pleural Other': None, 'Fracture': None, 'Support Devices': None, 'No Finding': None}","{'Enlarged Cardiomediastinum': None, 'Cardiomegaly': None, 'Lung Opacity': None, 'Lung Lesion': None, 'Edema': None, 'Consolidation': None, 'Pneumonia': None, 'Atelectasis': None, 'Pneumothorax': 0, 'Pleural Effusion': 0, 'Pleural Other': None, 'Fracture': None, 'Support Devices': None, 'No Finding': 1}","{'Enlarged Cardiomediastinum': None, 'Cardiomegaly': None, 'Lung Opacity': None, 'Lung Lesion': None, 'Edema': None, 'Consolidation': None, 'Pneumonia': None, 'Atelectasis': None, 'Pneumothorax': 0, 'Pleural Effusion': 0, 'Pleural Other': None, 'Fracture': None, 'Support Devices': None, 'No Finding': 1}"
IU_44,44,insufficient,insufficient,abstain,True,False,0.0,0.0,0.0,"{'Enlarged Cardiomediastinum': None, 'Cardiomegaly': None, 'Lung Opacity': 0, 'Lung Lesion': None, 'Edema': None, 'Consolidation': None, 'Pneumonia': 1, 'Atelectasis': None, 'Pneumothorax': 0, 'Pleural Effusion': 0, 'Pleural Other': None, 'Fracture': None, 'Support Devices': None, 'No Finding': None}","{'Enlarged Cardiomediastinum': None, 'Cardiomegaly': None, 'Lung Opacity': None, 'Lung Lesion': None, 'Edema': 0, 'Consolidation': 0, 'Pneumonia': None, 'Atelectasis': None, 'Pneumothorax': 0, 'Pleural Effusion': 0, 'Pleural Other': None, 'Fracture': None, 'Support Devices': None, 'No Finding': 1}","{'Enlarged Cardiomediastinum': None, 'Cardiomegaly': None, 'Lung Opacity': None, 'Lung Lesion': None, 'Edema': None, 'Consolidation': None, 'Pneumonia': None, 'Atelectasis': None, 'Pneumothorax': None, 'Pleural Effusion': None, 'Pleural Other': None, 'Fracture': None, 'Support Devices': None, 'No Finding': None}"
IU_44,44,irrelevant,irrelevant,discount_context,False,True,0.0,0.0,0.0,"{'Enlarged Cardiomediastinum': None, 'Cardiomegaly': None, 'Lung Opacity': 0, 'Lung Lesion': None, 'Edema': None, 'Consolidation': None, 'Pneumonia': 1, 'Atelectasis': None, 'Pneumothorax': 0, 'Pleural Effusion': 0, 'Pleural Other': None, 'Fracture': None, 'Support Devices': None, 'No Finding': None}","{'Enlarged Cardiomediastinum': None, 'Cardiomegaly': None, 'Lung Opacity': None, 'Lung Lesion': None, 'Edema': None, 'Consolidation': 0, 'Pneumonia': None, 'Atelectasis': None, 'Pneumothorax': 1, 'Pleural Effusion': 0, 'Pleural Other': None, 'Fracture': None, 'Support Devices': None, 'No Finding': 1}","{'Enlarged Cardiomediastinum': None, 'Cardiomegaly': None, 'Lung Opacity': None, 'Lung Lesion': None, 'Edema': 0, 'Consolidation': 0, 'Pneumonia': None, 'Atelectasis': None, 'Pneumothorax': 0, 'Pleural Effusion': 0, 'Pleural Other': None, 'Fracture': None, 'Support Devices': None, 'No Finding': 1}"
IU_44,44,sufficient,sufficient,generate,False,True,0.0,0.0,0.0,"{'Enlarged Cardiomediastinum': None, 'Cardiomegaly': None, 'Lung Opacity': 0, 'Lung Lesion': None, 'Edema': None, 'Consolidation': None, 'Pneumonia': 1, 'Atelectasis': None, 'Pneumothorax': 0, 'Pleural Effusion': 0, 'Pleural Other': None, 'Fracture': None, 'Support Devices': None, 'No Finding': None}","{'Enlarged Cardiomediastinum': None, 'Cardiomegaly': None, 'Lung Opacity': None, 'Lung Lesion': None, 'Edema': None, 'Consolidation': None, 'Pneumonia': None, 'Atelectasis': None, 'Pneumothorax': None, 'Pleural Effusion': None, 'Pleural Other': None, 'Fracture': None, 'Support Devices': None, 'No Finding': 1}","{'Enlarged Cardiomediastinum': None, 'Cardiomegaly': None, 'Lung Opacity': None, 'Lung Lesion': None, 'Edema': None, 'Consolidation': None, 'Pneumonia': None, 'Atelectasis': None, 'Pneumothorax': None, 'Pleural Effusion': None, 'Pleural Other': None, 'Fracture': None, 'Support Devices': None, 'No Finding': 1}"
IU_44,44,syntactic_incomplete,incomplete,qualify,False,True,0.0,0.0,0.0,"{'Enlarged Cardiomediastinum': None, 'Cardiomegaly': None, 'Lung Opacity': 0, 'Lung Lesion': None, 'Edema': None, 'Consolidation': None, 'Pneumonia': 1, 'Atelectasis': None, 'Pneumothorax': 0, 'Pleural Effusion': 0, 'Pleural Other': None, 'Fracture': None, 'Support Devices': None, 'No Finding': None}","{'Enlarged Cardiomediastinum': None, 'Cardiomegaly': None, 'Lung Opacity': None, 'Lung Lesion': None, 'Edema': None, 'Consolidation': None, 'Pneumonia': None, 'Atelectasis': None, 'Pneumothorax': 0, 'Pleural Effusion': 0, 'Pleural Other': None, 'Fracture': None, 'Support Devices': None, 'No Finding': 1}","{'Enlarged Cardiomediastinum': None, 'Cardiomegaly': None, 'Lung Opacity': None, 'Lung Lesion': None, 'Edema': 0, 'Consolidation': 0, 'Pneumonia': None, 'Atelectasis': None, 'Pneumothorax': 0, 'Pleural Effusion': 0, 'Pleural Other': None, 'Fracture': None, 'Support Devices': None, 'No Finding': 1}"
IU_451,451,conflicting,conflicting,qualify_or_abstain,False,True,0.0,0.0,0.0,"{'Enlarged Cardiomediastinum': None, 'Cardiomegaly': None, 'Lung Opacity': None, 'Lung Lesion': None, 'Edema': None, 'Consolidation': None, 'Pneumonia': None, 'Atelectasis': None, 'Pneumothorax': None, 'Pleural Effusion': 0, 'Pleural Other': None, 'Fracture': 1, 'Support Devices': None, 'No Finding': None}","{'Enlarged Cardiomediastinum': None, 'Cardiomegaly': None, 'Lung Opacity': None, 'Lung Lesion': None, 'Edema': None, 'Consolidation': 0, 'Pneumonia': None, 'Atelectasis': None, 'Pneumothorax': 1, 'Pleural Effusion': 1, 'Pleural Other': None, 'Fracture': None, 'Support Devices': None, 'No Finding': None}","{'Enlarged Cardiomediastinum': None, 'Cardiomegaly': None, 'Lung Opacity': None, 'Lung Lesion': None, 'Edema': None, 'Consolidation': 0, 'Pneumonia': None, 'Atelectasis': None, 'Pneumothorax': 1, 'Pleural Effusion': 1, 'Pleural Other': None, 'Fracture': None, 'Support Devices': None, 'No Finding': None}"
IU_451,451,evidentiary_incomplete,sufficient,generate,False,True,0.0,0.0,0.0,"{'Enlarged Cardiomediastinum': None, 'Cardiomegaly': None, 'Lung Opacity': None, 'Lung Lesion': None, 'Edema': None, 'Consolidation': None, 'Pneumonia': None, 'Atelectasis': None, 'Pneumothorax': None, 'Pleural Effusion': 0, 'Pleural Other': None, 'Fracture': 1, 'Support Devices': None, 'No Finding': None}","{'Enlarged Cardiomediastinum': None, 'Cardiomegaly': None, 'Lung Opacity': None, 'Lung Lesion': None, 'Edema': None, 'Consolidation': 0, 'Pneumonia': None, 'Atelectasis': None, 'Pneumothorax': 1, 'Pleural Effusion': 0, 'Pleural Other': None, 'Fracture': None, 'Support Devices': None, 'No Finding': 1}","{'Enlarged Cardiomediastinum': None, 'Cardiomegaly': None, 'Lung Opacity': None, 'Lung Lesion': None, 'Edema': None, 'Consolidation': 0, 'Pneumonia': None, 'Atelectasis': None, 'Pneumothorax': 1, 'Pleural Effusion': 0, 'Pleural Other': None, 'Fracture': None, 'Support Devices': None, 'No Finding': 1}"
IU_451,451,insufficient,insufficient,abstain,True,False,0.0,0.0,0.0,"{'Enlarged Cardiomediastinum': None, 'Cardiomegaly': None, 'Lung Opacity': None, 'Lung Lesion': None, 'Edema': None, 'Consolidation': None, 'Pneumonia': None, 'Atelectasis': None, 'Pneumothorax': None, 'Pleural Effusion': 0, 'Pleural Other': None, 'Fracture': 1, 'Support Devices': None, 'No Finding': None}","{'Enlarged Cardiomediastinum': None, 'Cardiomegaly': None, 'Lung Opacity': None, 'Lung Lesion': None, 'Edema': 0, 'Consolidation': 0, 'Pneumonia': None, 'Atelectasis': None, 'Pneumothorax': 0, 'Pleural Effusion': 0, 'Pleural Other': None, 'Fracture': None, 'Support Devices': None, 'No Finding': 1}","{'Enlarged Cardiomediastinum': None, 'Cardiomegaly': None, 'Lung Opacity': None, 'Lung Lesion': None, 'Edema': None, 'Consolidation': None, 'Pneumonia': None, 'Atelectasis': None, 'Pneumothorax': None, 'Pleural Effusion': None, 'Pleural Other': None, 'Fracture': None, 'Support Devices': None, 'No Finding': None}"
IU_451,451,irrelevant,irrelevant,discount_context,False,True,0.0,0.0,0.0,"{'Enlarged Cardiomediastinum': None, 'Cardiomegaly': None, 'Lung Opacity': None, 'Lung Lesion': None, 'Edema': None, 'Consolidation': None, 'Pneumonia': None, 'Atelectasis': None, 'Pneumothorax': None, 'Pleural Effusion': 0, 'Pleural Other': None, 'Fracture': 1, 'Support Devices': None, 'No Finding': None}","{'Enlarged Cardiomediastinum': None, 'Cardiomegaly': None, 'Lung Opacity': None, 'Lung Lesion': None, 'Edema': None, 'Consolidation': 0, 'Pneumonia': None, 'Atelectasis': None, 'Pneumothorax': 1, 'Pleural Effusion': 0, 'Pleural Other': None, 'Fracture': None, 'Support Devices': None, 'No Finding': 1}","{'Enlarged Cardiomediastinum': None, 'Cardiomegaly': None, 'Lung Opacity': None, 'Lung Lesion': None, 'Edema': 0, 'Consolidation': 0, 'Pneumonia': None, 'Atelectasis': None, 'Pneumothorax': 0, 'Pleural Effusion': 0, 'Pleural Other': None, 'Fracture': None, 'Support Devices': None, 'No Finding': 1}"
IU_451,451,sufficient,sufficient,generate,False,True,0.0,0.0,0.0,"{'Enlarged Cardiomediastinum': None, 'Cardiomegaly': None, 'Lung Opacity': None, 'Lung Lesion': None, 'Edema': None, 'Consolidation': None, 'Pneumonia': None, 'Atelectasis': None, 'Pneumothorax': None, 'Pleural Effusion': 0, 'Pleural Other': None, 'Fracture': 1, 'Support Devices': None, 'No Finding': None}","{'Enlarged Cardiomediastinum': None, 'Cardiomegaly': None, 'Lung Opacity': None, 'Lung Lesion': None, 'Edema': None, 'Consolidation': 0, 'Pneumonia': None, 'Atelectasis': None, 'Pneumothorax': 1, 'Pleural Effusion': 0, 'Pleural Other': None, 'Fracture': None, 'Support Devices': None, 'No Finding': 1}","{'Enlarged Cardiomediastinum': None, 'Cardiomegaly': None, 'Lung Opacity': None, 'Lung Lesion': None, 'Edema': None, 'Consolidation': 0, 'Pneumonia': None, 'Atelectasis': None, 'Pneumothorax': 1, 'Pleural Effusion': 0, 'Pleural Other': None, 'Fracture': None, 'Support Devices': None, 'No Finding': 1}"
IU_451,451,syntactic_incomplete,incomplete,qualify,False,True,0.0,0.0,0.0,"{'Enlarged Cardiomediastinum': None, 'Cardiomegaly': None, 'Lung Opacity': None, 'Lung Lesion': None, 'Edema': None, 'Consolidation': None, 'Pneumonia': None, 'Atelectasis': None, 'Pneumothorax': None, 'Pleural Effusion': 0, 'Pleural Other': None, 'Fracture': 1, 'Support Devices': None, 'No Finding': None}","{'Enlarged Cardiomediastinum': None, 'Cardiomegaly': None, 'Lung Opacity': None, 'Lung Lesion': None, 'Edema': None, 'Consolidation': None, 'Pneumonia': None, 'Atelectasis': None, 'Pneumothorax': 0, 'Pleural Effusion': 0, 'Pleural Other': None, 'Fracture': None, 'Support Devices': None, 'No Finding': None}","{'Enlarged Cardiomediastinum': None, 'Cardiomegaly': None, 'Lung Opacity': None, 'Lung Lesion': None, 'Edema': 0, 'Consolidation': 0, 'Pneumonia': None, 'Atelectasis': None, 'Pneumothorax': 0, 'Pleural Effusion': 0, 'Pleural Other': None, 'Fracture': None, 'Support Devices': None, 'No Finding': 1}"
IU_458,458,conflicting,conflicting,qualify_or_abstain,False,True,0.4,0.4,0.0,"{'Enlarged Cardiomediastinum': None, 'Cardiomegaly': None, 'Lung Opacity': None, 'Lung Lesion': 1, 'Edema': None, 'Consolidation': None, 'Pneumonia': None, 'Atelectasis': None, 'Pneumothorax': None, 'Pleural Effusion': None, 'Pleural Other': None, 'Fracture': None, 'Support Devices': None, 'No Finding': 1}","{'Enlarged Cardiomediastinum': None, 'Cardiomegaly': None, 'Lung Opacity': None, 'Lung Lesion': None, 'Edema': None, 'Consolidation': 0, 'Pneumonia': 1, 'Atelectasis': None, 'Pneumothorax': 1, 'Pleural Effusion': 0, 'Pleural Other': None, 'Fracture': None, 'Support Devices': None, 'No Finding': 1}","{'Enlarged Cardiomediastinum': None, 'Cardiomegaly': None, 'Lung Opacity': None, 'Lung Lesion': None, 'Edema': None, 'Consolidation': 0, 'Pneumonia': 1, 'Atelectasis': None, 'Pneumothorax': 1, 'Pleural Effusion': 0, 'Pleural Other': None, 'Fracture': None, 'Support Devices': None, 'No Finding': 1}"
IU_458,458,evidentiary_incomplete,sufficient,generate,False,True,0.0,0.0,0.0,"{'Enlarged Cardiomediastinum': None, 'Cardiomegaly': None, 'Lung Opacity': None, 'Lung Lesion': 1, 'Edema': None, 'Consolidation': None, 'Pneumonia': None, 'Atelectasis': None, 'Pneumothorax': None, 'Pleural Effusion': None, 'Pleural Other': None, 'Fracture': None, 'Support Devices': None, 'No Finding': 1}","{'Enlarged Cardiomediastinum': None, 'Cardiomegaly': None, 'Lung Opacity': None, 'Lung Lesion': None, 'Edema': None, 'Consolidation': None, 'Pneumonia': None, 'Atelectasis': None, 'Pneumothorax': 0, 'Pleural Effusion': 0, 'Pleural Other': None, 'Fracture': None, 'Support Devices': None, 'No Finding': None}","{'Enlarged Cardiomediastinum': None, 'Cardiomegaly': None, 'Lung Opacity': None, 'Lung Lesion': None, 'Edema': None, 'Consolidation': None, 'Pneumonia': None, 'Atelectasis': None, 'Pneumothorax': 0, 'Pleural Effusion': 0, 'Pleural Other': None, 'Fracture': None, 'Support Devices': None, 'No Finding': None}"
IU_458,458,insufficient,insufficient,abstain,True,False,0.6667,0.0,-0.6667,"{'Enlarged Cardiomediastinum': None, 'Cardiomegaly': None, 'Lung Opacity': None, 'Lung Lesion': 1, 'Edema': None, 'Consolidation': None, 'Pneumonia': None, 'Atelectasis': None, 'Pneumothorax': None, 'Pleural Effusion': None, 'Pleural Other': None, 'Fracture': None, 'Support Devices': None, 'No Finding': 1}","{'Enlarged Cardiomediastinum': None, 'Cardiomegaly': None, 'Lung Opacity': None, 'Lung Lesion': None, 'Edema': 0, 'Consolidation': 0, 'Pneumonia': None, 'Atelectasis': None, 'Pneumothorax': 0, 'Pleural Effusion': 0, 'Pleural Other': None, 'Fracture': None, 'Support Devices': None, 'No Finding': 1}","{'Enlarged Cardiomediastinum': None, 'Cardiomegaly': None, 'Lung Opacity': None, 'Lung Lesion': None, 'Edema': None, 'Consolidation': None, 'Pneumonia': None, 'Atelectasis': None, 'Pneumothorax': None, 'Pleural Effusion': None, 'Pleural Other': None, 'Fracture': None, 'Support Devices': None, 'No Finding': None}"
IU_458,458,irrelevant,irrelevant,discount_context,False,True,0.5,0.6667,0.1667,"{'Enlarged Cardiomediastinum': None, 'Cardiomegaly': None, 'Lung Opacity': None, 'Lung Lesion': 1, 'Edema': None, 'Consolidation': None, 'Pneumonia': None, 'Atelectasis': None, 'Pneumothorax': None, 'Pleural Effusion': None, 'Pleural Other': None, 'Fracture': None, 'Support Devices': None, 'No Finding': 1}","{'Enlarged Cardiomediastinum': None, 'Cardiomegaly': None, 'Lung Opacity': None, 'Lung Lesion': None, 'Edema': None, 'Consolidation': 0, 'Pneumonia': None, 'Atelectasis': None, 'Pneumothorax': 1, 'Pleural Effusion': 0, 'Pleural Other': None, 'Fracture': None, 'Support Devices': None, 'No Finding': 1}","{'Enlarged Cardiomediastinum': None, 'Cardiomegaly': None, 'Lung Opacity': None, 'Lung Lesion': None, 'Edema': 0, 'Consolidation': 0, 'Pneumonia': None, 'Atelectasis': None, 'Pneumothorax': 0, 'Pleural Effusion': 0, 'Pleural Other': None, 'Fracture': None, 'Support Devices': None, 'No Finding': 1}"
IU_458,458,sufficient,sufficient,generate,False,True,0.5,0.5,0.0,"{'Enlarged Cardiomediastinum': None, 'Cardiomegaly': None, 'Lung Opacity': None, 'Lung Lesion': 1, 'Edema': None, 'Consolidation': None, 'Pneumonia': None, 'Atelectasis': None, 'Pneumothorax': None, 'Pleural Effusion': None, 'Pleural Other': None, 'Fracture': None, 'Support Devices': None, 'No Finding': 1}","{'Enlarged Cardiomediastinum': None, 'Cardiomegaly': None, 'Lung Opacity': None, 'Lung Lesion': None, 'Edema': None, 'Consolidation': 0, 'Pneumonia': None, 'Atelectasis': None, 'Pneumothorax': 1, 'Pleural Effusion': 0, 'Pleural Other': None, 'Fracture': None, 'Support Devices': None, 'No Finding': 1}","{'Enlarged Cardiomediastinum': None, 'Cardiomegaly': None, 'Lung Opacity': None, 'Lung Lesion': None, 'Edema': None, 'Consolidation': 0, 'Pneumonia': None, 'Atelectasis': None, 'Pneumothorax': 1, 'Pleural Effusion': 0, 'Pleural Other': None, 'Fracture': None, 'Support Devices': None, 'No Finding': 1}"
IU_458,458,syntactic_incomplete,incomplete,qualify,False,True,0.6667,0.6667,0.0,"{'Enlarged Cardiomediastinum': None, 'Cardiomegaly': None, 'Lung Opacity': None, 'Lung Lesion': 1, 'Edema': None, 'Consolidation': None, 'Pneumonia': None, 'Atelectasis': None, 'Pneumothorax': None, 'Pleural Effusion': None, 'Pleural Other': None, 'Fracture': None, 'Support Devices': None, 'No Finding': 1}","{'Enlarged Cardiomediastinum': None, 'Cardiomegaly': None, 'Lung Opacity': None, 'Lung Lesion': None, 'Edema': None, 'Consolidation': 0, 'Pneumonia': None, 'Atelectasis': None, 'Pneumothorax': 0, 'Pleural Effusion': 0, 'Pleural Other': None, 'Fracture': None, 'Support Devices': None, 'No Finding': 1}","{'Enlarged Cardiomediastinum': None, 'Cardiomegaly': None, 'Lung Opacity': None, 'Lung Lesion': None, 'Edema': 0, 'Consolidation': 0, 'Pneumonia': None, 'Atelectasis': None, 'Pneumothorax': 0, 'Pleural Effusion': 0, 'Pleural Other': None, 'Fracture': None, 'Support Devices': None, 'No Finding': 1}"
IU_460,460,conflicting,conflicting,qualify_or_abstain,False,True,0.0,0.0,0.0,"{'Enlarged Cardiomediastinum': None, 'Cardiomegaly': None, 'Lung Opacity': None, 'Lung Lesion': None, 'Edema': None, 'Consolidation': None, 'Pneumonia': None, 'Atelectasis': None, 'Pneumothorax': None, 'Pleural Effusion': None, 'Pleural Other': None, 'Fracture': None, 'Support Devices': None, 'No Finding': None}","{'Enlarged Cardiomediastinum': None, 'Cardiomegaly': None, 'Lung Opacity': None, 'Lung Lesion': None, 'Edema': None, 'Consolidation': 0, 'Pneumonia': 1, 'Atelectasis': None, 'Pneumothorax': 1, 'Pleural Effusion': 0, 'Pleural Other': None, 'Fracture': None, 'Support Devices': None, 'No Finding': 1}","{'Enlarged Cardiomediastinum': None, 'Cardiomegaly': None, 'Lung Opacity': None, 'Lung Lesion': None, 'Edema': None, 'Consolidation': 0, 'Pneumonia': 1, 'Atelectasis': None, 'Pneumothorax': 1, 'Pleural Effusion': 0, 'Pleural Other': None, 'Fracture': None, 'Support Devices': None, 'No Finding': 1}"
IU_460,460,evidentiary_incomplete,sufficient,generate,False,True,0.0,0.0,0.0,"{'Enlarged Cardiomediastinum': None, 'Cardiomegaly': None, 'Lung Opacity': None, 'Lung Lesion': None, 'Edema': None, 'Consolidation': None, 'Pneumonia': None, 'Atelectasis': None, 'Pneumothorax': None, 'Pleural Effusion': None, 'Pleural Other': None, 'Fracture': None, 'Support Devices': None, 'No Finding': None}","{'Enlarged Cardiomediastinum': None, 'Cardiomegaly': None, 'Lung Opacity': None, 'Lung Lesion': None, 'Edema': 0, 'Consolidation': 0, 'Pneumonia': None, 'Atelectasis': None, 'Pneumothorax': 0, 'Pleural Effusion': 0, 'Pleural Other': None, 'Fracture': None, 'Support Devices': None, 'No Finding': 1}","{'Enlarged Cardiomediastinum': None, 'Cardiomegaly': None, 'Lung Opacity': None, 'Lung Lesion': None, 'Edema': 0, 'Consolidation': 0, 'Pneumonia': None, 'Atelectasis': None, 'Pneumothorax': 0, 'Pleural Effusion': 0, 'Pleural Other': None, 'Fracture': None, 'Support Devices': None, 'No Finding': 1}"
IU_460,460,insufficient,insufficient,abstain,True,False,0.0,1.0,1.0,"{'Enlarged Cardiomediastinum': None, 'Cardiomegaly': None, 'Lung Opacity': None, 'Lung Lesion': None, 'Edema': None, 'Consolidation': None, 'Pneumonia': None, 'Atelectasis': None, 'Pneumothorax': None, 'Pleural Effusion': None, 'Pleural Other': None, 'Fracture': None, 'Support Devices': None, 'No Finding': None}","{'Enlarged Cardiomediastinum': None, 'Cardiomegaly': None, 'Lung Opacity': None, 'Lung Lesion': None, 'Edema': 0, 'Consolidation': 0, 'Pneumonia': None, 'Atelectasis': None, 'Pneumothorax': 0, 'Pleural Effusion': 0, 'Pleural Other': None, 'Fracture': None, 'Support Devices': None, 'No Finding': 1}","{'Enlarged Cardiomediastinum': None, 'Cardiomegaly': None, 'Lung Opacity': None, 'Lung Lesion': None, 'Edema': None, 'Consolidation': None, 'Pneumonia': None, 'Atelectasis': None, 'Pneumothorax': None, 'Pleural Effusion': None, 'Pleural Other': None, 'Fracture': None, 'Support Devices': None, 'No Finding': None}"
IU_460,460,irrelevant,irrelevant,discount_context,False,True,0.0,0.0,0.0,"{'Enlarged Cardiomediastinum': None, 'Cardiomegaly': None, 'Lung Opacity': None, 'Lung Lesion': None, 'Edema': None, 'Consolidation': None, 'Pneumonia': None, 'Atelectasis': None, 'Pneumothorax': None, 'Pleural Effusion': None, 'Pleural Other': None, 'Fracture': None, 'Support Devices': None, 'No Finding': None}","{'Enlarged Cardiomediastinum': None, 'Cardiomegaly': None, 'Lung Opacity': None, 'Lung Lesion': 1, 'Edema': None, 'Consolidation': None, 'Pneumonia': None, 'Atelectasis': None, 'Pneumothorax': None, 'Pleural Effusion': None, 'Pleural Other': None, 'Fracture': None, 'Support Devices': None, 'No Finding': 1}","{'Enlarged Cardiomediastinum': None, 'Cardiomegaly': None, 'Lung Opacity': None, 'Lung Lesion': None, 'Edema': 0, 'Consolidation': 0, 'Pneumonia': None, 'Atelectasis': None, 'Pneumothorax': 0, 'Pleural Effusion': 0, 'Pleural Other': None, 'Fracture': None, 'Support Devices': None, 'No Finding': 1}"
IU_460,460,sufficient,sufficient,generate,False,True,0.0,0.0,0.0,"{'Enlarged Cardiomediastinum': None, 'Cardiomegaly': None, 'Lung Opacity': None, 'Lung Lesion': None, 'Edema': None, 'Consolidation': None, 'Pneumonia': None, 'Atelectasis': None, 'Pneumothorax': None, 'Pleural Effusion': None, 'Pleural Other': None, 'Fracture': None, 'Support Devices': None, 'No Finding': None}","{'Enlarged Cardiomediastinum': None, 'Cardiomegaly': None, 'Lung Opacity': None, 'Lung Lesion': None, 'Edema': None, 'Consolidation': 0, 'Pneumonia': None, 'Atelectasis': None, 'Pneumothorax': 1, 'Pleural Effusion': 0, 'Pleural Other': None, 'Fracture': None, 'Support Devices': None, 'No Finding': 1}","{'Enlarged Cardiomediastinum': None, 'Cardiomegaly': None, 'Lung Opacity': None, 'Lung Lesion': None, 'Edema': None, 'Consolidation': 0, 'Pneumonia': None, 'Atelectasis': None, 'Pneumothorax': 1, 'Pleural Effusion': 0, 'Pleural Other': None, 'Fracture': None, 'Support Devices': None, 'No Finding': 1}"
IU_460,460,syntactic_incomplete,incomplete,qualify,False,True,0.0,0.0,0.0,"{'Enlarged Cardiomediastinum': None, 'Cardiomegaly': None, 'Lung Opacity': None, 'Lung Lesion': None, 'Edema': None, 'Consolidation': None, 'Pneumonia': None, 'Atelectasis': None, 'Pneumothorax': None, 'Pleural Effusion': None, 'Pleural Other': None, 'Fracture': None, 'Support Devices': None, 'No Finding': None}","{'Enlarged Cardiomediastinum': None, 'Cardiomegaly': None, 'Lung Opacity': None, 'Lung Lesion': None, 'Edema': 0, 'Consolidation': 0, 'Pneumonia': None, 'Atelectasis': None, 'Pneumothorax': 0, 'Pleural Effusion': 0, 'Pleural Other': None, 'Fracture': None, 'Support Devices': None, 'No Finding': 1}","{'Enlarged Cardiomediastinum': None, 'Cardiomegaly': None, 'Lung Opacity': None, 'Lung Lesion': None, 'Edema': 0, 'Consolidation': 0, 'Pneumonia': None, 'Atelectasis': None, 'Pneumothorax': 0, 'Pleural Effusion': 0, 'Pleural Other': None, 'Fracture': None, 'Support Devices': None, 'No Finding': 1}"
IU_461,461,conflicting,conflicting,qualify_or_abstain,False,True,0.0,0.0,0.0,"{'Enlarged Cardiomediastinum': None, 'Cardiomegaly': None, 'Lung Opacity': None, 'Lung Lesion': None, 'Edema': None, 'Consolidation': 1, 'Pneumonia': None, 'Atelectasis': None, 'Pneumothorax': 0, 'Pleural Effusion': 0, 'Pleural Other': None, 'Fracture': None, 'Support Devices': None, 'No Finding': None}","{'Enlarged Cardiomediastinum': None, 'Cardiomegaly': None, 'Lung Opacity': None, 'Lung Lesion': None, 'Edema': None, 'Consolidation': 0, 'Pneumonia': None, 'Atelectasis': None, 'Pneumothorax': 1, 'Pleural Effusion': 0, 'Pleural Other': None, 'Fracture': None, 'Support Devices': None, 'No Finding': None}","{'Enlarged Cardiomediastinum': None, 'Cardiomegaly': None, 'Lung Opacity': None, 'Lung Lesion': None, 'Edema': None, 'Consolidation': 0, 'Pneumonia': None, 'Atelectasis': None, 'Pneumothorax': 1, 'Pleural Effusion': 0, 'Pleural Other': None, 'Fracture': None, 'Support Devices': None, 'No Finding': None}"
IU_461,461,evidentiary_incomplete,sufficient,generate,False,True,0.0,0.0,0.0,"{'Enlarged Cardiomediastinum': None, 'Cardiomegaly': None, 'Lung Opacity': None, 'Lung Lesion': None, 'Edema': None, 'Consolidation': 1, 'Pneumonia': None, 'Atelectasis': None, 'Pneumothorax': 0, 'Pleural Effusion': 0, 'Pleural Other': None, 'Fracture': None, 'Support Devices': None, 'No Finding': None}","{'Enlarged Cardiomediastinum': None, 'Cardiomegaly': None, 'Lung Opacity': None, 'Lung Lesion': None, 'Edema': None, 'Consolidation': None, 'Pneumonia': None, 'Atelectasis': None, 'Pneumothorax': 0, 'Pleural Effusion': 0, 'Pleural Other': None, 'Fracture': None, 'Support Devices': None, 'No Finding': 1}","{'Enlarged Cardiomediastinum': None, 'Cardiomegaly': None, 'Lung Opacity': None, 'Lung Lesion': None, 'Edema': None, 'Consolidation': None, 'Pneumonia': None, 'Atelectasis': None, 'Pneumothorax': 0, 'Pleural Effusion': 0, 'Pleural Other': None, 'Fracture': None, 'Support Devices': None, 'No Finding': 1}"
IU_461,461,insufficient,insufficient,abstain,True,False,0.0,0.0,0.0,"{'Enlarged Cardiomediastinum': None, 'Cardiomegaly': None, 'Lung Opacity': None, 'Lung Lesion': None, 'Edema': None, 'Consolidation': 1, 'Pneumonia': None, 'Atelectasis': None, 'Pneumothorax': 0, 'Pleural Effusion': 0, 'Pleural Other': None, 'Fracture': None, 'Support Devices': None, 'No Finding': None}","{'Enlarged Cardiomediastinum': None, 'Cardiomegaly': None, 'Lung Opacity': None, 'Lung Lesion': None, 'Edema': 0, 'Consolidation': 0, 'Pneumonia': None, 'Atelectasis': None, 'Pneumothorax': 0, 'Pleural Effusion': 0, 'Pleural Other': None, 'Fracture': None, 'Support Devices': None, 'No Finding': 1}","{'Enlarged Cardiomediastinum': None, 'Cardiomegaly': None, 'Lung Opacity': None, 'Lung Lesion': None, 'Edema': None, 'Consolidation': None, 'Pneumonia': None, 'Atelectasis': None, 'Pneumothorax': None, 'Pleural Effusion': None, 'Pleural Other': None, 'Fracture': None, 'Support Devices': None, 'No Finding': None}"
IU_461,461,irrelevant,irrelevant,discount_context,False,True,0.0,0.0,0.0,"{'Enlarged Cardiomediastinum': None, 'Cardiomegaly': None, 'Lung Opacity': None, 'Lung Lesion': None, 'Edema': None, 'Consolidation': 1, 'Pneumonia': None, 'Atelectasis': None, 'Pneumothorax': 0, 'Pleural Effusion': 0, 'Pleural Other': None, 'Fracture': None, 'Support Devices': None, 'No Finding': None}","{'Enlarged Cardiomediastinum': None, 'Cardiomegaly': None, 'Lung Opacity': None, 'Lung Lesion': None, 'Edema': 0, 'Consolidation': 0, 'Pneumonia': None, 'Atelectasis': None, 'Pneumothorax': 0, 'Pleural Effusion': 0, 'Pleural Other': None, 'Fracture': None, 'Support Devices': None, 'No Finding': 1}","{'Enlarged Cardiomediastinum': None, 'Cardiomegaly': None, 'Lung Opacity': None, 'Lung Lesion': None, 'Edema': 0, 'Consolidation': 0, 'Pneumonia': None, 'Atelectasis': None, 'Pneumothorax': 0, 'Pleural Effusion': 0, 'Pleural Other': None, 'Fracture': None, 'Support Devices': None, 'No Finding': 1}"
IU_461,461,sufficient,sufficient,generate,False,True,0.0,0.0,0.0,"{'Enlarged Cardiomediastinum': None, 'Cardiomegaly': None, 'Lung Opacity': None, 'Lung Lesion': None, 'Edema': None, 'Consolidation': 1, 'Pneumonia': None, 'Atelectasis': None, 'Pneumothorax': 0, 'Pleural Effusion': 0, 'Pleural Other': None, 'Fracture': None, 'Support Devices': None, 'No Finding': None}","{'Enlarged Cardiomediastinum': None, 'Cardiomegaly': None, 'Lung Opacity': None, 'Lung Lesion': None, 'Edema': None, 'Consolidation': 0, 'Pneumonia': None, 'Atelectasis': None, 'Pneumothorax': 1, 'Pleural Effusion': 0, 'Pleural Other': None, 'Fracture': None, 'Support Devices': None, 'No Finding': 1}","{'Enlarged Cardiomediastinum': None, 'Cardiomegaly': None, 'Lung Opacity': None, 'Lung Lesion': None, 'Edema': None, 'Consolidation': 0, 'Pneumonia': None, 'Atelectasis': None, 'Pneumothorax': 1, 'Pleural Effusion': 0, 'Pleural Other': None, 'Fracture': None, 'Support Devices': None, 'No Finding': 1}"
IU_461,461,syntactic_incomplete,incomplete,qualify,False,True,0.0,0.0,0.0,"{'Enlarged Cardiomediastinum': None, 'Cardiomegaly': None, 'Lung Opacity': None, 'Lung Lesion': None, 'Edema': None, 'Consolidation': 1, 'Pneumonia': None, 'Atelectasis': None, 'Pneumothorax': 0, 'Pleural Effusion': 0, 'Pleural Other': None, 'Fracture': None, 'Support Devices': None, 'No Finding': None}","{'Enlarged Cardiomediastinum': None, 'Cardiomegaly': None, 'Lung Opacity': None, 'Lung Lesion': None, 'Edema': None, 'Consolidation': None, 'Pneumonia': None, 'Atelectasis': None, 'Pneumothorax': 0, 'Pleural Effusion': 0, 'Pleural Other': None, 'Fracture': None, 'Support Devices': None, 'No Finding': 1}","{'Enlarged Cardiomediastinum': None, 'Cardiomegaly': None, 'Lung Opacity': None, 'Lung Lesion': None, 'Edema': 0, 'Consolidation': 0, 'Pneumonia': None, 'Atelectasis': None, 'Pneumothorax': 0, 'Pleural Effusion': 0, 'Pleural Other': None, 'Fracture': None, 'Support Devices': None, 'No Finding': 1}"
IU_463,463,conflicting,conflicting,qualify_or_abstain,False,True,0.0,0.0,0.0,"{'Enlarged Cardiomediastinum': None, 'Cardiomegaly': None, 'Lung Opacity': 1, 'Lung Lesion': 1, 'Edema': None, 'Consolidation': None, 'Pneumonia': None, 'Atelectasis': None, 'Pneumothorax': 0, 'Pleural Effusion': 0, 'Pleural Other': None, 'Fracture': None, 'Support Devices': None, 'No Finding': None}","{'Enlarged Cardiomediastinum': None, 'Cardiomegaly': None, 'Lung Opacity': None, 'Lung Lesion': None, 'Edema': None, 'Consolidation': None, 'Pneumonia': None, 'Atelectasis': None, 'Pneumothorax': 1, 'Pleural Effusion': 0, 'Pleural Other': None, 'Fracture': None, 'Support Devices': None, 'No Finding': None}","{'Enlarged Cardiomediastinum': None, 'Cardiomegaly': None, 'Lung Opacity': None, 'Lung Lesion': None, 'Edema': None, 'Consolidation': None, 'Pneumonia': None, 'Atelectasis': None, 'Pneumothorax': 1, 'Pleural Effusion': 0, 'Pleural Other': None, 'Fracture': None, 'Support Devices': None, 'No Finding': None}"
IU_463,463,evidentiary_incomplete,sufficient,generate,False,True,0.0,0.0,0.0,"{'Enlarged Cardiomediastinum': None, 'Cardiomegaly': None, 'Lung Opacity': 1, 'Lung Lesion': 1, 'Edema': None, 'Consolidation': None, 'Pneumonia': None, 'Atelectasis': None, 'Pneumothorax': 0, 'Pleural Effusion': 0, 'Pleural Other': None, 'Fracture': None, 'Support Devices': None, 'No Finding': None}","{'Enlarged Cardiomediastinum': None, 'Cardiomegaly': None, 'Lung Opacity': None, 'Lung Lesion': None, 'Edema': 0, 'Consolidation': 0, 'Pneumonia': None, 'Atelectasis': None, 'Pneumothorax': 0, 'Pleural Effusion': 0, 'Pleural Other': None, 'Fracture': None, 'Support Devices': None, 'No Finding': 1}","{'Enlarged Cardiomediastinum': None, 'Cardiomegaly': None, 'Lung Opacity': None, 'Lung Lesion': None, 'Edema': 0, 'Consolidation': 0, 'Pneumonia': None, 'Atelectasis': None, 'Pneumothorax': 0, 'Pleural Effusion': 0, 'Pleural Other': None, 'Fracture': None, 'Support Devices': None, 'No Finding': 1}"
IU_463,463,insufficient,insufficient,abstain,True,False,0.0,0.0,0.0,"{'Enlarged Cardiomediastinum': None, 'Cardiomegaly': None, 'Lung Opacity': 1, 'Lung Lesion': 1, 'Edema': None, 'Consolidation': None, 'Pneumonia': None, 'Atelectasis': None, 'Pneumothorax': 0, 'Pleural Effusion': 0, 'Pleural Other': None, 'Fracture': None, 'Support Devices': None, 'No Finding': None}","{'Enlarged Cardiomediastinum': None, 'Cardiomegaly': None, 'Lung Opacity': None, 'Lung Lesion': None, 'Edema': 0, 'Consolidation': 0, 'Pneumonia': None, 'Atelectasis': None, 'Pneumothorax': 0, 'Pleural Effusion': 0, 'Pleural Other': None, 'Fracture': None, 'Support Devices': None, 'No Finding': 1}","{'Enlarged Cardiomediastinum': None, 'Cardiomegaly': None, 'Lung Opacity': None, 'Lung Lesion': None, 'Edema': None, 'Consolidation': None, 'Pneumonia': None, 'Atelectasis': None, 'Pneumothorax': None, 'Pleural Effusion': None, 'Pleural Other': None, 'Fracture': None, 'Support Devices': None, 'No Finding': None}"
IU_463,463,irrelevant,irrelevant,discount_context,False,True,0.0,0.0,0.0,"{'Enlarged Cardiomediastinum': None, 'Cardiomegaly': None, 'Lung Opacity': 1, 'Lung Lesion': 1, 'Edema': None, 'Consolidation': None, 'Pneumonia': None, 'Atelectasis': None, 'Pneumothorax': 0, 'Pleural Effusion': 0, 'Pleural Other': None, 'Fracture': None, 'Support Devices': None, 'No Finding': None}","{'Enlarged Cardiomediastinum': None, 'Cardiomegaly': None, 'Lung Opacity': None, 'Lung Lesion': None, 'Edema': None, 'Consolidation': None, 'Pneumonia': 1, 'Atelectasis': None, 'Pneumothorax': 0, 'Pleural Effusion': 0, 'Pleural Other': None, 'Fracture': None, 'Support Devices': None, 'No Finding': 1}","{'Enlarged Cardiomediastinum': None, 'Cardiomegaly': None, 'Lung Opacity': None, 'Lung Lesion': None, 'Edema': 0, 'Consolidation': 0, 'Pneumonia': None, 'Atelectasis': None, 'Pneumothorax': 0, 'Pleural Effusion': 0, 'Pleural Other': None, 'Fracture': None, 'Support Devices': None, 'No Finding': 1}"
IU_463,463,sufficient,sufficient,generate,False,True,0.0,0.0,0.0,"{'Enlarged Cardiomediastinum': None, 'Cardiomegaly': None, 'Lung Opacity': 1, 'Lung Lesion': 1, 'Edema': None, 'Consolidation': None, 'Pneumonia': None, 'Atelectasis': None, 'Pneumothorax': 0, 'Pleural Effusion': 0, 'Pleural Other': None, 'Fracture': None, 'Support Devices': None, 'No Finding': None}","{'Enlarged Cardiomediastinum': None, 'Cardiomegaly': None, 'Lung Opacity': None, 'Lung Lesion': None, 'Edema': None, 'Consolidation': 0, 'Pneumonia': None, 'Atelectasis': None, 'Pneumothorax': 1, 'Pleural Effusion': 0, 'Pleural Other': None, 'Fracture': None, 'Support Devices': None, 'No Finding': 1}","{'Enlarged Cardiomediastinum': None, 'Cardiomegaly': None, 'Lung Opacity': None, 'Lung Lesion': None, 'Edema': None, 'Consolidation': 0, 'Pneumonia': None, 'Atelectasis': None, 'Pneumothorax': 1, 'Pleural Effusion': 0, 'Pleural Other': None, 'Fracture': None, 'Support Devices': None, 'No Finding': 1}"
IU_463,463,syntactic_incomplete,incomplete,qualify,False,True,0.0,0.0,0.0,"{'Enlarged Cardiomediastinum': None, 'Cardiomegaly': None, 'Lung Opacity': 1, 'Lung Lesion': 1, 'Edema': None, 'Consolidation': None, 'Pneumonia': None, 'Atelectasis': None, 'Pneumothorax': 0, 'Pleural Effusion': 0, 'Pleural Other': None, 'Fracture': None, 'Support Devices': None, 'No Finding': None}","{'Enlarged Cardiomediastinum': None, 'Cardiomegaly': None, 'Lung Opacity': None, 'Lung Lesion': None, 'Edema': None, 'Consolidation': 0, 'Pneumonia': None, 'Atelectasis': None, 'Pneumothorax': 1, 'Pleural Effusion': 0, 'Pleural Other': None, 'Fracture': None, 'Support Devices': None, 'No Finding': 1}","{'Enlarged Cardiomediastinum': None, 'Cardiomegaly': None, 'Lung Opacity': None, 'Lung Lesion': None, 'Edema': 0, 'Consolidation': 0, 'Pneumonia': None, 'Atelectasis': None, 'Pneumothorax': 0, 'Pleural Effusion': 0, 'Pleural Other': None, 'Fracture': None, 'Support Devices': None, 'No Finding': 1}"
IU_475,475,conflicting,conflicting,qualify_or_abstain,False,True,0.6667,0.6667,0.0,"{'Enlarged Cardiomediastinum': None, 'Cardiomegaly': None, 'Lung Opacity': None, 'Lung Lesion': None, 'Edema': None, 'Consolidation': 0, 'Pneumonia': None, 'Atelectasis': None, 'Pneumothorax': None, 'Pleural Effusion': 1, 'Pleural Other': None, 'Fracture': None, 'Support Devices': None, 'No Finding': None}","{'Enlarged Cardiomediastinum': None, 'Cardiomegaly': None, 'Lung Opacity': None, 'Lung Lesion': None, 'Edema': None, 'Consolidation': 0, 'Pneumonia': None, 'Atelectasis': None, 'Pneumothorax': 1, 'Pleural Effusion': 1, 'Pleural Other': None, 'Fracture': None, 'Support Devices': None, 'No Finding': None}","{'Enlarged Cardiomediastinum': None, 'Cardiomegaly': None, 'Lung Opacity': None, 'Lung Lesion': None, 'Edema': None, 'Consolidation': 0, 'Pneumonia': None, 'Atelectasis': None, 'Pneumothorax': 1, 'Pleural Effusion': 1, 'Pleural Other': None, 'Fracture': None, 'Support Devices': None, 'No Finding': None}"
IU_475,475,evidentiary_incomplete,sufficient,generate,False,True,0.0,0.0,0.0,"{'Enlarged Cardiomediastinum': None, 'Cardiomegaly': None, 'Lung Opacity': None, 'Lung Lesion': None, 'Edema': None, 'Consolidation': 0, 'Pneumonia': None, 'Atelectasis': None, 'Pneumothorax': None, 'Pleural Effusion': 1, 'Pleural Other': None, 'Fracture': None, 'Support Devices': None, 'No Finding': None}","{'Enlarged Cardiomediastinum': None, 'Cardiomegaly': None, 'Lung Opacity': None, 'Lung Lesion': None, 'Edema': None, 'Consolidation': None, 'Pneumonia': None, 'Atelectasis': None, 'Pneumothorax': 0, 'Pleural Effusion': 0, 'Pleural Other': None, 'Fracture': None, 'Support Devices': None, 'No Finding': None}","{'Enlarged Cardiomediastinum': None, 'Cardiomegaly': None, 'Lung Opacity': None, 'Lung Lesion': None, 'Edema': None, 'Consolidation': None, 'Pneumonia': None, 'Atelectasis': None, 'Pneumothorax': 0, 'Pleural Effusion': 0, 'Pleural Other': None, 'Fracture': None, 'Support Devices': None, 'No Finding': None}"
IU_475,475,insufficient,insufficient,abstain,True,False,0.0,0.0,0.0,"{'Enlarged Cardiomediastinum': None, 'Cardiomegaly': None, 'Lung Opacity': None, 'Lung Lesion': None, 'Edema': None, 'Consolidation': 0, 'Pneumonia': None, 'Atelectasis': None, 'Pneumothorax': None, 'Pleural Effusion': 1, 'Pleural Other': None, 'Fracture': None, 'Support Devices': None, 'No Finding': None}","{'Enlarged Cardiomediastinum': None, 'Cardiomegaly': None, 'Lung Opacity': None, 'Lung Lesion': None, 'Edema': 0, 'Consolidation': 0, 'Pneumonia': None, 'Atelectasis': None, 'Pneumothorax': 0, 'Pleural Effusion': 0, 'Pleural Other': None, 'Fracture': None, 'Support Devices': None, 'No Finding': 1}","{'Enlarged Cardiomediastinum': None, 'Cardiomegaly': None, 'Lung Opacity': None, 'Lung Lesion': None, 'Edema': None, 'Consolidation': None, 'Pneumonia': None, 'Atelectasis': None, 'Pneumothorax': None, 'Pleural Effusion': None, 'Pleural Other': None, 'Fracture': None, 'Support Devices': None, 'No Finding': None}"
IU_475,475,irrelevant,irrelevant,discount_context,False,True,0.0,0.0,0.0,"{'Enlarged Cardiomediastinum': None, 'Cardiomegaly': None, 'Lung Opacity': None, 'Lung Lesion': None, 'Edema': None, 'Consolidation': 0, 'Pneumonia': None, 'Atelectasis': None, 'Pneumothorax': None, 'Pleural Effusion': 1, 'Pleural Other': None, 'Fracture': None, 'Support Devices': None, 'No Finding': None}","{'Enlarged Cardiomediastinum': None, 'Cardiomegaly': None, 'Lung Opacity': None, 'Lung Lesion': None, 'Edema': None, 'Consolidation': 0, 'Pneumonia': None, 'Atelectasis': None, 'Pneumothorax': 1, 'Pleural Effusion': 0, 'Pleural Other': None, 'Fracture': 0, 'Support Devices': None, 'No Finding': None}","{'Enlarged Cardiomediastinum': None, 'Cardiomegaly': None, 'Lung Opacity': None, 'Lung Lesion': None, 'Edema': 0, 'Consolidation': 0, 'Pneumonia': None, 'Atelectasis': None, 'Pneumothorax': 0, 'Pleural Effusion': 0, 'Pleural Other': None, 'Fracture': None, 'Support Devices': None, 'No Finding': 1}"
IU_475,475,sufficient,sufficient,generate,False,True,0.0,0.0,0.0,"{'Enlarged Cardiomediastinum': None, 'Cardiomegaly': None, 'Lung Opacity': None, 'Lung Lesion': None, 'Edema': None, 'Consolidation': 0, 'Pneumonia': None, 'Atelectasis': None, 'Pneumothorax': None, 'Pleural Effusion': 1, 'Pleural Other': None, 'Fracture': None, 'Support Devices': None, 'No Finding': None}","{'Enlarged Cardiomediastinum': None, 'Cardiomegaly': None, 'Lung Opacity': None, 'Lung Lesion': None, 'Edema': None, 'Consolidation': None, 'Pneumonia': None, 'Atelectasis': None, 'Pneumothorax': 0, 'Pleural Effusion': 0, 'Pleural Other': None, 'Fracture': None, 'Support Devices': None, 'No Finding': 1}","{'Enlarged Cardiomediastinum': None, 'Cardiomegaly': None, 'Lung Opacity': None, 'Lung Lesion': None, 'Edema': None, 'Consolidation': None, 'Pneumonia': None, 'Atelectasis': None, 'Pneumothorax': 0, 'Pleural Effusion': 0, 'Pleural Other': None, 'Fracture': None, 'Support Devices': None, 'No Finding': 1}"
IU_475,475,syntactic_incomplete,incomplete,qualify,False,True,0.0,0.0,0.0,"{'Enlarged Cardiomediastinum': None, 'Cardiomegaly': None, 'Lung Opacity': None, 'Lung Lesion': None, 'Edema': None, 'Consolidation': 0, 'Pneumonia': None, 'Atelectasis': None, 'Pneumothorax': None, 'Pleural Effusion': 1, 'Pleural Other': None, 'Fracture': None, 'Support Devices': None, 'No Finding': None}","{'Enlarged Cardiomediastinum': None, 'Cardiomegaly': None, 'Lung Opacity': None, 'Lung Lesion': None, 'Edema': None, 'Consolidation': 0, 'Pneumonia': None, 'Atelectasis': None, 'Pneumothorax': 1, 'Pleural Effusion': 0, 'Pleural Other': None, 'Fracture': None, 'Support Devices': None, 'No Finding': None}","{'Enlarged Cardiomediastinum': None, 'Cardiomegaly': None, 'Lung Opacity': None, 'Lung Lesion': None, 'Edema': 0, 'Consolidation': 0, 'Pneumonia': None, 'Atelectasis': None, 'Pneumothorax': 0, 'Pleural Effusion': 0, 'Pleural Other': None, 'Fracture': None, 'Support Devices': None, 'No Finding': 1}"
IU_486,486,conflicting,conflicting,qualify_or_abstain,False,True,0.0,0.0,0.0,"{'Enlarged Cardiomediastinum': None, 'Cardiomegaly': None, 'Lung Opacity': None, 'Lung Lesion': None, 'Edema': None, 'Consolidation': None, 'Pneumonia': None, 'Atelectasis': None, 'Pneumothorax': None, 'Pleural Effusion': None, 'Pleural Other': 1, 'Fracture': None, 'Support Devices': None, 'No Finding': None}","{'Enlarged Cardiomediastinum': None, 'Cardiomegaly': None, 'Lung Opacity': None, 'Lung Lesion': None, 'Edema': None, 'Consolidation': None, 'Pneumonia': 1, 'Atelectasis': None, 'Pneumothorax': 0, 'Pleural Effusion': 0, 'Pleural Other': None, 'Fracture': None, 'Support Devices': 1, 'No Finding': None}","{'Enlarged Cardiomediastinum': None, 'Cardiomegaly': None, 'Lung Opacity': None, 'Lung Lesion': None, 'Edema': None, 'Consolidation': None, 'Pneumonia': 1, 'Atelectasis': None, 'Pneumothorax': 0, 'Pleural Effusion': 0, 'Pleural Other': None, 'Fracture': None, 'Support Devices': 1, 'No Finding': None}"
IU_486,486,evidentiary_incomplete,sufficient,generate,False,True,0.0,0.0,0.0,"{'Enlarged Cardiomediastinum': None, 'Cardiomegaly': None, 'Lung Opacity': None, 'Lung Lesion': None, 'Edema': None, 'Consolidation': None, 'Pneumonia': None, 'Atelectasis': None, 'Pneumothorax': None, 'Pleural Effusion': None, 'Pleural Other': 1, 'Fracture': None, 'Support Devices': None, 'No Finding': None}","{'Enlarged Cardiomediastinum': None, 'Cardiomegaly': None, 'Lung Opacity': None, 'Lung Lesion': None, 'Edema': None, 'Consolidation': None, 'Pneumonia': None, 'Atelectasis': None, 'Pneumothorax': 0, 'Pleural Effusion': 0, 'Pleural Other': None, 'Fracture': None, 'Support Devices': None, 'No Finding': None}","{'Enlarged Cardiomediastinum': None, 'Cardiomegaly': None, 'Lung Opacity': None, 'Lung Lesion': None, 'Edema': None, 'Consolidation': None, 'Pneumonia': None, 'Atelectasis': None, 'Pneumothorax': 0, 'Pleural Effusion': 0, 'Pleural Other': None, 'Fracture': None, 'Support Devices': None, 'No Finding': None}"
IU_486,486,insufficient,insufficient,abstain,True,False,0.0,0.0,0.0,"{'Enlarged Cardiomediastinum': None, 'Cardiomegaly': None, 'Lung Opacity': None, 'Lung Lesion': None, 'Edema': None, 'Consolidation': None, 'Pneumonia': None, 'Atelectasis': None, 'Pneumothorax': None, 'Pleural Effusion': None, 'Pleural Other': 1, 'Fracture': None, 'Support Devices': None, 'No Finding': None}","{'Enlarged Cardiomediastinum': None, 'Cardiomegaly': None, 'Lung Opacity': None, 'Lung Lesion': None, 'Edema': 0, 'Consolidation': 0, 'Pneumonia': None, 'Atelectasis': None, 'Pneumothorax': 0, 'Pleural Effusion': 0, 'Pleural Other': None, 'Fracture': None, 'Support Devices': None, 'No Finding': 1}","{'Enlarged Cardiomediastinum': None, 'Cardiomegaly': None, 'Lung Opacity': None, 'Lung Lesion': None, 'Edema': None, 'Consolidation': None, 'Pneumonia': None, 'Atelectasis': None, 'Pneumothorax': None, 'Pleural Effusion': None, 'Pleural Other': None, 'Fracture': None, 'Support Devices': None, 'No Finding': None}"
IU_486,486,irrelevant,irrelevant,discount_context,False,True,0.0,0.0,0.0,"{'Enlarged Cardiomediastinum': None, 'Cardiomegaly': None, 'Lung Opacity': None, 'Lung Lesion': None, 'Edema': None, 'Consolidation': None, 'Pneumonia': None, 'Atelectasis': None, 'Pneumothorax': None, 'Pleural Effusion': None, 'Pleural Other': 1, 'Fracture': None, 'Support Devices': None, 'No Finding': None}","{'Enlarged Cardiomediastinum': None, 'Cardiomegaly': None, 'Lung Opacity': None, 'Lung Lesion': None, 'Edema': None, 'Consolidation': 0, 'Pneumonia': None, 'Atelectasis': None, 'Pneumothorax': 1, 'Pleural Effusion': 0, 'Pleural Other': None, 'Fracture': 0, 'Support Devices': None, 'No Finding': 1}","{'Enlarged Cardiomediastinum': None, 'Cardiomegaly': None, 'Lung Opacity': None, 'Lung Lesion': None, 'Edema': 0, 'Consolidation': 0, 'Pneumonia': None, 'Atelectasis': None, 'Pneumothorax': 0, 'Pleural Effusion': 0, 'Pleural Other': None, 'Fracture': None, 'Support Devices': None, 'No Finding': 1}"
IU_486,486,sufficient,sufficient,generate,False,True,0.0,0.0,0.0,"{'Enlarged Cardiomediastinum': None, 'Cardiomegaly': None, 'Lung Opacity': None, 'Lung Lesion': None, 'Edema': None, 'Consolidation': None, 'Pneumonia': None, 'Atelectasis': None, 'Pneumothorax': None, 'Pleural Effusion': None, 'Pleural Other': 1, 'Fracture': None, 'Support Devices': None, 'No Finding': None}","{'Enlarged Cardiomediastinum': None, 'Cardiomegaly': None, 'Lung Opacity': None, 'Lung Lesion': None, 'Edema': None, 'Consolidation': None, 'Pneumonia': None, 'Atelectasis': None, 'Pneumothorax': 0, 'Pleural Effusion': 0, 'Pleural Other': None, 'Fracture': None, 'Support Devices': None, 'No Finding': 1}","{'Enlarged Cardiomediastinum': None, 'Cardiomegaly': None, 'Lung Opacity': None, 'Lung Lesion': None, 'Edema': None, 'Consolidation': None, 'Pneumonia': None, 'Atelectasis': None, 'Pneumothorax': 0, 'Pleural Effusion': 0, 'Pleural Other': None, 'Fracture': None, 'Support Devices': None, 'No Finding': 1}"
IU_486,486,syntactic_incomplete,incomplete,qualify,False,True,0.0,0.0,0.0,"{'Enlarged Cardiomediastinum': None, 'Cardiomegaly': None, 'Lung Opacity': None, 'Lung Lesion': None, 'Edema': None, 'Consolidation': None, 'Pneumonia': None, 'Atelectasis': None, 'Pneumothorax': None, 'Pleural Effusion': None, 'Pleural Other': 1, 'Fracture': None, 'Support Devices': None, 'No Finding': None}","{'Enlarged Cardiomediastinum': None, 'Cardiomegaly': None, 'Lung Opacity': None, 'Lung Lesion': None, 'Edema': None, 'Consolidation': 0, 'Pneumonia': None, 'Atelectasis': None, 'Pneumothorax': 1, 'Pleural Effusion': 0, 'Pleural Other': None, 'Fracture': None, 'Support Devices': None, 'No Finding': 1}","{'Enlarged Cardiomediastinum': None, 'Cardiomegaly': None, 'Lung Opacity': None, 'Lung Lesion': None, 'Edema': 0, 'Consolidation': 0, 'Pneumonia': None, 'Atelectasis': None, 'Pneumothorax': 0, 'Pleural Effusion': 0, 'Pleural Other': None, 'Fracture': None, 'Support Devices': None, 'No Finding': 1}"
IU_49,49,conflicting,conflicting,qualify_or_abstain,False,True,0.0,0.0,0.0,"{'Enlarged Cardiomediastinum': None, 'Cardiomegaly': None, 'Lung Opacity': 0, 'Lung Lesion': 1, 'Edema': None, 'Consolidation': None, 'Pneumonia': 1, 'Atelectasis': None, 'Pneumothorax': 0, 'Pleural Effusion': 0, 'Pleural Other': 1, 'Fracture': None, 'Support Devices': None, 'No Finding': None}","{'Enlarged Cardiomediastinum': None, 'Cardiomegaly': None, 'Lung Opacity': None, 'Lung Lesion': None, 'Edema': None, 'Consolidation': 0, 'Pneumonia': None, 'Atelectasis': None, 'Pneumothorax': 1, 'Pleural Effusion': 0, 'Pleural Other': None, 'Fracture': None, 'Support Devices': None, 'No Finding': None}","{'Enlarged Cardiomediastinum': None, 'Cardiomegaly': None, 'Lung Opacity': None, 'Lung Lesion': None, 'Edema': None, 'Consolidation': 0, 'Pneumonia': None, 'Atelectasis': None, 'Pneumothorax': 1, 'Pleural Effusion': 0, 'Pleural Other': None, 'Fracture': None, 'Support Devices': None, 'No Finding': None}"
IU_49,49,evidentiary_incomplete,sufficient,generate,False,True,0.0,0.0,0.0,"{'Enlarged Cardiomediastinum': None, 'Cardiomegaly': None, 'Lung Opacity': 0, 'Lung Lesion': 1, 'Edema': None, 'Consolidation': None, 'Pneumonia': 1, 'Atelectasis': None, 'Pneumothorax': 0, 'Pleural Effusion': 0, 'Pleural Other': 1, 'Fracture': None, 'Support Devices': None, 'No Finding': None}","{'Enlarged Cardiomediastinum': None, 'Cardiomegaly': None, 'Lung Opacity': None, 'Lung Lesion': None, 'Edema': None, 'Consolidation': None, 'Pneumonia': None, 'Atelectasis': None, 'Pneumothorax': 0, 'Pleural Effusion': 0, 'Pleural Other': None, 'Fracture': None, 'Support Devices': None, 'No Finding': 1}","{'Enlarged Cardiomediastinum': None, 'Cardiomegaly': None, 'Lung Opacity': None, 'Lung Lesion': None, 'Edema': None, 'Consolidation': None, 'Pneumonia': None, 'Atelectasis': None, 'Pneumothorax': 0, 'Pleural Effusion': 0, 'Pleural Other': None, 'Fracture': None, 'Support Devices': None, 'No Finding': 1}"
IU_49,49,insufficient,insufficient,abstain,True,False,0.0,0.0,0.0,"{'Enlarged Cardiomediastinum': None, 'Cardiomegaly': None, 'Lung Opacity': 0, 'Lung Lesion': 1, 'Edema': None, 'Consolidation': None, 'Pneumonia': 1, 'Atelectasis': None, 'Pneumothorax': 0, 'Pleural Effusion': 0, 'Pleural Other': 1, 'Fracture': None, 'Support Devices': None, 'No Finding': None}","{'Enlarged Cardiomediastinum': None, 'Cardiomegaly': None, 'Lung Opacity': None, 'Lung Lesion': None, 'Edema': 0, 'Consolidation': 0, 'Pneumonia': None, 'Atelectasis': None, 'Pneumothorax': 0, 'Pleural Effusion': 0, 'Pleural Other': None, 'Fracture': None, 'Support Devices': None, 'No Finding': 1}","{'Enlarged Cardiomediastinum': None, 'Cardiomegaly': None, 'Lung Opacity': None, 'Lung Lesion': None, 'Edema': None, 'Consolidation': None, 'Pneumonia': None, 'Atelectasis': None, 'Pneumothorax': None, 'Pleural Effusion': None, 'Pleural Other': None, 'Fracture': None, 'Support Devices': None, 'No Finding': None}"
IU_49,49,irrelevant,irrelevant,discount_context,False,True,0.0,0.0,0.0,"{'Enlarged Cardiomediastinum': None, 'Cardiomegaly': None, 'Lung Opacity': 0, 'Lung Lesion': 1, 'Edema': None, 'Consolidation': None, 'Pneumonia': 1, 'Atelectasis': None, 'Pneumothorax': 0, 'Pleural Effusion': 0, 'Pleural Other': 1, 'Fracture': None, 'Support Devices': None, 'No Finding': None}","{'Enlarged Cardiomediastinum': None, 'Cardiomegaly': None, 'Lung Opacity': None, 'Lung Lesion': None, 'Edema': None, 'Consolidation': 0, 'Pneumonia': None, 'Atelectasis': None, 'Pneumothorax': 1, 'Pleural Effusion': 0, 'Pleural Other': None, 'Fracture': None, 'Support Devices': None, 'No Finding': 1}","{'Enlarged Cardiomediastinum': None, 'Cardiomegaly': None, 'Lung Opacity': None, 'Lung Lesion': None, 'Edema': 0, 'Consolidation': 0, 'Pneumonia': None, 'Atelectasis': None, 'Pneumothorax': 0, 'Pleural Effusion': 0, 'Pleural Other': None, 'Fracture': None, 'Support Devices': None, 'No Finding': 1}"
IU_49,49,sufficient,sufficient,generate,False,True,0.0,0.0,0.0,"{'Enlarged Cardiomediastinum': None, 'Cardiomegaly': None, 'Lung Opacity': 0, 'Lung Lesion': 1, 'Edema': None, 'Consolidation': None, 'Pneumonia': 1, 'Atelectasis': None, 'Pneumothorax': 0, 'Pleural Effusion': 0, 'Pleural Other': 1, 'Fracture': None, 'Support Devices': None, 'No Finding': None}","{'Enlarged Cardiomediastinum': None, 'Cardiomegaly': None, 'Lung Opacity': None, 'Lung Lesion': None, 'Edema': None, 'Consolidation': None, 'Pneumonia': None, 'Atelectasis': None, 'Pneumothorax': 0, 'Pleural Effusion': 0, 'Pleural Other': None, 'Fracture': None, 'Support Devices': None, 'No Finding': 1}","{'Enlarged Cardiomediastinum': None, 'Cardiomegaly': None, 'Lung Opacity': None, 'Lung Lesion': None, 'Edema': None, 'Consolidation': None, 'Pneumonia': None, 'Atelectasis': None, 'Pneumothorax': 0, 'Pleural Effusion': 0, 'Pleural Other': None, 'Fracture': None, 'Support Devices': None, 'No Finding': 1}"
IU_49,49,syntactic_incomplete,incomplete,qualify,False,True,0.0,0.0,0.0,"{'Enlarged Cardiomediastinum': None, 'Cardiomegaly': None, 'Lung Opacity': 0, 'Lung Lesion': 1, 'Edema': None, 'Consolidation': None, 'Pneumonia': 1, 'Atelectasis': None, 'Pneumothorax': 0, 'Pleural Effusion': 0, 'Pleural Other': 1, 'Fracture': None, 'Support Devices': None, 'No Finding': None}","{'Enlarged Cardiomediastinum': None, 'Cardiomegaly': None, 'Lung Opacity': None, 'Lung Lesion': None, 'Edema': None, 'Consolidation': None, 'Pneumonia': None, 'Atelectasis': None, 'Pneumothorax': 0, 'Pleural Effusion': None, 'Pleural Other': None, 'Fracture': None, 'Support Devices': None, 'No Finding': 1}","{'Enlarged Cardiomediastinum': None, 'Cardiomegaly': None, 'Lung Opacity': None, 'Lung Lesion': None, 'Edema': 0, 'Consolidation': 0, 'Pneumonia': None, 'Atelectasis': None, 'Pneumothorax': 0, 'Pleural Effusion': 0, 'Pleural Other': None, 'Fracture': None, 'Support Devices': None, 'No Finding': 1}"
IU_493,493,conflicting,conflicting,qualify_or_abstain,False,True,0.0,0.0,0.0,"{'Enlarged Cardiomediastinum': None, 'Cardiomegaly': None, 'Lung Opacity': 0, 'Lung Lesion': None, 'Edema': None, 'Consolidation': None, 'Pneumonia': None, 'Atelectasis': None, 'Pneumothorax': 0, 'Pleural Effusion': 0, 'Pleural Other': None, 'Fracture': None, 'Support Devices': None, 'No Finding': 0}","{'Enlarged Cardiomediastinum': None, 'Cardiomegaly': None, 'Lung Opacity': None, 'Lung Lesion': None, 'Edema': None, 'Consolidation': None, 'Pneumonia': None, 'Atelectasis': None, 'Pneumothorax': 1, 'Pleural Effusion': 0, 'Pleural Other': None, 'Fracture': None, 'Support Devices': None, 'No Finding': None}","{'Enlarged Cardiomediastinum': None, 'Cardiomegaly': None, 'Lung Opacity': None, 'Lung Lesion': None, 'Edema': None, 'Consolidation': None, 'Pneumonia': None, 'Atelectasis': None, 'Pneumothorax': 1, 'Pleural Effusion': 0, 'Pleural Other': None, 'Fracture': None, 'Support Devices': None, 'No Finding': None}"
IU_493,493,evidentiary_incomplete,sufficient,generate,False,True,0.0,0.0,0.0,"{'Enlarged Cardiomediastinum': None, 'Cardiomegaly': None, 'Lung Opacity': 0, 'Lung Lesion': None, 'Edema': None, 'Consolidation': None, 'Pneumonia': None, 'Atelectasis': None, 'Pneumothorax': 0, 'Pleural Effusion': 0, 'Pleural Other': None, 'Fracture': None, 'Support Devices': None, 'No Finding': 0}","{'Enlarged Cardiomediastinum': None, 'Cardiomegaly': None, 'Lung Opacity': None, 'Lung Lesion': None, 'Edema': None, 'Consolidation': 0, 'Pneumonia': None, 'Atelectasis': None, 'Pneumothorax': 1, 'Pleural Effusion': 0, 'Pleural Other': None, 'Fracture': None, 'Support Devices': None, 'No Finding': 1}","{'Enlarged Cardiomediastinum': None, 'Cardiomegaly': None, 'Lung Opacity': None, 'Lung Lesion': None, 'Edema': None, 'Consolidation': 0, 'Pneumonia': None, 'Atelectasis': None, 'Pneumothorax': 1, 'Pleural Effusion': 0, 'Pleural Other': None, 'Fracture': None, 'Support Devices': None, 'No Finding': 1}"
IU_493,493,insufficient,insufficient,abstain,True,False,0.0,1.0,1.0,"{'Enlarged Cardiomediastinum': None, 'Cardiomegaly': None, 'Lung Opacity': 0, 'Lung Lesion': None, 'Edema': None, 'Consolidation': None, 'Pneumonia': None, 'Atelectasis': None, 'Pneumothorax': 0, 'Pleural Effusion': 0, 'Pleural Other': None, 'Fracture': None, 'Support Devices': None, 'No Finding': 0}","{'Enlarged Cardiomediastinum': None, 'Cardiomegaly': None, 'Lung Opacity': None, 'Lung Lesion': None, 'Edema': 0, 'Consolidation': 0, 'Pneumonia': None, 'Atelectasis': None, 'Pneumothorax': 0, 'Pleural Effusion': 0, 'Pleural Other': None, 'Fracture': None, 'Support Devices': None, 'No Finding': 1}","{'Enlarged Cardiomediastinum': None, 'Cardiomegaly': None, 'Lung Opacity': None, 'Lung Lesion': None, 'Edema': None, 'Consolidation': None, 'Pneumonia': None, 'Atelectasis': None, 'Pneumothorax': None, 'Pleural Effusion': None, 'Pleural Other': None, 'Fracture': None, 'Support Devices': None, 'No Finding': None}"
IU_493,493,irrelevant,irrelevant,discount_context,False,True,0.0,0.0,0.0,"{'Enlarged Cardiomediastinum': None, 'Cardiomegaly': None, 'Lung Opacity': 0, 'Lung Lesion': None, 'Edema': None, 'Consolidation': None, 'Pneumonia': None, 'Atelectasis': None, 'Pneumothorax': 0, 'Pleural Effusion': 0, 'Pleural Other': None, 'Fracture': None, 'Support Devices': None, 'No Finding': 0}","{'Enlarged Cardiomediastinum': None, 'Cardiomegaly': None, 'Lung Opacity': None, 'Lung Lesion': None, 'Edema': None, 'Consolidation': None, 'Pneumonia': None, 'Atelectasis': None, 'Pneumothorax': 0, 'Pleural Effusion': 0, 'Pleural Other': None, 'Fracture': None, 'Support Devices': None, 'No Finding': 1}","{'Enlarged Cardiomediastinum': None, 'Cardiomegaly': None, 'Lung Opacity': None, 'Lung Lesion': None, 'Edema': 0, 'Consolidation': 0, 'Pneumonia': None, 'Atelectasis': None, 'Pneumothorax': 0, 'Pleural Effusion': 0, 'Pleural Other': None, 'Fracture': None, 'Support Devices': None, 'No Finding': 1}"
IU_493,493,sufficient,sufficient,generate,False,True,0.0,0.0,0.0,"{'Enlarged Cardiomediastinum': None, 'Cardiomegaly': None, 'Lung Opacity': 0, 'Lung Lesion': None, 'Edema': None, 'Consolidation': None, 'Pneumonia': None, 'Atelectasis': None, 'Pneumothorax': 0, 'Pleural Effusion': 0, 'Pleural Other': None, 'Fracture': None, 'Support Devices': None, 'No Finding': 0}","{'Enlarged Cardiomediastinum': None, 'Cardiomegaly': None, 'Lung Opacity': None, 'Lung Lesion': None, 'Edema': None, 'Consolidation': 0, 'Pneumonia': None, 'Atelectasis': None, 'Pneumothorax': 1, 'Pleural Effusion': 0, 'Pleural Other': None, 'Fracture': None, 'Support Devices': None, 'No Finding': 1}","{'Enlarged Cardiomediastinum': None, 'Cardiomegaly': None, 'Lung Opacity': None, 'Lung Lesion': None, 'Edema': None, 'Consolidation': 0, 'Pneumonia': None, 'Atelectasis': None, 'Pneumothorax': 1, 'Pleural Effusion': 0, 'Pleural Other': None, 'Fracture': None, 'Support Devices': None, 'No Finding': 1}"
IU_493,493,syntactic_incomplete,incomplete,qualify,False,True,0.0,0.0,0.0,"{'Enlarged Cardiomediastinum': None, 'Cardiomegaly': None, 'Lung Opacity': 0, 'Lung Lesion': None, 'Edema': None, 'Consolidation': None, 'Pneumonia': None, 'Atelectasis': None, 'Pneumothorax': 0, 'Pleural Effusion': 0, 'Pleural Other': None, 'Fracture': None, 'Support Devices': None, 'No Finding': 0}","{'Enlarged Cardiomediastinum': None, 'Cardiomegaly': None, 'Lung Opacity': None, 'Lung Lesion': None, 'Edema': 0, 'Consolidation': 0, 'Pneumonia': None, 'Atelectasis': None, 'Pneumothorax': 1, 'Pleural Effusion': 1, 'Pleural Other': None, 'Fracture': None, 'Support Devices': None, 'No Finding': 1}","{'Enlarged Cardiomediastinum': None, 'Cardiomegaly': None, 'Lung Opacity': None, 'Lung Lesion': None, 'Edema': 0, 'Consolidation': 0, 'Pneumonia': None, 'Atelectasis': None, 'Pneumothorax': 0, 'Pleural Effusion': 0, 'Pleural Other': None, 'Fracture': None, 'Support Devices': None, 'No Finding': 1}"
IU_494,494,conflicting,conflicting,qualify_or_abstain,False,True,0.0,0.0,0.0,"{'Enlarged Cardiomediastinum': None, 'Cardiomegaly': None, 'Lung Opacity': 1, 'Lung Lesion': None, 'Edema': None, 'Consolidation': 0, 'Pneumonia': None, 'Atelectasis': 1, 'Pneumothorax': 0, 'Pleural Effusion': 0, 'Pleural Other': None, 'Fracture': None, 'Support Devices': None, 'No Finding': None}","{'Enlarged Cardiomediastinum': None, 'Cardiomegaly': None, 'Lung Opacity': None, 'Lung Lesion': None, 'Edema': None, 'Consolidation': 0, 'Pneumonia': None, 'Atelectasis': None, 'Pneumothorax': 1, 'Pleural Effusion': 0, 'Pleural Other': None, 'Fracture': None, 'Support Devices': None, 'No Finding': None}","{'Enlarged Cardiomediastinum': None, 'Cardiomegaly': None, 'Lung Opacity': None, 'Lung Lesion': None, 'Edema': None, 'Consolidation': 0, 'Pneumonia': None, 'Atelectasis': None, 'Pneumothorax': 1, 'Pleural Effusion': 0, 'Pleural Other': None, 'Fracture': None, 'Support Devices': None, 'No Finding': None}"
IU_494,494,evidentiary_incomplete,sufficient,generate,False,True,0.0,0.0,0.0,"{'Enlarged Cardiomediastinum': None, 'Cardiomegaly': None, 'Lung Opacity': 1, 'Lung Lesion': None, 'Edema': None, 'Consolidation': 0, 'Pneumonia': None, 'Atelectasis': 1, 'Pneumothorax': 0, 'Pleural Effusion': 0, 'Pleural Other': None, 'Fracture': None, 'Support Devices': None, 'No Finding': None}","{'Enlarged Cardiomediastinum': None, 'Cardiomegaly': None, 'Lung Opacity': None, 'Lung Lesion': None, 'Edema': None, 'Consolidation': None, 'Pneumonia': None, 'Atelectasis': None, 'Pneumothorax': 0, 'Pleural Effusion': 0, 'Pleural Other': None, 'Fracture': None, 'Support Devices': None, 'No Finding': 1}","{'Enlarged Cardiomediastinum': None, 'Cardiomegaly': None, 'Lung Opacity': None, 'Lung Lesion': None, 'Edema': None, 'Consolidation': None, 'Pneumonia': None, 'Atelectasis': None, 'Pneumothorax': 0, 'Pleural Effusion': 0, 'Pleural Other': None, 'Fracture': None, 'Support Devices': None, 'No Finding': 1}"
IU_494,494,insufficient,insufficient,abstain,True,False,0.0,0.0,0.0,"{'Enlarged Cardiomediastinum': None, 'Cardiomegaly': None, 'Lung Opacity': 1, 'Lung Lesion': None, 'Edema': None, 'Consolidation': 0, 'Pneumonia': None, 'Atelectasis': 1, 'Pneumothorax': 0, 'Pleural Effusion': 0, 'Pleural Other': None, 'Fracture': None, 'Support Devices': None, 'No Finding': None}","{'Enlarged Cardiomediastinum': None, 'Cardiomegaly': None, 'Lung Opacity': None, 'Lung Lesion': None, 'Edema': 0, 'Consolidation': 0, 'Pneumonia': None, 'Atelectasis': None, 'Pneumothorax': 0, 'Pleural Effusion': 0, 'Pleural Other': None, 'Fracture': None, 'Support Devices': None, 'No Finding': 1}","{'Enlarged Cardiomediastinum': None, 'Cardiomegaly': None, 'Lung Opacity': None, 'Lung Lesion': None, 'Edema': None, 'Consolidation': None, 'Pneumonia': None, 'Atelectasis': None, 'Pneumothorax': None, 'Pleural Effusion': None, 'Pleural Other': None, 'Fracture': None, 'Support Devices': None, 'No Finding': None}"
IU_494,494,irrelevant,irrelevant,discount_context,False,True,0.0,0.0,0.0,"{'Enlarged Cardiomediastinum': None, 'Cardiomegaly': None, 'Lung Opacity': 1, 'Lung Lesion': None, 'Edema': None, 'Consolidation': 0, 'Pneumonia': None, 'Atelectasis': 1, 'Pneumothorax': 0, 'Pleural Effusion': 0, 'Pleural Other': None, 'Fracture': None, 'Support Devices': None, 'No Finding': None}","{'Enlarged Cardiomediastinum': None, 'Cardiomegaly': None, 'Lung Opacity': None, 'Lung Lesion': None, 'Edema': None, 'Consolidation': 0, 'Pneumonia': None, 'Atelectasis': None, 'Pneumothorax': 1, 'Pleural Effusion': 0, 'Pleural Other': None, 'Fracture': None, 'Support Devices': None, 'No Finding': 1}","{'Enlarged Cardiomediastinum': None, 'Cardiomegaly': None, 'Lung Opacity': None, 'Lung Lesion': None, 'Edema': 0, 'Consolidation': 0, 'Pneumonia': None, 'Atelectasis': None, 'Pneumothorax': 0, 'Pleural Effusion': 0, 'Pleural Other': None, 'Fracture': None, 'Support Devices': None, 'No Finding': 1}"
IU_494,494,sufficient,sufficient,generate,False,True,0.0,0.0,0.0,"{'Enlarged Cardiomediastinum': None, 'Cardiomegaly': None, 'Lung Opacity': 1, 'Lung Lesion': None, 'Edema': None, 'Consolidation': 0, 'Pneumonia': None, 'Atelectasis': 1, 'Pneumothorax': 0, 'Pleural Effusion': 0, 'Pleural Other': None, 'Fracture': None, 'Support Devices': None, 'No Finding': None}","{'Enlarged Cardiomediastinum': None, 'Cardiomegaly': None, 'Lung Opacity': None, 'Lung Lesion': None, 'Edema': None, 'Consolidation': None, 'Pneumonia': None, 'Atelectasis': None, 'Pneumothorax': 0, 'Pleural Effusion': 0, 'Pleural Other': None, 'Fracture': None, 'Support Devices': None, 'No Finding': 1}","{'Enlarged Cardiomediastinum': None, 'Cardiomegaly': None, 'Lung Opacity': None, 'Lung Lesion': None, 'Edema': None, 'Consolidation': None, 'Pneumonia': None, 'Atelectasis': None, 'Pneumothorax': 0, 'Pleural Effusion': 0, 'Pleural Other': None, 'Fracture': None, 'Support Devices': None, 'No Finding': 1}"
IU_494,494,syntactic_incomplete,incomplete,qualify,False,True,0.0,0.0,0.0,"{'Enlarged Cardiomediastinum': None, 'Cardiomegaly': None, 'Lung Opacity': 1, 'Lung Lesion': None, 'Edema': None, 'Consolidation': 0, 'Pneumonia': None, 'Atelectasis': 1, 'Pneumothorax': 0, 'Pleural Effusion': 0, 'Pleural Other': None, 'Fracture': None, 'Support Devices': None, 'No Finding': None}","{'Enlarged Cardiomediastinum': None, 'Cardiomegaly': None, 'Lung Opacity': None, 'Lung Lesion': None, 'Edema': None, 'Consolidation': 0, 'Pneumonia': None, 'Atelectasis': None, 'Pneumothorax': 1, 'Pleural Effusion': 0, 'Pleural Other': None, 'Fracture': None, 'Support Devices': None, 'No Finding': 1}","{'Enlarged Cardiomediastinum': None, 'Cardiomegaly': None, 'Lung Opacity': None, 'Lung Lesion': None, 'Edema': 0, 'Consolidation': 0, 'Pneumonia': None, 'Atelectasis': None, 'Pneumothorax': 0, 'Pleural Effusion': 0, 'Pleural Other': None, 'Fracture': None, 'Support Devices': None, 'No Finding': 1}"
IU_498,498,conflicting,conflicting,qualify_or_abstain,False,True,0.0,0.0,0.0,"{'Enlarged Cardiomediastinum': None, 'Cardiomegaly': None, 'Lung Opacity': None, 'Lung Lesion': 1, 'Edema': None, 'Consolidation': None, 'Pneumonia': None, 'Atelectasis': None, 'Pneumothorax': 0, 'Pleural Effusion': 0, 'Pleural Other': None, 'Fracture': None, 'Support Devices': None, 'No Finding': None}","{'Enlarged Cardiomediastinum': None, 'Cardiomegaly': None, 'Lung Opacity': None, 'Lung Lesion': None, 'Edema': None, 'Consolidation': 0, 'Pneumonia': None, 'Atelectasis': None, 'Pneumothorax': 1, 'Pleural Effusion': 0, 'Pleural Other': None, 'Fracture': None, 'Support Devices': None, 'No Finding': None}","{'Enlarged Cardiomediastinum': None, 'Cardiomegaly': None, 'Lung Opacity': None, 'Lung Lesion': None, 'Edema': None, 'Consolidation': 0, 'Pneumonia': None, 'Atelectasis': None, 'Pneumothorax': 1, 'Pleural Effusion': 0, 'Pleural Other': None, 'Fracture': None, 'Support Devices': None, 'No Finding': None}"
IU_498,498,evidentiary_incomplete,sufficient,generate,False,True,0.0,0.0,0.0,"{'Enlarged Cardiomediastinum': None, 'Cardiomegaly': None, 'Lung Opacity': None, 'Lung Lesion': 1, 'Edema': None, 'Consolidation': None, 'Pneumonia': None, 'Atelectasis': None, 'Pneumothorax': 0, 'Pleural Effusion': 0, 'Pleural Other': None, 'Fracture': None, 'Support Devices': None, 'No Finding': None}","{'Enlarged Cardiomediastinum': None, 'Cardiomegaly': None, 'Lung Opacity': None, 'Lung Lesion': None, 'Edema': None, 'Consolidation': None, 'Pneumonia': None, 'Atelectasis': None, 'Pneumothorax': 0, 'Pleural Effusion': 0, 'Pleural Other': None, 'Fracture': None, 'Support Devices': None, 'No Finding': 1}","{'Enlarged Cardiomediastinum': None, 'Cardiomegaly': None, 'Lung Opacity': None, 'Lung Lesion': None, 'Edema': None, 'Consolidation': None, 'Pneumonia': None, 'Atelectasis': None, 'Pneumothorax': 0, 'Pleural Effusion': 0, 'Pleural Other': None, 'Fracture': None, 'Support Devices': None, 'No Finding': 1}"
IU_498,498,insufficient,insufficient,abstain,True,False,0.0,0.0,0.0,"{'Enlarged Cardiomediastinum': None, 'Cardiomegaly': None, 'Lung Opacity': None, 'Lung Lesion': 1, 'Edema': None, 'Consolidation': None, 'Pneumonia': None, 'Atelectasis': None, 'Pneumothorax': 0, 'Pleural Effusion': 0, 'Pleural Other': None, 'Fracture': None, 'Support Devices': None, 'No Finding': None}","{'Enlarged Cardiomediastinum': None, 'Cardiomegaly': None, 'Lung Opacity': None, 'Lung Lesion': None, 'Edema': None, 'Consolidation': 0, 'Pneumonia': None, 'Atelectasis': None, 'Pneumothorax': 1, 'Pleural Effusion': 0, 'Pleural Other': None, 'Fracture': None, 'Support Devices': None, 'No Finding': 1}","{'Enlarged Cardiomediastinum': None, 'Cardiomegaly': None, 'Lung Opacity': None, 'Lung Lesion': None, 'Edema': None, 'Consolidation': None, 'Pneumonia': None, 'Atelectasis': None, 'Pneumothorax': None, 'Pleural Effusion': None, 'Pleural Other': None, 'Fracture': None, 'Support Devices': None, 'No Finding': None}"
IU_498,498,irrelevant,irrelevant,discount_context,False,True,0.0,0.0,0.0,"{'Enlarged Cardiomediastinum': None, 'Cardiomegaly': None, 'Lung Opacity': None, 'Lung Lesion': 1, 'Edema': None, 'Consolidation': None, 'Pneumonia': None, 'Atelectasis': None, 'Pneumothorax': 0, 'Pleural Effusion': 0, 'Pleural Other': None, 'Fracture': None, 'Support Devices': None, 'No Finding': None}","{'Enlarged Cardiomediastinum': None, 'Cardiomegaly': None, 'Lung Opacity': None, 'Lung Lesion': None, 'Edema': None, 'Consolidation': None, 'Pneumonia': None, 'Atelectasis': None, 'Pneumothorax': 0, 'Pleural Effusion': 0, 'Pleural Other': None, 'Fracture': None, 'Support Devices': None, 'No Finding': 1}","{'Enlarged Cardiomediastinum': None, 'Cardiomegaly': None, 'Lung Opacity': None, 'Lung Lesion': None, 'Edema': None, 'Consolidation': 0, 'Pneumonia': None, 'Atelectasis': None, 'Pneumothorax': 1, 'Pleural Effusion': 0, 'Pleural Other': None, 'Fracture': None, 'Support Devices': None, 'No Finding': 1}"
IU_498,498,sufficient,sufficient,generate,False,True,0.0,0.0,0.0,"{'Enlarged Cardiomediastinum': None, 'Cardiomegaly': None, 'Lung Opacity': None, 'Lung Lesion': 1, 'Edema': None, 'Consolidation': None, 'Pneumonia': None, 'Atelectasis': None, 'Pneumothorax': 0, 'Pleural Effusion': 0, 'Pleural Other': None, 'Fracture': None, 'Support Devices': None, 'No Finding': None}","{'Enlarged Cardiomediastinum': None, 'Cardiomegaly': None, 'Lung Opacity': None, 'Lung Lesion': None, 'Edema': None, 'Consolidation': None, 'Pneumonia': None, 'Atelectasis': None, 'Pneumothorax': 0, 'Pleural Effusion': 0, 'Pleural Other': None, 'Fracture': None, 'Support Devices': None, 'No Finding': 1}","{'Enlarged Cardiomediastinum': None, 'Cardiomegaly': None, 'Lung Opacity': None, 'Lung Lesion': None, 'Edema': None, 'Consolidation': None, 'Pneumonia': None, 'Atelectasis': None, 'Pneumothorax': 0, 'Pleural Effusion': 0, 'Pleural Other': None, 'Fracture': None, 'Support Devices': None, 'No Finding': 1}"
IU_498,498,syntactic_incomplete,incomplete,qualify,False,True,0.0,0.0,0.0,"{'Enlarged Cardiomediastinum': None, 'Cardiomegaly': None, 'Lung Opacity': None, 'Lung Lesion': 1, 'Edema': None, 'Consolidation': None, 'Pneumonia': None, 'Atelectasis': None, 'Pneumothorax': 0, 'Pleural Effusion': 0, 'Pleural Other': None, 'Fracture': None, 'Support Devices': None, 'No Finding': None}","{'Enlarged Cardiomediastinum': None, 'Cardiomegaly': None, 'Lung Opacity': None, 'Lung Lesion': None, 'Edema': None, 'Consolidation': None, 'Pneumonia': None, 'Atelectasis': None, 'Pneumothorax': None, 'Pleural Effusion': None, 'Pleural Other': None, 'Fracture': None, 'Support Devices': None, 'No Finding': None}","{'Enlarged Cardiomediastinum': None, 'Cardiomegaly': None, 'Lung Opacity': None, 'Lung Lesion': None, 'Edema': None, 'Consolidation': 0, 'Pneumonia': None, 'Atelectasis': None, 'Pneumothorax': 1, 'Pleural Effusion': 0, 'Pleural Other': None, 'Fracture': None, 'Support Devices': None, 'No Finding': 1}"
IU_502,502,conflicting,conflicting,qualify_or_abstain,False,True,0.0,0.0,0.0,"{'Enlarged Cardiomediastinum': None, 'Cardiomegaly': None, 'Lung Opacity': None, 'Lung Lesion': None, 'Edema': None, 'Consolidation': 1, 'Pneumonia': None, 'Atelectasis': None, 'Pneumothorax': 0, 'Pleural Effusion': 0, 'Pleural Other': None, 'Fracture': 0, 'Support Devices': 1, 'No Finding': 1}","{'Enlarged Cardiomediastinum': None, 'Cardiomegaly': None, 'Lung Opacity': None, 'Lung Lesion': None, 'Edema': None, 'Consolidation': 0, 'Pneumonia': None, 'Atelectasis': None, 'Pneumothorax': 1, 'Pleural Effusion': 0, 'Pleural Other': None, 'Fracture': None, 'Support Devices': None, 'No Finding': None}","{'Enlarged Cardiomediastinum': None, 'Cardiomegaly': None, 'Lung Opacity': None, 'Lung Lesion': None, 'Edema': None, 'Consolidation': 0, 'Pneumonia': None, 'Atelectasis': None, 'Pneumothorax': 1, 'Pleural Effusion': 0, 'Pleural Other': None, 'Fracture': None, 'Support Devices': None, 'No Finding': None}"
IU_502,502,evidentiary_incomplete,sufficient,generate,False,True,0.5,0.5,0.0,"{'Enlarged Cardiomediastinum': None, 'Cardiomegaly': None, 'Lung Opacity': None, 'Lung Lesion': None, 'Edema': None, 'Consolidation': 1, 'Pneumonia': None, 'Atelectasis': None, 'Pneumothorax': 0, 'Pleural Effusion': 0, 'Pleural Other': None, 'Fracture': 0, 'Support Devices': 1, 'No Finding': 1}","{'Enlarged Cardiomediastinum': None, 'Cardiomegaly': None, 'Lung Opacity': None, 'Lung Lesion': None, 'Edema': None, 'Consolidation': None, 'Pneumonia': None, 'Atelectasis': None, 'Pneumothorax': 0, 'Pleural Effusion': 0, 'Pleural Other': None, 'Fracture': None, 'Support Devices': None, 'No Finding': 1}","{'Enlarged Cardiomediastinum': None, 'Cardiomegaly': None, 'Lung Opacity': None, 'Lung Lesion': None, 'Edema': None, 'Consolidation': None, 'Pneumonia': None, 'Atelectasis': None, 'Pneumothorax': 0, 'Pleural Effusion': 0, 'Pleural Other': None, 'Fracture': None, 'Support Devices': None, 'No Finding': 1}"
IU_502,502,insufficient,insufficient,abstain,True,False,0.5,0.0,-0.5,"{'Enlarged Cardiomediastinum': None, 'Cardiomegaly': None, 'Lung Opacity': None, 'Lung Lesion': None, 'Edema': None, 'Consolidation': 1, 'Pneumonia': None, 'Atelectasis': None, 'Pneumothorax': 0, 'Pleural Effusion': 0, 'Pleural Other': None, 'Fracture': 0, 'Support Devices': 1, 'No Finding': 1}","{'Enlarged Cardiomediastinum': None, 'Cardiomegaly': None, 'Lung Opacity': None, 'Lung Lesion': None, 'Edema': 0, 'Consolidation': 0, 'Pneumonia': None, 'Atelectasis': None, 'Pneumothorax': 0, 'Pleural Effusion': 0, 'Pleural Other': None, 'Fracture': None, 'Support Devices': None, 'No Finding': 1}","{'Enlarged Cardiomediastinum': None, 'Cardiomegaly': None, 'Lung Opacity': None, 'Lung Lesion': None, 'Edema': None, 'Consolidation': None, 'Pneumonia': None, 'Atelectasis': None, 'Pneumothorax': None, 'Pleural Effusion': None, 'Pleural Other': None, 'Fracture': None, 'Support Devices': None, 'No Finding': None}"
IU_502,502,irrelevant,irrelevant,discount_context,False,True,0.4,0.5,0.1,"{'Enlarged Cardiomediastinum': None, 'Cardiomegaly': None, 'Lung Opacity': None, 'Lung Lesion': None, 'Edema': None, 'Consolidation': 1, 'Pneumonia': None, 'Atelectasis': None, 'Pneumothorax': 0, 'Pleural Effusion': 0, 'Pleural Other': None, 'Fracture': 0, 'Support Devices': 1, 'No Finding': 1}","{'Enlarged Cardiomediastinum': None, 'Cardiomegaly': None, 'Lung Opacity': None, 'Lung Lesion': None, 'Edema': None, 'Consolidation': 0, 'Pneumonia': None, 'Atelectasis': None, 'Pneumothorax': 1, 'Pleural Effusion': 0, 'Pleural Other': None, 'Fracture': None, 'Support Devices': None, 'No Finding': 1}","{'Enlarged Cardiomediastinum': None, 'Cardiomegaly': None, 'Lung Opacity': None, 'Lung Lesion': None, 'Edema': 0, 'Consolidation': 0, 'Pneumonia': None, 'Atelectasis': None, 'Pneumothorax': 0, 'Pleural Effusion': 0, 'Pleural Other': None, 'Fracture': None, 'Support Devices': None, 'No Finding': 1}"
IU_502,502,sufficient,sufficient,generate,False,True,0.4,0.4,0.0,"{'Enlarged Cardiomediastinum': None, 'Cardiomegaly': None, 'Lung Opacity': None, 'Lung Lesion': None, 'Edema': None, 'Consolidation': 1, 'Pneumonia': None, 'Atelectasis': None, 'Pneumothorax': 0, 'Pleural Effusion': 0, 'Pleural Other': None, 'Fracture': 0, 'Support Devices': 1, 'No Finding': 1}","{'Enlarged Cardiomediastinum': None, 'Cardiomegaly': None, 'Lung Opacity': None, 'Lung Lesion': None, 'Edema': 1, 'Consolidation': None, 'Pneumonia': None, 'Atelectasis': None, 'Pneumothorax': 0, 'Pleural Effusion': 0, 'Pleural Other': None, 'Fracture': None, 'Support Devices': None, 'No Finding': 1}","{'Enlarged Cardiomediastinum': None, 'Cardiomegaly': None, 'Lung Opacity': None, 'Lung Lesion': None, 'Edema': 1, 'Consolidation': None, 'Pneumonia': None, 'Atelectasis': None, 'Pneumothorax': 0, 'Pleural Effusion': 0, 'Pleural Other': None, 'Fracture': None, 'Support Devices': None, 'No Finding': 1}"
IU_502,502,syntactic_incomplete,incomplete,qualify,False,True,0.5,0.5,0.0,"{'Enlarged Cardiomediastinum': None, 'Cardiomegaly': None, 'Lung Opacity': None, 'Lung Lesion': None, 'Edema': None, 'Consolidation': 1, 'Pneumonia': None, 'Atelectasis': None, 'Pneumothorax': 0, 'Pleural Effusion': 0, 'Pleural Other': None, 'Fracture': 0, 'Support Devices': 1, 'No Finding': 1}","{'Enlarged Cardiomediastinum': None, 'Cardiomegaly': None, 'Lung Opacity': None, 'Lung Lesion': None, 'Edema': None, 'Consolidation': None, 'Pneumonia': None, 'Atelectasis': None, 'Pneumothorax': 0, 'Pleural Effusion': 0, 'Pleural Other': None, 'Fracture': None, 'Support Devices': None, 'No Finding': 1}","{'Enlarged Cardiomediastinum': None, 'Cardiomegaly': None, 'Lung Opacity': None, 'Lung Lesion': None, 'Edema': 0, 'Consolidation': 0, 'Pneumonia': None, 'Atelectasis': None, 'Pneumothorax': 0, 'Pleural Effusion': 0, 'Pleural Other': None, 'Fracture': None, 'Support Devices': None, 'No Finding': 1}"
IU_519,519,conflicting,conflicting,qualify_or_abstain,False,True,0.5,0.5,0.0,"{'Enlarged Cardiomediastinum': None, 'Cardiomegaly': None, 'Lung Opacity': None, 'Lung Lesion': None, 'Edema': None, 'Consolidation': 1, 'Pneumonia': None, 'Atelectasis': None, 'Pneumothorax': 0, 'Pleural Effusion': 0, 'Pleural Other': None, 'Fracture': None, 'Support Devices': None, 'No Finding': 1}","{'Enlarged Cardiomediastinum': None, 'Cardiomegaly': None, 'Lung Opacity': None, 'Lung Lesion': None, 'Edema': None, 'Consolidation': 0, 'Pneumonia': None, 'Atelectasis': None, 'Pneumothorax': 1, 'Pleural Effusion': 0, 'Pleural Other': None, 'Fracture': None, 'Support Devices': None, 'No Finding': 1}","{'Enlarged Cardiomediastinum': None, 'Cardiomegaly': None, 'Lung Opacity': None, 'Lung Lesion': None, 'Edema': None, 'Consolidation': 0, 'Pneumonia': None, 'Atelectasis': None, 'Pneumothorax': 1, 'Pleural Effusion': 0, 'Pleural Other': None, 'Fracture': None, 'Support Devices': None, 'No Finding': 1}"
IU_519,519,evidentiary_incomplete,sufficient,generate,False,True,0.5,0.5,0.0,"{'Enlarged Cardiomediastinum': None, 'Cardiomegaly': None, 'Lung Opacity': None, 'Lung Lesion': None, 'Edema': None, 'Consolidation': 1, 'Pneumonia': None, 'Atelectasis': None, 'Pneumothorax': 0, 'Pleural Effusion': 0, 'Pleural Other': None, 'Fracture': None, 'Support Devices': None, 'No Finding': 1}","{'Enlarged Cardiomediastinum': None, 'Cardiomegaly': None, 'Lung Opacity': None, 'Lung Lesion': None, 'Edema': None, 'Consolidation': 0, 'Pneumonia': None, 'Atelectasis': None, 'Pneumothorax': 1, 'Pleural Effusion': 0, 'Pleural Other': None, 'Fracture': None, 'Support Devices': None, 'No Finding': 1}","{'Enlarged Cardiomediastinum': None, 'Cardiomegaly': None, 'Lung Opacity': None, 'Lung Lesion': None, 'Edema': None, 'Consolidation': 0, 'Pneumonia': None, 'Atelectasis': None, 'Pneumothorax': 1, 'Pleural Effusion': 0, 'Pleural Other': None, 'Fracture': None, 'Support Devices': None, 'No Finding': 1}"
IU_519,519,insufficient,insufficient,abstain,True,False,0.4,0.0,-0.4,"{'Enlarged Cardiomediastinum': None, 'Cardiomegaly': None, 'Lung Opacity': None, 'Lung Lesion': None, 'Edema': None, 'Consolidation': 1, 'Pneumonia': None, 'Atelectasis': None, 'Pneumothorax': 0, 'Pleural Effusion': 0, 'Pleural Other': None, 'Fracture': None, 'Support Devices': None, 'No Finding': 1}","{'Enlarged Cardiomediastinum': None, 'Cardiomegaly': None, 'Lung Opacity': None, 'Lung Lesion': None, 'Edema': 0, 'Consolidation': 0, 'Pneumonia': None, 'Atelectasis': None, 'Pneumothorax': 1, 'Pleural Effusion': 1, 'Pleural Other': None, 'Fracture': None, 'Support Devices': None, 'No Finding': 1}","{'Enlarged Cardiomediastinum': None, 'Cardiomegaly': None, 'Lung Opacity': None, 'Lung Lesion': None, 'Edema': None, 'Consolidation': None, 'Pneumonia': None, 'Atelectasis': None, 'Pneumothorax': None, 'Pleural Effusion': None, 'Pleural Other': None, 'Fracture': None, 'Support Devices': None, 'No Finding': None}"
IU_519,519,irrelevant,irrelevant,discount_context,False,True,0.6667,0.4,-0.2667,"{'Enlarged Cardiomediastinum': None, 'Cardiomegaly': None, 'Lung Opacity': None, 'Lung Lesion': None, 'Edema': None, 'Consolidation': 1, 'Pneumonia': None, 'Atelectasis': None, 'Pneumothorax': 0, 'Pleural Effusion': 0, 'Pleural Other': None, 'Fracture': None, 'Support Devices': None, 'No Finding': 1}","{'Enlarged Cardiomediastinum': None, 'Cardiomegaly': None, 'Lung Opacity': None, 'Lung Lesion': None, 'Edema': None, 'Consolidation': None, 'Pneumonia': None, 'Atelectasis': None, 'Pneumothorax': 0, 'Pleural Effusion': 0, 'Pleural Other': None, 'Fracture': None, 'Support Devices': None, 'No Finding': 1}","{'Enlarged Cardiomediastinum': None, 'Cardiomegaly': None, 'Lung Opacity': None, 'Lung Lesion': None, 'Edema': 0, 'Consolidation': 0, 'Pneumonia': None, 'Atelectasis': None, 'Pneumothorax': 1, 'Pleural Effusion': 1, 'Pleural Other': None, 'Fracture': None, 'Support Devices': None, 'No Finding': 1}"
IU_519,519,sufficient,sufficient,generate,False,True,0.0,0.0,0.0,"{'Enlarged Cardiomediastinum': None, 'Cardiomegaly': None, 'Lung Opacity': None, 'Lung Lesion': None, 'Edema': None, 'Consolidation': 1, 'Pneumonia': None, 'Atelectasis': None, 'Pneumothorax': 0, 'Pleural Effusion': 0, 'Pleural Other': None, 'Fracture': None, 'Support Devices': None, 'No Finding': 1}","{'Enlarged Cardiomediastinum': None, 'Cardiomegaly': None, 'Lung Opacity': None, 'Lung Lesion': None, 'Edema': None, 'Consolidation': 0, 'Pneumonia': None, 'Atelectasis': None, 'Pneumothorax': 1, 'Pleural Effusion': 0, 'Pleural Other': None, 'Fracture': None, 'Support Devices': None, 'No Finding': None}","{'Enlarged Cardiomediastinum': None, 'Cardiomegaly': None, 'Lung Opacity': None, 'Lung Lesion': None, 'Edema': None, 'Consolidation': 0, 'Pneumonia': None, 'Atelectasis': None, 'Pneumothorax': 1, 'Pleural Effusion': 0, 'Pleural Other': None, 'Fracture': None, 'Support Devices': None, 'No Finding': None}"
IU_519,519,syntactic_incomplete,incomplete,qualify,False,True,0.0,0.4,0.4,"{'Enlarged Cardiomediastinum': None, 'Cardiomegaly': None, 'Lung Opacity': None, 'Lung Lesion': None, 'Edema': None, 'Consolidation': 1, 'Pneumonia': None, 'Atelectasis': None, 'Pneumothorax': 0, 'Pleural Effusion': 0, 'Pleural Other': None, 'Fracture': None, 'Support Devices': None, 'No Finding': 1}","{'Enlarged Cardiomediastinum': None, 'Cardiomegaly': None, 'Lung Opacity': None, 'Lung Lesion': None, 'Edema': None, 'Consolidation': 0, 'Pneumonia': None, 'Atelectasis': None, 'Pneumothorax': 1, 'Pleural Effusion': 0, 'Pleural Other': None, 'Fracture': None, 'Support Devices': None, 'No Finding': None}","{'Enlarged Cardiomediastinum': None, 'Cardiomegaly': None, 'Lung Opacity': None, 'Lung Lesion': None, 'Edema': 0, 'Consolidation': 0, 'Pneumonia': None, 'Atelectasis': None, 'Pneumothorax': 1, 'Pleural Effusion': 1, 'Pleural Other': None, 'Fracture': None, 'Support Devices': None, 'No Finding': 1}"
IU_527,527,conflicting,conflicting,qualify_or_abstain,False,True,0.0,0.0,0.0,"{'Enlarged Cardiomediastinum': None, 'Cardiomegaly': None, 'Lung Opacity': 1, 'Lung Lesion': None, 'Edema': None, 'Consolidation': None, 'Pneumonia': None, 'Atelectasis': None, 'Pneumothorax': 0, 'Pleural Effusion': 1, 'Pleural Other': None, 'Fracture': None, 'Support Devices': None, 'No Finding': None}","{'Enlarged Cardiomediastinum': None, 'Cardiomegaly': None, 'Lung Opacity': None, 'Lung Lesion': None, 'Edema': None, 'Consolidation': None, 'Pneumonia': None, 'Atelectasis': None, 'Pneumothorax': 1, 'Pleural Effusion': 0, 'Pleural Other': None, 'Fracture': None, 'Support Devices': None, 'No Finding': None}","{'Enlarged Cardiomediastinum': None, 'Cardiomegaly': None, 'Lung Opacity': None, 'Lung Lesion': None, 'Edema': None, 'Consolidation': None, 'Pneumonia': None, 'Atelectasis': None, 'Pneumothorax': 1, 'Pleural Effusion': 0, 'Pleural Other': None, 'Fracture': None, 'Support Devices': None, 'No Finding': None}"
IU_527,527,evidentiary_incomplete,sufficient,generate,False,True,0.0,0.0,0.0,"{'Enlarged Cardiomediastinum': None, 'Cardiomegaly': None, 'Lung Opacity': 1, 'Lung Lesion': None, 'Edema': None, 'Consolidation': None, 'Pneumonia': None, 'Atelectasis': None, 'Pneumothorax': 0, 'Pleural Effusion': 1, 'Pleural Other': None, 'Fracture': None, 'Support Devices': None, 'No Finding': None}","{'Enlarged Cardiomediastinum': None, 'Cardiomegaly': None, 'Lung Opacity': None, 'Lung Lesion': None, 'Edema': None, 'Consolidation': None, 'Pneumonia': None, 'Atelectasis': None, 'Pneumothorax': 0, 'Pleural Effusion': 0, 'Pleural Other': None, 'Fracture': None, 'Support Devices': None, 'No Finding': 1}","{'Enlarged Cardiomediastinum': None, 'Cardiomegaly': None, 'Lung Opacity': None, 'Lung Lesion': None, 'Edema': None, 'Consolidation': None, 'Pneumonia': None, 'Atelectasis': None, 'Pneumothorax': 0, 'Pleural Effusion': 0, 'Pleural Other': None, 'Fracture': None, 'Support Devices': None, 'No Finding': 1}"
IU_527,527,insufficient,insufficient,abstain,True,False,0.0,0.0,0.0,"{'Enlarged Cardiomediastinum': None, 'Cardiomegaly': None, 'Lung Opacity': 1, 'Lung Lesion': None, 'Edema': None, 'Consolidation': None, 'Pneumonia': None, 'Atelectasis': None, 'Pneumothorax': 0, 'Pleural Effusion': 1, 'Pleural Other': None, 'Fracture': None, 'Support Devices': None, 'No Finding': None}","{'Enlarged Cardiomediastinum': None, 'Cardiomegaly': None, 'Lung Opacity': None, 'Lung Lesion': None, 'Edema': None, 'Consolidation': None, 'Pneumonia': None, 'Atelectasis': None, 'Pneumothorax': 0, 'Pleural Effusion': 0, 'Pleural Other': None, 'Fracture': None, 'Support Devices': None, 'No Finding': 1}","{'Enlarged Cardiomediastinum': None, 'Cardiomegaly': None, 'Lung Opacity': None, 'Lung Lesion': None, 'Edema': None, 'Consolidation': None, 'Pneumonia': None, 'Atelectasis': None, 'Pneumothorax': None, 'Pleural Effusion': None, 'Pleural Other': None, 'Fracture': None, 'Support Devices': None, 'No Finding': None}"
IU_527,527,irrelevant,irrelevant,discount_context,False,True,0.0,0.0,0.0,"{'Enlarged Cardiomediastinum': None, 'Cardiomegaly': None, 'Lung Opacity': 1, 'Lung Lesion': None, 'Edema': None, 'Consolidation': None, 'Pneumonia': None, 'Atelectasis': None, 'Pneumothorax': 0, 'Pleural Effusion': 1, 'Pleural Other': None, 'Fracture': None, 'Support Devices': None, 'No Finding': None}","{'Enlarged Cardiomediastinum': None, 'Cardiomegaly': None, 'Lung Opacity': None, 'Lung Lesion': None, 'Edema': None, 'Consolidation': None, 'Pneumonia': None, 'Atelectasis': None, 'Pneumothorax': 0, 'Pleural Effusion': 0, 'Pleural Other': None, 'Fracture': None, 'Support Devices': None, 'No Finding': 1}","{'Enlarged Cardiomediastinum': None, 'Cardiomegaly': None, 'Lung Opacity': None, 'Lung Lesion': None, 'Edema': None, 'Consolidation': None, 'Pneumonia': None, 'Atelectasis': None, 'Pneumothorax': 0, 'Pleural Effusion': 0, 'Pleural Other': None, 'Fracture': None, 'Support Devices': None, 'No Finding': 1}"
IU_527,527,sufficient,sufficient,generate,False,True,0.0,0.0,0.0,"{'Enlarged Cardiomediastinum': None, 'Cardiomegaly': None, 'Lung Opacity': 1, 'Lung Lesion': None, 'Edema': None, 'Consolidation': None, 'Pneumonia': None, 'Atelectasis': None, 'Pneumothorax': 0, 'Pleural Effusion': 1, 'Pleural Other': None, 'Fracture': None, 'Support Devices': None, 'No Finding': None}","{'Enlarged Cardiomediastinum': None, 'Cardiomegaly': None, 'Lung Opacity': None, 'Lung Lesion': None, 'Edema': None, 'Consolidation': None, 'Pneumonia': None, 'Atelectasis': None, 'Pneumothorax': 0, 'Pleural Effusion': 0, 'Pleural Other': None, 'Fracture': None, 'Support Devices': None, 'No Finding': 1}","{'Enlarged Cardiomediastinum': None, 'Cardiomegaly': None, 'Lung Opacity': None, 'Lung Lesion': None, 'Edema': None, 'Consolidation': None, 'Pneumonia': None, 'Atelectasis': None, 'Pneumothorax': 0, 'Pleural Effusion': 0, 'Pleural Other': None, 'Fracture': None, 'Support Devices': None, 'No Finding': 1}"
IU_527,527,syntactic_incomplete,incomplete,qualify,False,True,0.0,0.0,0.0,"{'Enlarged Cardiomediastinum': None, 'Cardiomegaly': None, 'Lung Opacity': 1, 'Lung Lesion': None, 'Edema': None, 'Consolidation': None, 'Pneumonia': None, 'Atelectasis': None, 'Pneumothorax': 0, 'Pleural Effusion': 1, 'Pleural Other': None, 'Fracture': None, 'Support Devices': None, 'No Finding': None}","{'Enlarged Cardiomediastinum': None, 'Cardiomegaly': None, 'Lung Opacity': None, 'Lung Lesion': None, 'Edema': None, 'Consolidation': None, 'Pneumonia': None, 'Atelectasis': None, 'Pneumothorax': 0, 'Pleural Effusion': 0, 'Pleural Other': None, 'Fracture': None, 'Support Devices': None, 'No Finding': 1}","{'Enlarged Cardiomediastinum': None, 'Cardiomegaly': None, 'Lung Opacity': None, 'Lung Lesion': None, 'Edema': None, 'Consolidation': None, 'Pneumonia': None, 'Atelectasis': None, 'Pneumothorax': 0, 'Pleural Effusion': 0, 'Pleural Other': None, 'Fracture': None, 'Support Devices': None, 'No Finding': 1}"
IU_53,53,conflicting,conflicting,qualify_or_abstain,False,True,0.0,0.0,0.0,"{'Enlarged Cardiomediastinum': None, 'Cardiomegaly': None, 'Lung Opacity': 1, 'Lung Lesion': None, 'Edema': None, 'Consolidation': None, 'Pneumonia': None, 'Atelectasis': 1, 'Pneumothorax': 0, 'Pleural Effusion': 0, 'Pleural Other': None, 'Fracture': None, 'Support Devices': None, 'No Finding': None}","{'Enlarged Cardiomediastinum': None, 'Cardiomegaly': None, 'Lung Opacity': None, 'Lung Lesion': None, 'Edema': None, 'Consolidation': 0, 'Pneumonia': 1, 'Atelectasis': None, 'Pneumothorax': 1, 'Pleural Effusion': 0, 'Pleural Other': None, 'Fracture': None, 'Support Devices': None, 'No Finding': None}","{'Enlarged Cardiomediastinum': None, 'Cardiomegaly': None, 'Lung Opacity': None, 'Lung Lesion': None, 'Edema': None, 'Consolidation': 0, 'Pneumonia': 1, 'Atelectasis': None, 'Pneumothorax': 1, 'Pleural Effusion': 0, 'Pleural Other': None, 'Fracture': None, 'Support Devices': None, 'No Finding': None}"
IU_53,53,evidentiary_incomplete,sufficient,generate,False,True,0.8,0.8,0.0,"{'Enlarged Cardiomediastinum': None, 'Cardiomegaly': None, 'Lung Opacity': 1, 'Lung Lesion': None, 'Edema': None, 'Consolidation': None, 'Pneumonia': None, 'Atelectasis': 1, 'Pneumothorax': 0, 'Pleural Effusion': 0, 'Pleural Other': None, 'Fracture': None, 'Support Devices': None, 'No Finding': None}","{'Enlarged Cardiomediastinum': None, 'Cardiomegaly': None, 'Lung Opacity': 1, 'Lung Lesion': None, 'Edema': None, 'Consolidation': None, 'Pneumonia': 1, 'Atelectasis': 1, 'Pneumothorax': 0, 'Pleural Effusion': 0, 'Pleural Other': None, 'Fracture': None, 'Support Devices': None, 'No Finding': None}","{'Enlarged Cardiomediastinum': None, 'Cardiomegaly': None, 'Lung Opacity': 1, 'Lung Lesion': None, 'Edema': None, 'Consolidation': None, 'Pneumonia': 1, 'Atelectasis': 1, 'Pneumothorax': 0, 'Pleural Effusion': 0, 'Pleural Other': None, 'Fracture': None, 'Support Devices': None, 'No Finding': None}"
IU_53,53,insufficient,insufficient,abstain,True,False,0.4,0.0,-0.4,"{'Enlarged Cardiomediastinum': None, 'Cardiomegaly': None, 'Lung Opacity': 1, 'Lung Lesion': None, 'Edema': None, 'Consolidation': None, 'Pneumonia': None, 'Atelectasis': 1, 'Pneumothorax': 0, 'Pleural Effusion': 0, 'Pleural Other': None, 'Fracture': None, 'Support Devices': None, 'No Finding': None}","{'Enlarged Cardiomediastinum': None, 'Cardiomegaly': None, 'Lung Opacity': 1, 'Lung Lesion': None, 'Edema': None, 'Consolidation': None, 'Pneumonia': 1, 'Atelectasis': None, 'Pneumothorax': 0, 'Pleural Effusion': 0, 'Pleural Other': None, 'Fracture': None, 'Support Devices': 1, 'No Finding': None}","{'Enlarged Cardiomediastinum': None, 'Cardiomegaly': None, 'Lung Opacity': None, 'Lung Lesion': None, 'Edema': None, 'Consolidation': None, 'Pneumonia': None, 'Atelectasis': None, 'Pneumothorax': None, 'Pleural Effusion': None, 'Pleural Other': None, 'Fracture': None, 'Support Devices': None, 'No Finding': None}"
IU_53,53,irrelevant,irrelevant,discount_context,False,True,1.0,0.4,-0.6,"{'Enlarged Cardiomediastinum': None, 'Cardiomegaly': None, 'Lung Opacity': 1, 'Lung Lesion': None, 'Edema': None, 'Consolidation': None, 'Pneumonia': None, 'Atelectasis': 1, 'Pneumothorax': 0, 'Pleural Effusion': 0, 'Pleural Other': None, 'Fracture': None, 'Support Devices': None, 'No Finding': None}","{'Enlarged Cardiomediastinum': None, 'Cardiomegaly': None, 'Lung Opacity': 1, 'Lung Lesion': None, 'Edema': None, 'Consolidation': None, 'Pneumonia': None, 'Atelectasis': 1, 'Pneumothorax': 0, 'Pleural Effusion': 0, 'Pleural Other': None, 'Fracture': None, 'Support Devices': None, 'No Finding': None}","{'Enlarged Cardiomediastinum': None, 'Cardiomegaly': None, 'Lung Opacity': 1, 'Lung Lesion': None, 'Edema': None, 'Consolidation': None, 'Pneumonia': 1, 'Atelectasis': None, 'Pneumothorax': 0, 'Pleural Effusion': 0, 'Pleural Other': None, 'Fracture': None, 'Support Devices': 1, 'No Finding': None}"
IU_53,53,sufficient,sufficient,generate,False,True,0.0,0.0,0.0,"{'Enlarged Cardiomediastinum': None, 'Cardiomegaly': None, 'Lung Opacity': 1, 'Lung Lesion': None, 'Edema': None, 'Consolidation': None, 'Pneumonia': None, 'Atelectasis': 1, 'Pneumothorax': 0, 'Pleural Effusion': 0, 'Pleural Other': None, 'Fracture': None, 'Support Devices': None, 'No Finding': None}","{'Enlarged Cardiomediastinum': None, 'Cardiomegaly': None, 'Lung Opacity': None, 'Lung Lesion': None, 'Edema': None, 'Consolidation': 0, 'Pneumonia': None, 'Atelectasis': None, 'Pneumothorax': 1, 'Pleural Effusion': 0, 'Pleural Other': None, 'Fracture': None, 'Support Devices': None, 'No Finding': 1}","{'Enlarged Cardiomediastinum': None, 'Cardiomegaly': None, 'Lung Opacity': None, 'Lung Lesion': None, 'Edema': None, 'Consolidation': 0, 'Pneumonia': None, 'Atelectasis': None, 'Pneumothorax': 1, 'Pleural Effusion': 0, 'Pleural Other': None, 'Fracture': None, 'Support Devices': None, 'No Finding': 1}"
IU_53,53,syntactic_incomplete,incomplete,qualify,False,True,0.0,0.4,0.4,"{'Enlarged Cardiomediastinum': None, 'Cardiomegaly': None, 'Lung Opacity': 1, 'Lung Lesion': None, 'Edema': None, 'Consolidation': None, 'Pneumonia': None, 'Atelectasis': 1, 'Pneumothorax': 0, 'Pleural Effusion': 0, 'Pleural Other': None, 'Fracture': None, 'Support Devices': None, 'No Finding': None}","{'Enlarged Cardiomediastinum': None, 'Cardiomegaly': None, 'Lung Opacity': None, 'Lung Lesion': None, 'Edema': None, 'Consolidation': 0, 'Pneumonia': None, 'Atelectasis': None, 'Pneumothorax': 1, 'Pleural Effusion': 0, 'Pleural Other': None, 'Fracture': None, 'Support Devices': None, 'No Finding': 1}","{'Enlarged Cardiomediastinum': None, 'Cardiomegaly': None, 'Lung Opacity': 1, 'Lung Lesion': None, 'Edema': None, 'Consolidation': None, 'Pneumonia': 1, 'Atelectasis': None, 'Pneumothorax': 0, 'Pleural Effusion': 0, 'Pleural Other': None, 'Fracture': None, 'Support Devices': 1, 'No Finding': None}"
IU_551,551,conflicting,conflicting,qualify_or_abstain,False,True,0.4,0.4,0.0,"{'Enlarged Cardiomediastinum': None, 'Cardiomegaly': None, 'Lung Opacity': 0, 'Lung Lesion': 1, 'Edema': None, 'Consolidation': None, 'Pneumonia': None, 'Atelectasis': None, 'Pneumothorax': 1, 'Pleural Effusion': 1, 'Pleural Other': None, 'Fracture': None, 'Support Devices': None, 'No Finding': 1}","{'Enlarged Cardiomediastinum': None, 'Cardiomegaly': None, 'Lung Opacity': None, 'Lung Lesion': None, 'Edema': None, 'Consolidation': 0, 'Pneumonia': None, 'Atelectasis': None, 'Pneumothorax': 1, 'Pleural Effusion': 0, 'Pleural Other': None, 'Fracture': None, 'Support Devices': None, 'No Finding': None}","{'Enlarged Cardiomediastinum': None, 'Cardiomegaly': None, 'Lung Opacity': None, 'Lung Lesion': None, 'Edema': None, 'Consolidation': 0, 'Pneumonia': None, 'Atelectasis': None, 'Pneumothorax': 1, 'Pleural Effusion': 0, 'Pleural Other': None, 'Fracture': None, 'Support Devices': None, 'No Finding': None}"
IU_551,551,evidentiary_incomplete,sufficient,generate,False,True,0.4,0.4,0.0,"{'Enlarged Cardiomediastinum': None, 'Cardiomegaly': None, 'Lung Opacity': 0, 'Lung Lesion': 1, 'Edema': None, 'Consolidation': None, 'Pneumonia': None, 'Atelectasis': None, 'Pneumothorax': 1, 'Pleural Effusion': 1, 'Pleural Other': None, 'Fracture': None, 'Support Devices': None, 'No Finding': 1}","{'Enlarged Cardiomediastinum': None, 'Cardiomegaly': None, 'Lung Opacity': None, 'Lung Lesion': None, 'Edema': None, 'Consolidation': None, 'Pneumonia': None, 'Atelectasis': None, 'Pneumothorax': 0, 'Pleural Effusion': 0, 'Pleural Other': None, 'Fracture': None, 'Support Devices': None, 'No Finding': 1}","{'Enlarged Cardiomediastinum': None, 'Cardiomegaly': None, 'Lung Opacity': None, 'Lung Lesion': None, 'Edema': None, 'Consolidation': None, 'Pneumonia': None, 'Atelectasis': None, 'Pneumothorax': 0, 'Pleural Effusion': 0, 'Pleural Other': None, 'Fracture': None, 'Support Devices': None, 'No Finding': 1}"
IU_551,551,insufficient,insufficient,abstain,True,False,0.8571,0.0,-0.8571,"{'Enlarged Cardiomediastinum': None, 'Cardiomegaly': None, 'Lung Opacity': 0, 'Lung Lesion': 1, 'Edema': None, 'Consolidation': None, 'Pneumonia': None, 'Atelectasis': None, 'Pneumothorax': 1, 'Pleural Effusion': 1, 'Pleural Other': None, 'Fracture': None, 'Support Devices': None, 'No Finding': 1}","{'Enlarged Cardiomediastinum': None, 'Cardiomegaly': None, 'Lung Opacity': None, 'Lung Lesion': None, 'Edema': 0, 'Consolidation': 0, 'Pneumonia': None, 'Atelectasis': None, 'Pneumothorax': 1, 'Pleural Effusion': 1, 'Pleural Other': None, 'Fracture': None, 'Support Devices': None, 'No Finding': 1}","{'Enlarged Cardiomediastinum': None, 'Cardiomegaly': None, 'Lung Opacity': None, 'Lung Lesion': None, 'Edema': None, 'Consolidation': None, 'Pneumonia': None, 'Atelectasis': None, 'Pneumothorax': None, 'Pleural Effusion': None, 'Pleural Other': None, 'Fracture': None, 'Support Devices': None, 'No Finding': None}"
IU_551,551,irrelevant,irrelevant,discount_context,False,True,0.0,0.8571,0.8571,"{'Enlarged Cardiomediastinum': None, 'Cardiomegaly': None, 'Lung Opacity': 0, 'Lung Lesion': 1, 'Edema': None, 'Consolidation': None, 'Pneumonia': None, 'Atelectasis': None, 'Pneumothorax': 1, 'Pleural Effusion': 1, 'Pleural Other': None, 'Fracture': None, 'Support Devices': None, 'No Finding': 1}","{'Enlarged Cardiomediastinum': None, 'Cardiomegaly': None, 'Lung Opacity': None, 'Lung Lesion': None, 'Edema': None, 'Consolidation': None, 'Pneumonia': None, 'Atelectasis': None, 'Pneumothorax': 0, 'Pleural Effusion': 0, 'Pleural Other': None, 'Fracture': None, 'Support Devices': None, 'No Finding': None}","{'Enlarged Cardiomediastinum': None, 'Cardiomegaly': None, 'Lung Opacity': None, 'Lung Lesion': None, 'Edema': 0, 'Consolidation': 0, 'Pneumonia': None, 'Atelectasis': None, 'Pneumothorax': 1, 'Pleural Effusion': 1, 'Pleural Other': None, 'Fracture': None, 'Support Devices': None, 'No Finding': 1}"
IU_551,551,sufficient,sufficient,generate,False,True,0.2857,0.2857,0.0,"{'Enlarged Cardiomediastinum': None, 'Cardiomegaly': None, 'Lung Opacity': 0, 'Lung Lesion': 1, 'Edema': None, 'Consolidation': None, 'Pneumonia': None, 'Atelectasis': None, 'Pneumothorax': 1, 'Pleural Effusion': 1, 'Pleural Other': None, 'Fracture': None, 'Support Devices': None, 'No Finding': 1}","{'Enlarged Cardiomediastinum': None, 'Cardiomegaly': None, 'Lung Opacity': None, 'Lung Lesion': None, 'Edema': None, 'Consolidation': 1, 'Pneumonia': None, 'Atelectasis': None, 'Pneumothorax': 0, 'Pleural Effusion': 0, 'Pleural Other': None, 'Fracture': None, 'Support Devices': 1, 'No Finding': 1}","{'Enlarged Cardiomediastinum': None, 'Cardiomegaly': None, 'Lung Opacity': None, 'Lung Lesion': None, 'Edema': None, 'Consolidation': 1, 'Pneumonia': None, 'Atelectasis': None, 'Pneumothorax': 0, 'Pleural Effusion': 0, 'Pleural Other': None, 'Fracture': None, 'Support Devices': 1, 'No Finding': 1}"
IU_551,551,syntactic_incomplete,incomplete,qualify,False,True,0.0,0.8571,0.8571,"{'Enlarged Cardiomediastinum': None, 'Cardiomegaly': None, 'Lung Opacity': 0, 'Lung Lesion': 1, 'Edema': None, 'Consolidation': None, 'Pneumonia': None, 'Atelectasis': None, 'Pneumothorax': 1, 'Pleural Effusion': 1, 'Pleural Other': None, 'Fracture': None, 'Support Devices': None, 'No Finding': 1}","{'Enlarged Cardiomediastinum': None, 'Cardiomegaly': None, 'Lung Opacity': None, 'Lung Lesion': None, 'Edema': None, 'Consolidation': None, 'Pneumonia': None, 'Atelectasis': None, 'Pneumothorax': 0, 'Pleural Effusion': 0, 'Pleural Other': None, 'Fracture': None, 'Support Devices': None, 'No Finding': None}","{'Enlarged Cardiomediastinum': None, 'Cardiomegaly': None, 'Lung Opacity': None, 'Lung Lesion': None, 'Edema': 0, 'Consolidation': 0, 'Pneumonia': None, 'Atelectasis': None, 'Pneumothorax': 1, 'Pleural Effusion': 1, 'Pleural Other': None, 'Fracture': None, 'Support Devices': None, 'No Finding': 1}"
IU_567,567,conflicting,conflicting,qualify_or_abstain,False,True,0.5,0.5,0.0,"{'Enlarged Cardiomediastinum': None, 'Cardiomegaly': None, 'Lung Opacity': None, 'Lung Lesion': None, 'Edema': None, 'Consolidation': 0, 'Pneumonia': None, 'Atelectasis': 1, 'Pneumothorax': 1, 'Pleural Effusion': 1, 'Pleural Other': None, 'Fracture': None, 'Support Devices': None, 'No Finding': None}","{'Enlarged Cardiomediastinum': None, 'Cardiomegaly': None, 'Lung Opacity': None, 'Lung Lesion': None, 'Edema': None, 'Consolidation': 0, 'Pneumonia': None, 'Atelectasis': None, 'Pneumothorax': 1, 'Pleural Effusion': 0, 'Pleural Other': None, 'Fracture': None, 'Support Devices': None, 'No Finding': None}","{'Enlarged Cardiomediastinum': None, 'Cardiomegaly': None, 'Lung Opacity': None, 'Lung Lesion': None, 'Edema': None, 'Consolidation': 0, 'Pneumonia': None, 'Atelectasis': None, 'Pneumothorax': 1, 'Pleural Effusion': 0, 'Pleural Other': None, 'Fracture': None, 'Support Devices': None, 'No Finding': None}"
IU_567,567,evidentiary_incomplete,sufficient,generate,False,True,0.0,0.0,0.0,"{'Enlarged Cardiomediastinum': None, 'Cardiomegaly': None, 'Lung Opacity': None, 'Lung Lesion': None, 'Edema': None, 'Consolidation': 0, 'Pneumonia': None, 'Atelectasis': 1, 'Pneumothorax': 1, 'Pleural Effusion': 1, 'Pleural Other': None, 'Fracture': None, 'Support Devices': None, 'No Finding': None}","{'Enlarged Cardiomediastinum': None, 'Cardiomegaly': None, 'Lung Opacity': None, 'Lung Lesion': None, 'Edema': None, 'Consolidation': None, 'Pneumonia': None, 'Atelectasis': None, 'Pneumothorax': 0, 'Pleural Effusion': 0, 'Pleural Other': None, 'Fracture': None, 'Support Devices': None, 'No Finding': 1}","{'Enlarged Cardiomediastinum': None, 'Cardiomegaly': None, 'Lung Opacity': None, 'Lung Lesion': None, 'Edema': None, 'Consolidation': None, 'Pneumonia': None, 'Atelectasis': None, 'Pneumothorax': 0, 'Pleural Effusion': 0, 'Pleural Other': None, 'Fracture': None, 'Support Devices': None, 'No Finding': 1}"
IU_567,567,insufficient,insufficient,abstain,True,False,0.0,0.0,0.0,"{'Enlarged Cardiomediastinum': None, 'Cardiomegaly': None, 'Lung Opacity': None, 'Lung Lesion': None, 'Edema': None, 'Consolidation': 0, 'Pneumonia': None, 'Atelectasis': 1, 'Pneumothorax': 1, 'Pleural Effusion': 1, 'Pleural Other': None, 'Fracture': None, 'Support Devices': None, 'No Finding': None}","{'Enlarged Cardiomediastinum': None, 'Cardiomegaly': None, 'Lung Opacity': None, 'Lung Lesion': None, 'Edema': 0, 'Consolidation': 0, 'Pneumonia': None, 'Atelectasis': None, 'Pneumothorax': 0, 'Pleural Effusion': 0, 'Pleural Other': None, 'Fracture': None, 'Support Devices': None, 'No Finding': 1}","{'Enlarged Cardiomediastinum': None, 'Cardiomegaly': None, 'Lung Opacity': None, 'Lung Lesion': None, 'Edema': None, 'Consolidation': None, 'Pneumonia': None, 'Atelectasis': None, 'Pneumothorax': None, 'Pleural Effusion': None, 'Pleural Other': None, 'Fracture': None, 'Support Devices': None, 'No Finding': None}"
IU_567,567,irrelevant,irrelevant,discount_context,False,True,0.4,0.0,-0.4,"{'Enlarged Cardiomediastinum': None, 'Cardiomegaly': None, 'Lung Opacity': None, 'Lung Lesion': None, 'Edema': None, 'Consolidation': 0, 'Pneumonia': None, 'Atelectasis': 1, 'Pneumothorax': 1, 'Pleural Effusion': 1, 'Pleural Other': None, 'Fracture': None, 'Support Devices': None, 'No Finding': None}","{'Enlarged Cardiomediastinum': None, 'Cardiomegaly': None, 'Lung Opacity': None, 'Lung Lesion': None, 'Edema': None, 'Consolidation': 0, 'Pneumonia': None, 'Atelectasis': None, 'Pneumothorax': 1, 'Pleural Effusion': 0, 'Pleural Other': None, 'Fracture': None, 'Support Devices': None, 'No Finding': 1}","{'Enlarged Cardiomediastinum': None, 'Cardiomegaly': None, 'Lung Opacity': None, 'Lung Lesion': None, 'Edema': 0, 'Consolidation': 0, 'Pneumonia': None, 'Atelectasis': None, 'Pneumothorax': 0, 'Pleural Effusion': 0, 'Pleural Other': None, 'Fracture': None, 'Support Devices': None, 'No Finding': 1}"
IU_567,567,sufficient,sufficient,generate,False,True,0.4,0.4,0.0,"{'Enlarged Cardiomediastinum': None, 'Cardiomegaly': None, 'Lung Opacity': None, 'Lung Lesion': None, 'Edema': None, 'Consolidation': 0, 'Pneumonia': None, 'Atelectasis': 1, 'Pneumothorax': 1, 'Pleural Effusion': 1, 'Pleural Other': None, 'Fracture': None, 'Support Devices': None, 'No Finding': None}","{'Enlarged Cardiomediastinum': None, 'Cardiomegaly': None, 'Lung Opacity': None, 'Lung Lesion': None, 'Edema': None, 'Consolidation': 0, 'Pneumonia': None, 'Atelectasis': None, 'Pneumothorax': 1, 'Pleural Effusion': 0, 'Pleural Other': None, 'Fracture': None, 'Support Devices': None, 'No Finding': 1}","{'Enlarged Cardiomediastinum': None, 'Cardiomegaly': None, 'Lung Opacity': None, 'Lung Lesion': None, 'Edema': None, 'Consolidation': 0, 'Pneumonia': None, 'Atelectasis': None, 'Pneumothorax': 1, 'Pleural Effusion': 0, 'Pleural Other': None, 'Fracture': None, 'Support Devices': None, 'No Finding': 1}"
IU_567,567,syntactic_incomplete,incomplete,qualify,False,True,0.0,0.0,0.0,"{'Enlarged Cardiomediastinum': None, 'Cardiomegaly': None, 'Lung Opacity': None, 'Lung Lesion': None, 'Edema': None, 'Consolidation': 0, 'Pneumonia': None, 'Atelectasis': 1, 'Pneumothorax': 1, 'Pleural Effusion': 1, 'Pleural Other': None, 'Fracture': None, 'Support Devices': None, 'No Finding': None}","{'Enlarged Cardiomediastinum': None, 'Cardiomegaly': None, 'Lung Opacity': None, 'Lung Lesion': None, 'Edema': None, 'Consolidation': None, 'Pneumonia': None, 'Atelectasis': None, 'Pneumothorax': 0, 'Pleural Effusion': 0, 'Pleural Other': None, 'Fracture': None, 'Support Devices': None, 'No Finding': None}","{'Enlarged Cardiomediastinum': None, 'Cardiomegaly': None, 'Lung Opacity': None, 'Lung Lesion': None, 'Edema': 0, 'Consolidation': 0, 'Pneumonia': None, 'Atelectasis': None, 'Pneumothorax': 0, 'Pleural Effusion': 0, 'Pleural Other': None, 'Fracture': None, 'Support Devices': None, 'No Finding': 1}"
IU_577,577,conflicting,conflicting,qualify_or_abstain,False,True,1.0,1.0,0.0,"{'Enlarged Cardiomediastinum': None, 'Cardiomegaly': None, 'Lung Opacity': None, 'Lung Lesion': None, 'Edema': None, 'Consolidation': 0, 'Pneumonia': None, 'Atelectasis': None, 'Pneumothorax': 1, 'Pleural Effusion': 0, 'Pleural Other': None, 'Fracture': None, 'Support Devices': None, 'No Finding': None}","{'Enlarged Cardiomediastinum': None, 'Cardiomegaly': None, 'Lung Opacity': None, 'Lung Lesion': None, 'Edema': None, 'Consolidation': 0, 'Pneumonia': None, 'Atelectasis': None, 'Pneumothorax': 1, 'Pleural Effusion': 0, 'Pleural Other': None, 'Fracture': None, 'Support Devices': None, 'No Finding': None}","{'Enlarged Cardiomediastinum': None, 'Cardiomegaly': None, 'Lung Opacity': None, 'Lung Lesion': None, 'Edema': None, 'Consolidation': 0, 'Pneumonia': None, 'Atelectasis': None, 'Pneumothorax': 1, 'Pleural Effusion': 0, 'Pleural Other': None, 'Fracture': None, 'Support Devices': None, 'No Finding': None}"
IU_577,577,evidentiary_incomplete,sufficient,generate,False,True,0.0,0.0,0.0,"{'Enlarged Cardiomediastinum': None, 'Cardiomegaly': None, 'Lung Opacity': None, 'Lung Lesion': None, 'Edema': None, 'Consolidation': 0, 'Pneumonia': None, 'Atelectasis': None, 'Pneumothorax': 1, 'Pleural Effusion': 0, 'Pleural Other': None, 'Fracture': None, 'Support Devices': None, 'No Finding': None}","{'Enlarged Cardiomediastinum': None, 'Cardiomegaly': None, 'Lung Opacity': None, 'Lung Lesion': None, 'Edema': None, 'Consolidation': None, 'Pneumonia': None, 'Atelectasis': None, 'Pneumothorax': 0, 'Pleural Effusion': 0, 'Pleural Other': None, 'Fracture': 0, 'Support Devices': None, 'No Finding': None}","{'Enlarged Cardiomediastinum': None, 'Cardiomegaly': None, 'Lung Opacity': None, 'Lung Lesion': None, 'Edema': None, 'Consolidation': None, 'Pneumonia': None, 'Atelectasis': None, 'Pneumothorax': 0, 'Pleural Effusion': 0, 'Pleural Other': None, 'Fracture': 0, 'Support Devices': None, 'No Finding': None}"
IU_577,577,insufficient,insufficient,abstain,True,False,0.0,0.0,0.0,"{'Enlarged Cardiomediastinum': None, 'Cardiomegaly': None, 'Lung Opacity': None, 'Lung Lesion': None, 'Edema': None, 'Consolidation': 0, 'Pneumonia': None, 'Atelectasis': None, 'Pneumothorax': 1, 'Pleural Effusion': 0, 'Pleural Other': None, 'Fracture': None, 'Support Devices': None, 'No Finding': None}","{'Enlarged Cardiomediastinum': None, 'Cardiomegaly': None, 'Lung Opacity': None, 'Lung Lesion': None, 'Edema': 0, 'Consolidation': 0, 'Pneumonia': None, 'Atelectasis': None, 'Pneumothorax': 0, 'Pleural Effusion': 0, 'Pleural Other': None, 'Fracture': None, 'Support Devices': None, 'No Finding': 1}","{'Enlarged Cardiomediastinum': None, 'Cardiomegaly': None, 'Lung Opacity': None, 'Lung Lesion': None, 'Edema': None, 'Consolidation': None, 'Pneumonia': None, 'Atelectasis': None, 'Pneumothorax': None, 'Pleural Effusion': None, 'Pleural Other': None, 'Fracture': None, 'Support Devices': None, 'No Finding': None}"
IU_577,577,irrelevant,irrelevant,discount_context,False,True,0.0,0.0,0.0,"{'Enlarged Cardiomediastinum': None, 'Cardiomegaly': None, 'Lung Opacity': None, 'Lung Lesion': None, 'Edema': None, 'Consolidation': 0, 'Pneumonia': None, 'Atelectasis': None, 'Pneumothorax': 1, 'Pleural Effusion': 0, 'Pleural Other': None, 'Fracture': None, 'Support Devices': None, 'No Finding': None}","{'Enlarged Cardiomediastinum': None, 'Cardiomegaly': None, 'Lung Opacity': None, 'Lung Lesion': None, 'Edema': None, 'Consolidation': None, 'Pneumonia': None, 'Atelectasis': None, 'Pneumothorax': 0, 'Pleural Effusion': 0, 'Pleural Other': None, 'Fracture': None, 'Support Devices': None, 'No Finding': 1}","{'Enlarged Cardiomediastinum': None, 'Cardiomegaly': None, 'Lung Opacity': None, 'Lung Lesion': None, 'Edema': 0, 'Consolidation': 0, 'Pneumonia': None, 'Atelectasis': None, 'Pneumothorax': 0, 'Pleural Effusion': 0, 'Pleural Other': None, 'Fracture': None, 'Support Devices': None, 'No Finding': 1}"
IU_577,577,sufficient,sufficient,generate,False,True,1.0,1.0,0.0,"{'Enlarged Cardiomediastinum': None, 'Cardiomegaly': None, 'Lung Opacity': None, 'Lung Lesion': None, 'Edema': None, 'Consolidation': 0, 'Pneumonia': None, 'Atelectasis': None, 'Pneumothorax': 1, 'Pleural Effusion': 0, 'Pleural Other': None, 'Fracture': None, 'Support Devices': None, 'No Finding': None}","{'Enlarged Cardiomediastinum': None, 'Cardiomegaly': None, 'Lung Opacity': None, 'Lung Lesion': None, 'Edema': None, 'Consolidation': 0, 'Pneumonia': None, 'Atelectasis': None, 'Pneumothorax': 1, 'Pleural Effusion': 0, 'Pleural Other': None, 'Fracture': 0, 'Support Devices': None, 'No Finding': None}","{'Enlarged Cardiomediastinum': None, 'Cardiomegaly': None, 'Lung Opacity': None, 'Lung Lesion': None, 'Edema': None, 'Consolidation': 0, 'Pneumonia': None, 'Atelectasis': None, 'Pneumothorax': 1, 'Pleural Effusion': 0, 'Pleural Other': None, 'Fracture': 0, 'Support Devices': None, 'No Finding': None}"
IU_577,577,syntactic_incomplete,incomplete,qualify,False,True,1.0,0.0,-1.0,"{'Enlarged Cardiomediastinum': None, 'Cardiomegaly': None, 'Lung Opacity': None, 'Lung Lesion': None, 'Edema': None, 'Consolidation': 0, 'Pneumonia': None, 'Atelectasis': None, 'Pneumothorax': 1, 'Pleural Effusion': 0, 'Pleural Other': None, 'Fracture': None, 'Support Devices': None, 'No Finding': None}","{'Enlarged Cardiomediastinum': None, 'Cardiomegaly': None, 'Lung Opacity': None, 'Lung Lesion': None, 'Edema': None, 'Consolidation': 0, 'Pneumonia': None, 'Atelectasis': None, 'Pneumothorax': 1, 'Pleural Effusion': 0, 'Pleural Other': None, 'Fracture': 0, 'Support Devices': None, 'No Finding': None}","{'Enlarged Cardiomediastinum': None, 'Cardiomegaly': None, 'Lung Opacity': None, 'Lung Lesion': None, 'Edema': 0, 'Consolidation': 0, 'Pneumonia': None, 'Atelectasis': None, 'Pneumothorax': 0, 'Pleural Effusion': 0, 'Pleural Other': None, 'Fracture': None, 'Support Devices': None, 'No Finding': 1}"
IU_581,581,conflicting,conflicting,qualify_or_abstain,False,True,0.5,0.5,0.0,"{'Enlarged Cardiomediastinum': None, 'Cardiomegaly': None, 'Lung Opacity': None, 'Lung Lesion': None, 'Edema': None, 'Consolidation': 0, 'Pneumonia': None, 'Atelectasis': None, 'Pneumothorax': None, 'Pleural Effusion': 1, 'Pleural Other': None, 'Fracture': None, 'Support Devices': None, 'No Finding': None}","{'Enlarged Cardiomediastinum': None, 'Cardiomegaly': None, 'Lung Opacity': None, 'Lung Lesion': None, 'Edema': None, 'Consolidation': 0, 'Pneumonia': None, 'Atelectasis': None, 'Pneumothorax': 1, 'Pleural Effusion': 1, 'Pleural Other': None, 'Fracture': None, 'Support Devices': None, 'No Finding': 1}","{'Enlarged Cardiomediastinum': None, 'Cardiomegaly': None, 'Lung Opacity': None, 'Lung Lesion': None, 'Edema': None, 'Consolidation': 0, 'Pneumonia': None, 'Atelectasis': None, 'Pneumothorax': 1, 'Pleural Effusion': 1, 'Pleural Other': None, 'Fracture': None, 'Support Devices': None, 'No Finding': 1}"
IU_581,581,evidentiary_incomplete,sufficient,generate,False,True,0.0,0.0,0.0,"{'Enlarged Cardiomediastinum': None, 'Cardiomegaly': None, 'Lung Opacity': None, 'Lung Lesion': None, 'Edema': None, 'Consolidation': 0, 'Pneumonia': None, 'Atelectasis': None, 'Pneumothorax': None, 'Pleural Effusion': 1, 'Pleural Other': None, 'Fracture': None, 'Support Devices': None, 'No Finding': None}","{'Enlarged Cardiomediastinum': None, 'Cardiomegaly': None, 'Lung Opacity': None, 'Lung Lesion': None, 'Edema': None, 'Consolidation': 0, 'Pneumonia': None, 'Atelectasis': None, 'Pneumothorax': 1, 'Pleural Effusion': 0, 'Pleural Other': None, 'Fracture': None, 'Support Devices': None, 'No Finding': 1}","{'Enlarged Cardiomediastinum': None, 'Cardiomegaly': None, 'Lung Opacity': None, 'Lung Lesion': None, 'Edema': None, 'Consolidation': 0, 'Pneumonia': None, 'Atelectasis': None, 'Pneumothorax': 1, 'Pleural Effusion': 0, 'Pleural Other': None, 'Fracture': None, 'Support Devices': None, 'No Finding': 1}"
IU_581,581,insufficient,insufficient,abstain,True,False,0.0,0.0,0.0,"{'Enlarged Cardiomediastinum': None, 'Cardiomegaly': None, 'Lung Opacity': None, 'Lung Lesion': None, 'Edema': None, 'Consolidation': 0, 'Pneumonia': None, 'Atelectasis': None, 'Pneumothorax': None, 'Pleural Effusion': 1, 'Pleural Other': None, 'Fracture': None, 'Support Devices': None, 'No Finding': None}","{'Enlarged Cardiomediastinum': None, 'Cardiomegaly': None, 'Lung Opacity': None, 'Lung Lesion': None, 'Edema': 0, 'Consolidation': 0, 'Pneumonia': None, 'Atelectasis': None, 'Pneumothorax': 0, 'Pleural Effusion': 0, 'Pleural Other': None, 'Fracture': None, 'Support Devices': None, 'No Finding': 1}","{'Enlarged Cardiomediastinum': None, 'Cardiomegaly': None, 'Lung Opacity': None, 'Lung Lesion': None, 'Edema': None, 'Consolidation': None, 'Pneumonia': None, 'Atelectasis': None, 'Pneumothorax': None, 'Pleural Effusion': None, 'Pleural Other': None, 'Fracture': None, 'Support Devices': None, 'No Finding': None}"
IU_581,581,irrelevant,irrelevant,discount_context,False,True,0.0,0.0,0.0,"{'Enlarged Cardiomediastinum': None, 'Cardiomegaly': None, 'Lung Opacity': None, 'Lung Lesion': None, 'Edema': None, 'Consolidation': 0, 'Pneumonia': None, 'Atelectasis': None, 'Pneumothorax': None, 'Pleural Effusion': 1, 'Pleural Other': None, 'Fracture': None, 'Support Devices': None, 'No Finding': None}","{'Enlarged Cardiomediastinum': None, 'Cardiomegaly': None, 'Lung Opacity': None, 'Lung Lesion': None, 'Edema': None, 'Consolidation': 0, 'Pneumonia': None, 'Atelectasis': None, 'Pneumothorax': 1, 'Pleural Effusion': 0, 'Pleural Other': None, 'Fracture': None, 'Support Devices': None, 'No Finding': 1}","{'Enlarged Cardiomediastinum': None, 'Cardiomegaly': None, 'Lung Opacity': None, 'Lung Lesion': None, 'Edema': 0, 'Consolidation': 0, 'Pneumonia': None, 'Atelectasis': None, 'Pneumothorax': 0, 'Pleural Effusion': 0, 'Pleural Other': None, 'Fracture': None, 'Support Devices': None, 'No Finding': 1}"
IU_581,581,sufficient,sufficient,generate,False,True,0.0,0.0,0.0,"{'Enlarged Cardiomediastinum': None, 'Cardiomegaly': None, 'Lung Opacity': None, 'Lung Lesion': None, 'Edema': None, 'Consolidation': 0, 'Pneumonia': None, 'Atelectasis': None, 'Pneumothorax': None, 'Pleural Effusion': 1, 'Pleural Other': None, 'Fracture': None, 'Support Devices': None, 'No Finding': None}","{'Enlarged Cardiomediastinum': None, 'Cardiomegaly': None, 'Lung Opacity': None, 'Lung Lesion': None, 'Edema': 0, 'Consolidation': 0, 'Pneumonia': None, 'Atelectasis': None, 'Pneumothorax': 0, 'Pleural Effusion': 0, 'Pleural Other': None, 'Fracture': None, 'Support Devices': None, 'No Finding': 1}","{'Enlarged Cardiomediastinum': None, 'Cardiomegaly': None, 'Lung Opacity': None, 'Lung Lesion': None, 'Edema': 0, 'Consolidation': 0, 'Pneumonia': None, 'Atelectasis': None, 'Pneumothorax': 0, 'Pleural Effusion': 0, 'Pleural Other': None, 'Fracture': None, 'Support Devices': None, 'No Finding': 1}"
IU_581,581,syntactic_incomplete,incomplete,qualify,False,True,0.0,0.0,0.0,"{'Enlarged Cardiomediastinum': None, 'Cardiomegaly': None, 'Lung Opacity': None, 'Lung Lesion': None, 'Edema': None, 'Consolidation': 0, 'Pneumonia': None, 'Atelectasis': None, 'Pneumothorax': None, 'Pleural Effusion': 1, 'Pleural Other': None, 'Fracture': None, 'Support Devices': None, 'No Finding': None}","{'Enlarged Cardiomediastinum': None, 'Cardiomegaly': None, 'Lung Opacity': None, 'Lung Lesion': None, 'Edema': 0, 'Consolidation': 0, 'Pneumonia': None, 'Atelectasis': None, 'Pneumothorax': 0, 'Pleural Effusion': 0, 'Pleural Other': None, 'Fracture': None, 'Support Devices': None, 'No Finding': 1}","{'Enlarged Cardiomediastinum': None, 'Cardiomegaly': None, 'Lung Opacity': None, 'Lung Lesion': None, 'Edema': 0, 'Consolidation': 0, 'Pneumonia': None, 'Atelectasis': None, 'Pneumothorax': 0, 'Pleural Effusion': 0, 'Pleural Other': None, 'Fracture': None, 'Support Devices': None, 'No Finding': 1}"
IU_585,585,conflicting,conflicting,qualify_or_abstain,False,True,0.0,0.0,0.0,"{'Enlarged Cardiomediastinum': None, 'Cardiomegaly': None, 'Lung Opacity': 1, 'Lung Lesion': None, 'Edema': None, 'Consolidation': 0, 'Pneumonia': None, 'Atelectasis': 1, 'Pneumothorax': 0, 'Pleural Effusion': 0, 'Pleural Other': None, 'Fracture': None, 'Support Devices': None, 'No Finding': 1}","{'Enlarged Cardiomediastinum': None, 'Cardiomegaly': None, 'Lung Opacity': None, 'Lung Lesion': None, 'Edema': None, 'Consolidation': 0, 'Pneumonia': None, 'Atelectasis': None, 'Pneumothorax': 1, 'Pleural Effusion': 0, 'Pleural Other': None, 'Fracture': None, 'Support Devices': None, 'No Finding': None}","{'Enlarged Cardiomediastinum': None, 'Cardiomegaly': None, 'Lung Opacity': None, 'Lung Lesion': None, 'Edema': None, 'Consolidation': 0, 'Pneumonia': None, 'Atelectasis': None, 'Pneumothorax': 1, 'Pleural Effusion': 0, 'Pleural Other': None, 'Fracture': None, 'Support Devices': None, 'No Finding': None}"
IU_585,585,evidentiary_incomplete,sufficient,generate,False,True,0.5,0.5,0.0,"{'Enlarged Cardiomediastinum': None, 'Cardiomegaly': None, 'Lung Opacity': 1, 'Lung Lesion': None, 'Edema': None, 'Consolidation': 0, 'Pneumonia': None, 'Atelectasis': 1, 'Pneumothorax': 0, 'Pleural Effusion': 0, 'Pleural Other': None, 'Fracture': None, 'Support Devices': None, 'No Finding': 1}","{'Enlarged Cardiomediastinum': None, 'Cardiomegaly': None, 'Lung Opacity': None, 'Lung Lesion': None, 'Edema': None, 'Consolidation': None, 'Pneumonia': None, 'Atelectasis': None, 'Pneumothorax': 0, 'Pleural Effusion': 0, 'Pleural Other': None, 'Fracture': None, 'Support Devices': None, 'No Finding': 1}","{'Enlarged Cardiomediastinum': None, 'Cardiomegaly': None, 'Lung Opacity': None, 'Lung Lesion': None, 'Edema': None, 'Consolidation': None, 'Pneumonia': None, 'Atelectasis': None, 'Pneumothorax': 0, 'Pleural Effusion': 0, 'Pleural Other': None, 'Fracture': None, 'Support Devices': None, 'No Finding': 1}"
IU_585,585,insufficient,insufficient,abstain,True,False,0.5,0.0,-0.5,"{'Enlarged Cardiomediastinum': None, 'Cardiomegaly': None, 'Lung Opacity': 1, 'Lung Lesion': None, 'Edema': None, 'Consolidation': 0, 'Pneumonia': None, 'Atelectasis': 1, 'Pneumothorax': 0, 'Pleural Effusion': 0, 'Pleural Other': None, 'Fracture': None, 'Support Devices': None, 'No Finding': 1}","{'Enlarged Cardiomediastinum': None, 'Cardiomegaly': None, 'Lung Opacity': None, 'Lung Lesion': None, 'Edema': 0, 'Consolidation': 0, 'Pneumonia': None, 'Atelectasis': None, 'Pneumothorax': 0, 'Pleural Effusion': 0, 'Pleural Other': None, 'Fracture': None, 'Support Devices': None, 'No Finding': 1}","{'Enlarged Cardiomediastinum': None, 'Cardiomegaly': None, 'Lung Opacity': None, 'Lung Lesion': None, 'Edema': None, 'Consolidation': None, 'Pneumonia': None, 'Atelectasis': None, 'Pneumothorax': None, 'Pleural Effusion': None, 'Pleural Other': None, 'Fracture': None, 'Support Devices': None, 'No Finding': None}"
IU_585,585,irrelevant,irrelevant,discount_context,False,True,0.5,0.5,0.0,"{'Enlarged Cardiomediastinum': None, 'Cardiomegaly': None, 'Lung Opacity': 1, 'Lung Lesion': None, 'Edema': None, 'Consolidation': 0, 'Pneumonia': None, 'Atelectasis': 1, 'Pneumothorax': 0, 'Pleural Effusion': 0, 'Pleural Other': None, 'Fracture': None, 'Support Devices': None, 'No Finding': 1}","{'Enlarged Cardiomediastinum': None, 'Cardiomegaly': None, 'Lung Opacity': None, 'Lung Lesion': None, 'Edema': None, 'Consolidation': None, 'Pneumonia': None, 'Atelectasis': None, 'Pneumothorax': 0, 'Pleural Effusion': 0, 'Pleural Other': None, 'Fracture': None, 'Support Devices': None, 'No Finding': 1}","{'Enlarged Cardiomediastinum': None, 'Cardiomegaly': None, 'Lung Opacity': None, 'Lung Lesion': None, 'Edema': 0, 'Consolidation': 0, 'Pneumonia': None, 'Atelectasis': None, 'Pneumothorax': 0, 'Pleural Effusion': 0, 'Pleural Other': None, 'Fracture': None, 'Support Devices': None, 'No Finding': 1}"
IU_585,585,sufficient,sufficient,generate,False,True,0.5,0.5,0.0,"{'Enlarged Cardiomediastinum': None, 'Cardiomegaly': None, 'Lung Opacity': 1, 'Lung Lesion': None, 'Edema': None, 'Consolidation': 0, 'Pneumonia': None, 'Atelectasis': 1, 'Pneumothorax': 0, 'Pleural Effusion': 0, 'Pleural Other': None, 'Fracture': None, 'Support Devices': None, 'No Finding': 1}","{'Enlarged Cardiomediastinum': None, 'Cardiomegaly': None, 'Lung Opacity': None, 'Lung Lesion': None, 'Edema': None, 'Consolidation': None, 'Pneumonia': None, 'Atelectasis': None, 'Pneumothorax': 0, 'Pleural Effusion': 0, 'Pleural Other': None, 'Fracture': None, 'Support Devices': None, 'No Finding': 1}","{'Enlarged Cardiomediastinum': None, 'Cardiomegaly': None, 'Lung Opacity': None, 'Lung Lesion': None, 'Edema': None, 'Consolidation': None, 'Pneumonia': None, 'Atelectasis': None, 'Pneumothorax': 0, 'Pleural Effusion': 0, 'Pleural Other': None, 'Fracture': None, 'Support Devices': None, 'No Finding': 1}"
IU_585,585,syntactic_incomplete,incomplete,qualify,False,True,0.5,0.5,0.0,"{'Enlarged Cardiomediastinum': None, 'Cardiomegaly': None, 'Lung Opacity': 1, 'Lung Lesion': None, 'Edema': None, 'Consolidation': 0, 'Pneumonia': None, 'Atelectasis': 1, 'Pneumothorax': 0, 'Pleural Effusion': 0, 'Pleural Other': None, 'Fracture': None, 'Support Devices': None, 'No Finding': 1}","{'Enlarged Cardiomediastinum': None, 'Cardiomegaly': None, 'Lung Opacity': None, 'Lung Lesion': None, 'Edema': None, 'Consolidation': None, 'Pneumonia': None, 'Atelectasis': None, 'Pneumothorax': 0, 'Pleural Effusion': 0, 'Pleural Other': None, 'Fracture': None, 'Support Devices': None, 'No Finding': 1}","{'Enlarged Cardiomediastinum': None, 'Cardiomegaly': None, 'Lung Opacity': None, 'Lung Lesion': None, 'Edema': 0, 'Consolidation': 0, 'Pneumonia': None, 'Atelectasis': None, 'Pneumothorax': 0, 'Pleural Effusion': 0, 'Pleural Other': None, 'Fracture': None, 'Support Devices': None, 'No Finding': 1}"
IU_586,586,conflicting,conflicting,qualify_or_abstain,False,True,0.0,0.0,0.0,"{'Enlarged Cardiomediastinum': None, 'Cardiomegaly': 1, 'Lung Opacity': 1, 'Lung Lesion': None, 'Edema': None, 'Consolidation': None, 'Pneumonia': None, 'Atelectasis': 1, 'Pneumothorax': 0, 'Pleural Effusion': 0, 'Pleural Other': None, 'Fracture': None, 'Support Devices': None, 'No Finding': None}","{'Enlarged Cardiomediastinum': None, 'Cardiomegaly': None, 'Lung Opacity': None, 'Lung Lesion': None, 'Edema': None, 'Consolidation': None, 'Pneumonia': None, 'Atelectasis': None, 'Pneumothorax': 1, 'Pleural Effusion': 0, 'Pleural Other': None, 'Fracture': None, 'Support Devices': None, 'No Finding': None}","{'Enlarged Cardiomediastinum': None, 'Cardiomegaly': None, 'Lung Opacity': None, 'Lung Lesion': None, 'Edema': None, 'Consolidation': None, 'Pneumonia': None, 'Atelectasis': None, 'Pneumothorax': 1, 'Pleural Effusion': 0, 'Pleural Other': None, 'Fracture': None, 'Support Devices': None, 'No Finding': None}"
IU_586,586,evidentiary_incomplete,sufficient,generate,False,True,0.6667,0.6667,0.0,"{'Enlarged Cardiomediastinum': None, 'Cardiomegaly': 1, 'Lung Opacity': 1, 'Lung Lesion': None, 'Edema': None, 'Consolidation': None, 'Pneumonia': None, 'Atelectasis': 1, 'Pneumothorax': 0, 'Pleural Effusion': 0, 'Pleural Other': None, 'Fracture': None, 'Support Devices': None, 'No Finding': None}","{'Enlarged Cardiomediastinum': None, 'Cardiomegaly': None, 'Lung Opacity': 1, 'Lung Lesion': None, 'Edema': None, 'Consolidation': None, 'Pneumonia': None, 'Atelectasis': 1, 'Pneumothorax': 0, 'Pleural Effusion': 0, 'Pleural Other': None, 'Fracture': None, 'Support Devices': None, 'No Finding': 1}","{'Enlarged Cardiomediastinum': None, 'Cardiomegaly': None, 'Lung Opacity': 1, 'Lung Lesion': None, 'Edema': None, 'Consolidation': None, 'Pneumonia': None, 'Atelectasis': 1, 'Pneumothorax': 0, 'Pleural Effusion': 0, 'Pleural Other': None, 'Fracture': None, 'Support Devices': None, 'No Finding': 1}"
IU_586,586,insufficient,insufficient,abstain,True,False,0.0,0.0,0.0,"{'Enlarged Cardiomediastinum': None, 'Cardiomegaly': 1, 'Lung Opacity': 1, 'Lung Lesion': None, 'Edema': None, 'Consolidation': None, 'Pneumonia': None, 'Atelectasis': 1, 'Pneumothorax': 0, 'Pleural Effusion': 0, 'Pleural Other': None, 'Fracture': None, 'Support Devices': None, 'No Finding': None}","{'Enlarged Cardiomediastinum': None, 'Cardiomegaly': None, 'Lung Opacity': None, 'Lung Lesion': None, 'Edema': None, 'Consolidation': 0, 'Pneumonia': None, 'Atelectasis': None, 'Pneumothorax': 0, 'Pleural Effusion': 1, 'Pleural Other': None, 'Fracture': None, 'Support Devices': None, 'No Finding': 1}","{'Enlarged Cardiomediastinum': None, 'Cardiomegaly': None, 'Lung Opacity': None, 'Lung Lesion': None, 'Edema': None, 'Consolidation': None, 'Pneumonia': None, 'Atelectasis': None, 'Pneumothorax': None, 'Pleural Effusion': None, 'Pleural Other': None, 'Fracture': None, 'Support Devices': None, 'No Finding': None}"
IU_586,586,irrelevant,irrelevant,discount_context,False,True,0.0,0.0,0.0,"{'Enlarged Cardiomediastinum': None, 'Cardiomegaly': 1, 'Lung Opacity': 1, 'Lung Lesion': None, 'Edema': None, 'Consolidation': None, 'Pneumonia': None, 'Atelectasis': 1, 'Pneumothorax': 0, 'Pleural Effusion': 0, 'Pleural Other': None, 'Fracture': None, 'Support Devices': None, 'No Finding': None}","{'Enlarged Cardiomediastinum': None, 'Cardiomegaly': None, 'Lung Opacity': None, 'Lung Lesion': None, 'Edema': None, 'Consolidation': None, 'Pneumonia': 1, 'Atelectasis': None, 'Pneumothorax': 0, 'Pleural Effusion': 0, 'Pleural Other': None, 'Fracture': None, 'Support Devices': None, 'No Finding': 1}","{'Enlarged Cardiomediastinum': None, 'Cardiomegaly': None, 'Lung Opacity': None, 'Lung Lesion': None, 'Edema': None, 'Consolidation': 0, 'Pneumonia': None, 'Atelectasis': None, 'Pneumothorax': 0, 'Pleural Effusion': 1, 'Pleural Other': None, 'Fracture': None, 'Support Devices': None, 'No Finding': 1}"
IU_586,586,sufficient,sufficient,generate,False,True,0.6667,0.6667,0.0,"{'Enlarged Cardiomediastinum': None, 'Cardiomegaly': 1, 'Lung Opacity': 1, 'Lung Lesion': None, 'Edema': None, 'Consolidation': None, 'Pneumonia': None, 'Atelectasis': 1, 'Pneumothorax': 0, 'Pleural Effusion': 0, 'Pleural Other': None, 'Fracture': None, 'Support Devices': None, 'No Finding': None}","{'Enlarged Cardiomediastinum': None, 'Cardiomegaly': None, 'Lung Opacity': 1, 'Lung Lesion': None, 'Edema': None, 'Consolidation': None, 'Pneumonia': None, 'Atelectasis': 1, 'Pneumothorax': 0, 'Pleural Effusion': 0, 'Pleural Other': None, 'Fracture': None, 'Support Devices': None, 'No Finding': 1}","{'Enlarged Cardiomediastinum': None, 'Cardiomegaly': None, 'Lung Opacity': 1, 'Lung Lesion': None, 'Edema': None, 'Consolidation': None, 'Pneumonia': None, 'Atelectasis': 1, 'Pneumothorax': 0, 'Pleural Effusion': 0, 'Pleural Other': None, 'Fracture': None, 'Support Devices': None, 'No Finding': 1}"
IU_586,586,syntactic_incomplete,incomplete,qualify,False,True,0.0,0.0,0.0,"{'Enlarged Cardiomediastinum': None, 'Cardiomegaly': 1, 'Lung Opacity': 1, 'Lung Lesion': None, 'Edema': None, 'Consolidation': None, 'Pneumonia': None, 'Atelectasis': 1, 'Pneumothorax': 0, 'Pleural Effusion': 0, 'Pleural Other': None, 'Fracture': None, 'Support Devices': None, 'No Finding': None}","{'Enlarged Cardiomediastinum': None, 'Cardiomegaly': None, 'Lung Opacity': None, 'Lung Lesion': None, 'Edema': None, 'Consolidation': None, 'Pneumonia': None, 'Atelectasis': None, 'Pneumothorax': 0, 'Pleural Effusion': 0, 'Pleural Other': None, 'Fracture': None, 'Support Devices': None, 'No Finding': 1}","{'Enlarged Cardiomediastinum': None, 'Cardiomegaly': None, 'Lung Opacity': None, 'Lung Lesion': None, 'Edema': None, 'Consolidation': 0, 'Pneumonia': None, 'Atelectasis': None, 'Pneumothorax': 0, 'Pleural Effusion': 1, 'Pleural Other': None, 'Fracture': None, 'Support Devices': None, 'No Finding': 1}"
IU_590,590,conflicting,conflicting,qualify_or_abstain,False,True,0.0,0.0,0.0,"{'Enlarged Cardiomediastinum': None, 'Cardiomegaly': None, 'Lung Opacity': 1, 'Lung Lesion': None, 'Edema': None, 'Consolidation': None, 'Pneumonia': 1, 'Atelectasis': 1, 'Pneumothorax': 0, 'Pleural Effusion': 0, 'Pleural Other': None, 'Fracture': None, 'Support Devices': None, 'No Finding': None}","{'Enlarged Cardiomediastinum': None, 'Cardiomegaly': None, 'Lung Opacity': None, 'Lung Lesion': None, 'Edema': None, 'Consolidation': 0, 'Pneumonia': None, 'Atelectasis': None, 'Pneumothorax': 1, 'Pleural Effusion': 0, 'Pleural Other': None, 'Fracture': None, 'Support Devices': None, 'No Finding': None}","{'Enlarged Cardiomediastinum': None, 'Cardiomegaly': None, 'Lung Opacity': None, 'Lung Lesion': None, 'Edema': None, 'Consolidation': 0, 'Pneumonia': None, 'Atelectasis': None, 'Pneumothorax': 1, 'Pleural Effusion': 0, 'Pleural Other': None, 'Fracture': None, 'Support Devices': None, 'No Finding': None}"
IU_590,590,evidentiary_incomplete,sufficient,generate,False,True,0.4,0.4,0.0,"{'Enlarged Cardiomediastinum': None, 'Cardiomegaly': None, 'Lung Opacity': 1, 'Lung Lesion': None, 'Edema': None, 'Consolidation': None, 'Pneumonia': 1, 'Atelectasis': 1, 'Pneumothorax': 0, 'Pleural Effusion': 0, 'Pleural Other': None, 'Fracture': None, 'Support Devices': None, 'No Finding': None}","{'Enlarged Cardiomediastinum': None, 'Cardiomegaly': None, 'Lung Opacity': None, 'Lung Lesion': None, 'Edema': 0, 'Consolidation': 0, 'Pneumonia': 1, 'Atelectasis': None, 'Pneumothorax': 0, 'Pleural Effusion': 0, 'Pleural Other': None, 'Fracture': None, 'Support Devices': None, 'No Finding': 1}","{'Enlarged Cardiomediastinum': None, 'Cardiomegaly': None, 'Lung Opacity': None, 'Lung Lesion': None, 'Edema': 0, 'Consolidation': 0, 'Pneumonia': 1, 'Atelectasis': None, 'Pneumothorax': 0, 'Pleural Effusion': 0, 'Pleural Other': None, 'Fracture': None, 'Support Devices': None, 'No Finding': 1}"
IU_590,590,insufficient,insufficient,abstain,True,False,0.0,0.0,0.0,"{'Enlarged Cardiomediastinum': None, 'Cardiomegaly': None, 'Lung Opacity': 1, 'Lung Lesion': None, 'Edema': None, 'Consolidation': None, 'Pneumonia': 1, 'Atelectasis': 1, 'Pneumothorax': 0, 'Pleural Effusion': 0, 'Pleural Other': None, 'Fracture': None, 'Support Devices': None, 'No Finding': None}","{'Enlarged Cardiomediastinum': None, 'Cardiomegaly': None, 'Lung Opacity': None, 'Lung Lesion': None, 'Edema': 0, 'Consolidation': 0, 'Pneumonia': None, 'Atelectasis': None, 'Pneumothorax': 0, 'Pleural Effusion': 0, 'Pleural Other': None, 'Fracture': None, 'Support Devices': None, 'No Finding': 1}","{'Enlarged Cardiomediastinum': None, 'Cardiomegaly': None, 'Lung Opacity': None, 'Lung Lesion': None, 'Edema': None, 'Consolidation': None, 'Pneumonia': None, 'Atelectasis': None, 'Pneumothorax': None, 'Pleural Effusion': None, 'Pleural Other': None, 'Fracture': None, 'Support Devices': None, 'No Finding': None}"
IU_590,590,irrelevant,irrelevant,discount_context,False,True,0.0,0.0,0.0,"{'Enlarged Cardiomediastinum': None, 'Cardiomegaly': None, 'Lung Opacity': 1, 'Lung Lesion': None, 'Edema': None, 'Consolidation': None, 'Pneumonia': 1, 'Atelectasis': 1, 'Pneumothorax': 0, 'Pleural Effusion': 0, 'Pleural Other': None, 'Fracture': None, 'Support Devices': None, 'No Finding': None}","{'Enlarged Cardiomediastinum': None, 'Cardiomegaly': None, 'Lung Opacity': None, 'Lung Lesion': None, 'Edema': None, 'Consolidation': None, 'Pneumonia': None, 'Atelectasis': None, 'Pneumothorax': 0, 'Pleural Effusion': 0, 'Pleural Other': None, 'Fracture': None, 'Support Devices': None, 'No Finding': 1}","{'Enlarged Cardiomediastinum': None, 'Cardiomegaly': None, 'Lung Opacity': None, 'Lung Lesion': None, 'Edema': 0, 'Consolidation': 0, 'Pneumonia': None, 'Atelectasis': None, 'Pneumothorax': 0, 'Pleural Effusion': 0, 'Pleural Other': None, 'Fracture': None, 'Support Devices': None, 'No Finding': 1}"
IU_590,590,sufficient,sufficient,generate,False,True,0.4,0.4,0.0,"{'Enlarged Cardiomediastinum': None, 'Cardiomegaly': None, 'Lung Opacity': 1, 'Lung Lesion': None, 'Edema': None, 'Consolidation': None, 'Pneumonia': 1, 'Atelectasis': 1, 'Pneumothorax': 0, 'Pleural Effusion': 0, 'Pleural Other': None, 'Fracture': None, 'Support Devices': None, 'No Finding': None}","{'Enlarged Cardiomediastinum': None, 'Cardiomegaly': None, 'Lung Opacity': None, 'Lung Lesion': None, 'Edema': None, 'Consolidation': None, 'Pneumonia': 1, 'Atelectasis': None, 'Pneumothorax': 0, 'Pleural Effusion': 0, 'Pleural Other': None, 'Fracture': None, 'Support Devices': None, 'No Finding': 1}","{'Enlarged Cardiomediastinum': None, 'Cardiomegaly': None, 'Lung Opacity': None, 'Lung Lesion': None, 'Edema': None, 'Consolidation': None, 'Pneumonia': 1, 'Atelectasis': None, 'Pneumothorax': 0, 'Pleural Effusion': 0, 'Pleural Other': None, 'Fracture': None, 'Support Devices': None, 'No Finding': 1}"
IU_590,590,syntactic_incomplete,incomplete,qualify,False,True,0.4,0.0,-0.4,"{'Enlarged Cardiomediastinum': None, 'Cardiomegaly': None, 'Lung Opacity': 1, 'Lung Lesion': None, 'Edema': None, 'Consolidation': None, 'Pneumonia': 1, 'Atelectasis': 1, 'Pneumothorax': 0, 'Pleural Effusion': 0, 'Pleural Other': None, 'Fracture': None, 'Support Devices': None, 'No Finding': None}","{'Enlarged Cardiomediastinum': None, 'Cardiomegaly': None, 'Lung Opacity': None, 'Lung Lesion': None, 'Edema': 0, 'Consolidation': 0, 'Pneumonia': 1, 'Atelectasis': None, 'Pneumothorax': 0, 'Pleural Effusion': 0, 'Pleural Other': None, 'Fracture': None, 'Support Devices': None, 'No Finding': 1}","{'Enlarged Cardiomediastinum': None, 'Cardiomegaly': None, 'Lung Opacity': None, 'Lung Lesion': None, 'Edema': 0, 'Consolidation': 0, 'Pneumonia': None, 'Atelectasis': None, 'Pneumothorax': 0, 'Pleural Effusion': 0, 'Pleural Other': None, 'Fracture': None, 'Support Devices': None, 'No Finding': 1}"
IU_594,594,conflicting,conflicting,qualify_or_abstain,False,True,0.0,0.0,0.0,"{'Enlarged Cardiomediastinum': None, 'Cardiomegaly': -1, 'Lung Opacity': 1, 'Lung Lesion': None, 'Edema': None, 'Consolidation': None, 'Pneumonia': None, 'Atelectasis': 1, 'Pneumothorax': 0, 'Pleural Effusion': None, 'Pleural Other': None, 'Fracture': None, 'Support Devices': 1, 'No Finding': None}","{'Enlarged Cardiomediastinum': None, 'Cardiomegaly': None, 'Lung Opacity': None, 'Lung Lesion': None, 'Edema': None, 'Consolidation': None, 'Pneumonia': None, 'Atelectasis': None, 'Pneumothorax': 1, 'Pleural Effusion': 0, 'Pleural Other': None, 'Fracture': None, 'Support Devices': None, 'No Finding': None}","{'Enlarged Cardiomediastinum': None, 'Cardiomegaly': None, 'Lung Opacity': None, 'Lung Lesion': None, 'Edema': None, 'Consolidation': None, 'Pneumonia': None, 'Atelectasis': None, 'Pneumothorax': 1, 'Pleural Effusion': 0, 'Pleural Other': None, 'Fracture': None, 'Support Devices': None, 'No Finding': None}"
IU_594,594,evidentiary_incomplete,sufficient,generate,False,True,0.0,0.0,0.0,"{'Enlarged Cardiomediastinum': None, 'Cardiomegaly': -1, 'Lung Opacity': 1, 'Lung Lesion': None, 'Edema': None, 'Consolidation': None, 'Pneumonia': None, 'Atelectasis': 1, 'Pneumothorax': 0, 'Pleural Effusion': None, 'Pleural Other': None, 'Fracture': None, 'Support Devices': 1, 'No Finding': None}","{'Enlarged Cardiomediastinum': None, 'Cardiomegaly': None, 'Lung Opacity': None, 'Lung Lesion': None, 'Edema': None, 'Consolidation': 0, 'Pneumonia': None, 'Atelectasis': None, 'Pneumothorax': 1, 'Pleural Effusion': 0, 'Pleural Other': None, 'Fracture': None, 'Support Devices': None, 'No Finding': 1}","{'Enlarged Cardiomediastinum': None, 'Cardiomegaly': None, 'Lung Opacity': None, 'Lung Lesion': None, 'Edema': None, 'Consolidation': 0, 'Pneumonia': None, 'Atelectasis': None, 'Pneumothorax': 1, 'Pleural Effusion': 0, 'Pleural Other': None, 'Fracture': None, 'Support Devices': None, 'No Finding': 1}"
IU_594,594,insufficient,insufficient,abstain,True,False,0.0,0.0,0.0,"{'Enlarged Cardiomediastinum': None, 'Cardiomegaly': -1, 'Lung Opacity': 1, 'Lung Lesion': None, 'Edema': None, 'Consolidation': None, 'Pneumonia': None, 'Atelectasis': 1, 'Pneumothorax': 0, 'Pleural Effusion': None, 'Pleural Other': None, 'Fracture': None, 'Support Devices': 1, 'No Finding': None}","{'Enlarged Cardiomediastinum': None, 'Cardiomegaly': None, 'Lung Opacity': None, 'Lung Lesion': None, 'Edema': 0, 'Consolidation': 0, 'Pneumonia': None, 'Atelectasis': None, 'Pneumothorax': 0, 'Pleural Effusion': 0, 'Pleural Other': None, 'Fracture': None, 'Support Devices': None, 'No Finding': 1}","{'Enlarged Cardiomediastinum': None, 'Cardiomegaly': None, 'Lung Opacity': None, 'Lung Lesion': None, 'Edema': None, 'Consolidation': None, 'Pneumonia': None, 'Atelectasis': None, 'Pneumothorax': None, 'Pleural Effusion': None, 'Pleural Other': None, 'Fracture': None, 'Support Devices': None, 'No Finding': None}"
IU_594,594,irrelevant,irrelevant,discount_context,False,True,0.0,0.0,0.0,"{'Enlarged Cardiomediastinum': None, 'Cardiomegaly': -1, 'Lung Opacity': 1, 'Lung Lesion': None, 'Edema': None, 'Consolidation': None, 'Pneumonia': None, 'Atelectasis': 1, 'Pneumothorax': 0, 'Pleural Effusion': None, 'Pleural Other': None, 'Fracture': None, 'Support Devices': 1, 'No Finding': None}","{'Enlarged Cardiomediastinum': None, 'Cardiomegaly': None, 'Lung Opacity': None, 'Lung Lesion': None, 'Edema': None, 'Consolidation': None, 'Pneumonia': None, 'Atelectasis': None, 'Pneumothorax': 0, 'Pleural Effusion': 0, 'Pleural Other': None, 'Fracture': None, 'Support Devices': None, 'No Finding': 1}","{'Enlarged Cardiomediastinum': None, 'Cardiomegaly': None, 'Lung Opacity': None, 'Lung Lesion': None, 'Edema': 0, 'Consolidation': 0, 'Pneumonia': None, 'Atelectasis': None, 'Pneumothorax': 0, 'Pleural Effusion': 0, 'Pleural Other': None, 'Fracture': None, 'Support Devices': None, 'No Finding': 1}"
IU_594,594,sufficient,sufficient,generate,False,True,0.0,0.0,0.0,"{'Enlarged Cardiomediastinum': None, 'Cardiomegaly': -1, 'Lung Opacity': 1, 'Lung Lesion': None, 'Edema': None, 'Consolidation': None, 'Pneumonia': None, 'Atelectasis': 1, 'Pneumothorax': 0, 'Pleural Effusion': None, 'Pleural Other': None, 'Fracture': None, 'Support Devices': 1, 'No Finding': None}","{'Enlarged Cardiomediastinum': None, 'Cardiomegaly': None, 'Lung Opacity': None, 'Lung Lesion': None, 'Edema': None, 'Consolidation': None, 'Pneumonia': None, 'Atelectasis': None, 'Pneumothorax': 0, 'Pleural Effusion': 0, 'Pleural Other': None, 'Fracture': None, 'Support Devices': None, 'No Finding': None}","{'Enlarged Cardiomediastinum': None, 'Cardiomegaly': None, 'Lung Opacity': None, 'Lung Lesion': None, 'Edema': None, 'Consolidation': None, 'Pneumonia': None, 'Atelectasis': None, 'Pneumothorax': 0, 'Pleural Effusion': 0, 'Pleural Other': None, 'Fracture': None, 'Support Devices': None, 'No Finding': None}"
IU_594,594,syntactic_incomplete,incomplete,qualify,False,True,0.0,0.0,0.0,"{'Enlarged Cardiomediastinum': None, 'Cardiomegaly': -1, 'Lung Opacity': 1, 'Lung Lesion': None, 'Edema': None, 'Consolidation': None, 'Pneumonia': None, 'Atelectasis': 1, 'Pneumothorax': 0, 'Pleural Effusion': None, 'Pleural Other': None, 'Fracture': None, 'Support Devices': 1, 'No Finding': None}","{'Enlarged Cardiomediastinum': None, 'Cardiomegaly': None, 'Lung Opacity': 0, 'Lung Lesion': None, 'Edema': 0, 'Consolidation': None, 'Pneumonia': 1, 'Atelectasis': None, 'Pneumothorax': 1, 'Pleural Effusion': 0, 'Pleural Other': None, 'Fracture': None, 'Support Devices': None, 'No Finding': 1}","{'Enlarged Cardiomediastinum': None, 'Cardiomegaly': None, 'Lung Opacity': None, 'Lung Lesion': None, 'Edema': 0, 'Consolidation': 0, 'Pneumonia': None, 'Atelectasis': None, 'Pneumothorax': 0, 'Pleural Effusion': 0, 'Pleural Other': None, 'Fracture': None, 'Support Devices': None, 'No Finding': 1}"
IU_595,595,conflicting,conflicting,qualify_or_abstain,False,True,0.0,0.0,0.0,"{'Enlarged Cardiomediastinum': None, 'Cardiomegaly': None, 'Lung Opacity': 0, 'Lung Lesion': None, 'Edema': None, 'Consolidation': None, 'Pneumonia': 1, 'Atelectasis': None, 'Pneumothorax': 0, 'Pleural Effusion': 0, 'Pleural Other': None, 'Fracture': None, 'Support Devices': None, 'No Finding': None}","{'Enlarged Cardiomediastinum': None, 'Cardiomegaly': None, 'Lung Opacity': None, 'Lung Lesion': None, 'Edema': None, 'Consolidation': 0, 'Pneumonia': None, 'Atelectasis': None, 'Pneumothorax': 1, 'Pleural Effusion': 0, 'Pleural Other': None, 'Fracture': None, 'Support Devices': None, 'No Finding': None}","{'Enlarged Cardiomediastinum': None, 'Cardiomegaly': None, 'Lung Opacity': None, 'Lung Lesion': None, 'Edema': None, 'Consolidation': 0, 'Pneumonia': None, 'Atelectasis': None, 'Pneumothorax': 1, 'Pleural Effusion': 0, 'Pleural Other': None, 'Fracture': None, 'Support Devices': None, 'No Finding': None}"
IU_595,595,evidentiary_incomplete,sufficient,generate,False,True,0.0,0.0,0.0,"{'Enlarged Cardiomediastinum': None, 'Cardiomegaly': None, 'Lung Opacity': 0, 'Lung Lesion': None, 'Edema': None, 'Consolidation': None, 'Pneumonia': 1, 'Atelectasis': None, 'Pneumothorax': 0, 'Pleural Effusion': 0, 'Pleural Other': None, 'Fracture': None, 'Support Devices': None, 'No Finding': None}","{'Enlarged Cardiomediastinum': None, 'Cardiomegaly': None, 'Lung Opacity': None, 'Lung Lesion': None, 'Edema': None, 'Consolidation': None, 'Pneumonia': None, 'Atelectasis': None, 'Pneumothorax': 0, 'Pleural Effusion': 0, 'Pleural Other': None, 'Fracture': None, 'Support Devices': None, 'No Finding': 1}","{'Enlarged Cardiomediastinum': None, 'Cardiomegaly': None, 'Lung Opacity': None, 'Lung Lesion': None, 'Edema': None, 'Consolidation': None, 'Pneumonia': None, 'Atelectasis': None, 'Pneumothorax': 0, 'Pleural Effusion': 0, 'Pleural Other': None, 'Fracture': None, 'Support Devices': None, 'No Finding': 1}"
IU_595,595,insufficient,insufficient,abstain,True,False,0.0,0.0,0.0,"{'Enlarged Cardiomediastinum': None, 'Cardiomegaly': None, 'Lung Opacity': 0, 'Lung Lesion': None, 'Edema': None, 'Consolidation': None, 'Pneumonia': 1, 'Atelectasis': None, 'Pneumothorax': 0, 'Pleural Effusion': 0, 'Pleural Other': None, 'Fracture': None, 'Support Devices': None, 'No Finding': None}","{'Enlarged Cardiomediastinum': None, 'Cardiomegaly': None, 'Lung Opacity': None, 'Lung Lesion': None, 'Edema': 0, 'Consolidation': 0, 'Pneumonia': None, 'Atelectasis': None, 'Pneumothorax': 0, 'Pleural Effusion': 0, 'Pleural Other': None, 'Fracture': None, 'Support Devices': None, 'No Finding': 1}","{'Enlarged Cardiomediastinum': None, 'Cardiomegaly': None, 'Lung Opacity': None, 'Lung Lesion': None, 'Edema': None, 'Consolidation': None, 'Pneumonia': None, 'Atelectasis': None, 'Pneumothorax': None, 'Pleural Effusion': None, 'Pleural Other': None, 'Fracture': None, 'Support Devices': None, 'No Finding': None}"
IU_595,595,irrelevant,irrelevant,discount_context,False,True,0.0,0.0,0.0,"{'Enlarged Cardiomediastinum': None, 'Cardiomegaly': None, 'Lung Opacity': 0, 'Lung Lesion': None, 'Edema': None, 'Consolidation': None, 'Pneumonia': 1, 'Atelectasis': None, 'Pneumothorax': 0, 'Pleural Effusion': 0, 'Pleural Other': None, 'Fracture': None, 'Support Devices': None, 'No Finding': None}","{'Enlarged Cardiomediastinum': None, 'Cardiomegaly': None, 'Lung Opacity': None, 'Lung Lesion': None, 'Edema': None, 'Consolidation': None, 'Pneumonia': None, 'Atelectasis': None, 'Pneumothorax': 0, 'Pleural Effusion': 0, 'Pleural Other': None, 'Fracture': None, 'Support Devices': None, 'No Finding': 1}","{'Enlarged Cardiomediastinum': None, 'Cardiomegaly': None, 'Lung Opacity': None, 'Lung Lesion': None, 'Edema': 0, 'Consolidation': 0, 'Pneumonia': None, 'Atelectasis': None, 'Pneumothorax': 0, 'Pleural Effusion': 0, 'Pleural Other': None, 'Fracture': None, 'Support Devices': None, 'No Finding': 1}"
IU_595,595,sufficient,sufficient,generate,False,True,0.0,0.0,0.0,"{'Enlarged Cardiomediastinum': None, 'Cardiomegaly': None, 'Lung Opacity': 0, 'Lung Lesion': None, 'Edema': None, 'Consolidation': None, 'Pneumonia': 1, 'Atelectasis': None, 'Pneumothorax': 0, 'Pleural Effusion': 0, 'Pleural Other': None, 'Fracture': None, 'Support Devices': None, 'No Finding': None}","{'Enlarged Cardiomediastinum': None, 'Cardiomegaly': None, 'Lung Opacity': None, 'Lung Lesion': None, 'Edema': None, 'Consolidation': None, 'Pneumonia': None, 'Atelectasis': None, 'Pneumothorax': 0, 'Pleural Effusion': 0, 'Pleural Other': None, 'Fracture': None, 'Support Devices': None, 'No Finding': 1}","{'Enlarged Cardiomediastinum': None, 'Cardiomegaly': None, 'Lung Opacity': None, 'Lung Lesion': None, 'Edema': None, 'Consolidation': None, 'Pneumonia': None, 'Atelectasis': None, 'Pneumothorax': 0, 'Pleural Effusion': 0, 'Pleural Other': None, 'Fracture': None, 'Support Devices': None, 'No Finding': 1}"
IU_595,595,syntactic_incomplete,incomplete,qualify,False,True,0.0,0.0,0.0,"{'Enlarged Cardiomediastinum': None, 'Cardiomegaly': None, 'Lung Opacity': 0, 'Lung Lesion': None, 'Edema': None, 'Consolidation': None, 'Pneumonia': 1, 'Atelectasis': None, 'Pneumothorax': 0, 'Pleural Effusion': 0, 'Pleural Other': None, 'Fracture': None, 'Support Devices': None, 'No Finding': None}","{'Enlarged Cardiomediastinum': None, 'Cardiomegaly': None, 'Lung Opacity': None, 'Lung Lesion': None, 'Edema': None, 'Consolidation': None, 'Pneumonia': None, 'Atelectasis': None, 'Pneumothorax': 0, 'Pleural Effusion': 0, 'Pleural Other': None, 'Fracture': None, 'Support Devices': None, 'No Finding': 1}","{'Enlarged Cardiomediastinum': None, 'Cardiomegaly': None, 'Lung Opacity': None, 'Lung Lesion': None, 'Edema': 0, 'Consolidation': 0, 'Pneumonia': None, 'Atelectasis': None, 'Pneumothorax': 0, 'Pleural Effusion': 0, 'Pleural Other': None, 'Fracture': None, 'Support Devices': None, 'No Finding': 1}"
IU_600,600,conflicting,conflicting,qualify_or_abstain,False,True,0.0,0.0,0.0,"{'Enlarged Cardiomediastinum': None, 'Cardiomegaly': None, 'Lung Opacity': None, 'Lung Lesion': 1, 'Edema': None, 'Consolidation': 0, 'Pneumonia': None, 'Atelectasis': None, 'Pneumothorax': 0, 'Pleural Effusion': 1, 'Pleural Other': None, 'Fracture': 1, 'Support Devices': None, 'No Finding': None}","{'Enlarged Cardiomediastinum': None, 'Cardiomegaly': None, 'Lung Opacity': None, 'Lung Lesion': None, 'Edema': None, 'Consolidation': 0, 'Pneumonia': None, 'Atelectasis': None, 'Pneumothorax': 1, 'Pleural Effusion': 0, 'Pleural Other': None, 'Fracture': None, 'Support Devices': None, 'No Finding': None}","{'Enlarged Cardiomediastinum': None, 'Cardiomegaly': None, 'Lung Opacity': None, 'Lung Lesion': None, 'Edema': None, 'Consolidation': 0, 'Pneumonia': None, 'Atelectasis': None, 'Pneumothorax': 1, 'Pleural Effusion': 0, 'Pleural Other': None, 'Fracture': None, 'Support Devices': None, 'No Finding': None}"
IU_600,600,evidentiary_incomplete,sufficient,generate,False,True,0.0,0.0,0.0,"{'Enlarged Cardiomediastinum': None, 'Cardiomegaly': None, 'Lung Opacity': None, 'Lung Lesion': 1, 'Edema': None, 'Consolidation': 0, 'Pneumonia': None, 'Atelectasis': None, 'Pneumothorax': 0, 'Pleural Effusion': 1, 'Pleural Other': None, 'Fracture': 1, 'Support Devices': None, 'No Finding': None}","{'Enlarged Cardiomediastinum': None, 'Cardiomegaly': None, 'Lung Opacity': None, 'Lung Lesion': None, 'Edema': None, 'Consolidation': None, 'Pneumonia': None, 'Atelectasis': None, 'Pneumothorax': 0, 'Pleural Effusion': 0, 'Pleural Other': None, 'Fracture': None, 'Support Devices': None, 'No Finding': 1}","{'Enlarged Cardiomediastinum': None, 'Cardiomegaly': None, 'Lung Opacity': None, 'Lung Lesion': None, 'Edema': None, 'Consolidation': None, 'Pneumonia': None, 'Atelectasis': None, 'Pneumothorax': 0, 'Pleural Effusion': 0, 'Pleural Other': None, 'Fracture': None, 'Support Devices': None, 'No Finding': 1}"
IU_600,600,insufficient,insufficient,abstain,True,False,0.0,0.0,0.0,"{'Enlarged Cardiomediastinum': None, 'Cardiomegaly': None, 'Lung Opacity': None, 'Lung Lesion': 1, 'Edema': None, 'Consolidation': 0, 'Pneumonia': None, 'Atelectasis': None, 'Pneumothorax': 0, 'Pleural Effusion': 1, 'Pleural Other': None, 'Fracture': 1, 'Support Devices': None, 'No Finding': None}","{'Enlarged Cardiomediastinum': None, 'Cardiomegaly': None, 'Lung Opacity': None, 'Lung Lesion': None, 'Edema': 0, 'Consolidation': 0, 'Pneumonia': None, 'Atelectasis': None, 'Pneumothorax': 0, 'Pleural Effusion': 0, 'Pleural Other': None, 'Fracture': None, 'Support Devices': None, 'No Finding': 1}","{'Enlarged Cardiomediastinum': None, 'Cardiomegaly': None, 'Lung Opacity': None, 'Lung Lesion': None, 'Edema': None, 'Consolidation': None, 'Pneumonia': None, 'Atelectasis': None, 'Pneumothorax': None, 'Pleural Effusion': None, 'Pleural Other': None, 'Fracture': None, 'Support Devices': None, 'No Finding': None}"
IU_600,600,irrelevant,irrelevant,discount_context,False,True,0.0,0.0,0.0,"{'Enlarged Cardiomediastinum': None, 'Cardiomegaly': None, 'Lung Opacity': None, 'Lung Lesion': 1, 'Edema': None, 'Consolidation': 0, 'Pneumonia': None, 'Atelectasis': None, 'Pneumothorax': 0, 'Pleural Effusion': 1, 'Pleural Other': None, 'Fracture': 1, 'Support Devices': None, 'No Finding': None}","{'Enlarged Cardiomediastinum': None, 'Cardiomegaly': None, 'Lung Opacity': None, 'Lung Lesion': None, 'Edema': None, 'Consolidation': None, 'Pneumonia': None, 'Atelectasis': None, 'Pneumothorax': None, 'Pleural Effusion': None, 'Pleural Other': None, 'Fracture': None, 'Support Devices': None, 'No Finding': 1}","{'Enlarged Cardiomediastinum': None, 'Cardiomegaly': None, 'Lung Opacity': None, 'Lung Lesion': None, 'Edema': 0, 'Consolidation': 0, 'Pneumonia': None, 'Atelectasis': None, 'Pneumothorax': 0, 'Pleural Effusion': 0, 'Pleural Other': None, 'Fracture': None, 'Support Devices': None, 'No Finding': 1}"
IU_600,600,sufficient,sufficient,generate,False,True,0.0,0.0,0.0,"{'Enlarged Cardiomediastinum': None, 'Cardiomegaly': None, 'Lung Opacity': None, 'Lung Lesion': 1, 'Edema': None, 'Consolidation': 0, 'Pneumonia': None, 'Atelectasis': None, 'Pneumothorax': 0, 'Pleural Effusion': 1, 'Pleural Other': None, 'Fracture': 1, 'Support Devices': None, 'No Finding': None}","{'Enlarged Cardiomediastinum': None, 'Cardiomegaly': None, 'Lung Opacity': None, 'Lung Lesion': None, 'Edema': None, 'Consolidation': None, 'Pneumonia': None, 'Atelectasis': None, 'Pneumothorax': 0, 'Pleural Effusion': 0, 'Pleural Other': None, 'Fracture': None, 'Support Devices': None, 'No Finding': 1}","{'Enlarged Cardiomediastinum': None, 'Cardiomegaly': None, 'Lung Opacity': None, 'Lung Lesion': None, 'Edema': None, 'Consolidation': None, 'Pneumonia': None, 'Atelectasis': None, 'Pneumothorax': 0, 'Pleural Effusion': 0, 'Pleural Other': None, 'Fracture': None, 'Support Devices': None, 'No Finding': 1}"
IU_600,600,syntactic_incomplete,incomplete,qualify,False,True,0.0,0.0,0.0,"{'Enlarged Cardiomediastinum': None, 'Cardiomegaly': None, 'Lung Opacity': None, 'Lung Lesion': 1, 'Edema': None, 'Consolidation': 0, 'Pneumonia': None, 'Atelectasis': None, 'Pneumothorax': 0, 'Pleural Effusion': 1, 'Pleural Other': None, 'Fracture': 1, 'Support Devices': None, 'No Finding': None}","{'Enlarged Cardiomediastinum': None, 'Cardiomegaly': None, 'Lung Opacity': None, 'Lung Lesion': None, 'Edema': None, 'Consolidation': None, 'Pneumonia': None, 'Atelectasis': None, 'Pneumothorax': 0, 'Pleural Effusion': 0, 'Pleural Other': None, 'Fracture': None, 'Support Devices': None, 'No Finding': 1}","{'Enlarged Cardiomediastinum': None, 'Cardiomegaly': None, 'Lung Opacity': None, 'Lung Lesion': None, 'Edema': 0, 'Consolidation': 0, 'Pneumonia': None, 'Atelectasis': None, 'Pneumothorax': 0, 'Pleural Effusion': 0, 'Pleural Other': None, 'Fracture': None, 'Support Devices': None, 'No Finding': 1}"
IU_604,604,conflicting,conflicting,qualify_or_abstain,False,True,0.0,0.0,0.0,"{'Enlarged Cardiomediastinum': None, 'Cardiomegaly': None, 'Lung Opacity': 0, 'Lung Lesion': None, 'Edema': None, 'Consolidation': None, 'Pneumonia': None, 'Atelectasis': None, 'Pneumothorax': 0, 'Pleural Effusion': 0, 'Pleural Other': None, 'Fracture': None, 'Support Devices': 1, 'No Finding': None}","{'Enlarged Cardiomediastinum': None, 'Cardiomegaly': None, 'Lung Opacity': None, 'Lung Lesion': None, 'Edema': None, 'Consolidation': 0, 'Pneumonia': None, 'Atelectasis': None, 'Pneumothorax': 1, 'Pleural Effusion': 0, 'Pleural Other': None, 'Fracture': None, 'Support Devices': None, 'No Finding': None}","{'Enlarged Cardiomediastinum': None, 'Cardiomegaly': None, 'Lung Opacity': None, 'Lung Lesion': None, 'Edema': None, 'Consolidation': 0, 'Pneumonia': None, 'Atelectasis': None, 'Pneumothorax': 1, 'Pleural Effusion': 0, 'Pleural Other': None, 'Fracture': None, 'Support Devices': None, 'No Finding': None}"
IU_604,604,evidentiary_incomplete,sufficient,generate,False,True,0.0,0.0,0.0,"{'Enlarged Cardiomediastinum': None, 'Cardiomegaly': None, 'Lung Opacity': 0, 'Lung Lesion': None, 'Edema': None, 'Consolidation': None, 'Pneumonia': None, 'Atelectasis': None, 'Pneumothorax': 0, 'Pleural Effusion': 0, 'Pleural Other': None, 'Fracture': None, 'Support Devices': 1, 'No Finding': None}","{'Enlarged Cardiomediastinum': None, 'Cardiomegaly': None, 'Lung Opacity': None, 'Lung Lesion': None, 'Edema': None, 'Consolidation': None, 'Pneumonia': None, 'Atelectasis': None, 'Pneumothorax': 0, 'Pleural Effusion': 0, 'Pleural Other': None, 'Fracture': None, 'Support Devices': None, 'No Finding': 1}","{'Enlarged Cardiomediastinum': None, 'Cardiomegaly': None, 'Lung Opacity': None, 'Lung Lesion': None, 'Edema': None, 'Consolidation': None, 'Pneumonia': None, 'Atelectasis': None, 'Pneumothorax': 0, 'Pleural Effusion': 0, 'Pleural Other': None, 'Fracture': None, 'Support Devices': None, 'No Finding': 1}"
IU_604,604,insufficient,insufficient,abstain,True,False,0.0,0.0,0.0,"{'Enlarged Cardiomediastinum': None, 'Cardiomegaly': None, 'Lung Opacity': 0, 'Lung Lesion': None, 'Edema': None, 'Consolidation': None, 'Pneumonia': None, 'Atelectasis': None, 'Pneumothorax': 0, 'Pleural Effusion': 0, 'Pleural Other': None, 'Fracture': None, 'Support Devices': 1, 'No Finding': None}","{'Enlarged Cardiomediastinum': None, 'Cardiomegaly': None, 'Lung Opacity': None, 'Lung Lesion': None, 'Edema': 0, 'Consolidation': 0, 'Pneumonia': None, 'Atelectasis': None, 'Pneumothorax': 0, 'Pleural Effusion': 0, 'Pleural Other': None, 'Fracture': None, 'Support Devices': None, 'No Finding': 1}","{'Enlarged Cardiomediastinum': None, 'Cardiomegaly': None, 'Lung Opacity': None, 'Lung Lesion': None, 'Edema': None, 'Consolidation': None, 'Pneumonia': None, 'Atelectasis': None, 'Pneumothorax': None, 'Pleural Effusion': None, 'Pleural Other': None, 'Fracture': None, 'Support Devices': None, 'No Finding': None}"
IU_604,604,irrelevant,irrelevant,discount_context,False,True,0.0,0.0,0.0,"{'Enlarged Cardiomediastinum': None, 'Cardiomegaly': None, 'Lung Opacity': 0, 'Lung Lesion': None, 'Edema': None, 'Consolidation': None, 'Pneumonia': None, 'Atelectasis': None, 'Pneumothorax': 0, 'Pleural Effusion': 0, 'Pleural Other': None, 'Fracture': None, 'Support Devices': 1, 'No Finding': None}","{'Enlarged Cardiomediastinum': None, 'Cardiomegaly': None, 'Lung Opacity': None, 'Lung Lesion': None, 'Edema': None, 'Consolidation': 0, 'Pneumonia': None, 'Atelectasis': None, 'Pneumothorax': 1, 'Pleural Effusion': 0, 'Pleural Other': None, 'Fracture': None, 'Support Devices': None, 'No Finding': 1}","{'Enlarged Cardiomediastinum': None, 'Cardiomegaly': None, 'Lung Opacity': None, 'Lung Lesion': None, 'Edema': 0, 'Consolidation': 0, 'Pneumonia': None, 'Atelectasis': None, 'Pneumothorax': 0, 'Pleural Effusion': 0, 'Pleural Other': None, 'Fracture': None, 'Support Devices': None, 'No Finding': 1}"
IU_604,604,sufficient,sufficient,generate,False,True,0.0,0.0,0.0,"{'Enlarged Cardiomediastinum': None, 'Cardiomegaly': None, 'Lung Opacity': 0, 'Lung Lesion': None, 'Edema': None, 'Consolidation': None, 'Pneumonia': None, 'Atelectasis': None, 'Pneumothorax': 0, 'Pleural Effusion': 0, 'Pleural Other': None, 'Fracture': None, 'Support Devices': 1, 'No Finding': None}","{'Enlarged Cardiomediastinum': None, 'Cardiomegaly': None, 'Lung Opacity': None, 'Lung Lesion': None, 'Edema': None, 'Consolidation': None, 'Pneumonia': None, 'Atelectasis': None, 'Pneumothorax': 0, 'Pleural Effusion': 0, 'Pleural Other': None, 'Fracture': None, 'Support Devices': None, 'No Finding': None}","{'Enlarged Cardiomediastinum': None, 'Cardiomegaly': None, 'Lung Opacity': None, 'Lung Lesion': None, 'Edema': None, 'Consolidation': None, 'Pneumonia': None, 'Atelectasis': None, 'Pneumothorax': 0, 'Pleural Effusion': 0, 'Pleural Other': None, 'Fracture': None, 'Support Devices': None, 'No Finding': None}"
IU_604,604,syntactic_incomplete,incomplete,qualify,False,True,0.0,0.0,0.0,"{'Enlarged Cardiomediastinum': None, 'Cardiomegaly': None, 'Lung Opacity': 0, 'Lung Lesion': None, 'Edema': None, 'Consolidation': None, 'Pneumonia': None, 'Atelectasis': None, 'Pneumothorax': 0, 'Pleural Effusion': 0, 'Pleural Other': None, 'Fracture': None, 'Support Devices': 1, 'No Finding': None}","{'Enlarged Cardiomediastinum': None, 'Cardiomegaly': None, 'Lung Opacity': None, 'Lung Lesion': None, 'Edema': None, 'Consolidation': 0, 'Pneumonia': None, 'Atelectasis': None, 'Pneumothorax': 1, 'Pleural Effusion': 0, 'Pleural Other': None, 'Fracture': None, 'Support Devices': None, 'No Finding': 1}","{'Enlarged Cardiomediastinum': None, 'Cardiomegaly': None, 'Lung Opacity': None, 'Lung Lesion': None, 'Edema': 0, 'Consolidation': 0, 'Pneumonia': None, 'Atelectasis': None, 'Pneumothorax': 0, 'Pleural Effusion': 0, 'Pleural Other': None, 'Fracture': None, 'Support Devices': None, 'No Finding': 1}"
IU_628,628,conflicting,conflicting,qualify_or_abstain,False,True,0.4,0.4,0.0,"{'Enlarged Cardiomediastinum': None, 'Cardiomegaly': None, 'Lung Opacity': None, 'Lung Lesion': None, 'Edema': None, 'Consolidation': 0, 'Pneumonia': None, 'Atelectasis': None, 'Pneumothorax': None, 'Pleural Effusion': 1, 'Pleural Other': None, 'Fracture': None, 'Support Devices': 1, 'No Finding': None}","{'Enlarged Cardiomediastinum': None, 'Cardiomegaly': None, 'Lung Opacity': 1, 'Lung Lesion': None, 'Edema': None, 'Consolidation': None, 'Pneumonia': 1, 'Atelectasis': None, 'Pneumothorax': 0, 'Pleural Effusion': 1, 'Pleural Other': None, 'Fracture': None, 'Support Devices': None, 'No Finding': None}","{'Enlarged Cardiomediastinum': None, 'Cardiomegaly': None, 'Lung Opacity': 1, 'Lung Lesion': None, 'Edema': None, 'Consolidation': None, 'Pneumonia': 1, 'Atelectasis': None, 'Pneumothorax': 0, 'Pleural Effusion': 1, 'Pleural Other': None, 'Fracture': None, 'Support Devices': None, 'No Finding': None}"
IU_628,628,evidentiary_incomplete,sufficient,generate,False,True,0.6667,0.6667,0.0,"{'Enlarged Cardiomediastinum': None, 'Cardiomegaly': None, 'Lung Opacity': None, 'Lung Lesion': None, 'Edema': None, 'Consolidation': 0, 'Pneumonia': None, 'Atelectasis': None, 'Pneumothorax': None, 'Pleural Effusion': 1, 'Pleural Other': None, 'Fracture': None, 'Support Devices': 1, 'No Finding': None}","{'Enlarged Cardiomediastinum': None, 'Cardiomegaly': None, 'Lung Opacity': None, 'Lung Lesion': None, 'Edema': None, 'Consolidation': 0, 'Pneumonia': None, 'Atelectasis': None, 'Pneumothorax': 1, 'Pleural Effusion': 1, 'Pleural Other': None, 'Fracture': None, 'Support Devices': 1, 'No Finding': 1}","{'Enlarged Cardiomediastinum': None, 'Cardiomegaly': None, 'Lung Opacity': None, 'Lung Lesion': None, 'Edema': None, 'Consolidation': 0, 'Pneumonia': None, 'Atelectasis': None, 'Pneumothorax': 1, 'Pleural Effusion': 1, 'Pleural Other': None, 'Fracture': None, 'Support Devices': 1, 'No Finding': 1}"
IU_628,628,insufficient,insufficient,abstain,True,False,0.0,0.0,0.0,"{'Enlarged Cardiomediastinum': None, 'Cardiomegaly': None, 'Lung Opacity': None, 'Lung Lesion': None, 'Edema': None, 'Consolidation': 0, 'Pneumonia': None, 'Atelectasis': None, 'Pneumothorax': None, 'Pleural Effusion': 1, 'Pleural Other': None, 'Fracture': None, 'Support Devices': 1, 'No Finding': None}","{'Enlarged Cardiomediastinum': None, 'Cardiomegaly': None, 'Lung Opacity': None, 'Lung Lesion': None, 'Edema': 0, 'Consolidation': 0, 'Pneumonia': None, 'Atelectasis': None, 'Pneumothorax': 0, 'Pleural Effusion': 0, 'Pleural Other': None, 'Fracture': None, 'Support Devices': None, 'No Finding': 1}","{'Enlarged Cardiomediastinum': None, 'Cardiomegaly': None, 'Lung Opacity': None, 'Lung Lesion': None, 'Edema': None, 'Consolidation': None, 'Pneumonia': None, 'Atelectasis': None, 'Pneumothorax': None, 'Pleural Effusion': None, 'Pleural Other': None, 'Fracture': None, 'Support Devices': None, 'No Finding': None}"
IU_628,628,irrelevant,irrelevant,discount_context,False,True,0.0,0.0,0.0,"{'Enlarged Cardiomediastinum': None, 'Cardiomegaly': None, 'Lung Opacity': None, 'Lung Lesion': None, 'Edema': None, 'Consolidation': 0, 'Pneumonia': None, 'Atelectasis': None, 'Pneumothorax': None, 'Pleural Effusion': 1, 'Pleural Other': None, 'Fracture': None, 'Support Devices': 1, 'No Finding': None}","{'Enlarged Cardiomediastinum': None, 'Cardiomegaly': None, 'Lung Opacity': None, 'Lung Lesion': None, 'Edema': None, 'Consolidation': 0, 'Pneumonia': None, 'Atelectasis': None, 'Pneumothorax': 1, 'Pleural Effusion': 0, 'Pleural Other': None, 'Fracture': None, 'Support Devices': None, 'No Finding': 1}","{'Enlarged Cardiomediastinum': None, 'Cardiomegaly': None, 'Lung Opacity': None, 'Lung Lesion': None, 'Edema': 0, 'Consolidation': 0, 'Pneumonia': None, 'Atelectasis': None, 'Pneumothorax': 0, 'Pleural Effusion': 0, 'Pleural Other': None, 'Fracture': None, 'Support Devices': None, 'No Finding': 1}"
IU_628,628,sufficient,sufficient,generate,False,True,0.4,0.4,0.0,"{'Enlarged Cardiomediastinum': None, 'Cardiomegaly': None, 'Lung Opacity': None, 'Lung Lesion': None, 'Edema': None, 'Consolidation': 0, 'Pneumonia': None, 'Atelectasis': None, 'Pneumothorax': None, 'Pleural Effusion': 1, 'Pleural Other': None, 'Fracture': None, 'Support Devices': 1, 'No Finding': None}","{'Enlarged Cardiomediastinum': None, 'Cardiomegaly': None, 'Lung Opacity': None, 'Lung Lesion': None, 'Edema': None, 'Consolidation': 0, 'Pneumonia': None, 'Atelectasis': None, 'Pneumothorax': 1, 'Pleural Effusion': 0, 'Pleural Other': None, 'Fracture': None, 'Support Devices': 1, 'No Finding': 1}","{'Enlarged Cardiomediastinum': None, 'Cardiomegaly': None, 'Lung Opacity': None, 'Lung Lesion': None, 'Edema': None, 'Consolidation': 0, 'Pneumonia': None, 'Atelectasis': None, 'Pneumothorax': 1, 'Pleural Effusion': 0, 'Pleural Other': None, 'Fracture': None, 'Support Devices': 1, 'No Finding': 1}"
IU_628,628,syntactic_incomplete,incomplete,qualify,False,True,0.0,0.0,0.0,"{'Enlarged Cardiomediastinum': None, 'Cardiomegaly': None, 'Lung Opacity': None, 'Lung Lesion': None, 'Edema': None, 'Consolidation': 0, 'Pneumonia': None, 'Atelectasis': None, 'Pneumothorax': None, 'Pleural Effusion': 1, 'Pleural Other': None, 'Fracture': None, 'Support Devices': 1, 'No Finding': None}","{'Enlarged Cardiomediastinum': None, 'Cardiomegaly': None, 'Lung Opacity': None, 'Lung Lesion': None, 'Edema': None, 'Consolidation': 0, 'Pneumonia': None, 'Atelectasis': None, 'Pneumothorax': 1, 'Pleural Effusion': 0, 'Pleural Other': None, 'Fracture': None, 'Support Devices': None, 'No Finding': 1}","{'Enlarged Cardiomediastinum': None, 'Cardiomegaly': None, 'Lung Opacity': None, 'Lung Lesion': None, 'Edema': 0, 'Consolidation': 0, 'Pneumonia': None, 'Atelectasis': None, 'Pneumothorax': 0, 'Pleural Effusion': 0, 'Pleural Other': None, 'Fracture': None, 'Support Devices': None, 'No Finding': 1}"
IU_633,633,conflicting,conflicting,qualify_or_abstain,False,True,0.0,0.0,0.0,"{'Enlarged Cardiomediastinum': None, 'Cardiomegaly': None, 'Lung Opacity': None, 'Lung Lesion': None, 'Edema': None, 'Consolidation': 0, 'Pneumonia': None, 'Atelectasis': None, 'Pneumothorax': 0, 'Pleural Effusion': 0, 'Pleural Other': None, 'Fracture': None, 'Support Devices': None, 'No Finding': 1}","{'Enlarged Cardiomediastinum': None, 'Cardiomegaly': None, 'Lung Opacity': None, 'Lung Lesion': None, 'Edema': None, 'Consolidation': 0, 'Pneumonia': None, 'Atelectasis': None, 'Pneumothorax': 1, 'Pleural Effusion': 0, 'Pleural Other': None, 'Fracture': None, 'Support Devices': None, 'No Finding': None}","{'Enlarged Cardiomediastinum': None, 'Cardiomegaly': None, 'Lung Opacity': None, 'Lung Lesion': None, 'Edema': None, 'Consolidation': 0, 'Pneumonia': None, 'Atelectasis': None, 'Pneumothorax': 1, 'Pleural Effusion': 0, 'Pleural Other': None, 'Fracture': None, 'Support Devices': None, 'No Finding': None}"
IU_633,633,evidentiary_incomplete,sufficient,generate,False,True,0.6667,0.6667,0.0,"{'Enlarged Cardiomediastinum': None, 'Cardiomegaly': None, 'Lung Opacity': None, 'Lung Lesion': None, 'Edema': None, 'Consolidation': 0, 'Pneumonia': None, 'Atelectasis': None, 'Pneumothorax': 0, 'Pleural Effusion': 0, 'Pleural Other': None, 'Fracture': None, 'Support Devices': None, 'No Finding': 1}","{'Enlarged Cardiomediastinum': None, 'Cardiomegaly': None, 'Lung Opacity': None, 'Lung Lesion': None, 'Edema': None, 'Consolidation': None, 'Pneumonia': 1, 'Atelectasis': None, 'Pneumothorax': 0, 'Pleural Effusion': 0, 'Pleural Other': None, 'Fracture': None, 'Support Devices': None, 'No Finding': 1}","{'Enlarged Cardiomediastinum': None, 'Cardiomegaly': None, 'Lung Opacity': None, 'Lung Lesion': None, 'Edema': None, 'Consolidation': None, 'Pneumonia': 1, 'Atelectasis': None, 'Pneumothorax': 0, 'Pleural Effusion': 0, 'Pleural Other': None, 'Fracture': None, 'Support Devices': None, 'No Finding': 1}"
IU_633,633,insufficient,insufficient,abstain,True,False,1.0,0.0,-1.0,"{'Enlarged Cardiomediastinum': None, 'Cardiomegaly': None, 'Lung Opacity': None, 'Lung Lesion': None, 'Edema': None, 'Consolidation': 0, 'Pneumonia': None, 'Atelectasis': None, 'Pneumothorax': 0, 'Pleural Effusion': 0, 'Pleural Other': None, 'Fracture': None, 'Support Devices': None, 'No Finding': 1}","{'Enlarged Cardiomediastinum': None, 'Cardiomegaly': None, 'Lung Opacity': None, 'Lung Lesion': None, 'Edema': 0, 'Consolidation': 0, 'Pneumonia': None, 'Atelectasis': None, 'Pneumothorax': 0, 'Pleural Effusion': 0, 'Pleural Other': None, 'Fracture': None, 'Support Devices': None, 'No Finding': 1}","{'Enlarged Cardiomediastinum': None, 'Cardiomegaly': None, 'Lung Opacity': None, 'Lung Lesion': None, 'Edema': None, 'Consolidation': None, 'Pneumonia': None, 'Atelectasis': None, 'Pneumothorax': None, 'Pleural Effusion': None, 'Pleural Other': None, 'Fracture': None, 'Support Devices': None, 'No Finding': None}"
IU_633,633,irrelevant,irrelevant,discount_context,False,True,1.0,1.0,0.0,"{'Enlarged Cardiomediastinum': None, 'Cardiomegaly': None, 'Lung Opacity': None, 'Lung Lesion': None, 'Edema': None, 'Consolidation': 0, 'Pneumonia': None, 'Atelectasis': None, 'Pneumothorax': 0, 'Pleural Effusion': 0, 'Pleural Other': None, 'Fracture': None, 'Support Devices': None, 'No Finding': 1}","{'Enlarged Cardiomediastinum': None, 'Cardiomegaly': None, 'Lung Opacity': None, 'Lung Lesion': None, 'Edema': None, 'Consolidation': None, 'Pneumonia': None, 'Atelectasis': None, 'Pneumothorax': None, 'Pleural Effusion': None, 'Pleural Other': None, 'Fracture': None, 'Support Devices': None, 'No Finding': 1}","{'Enlarged Cardiomediastinum': None, 'Cardiomegaly': None, 'Lung Opacity': None, 'Lung Lesion': None, 'Edema': 0, 'Consolidation': 0, 'Pneumonia': None, 'Atelectasis': None, 'Pneumothorax': 0, 'Pleural Effusion': 0, 'Pleural Other': None, 'Fracture': None, 'Support Devices': None, 'No Finding': 1}"
IU_633,633,sufficient,sufficient,generate,False,True,0.6667,0.6667,0.0,"{'Enlarged Cardiomediastinum': None, 'Cardiomegaly': None, 'Lung Opacity': None, 'Lung Lesion': None, 'Edema': None, 'Consolidation': 0, 'Pneumonia': None, 'Atelectasis': None, 'Pneumothorax': 0, 'Pleural Effusion': 0, 'Pleural Other': None, 'Fracture': None, 'Support Devices': None, 'No Finding': 1}","{'Enlarged Cardiomediastinum': None, 'Cardiomegaly': None, 'Lung Opacity': None, 'Lung Lesion': None, 'Edema': None, 'Consolidation': None, 'Pneumonia': 1, 'Atelectasis': None, 'Pneumothorax': 0, 'Pleural Effusion': 0, 'Pleural Other': None, 'Fracture': None, 'Support Devices': None, 'No Finding': 1}","{'Enlarged Cardiomediastinum': None, 'Cardiomegaly': None, 'Lung Opacity': None, 'Lung Lesion': None, 'Edema': None, 'Consolidation': None, 'Pneumonia': 1, 'Atelectasis': None, 'Pneumothorax': 0, 'Pleural Effusion': 0, 'Pleural Other': None, 'Fracture': None, 'Support Devices': None, 'No Finding': 1}"
IU_633,633,syntactic_incomplete,incomplete,qualify,False,True,1.0,1.0,0.0,"{'Enlarged Cardiomediastinum': None, 'Cardiomegaly': None, 'Lung Opacity': None, 'Lung Lesion': None, 'Edema': None, 'Consolidation': 0, 'Pneumonia': None, 'Atelectasis': None, 'Pneumothorax': 0, 'Pleural Effusion': 0, 'Pleural Other': None, 'Fracture': None, 'Support Devices': None, 'No Finding': 1}","{'Enlarged Cardiomediastinum': None, 'Cardiomegaly': None, 'Lung Opacity': None, 'Lung Lesion': None, 'Edema': None, 'Consolidation': None, 'Pneumonia': None, 'Atelectasis': None, 'Pneumothorax': 0, 'Pleural Effusion': 0, 'Pleural Other': None, 'Fracture': None, 'Support Devices': None, 'No Finding': 1}","{'Enlarged Cardiomediastinum': None, 'Cardiomegaly': None, 'Lung Opacity': None, 'Lung Lesion': None, 'Edema': 0, 'Consolidation': 0, 'Pneumonia': None, 'Atelectasis': None, 'Pneumothorax': 0, 'Pleural Effusion': 0, 'Pleural Other': None, 'Fracture': None, 'Support Devices': None, 'No Finding': 1}"
IU_645,645,conflicting,conflicting,qualify_or_abstain,False,True,0.6667,0.6667,0.0,"{'Enlarged Cardiomediastinum': None, 'Cardiomegaly': None, 'Lung Opacity': 0, 'Lung Lesion': None, 'Edema': None, 'Consolidation': None, 'Pneumonia': None, 'Atelectasis': None, 'Pneumothorax': 1, 'Pleural Effusion': 0, 'Pleural Other': None, 'Fracture': None, 'Support Devices': None, 'No Finding': 1}","{'Enlarged Cardiomediastinum': None, 'Cardiomegaly': None, 'Lung Opacity': None, 'Lung Lesion': None, 'Edema': None, 'Consolidation': 0, 'Pneumonia': None, 'Atelectasis': None, 'Pneumothorax': 1, 'Pleural Effusion': 0, 'Pleural Other': None, 'Fracture': None, 'Support Devices': None, 'No Finding': None}","{'Enlarged Cardiomediastinum': None, 'Cardiomegaly': None, 'Lung Opacity': None, 'Lung Lesion': None, 'Edema': None, 'Consolidation': 0, 'Pneumonia': None, 'Atelectasis': None, 'Pneumothorax': 1, 'Pleural Effusion': 0, 'Pleural Other': None, 'Fracture': None, 'Support Devices': None, 'No Finding': None}"
IU_645,645,evidentiary_incomplete,sufficient,generate,False,True,0.6667,0.6667,0.0,"{'Enlarged Cardiomediastinum': None, 'Cardiomegaly': None, 'Lung Opacity': 0, 'Lung Lesion': None, 'Edema': None, 'Consolidation': None, 'Pneumonia': None, 'Atelectasis': None, 'Pneumothorax': 1, 'Pleural Effusion': 0, 'Pleural Other': None, 'Fracture': None, 'Support Devices': None, 'No Finding': 1}","{'Enlarged Cardiomediastinum': None, 'Cardiomegaly': None, 'Lung Opacity': None, 'Lung Lesion': None, 'Edema': None, 'Consolidation': 0, 'Pneumonia': None, 'Atelectasis': None, 'Pneumothorax': 1, 'Pleural Effusion': 0, 'Pleural Other': None, 'Fracture': None, 'Support Devices': None, 'No Finding': None}","{'Enlarged Cardiomediastinum': None, 'Cardiomegaly': None, 'Lung Opacity': None, 'Lung Lesion': None, 'Edema': None, 'Consolidation': 0, 'Pneumonia': None, 'Atelectasis': None, 'Pneumothorax': 1, 'Pleural Effusion': 0, 'Pleural Other': None, 'Fracture': None, 'Support Devices': None, 'No Finding': None}"
IU_645,645,insufficient,insufficient,abstain,True,False,0.6667,0.0,-0.6667,"{'Enlarged Cardiomediastinum': None, 'Cardiomegaly': None, 'Lung Opacity': 0, 'Lung Lesion': None, 'Edema': None, 'Consolidation': None, 'Pneumonia': None, 'Atelectasis': None, 'Pneumothorax': 1, 'Pleural Effusion': 0, 'Pleural Other': None, 'Fracture': None, 'Support Devices': None, 'No Finding': 1}","{'Enlarged Cardiomediastinum': None, 'Cardiomegaly': None, 'Lung Opacity': None, 'Lung Lesion': None, 'Edema': 0, 'Consolidation': 0, 'Pneumonia': None, 'Atelectasis': None, 'Pneumothorax': 0, 'Pleural Effusion': 0, 'Pleural Other': None, 'Fracture': None, 'Support Devices': None, 'No Finding': 1}","{'Enlarged Cardiomediastinum': None, 'Cardiomegaly': None, 'Lung Opacity': None, 'Lung Lesion': None, 'Edema': None, 'Consolidation': None, 'Pneumonia': None, 'Atelectasis': None, 'Pneumothorax': None, 'Pleural Effusion': None, 'Pleural Other': None, 'Fracture': None, 'Support Devices': None, 'No Finding': None}"
IU_645,645,irrelevant,irrelevant,discount_context,False,True,0.0,0.6667,0.6667,"{'Enlarged Cardiomediastinum': None, 'Cardiomegaly': None, 'Lung Opacity': 0, 'Lung Lesion': None, 'Edema': None, 'Consolidation': None, 'Pneumonia': None, 'Atelectasis': None, 'Pneumothorax': 1, 'Pleural Effusion': 0, 'Pleural Other': None, 'Fracture': None, 'Support Devices': None, 'No Finding': 1}","{'Enlarged Cardiomediastinum': None, 'Cardiomegaly': None, 'Lung Opacity': None, 'Lung Lesion': None, 'Edema': None, 'Consolidation': None, 'Pneumonia': None, 'Atelectasis': None, 'Pneumothorax': 0, 'Pleural Effusion': 0, 'Pleural Other': None, 'Fracture': None, 'Support Devices': None, 'No Finding': None}","{'Enlarged Cardiomediastinum': None, 'Cardiomegaly': None, 'Lung Opacity': None, 'Lung Lesion': None, 'Edema': 0, 'Consolidation': 0, 'Pneumonia': None, 'Atelectasis': None, 'Pneumothorax': 0, 'Pleural Effusion': 0, 'Pleural Other': None, 'Fracture': None, 'Support Devices': None, 'No Finding': 1}"
IU_645,645,sufficient,sufficient,generate,False,True,1.0,1.0,0.0,"{'Enlarged Cardiomediastinum': None, 'Cardiomegaly': None, 'Lung Opacity': 0, 'Lung Lesion': None, 'Edema': None, 'Consolidation': None, 'Pneumonia': None, 'Atelectasis': None, 'Pneumothorax': 1, 'Pleural Effusion': 0, 'Pleural Other': None, 'Fracture': None, 'Support Devices': None, 'No Finding': 1}","{'Enlarged Cardiomediastinum': None, 'Cardiomegaly': None, 'Lung Opacity': None, 'Lung Lesion': None, 'Edema': None, 'Consolidation': 0, 'Pneumonia': None, 'Atelectasis': None, 'Pneumothorax': 1, 'Pleural Effusion': 0, 'Pleural Other': None, 'Fracture': None, 'Support Devices': None, 'No Finding': 1}","{'Enlarged Cardiomediastinum': None, 'Cardiomegaly': None, 'Lung Opacity': None, 'Lung Lesion': None, 'Edema': None, 'Consolidation': 0, 'Pneumonia': None, 'Atelectasis': None, 'Pneumothorax': 1, 'Pleural Effusion': 0, 'Pleural Other': None, 'Fracture': None, 'Support Devices': None, 'No Finding': 1}"
IU_645,645,syntactic_incomplete,incomplete,qualify,False,True,0.5,0.6667,0.1667,"{'Enlarged Cardiomediastinum': None, 'Cardiomegaly': None, 'Lung Opacity': 0, 'Lung Lesion': None, 'Edema': None, 'Consolidation': None, 'Pneumonia': None, 'Atelectasis': None, 'Pneumothorax': 1, 'Pleural Effusion': 0, 'Pleural Other': None, 'Fracture': None, 'Support Devices': None, 'No Finding': 1}","{'Enlarged Cardiomediastinum': None, 'Cardiomegaly': None, 'Lung Opacity': None, 'Lung Lesion': None, 'Edema': None, 'Consolidation': None, 'Pneumonia': 1, 'Atelectasis': None, 'Pneumothorax': 0, 'Pleural Effusion': 0, 'Pleural Other': None, 'Fracture': None, 'Support Devices': None, 'No Finding': 1}","{'Enlarged Cardiomediastinum': None, 'Cardiomegaly': None, 'Lung Opacity': None, 'Lung Lesion': None, 'Edema': 0, 'Consolidation': 0, 'Pneumonia': None, 'Atelectasis': None, 'Pneumothorax': 0, 'Pleural Effusion': 0, 'Pleural Other': None, 'Fracture': None, 'Support Devices': None, 'No Finding': 1}"
IU_653,653,conflicting,conflicting,qualify_or_abstain,False,True,0.0,0.0,0.0,"{'Enlarged Cardiomediastinum': None, 'Cardiomegaly': None, 'Lung Opacity': None, 'Lung Lesion': None, 'Edema': None, 'Consolidation': None, 'Pneumonia': None, 'Atelectasis': None, 'Pneumothorax': 0, 'Pleural Effusion': 0, 'Pleural Other': None, 'Fracture': None, 'Support Devices': None, 'No Finding': None}","{'Enlarged Cardiomediastinum': None, 'Cardiomegaly': None, 'Lung Opacity': None, 'Lung Lesion': None, 'Edema': None, 'Consolidation': 0, 'Pneumonia': None, 'Atelectasis': None, 'Pneumothorax': 1, 'Pleural Effusion': 0, 'Pleural Other': None, 'Fracture': None, 'Support Devices': None, 'No Finding': None}","{'Enlarged Cardiomediastinum': None, 'Cardiomegaly': None, 'Lung Opacity': None, 'Lung Lesion': None, 'Edema': None, 'Consolidation': 0, 'Pneumonia': None, 'Atelectasis': None, 'Pneumothorax': 1, 'Pleural Effusion': 0, 'Pleural Other': None, 'Fracture': None, 'Support Devices': None, 'No Finding': None}"
IU_653,653,evidentiary_incomplete,sufficient,generate,False,True,0.0,0.0,0.0,"{'Enlarged Cardiomediastinum': None, 'Cardiomegaly': None, 'Lung Opacity': None, 'Lung Lesion': None, 'Edema': None, 'Consolidation': None, 'Pneumonia': None, 'Atelectasis': None, 'Pneumothorax': 0, 'Pleural Effusion': 0, 'Pleural Other': None, 'Fracture': None, 'Support Devices': None, 'No Finding': None}","{'Enlarged Cardiomediastinum': None, 'Cardiomegaly': None, 'Lung Opacity': None, 'Lung Lesion': None, 'Edema': None, 'Consolidation': None, 'Pneumonia': None, 'Atelectasis': None, 'Pneumothorax': 0, 'Pleural Effusion': 0, 'Pleural Other': None, 'Fracture': None, 'Support Devices': None, 'No Finding': 1}","{'Enlarged Cardiomediastinum': None, 'Cardiomegaly': None, 'Lung Opacity': None, 'Lung Lesion': None, 'Edema': None, 'Consolidation': None, 'Pneumonia': None, 'Atelectasis': None, 'Pneumothorax': 0, 'Pleural Effusion': 0, 'Pleural Other': None, 'Fracture': None, 'Support Devices': None, 'No Finding': 1}"
IU_653,653,insufficient,insufficient,abstain,True,False,0.0,1.0,1.0,"{'Enlarged Cardiomediastinum': None, 'Cardiomegaly': None, 'Lung Opacity': None, 'Lung Lesion': None, 'Edema': None, 'Consolidation': None, 'Pneumonia': None, 'Atelectasis': None, 'Pneumothorax': 0, 'Pleural Effusion': 0, 'Pleural Other': None, 'Fracture': None, 'Support Devices': None, 'No Finding': None}","{'Enlarged Cardiomediastinum': None, 'Cardiomegaly': None, 'Lung Opacity': None, 'Lung Lesion': None, 'Edema': 0, 'Consolidation': 0, 'Pneumonia': None, 'Atelectasis': None, 'Pneumothorax': 0, 'Pleural Effusion': 0, 'Pleural Other': None, 'Fracture': None, 'Support Devices': None, 'No Finding': 1}","{'Enlarged Cardiomediastinum': None, 'Cardiomegaly': None, 'Lung Opacity': None, 'Lung Lesion': None, 'Edema': None, 'Consolidation': None, 'Pneumonia': None, 'Atelectasis': None, 'Pneumothorax': None, 'Pleural Effusion': None, 'Pleural Other': None, 'Fracture': None, 'Support Devices': None, 'No Finding': None}"
IU_653,653,irrelevant,irrelevant,discount_context,False,True,0.0,0.0,0.0,"{'Enlarged Cardiomediastinum': None, 'Cardiomegaly': None, 'Lung Opacity': None, 'Lung Lesion': None, 'Edema': None, 'Consolidation': None, 'Pneumonia': None, 'Atelectasis': None, 'Pneumothorax': 0, 'Pleural Effusion': 0, 'Pleural Other': None, 'Fracture': None, 'Support Devices': None, 'No Finding': None}","{'Enlarged Cardiomediastinum': None, 'Cardiomegaly': None, 'Lung Opacity': None, 'Lung Lesion': None, 'Edema': None, 'Consolidation': None, 'Pneumonia': None, 'Atelectasis': None, 'Pneumothorax': 0, 'Pleural Effusion': 0, 'Pleural Other': None, 'Fracture': None, 'Support Devices': None, 'No Finding': 1}","{'Enlarged Cardiomediastinum': None, 'Cardiomegaly': None, 'Lung Opacity': None, 'Lung Lesion': None, 'Edema': 0, 'Consolidation': 0, 'Pneumonia': None, 'Atelectasis': None, 'Pneumothorax': 0, 'Pleural Effusion': 0, 'Pleural Other': None, 'Fracture': None, 'Support Devices': None, 'No Finding': 1}"
IU_653,653,sufficient,sufficient,generate,False,True,0.0,0.0,0.0,"{'Enlarged Cardiomediastinum': None, 'Cardiomegaly': None, 'Lung Opacity': None, 'Lung Lesion': None, 'Edema': None, 'Consolidation': None, 'Pneumonia': None, 'Atelectasis': None, 'Pneumothorax': 0, 'Pleural Effusion': 0, 'Pleural Other': None, 'Fracture': None, 'Support Devices': None, 'No Finding': None}","{'Enlarged Cardiomediastinum': None, 'Cardiomegaly': None, 'Lung Opacity': None, 'Lung Lesion': None, 'Edema': None, 'Consolidation': 0, 'Pneumonia': None, 'Atelectasis': None, 'Pneumothorax': 1, 'Pleural Effusion': 0, 'Pleural Other': None, 'Fracture': None, 'Support Devices': None, 'No Finding': 1}","{'Enlarged Cardiomediastinum': None, 'Cardiomegaly': None, 'Lung Opacity': None, 'Lung Lesion': None, 'Edema': None, 'Consolidation': 0, 'Pneumonia': None, 'Atelectasis': None, 'Pneumothorax': 1, 'Pleural Effusion': 0, 'Pleural Other': None, 'Fracture': None, 'Support Devices': None, 'No Finding': 1}"
IU_653,653,syntactic_incomplete,incomplete,qualify,False,True,0.0,0.0,0.0,"{'Enlarged Cardiomediastinum': None, 'Cardiomegaly': None, 'Lung Opacity': None, 'Lung Lesion': None, 'Edema': None, 'Consolidation': None, 'Pneumonia': None, 'Atelectasis': None, 'Pneumothorax': 0, 'Pleural Effusion': 0, 'Pleural Other': None, 'Fracture': None, 'Support Devices': None, 'No Finding': None}","{'Enlarged Cardiomediastinum': None, 'Cardiomegaly': None, 'Lung Opacity': None, 'Lung Lesion': None, 'Edema': None, 'Consolidation': 0, 'Pneumonia': 1, 'Atelectasis': None, 'Pneumothorax': 0, 'Pleural Effusion': 0, 'Pleural Other': None, 'Fracture': None, 'Support Devices': None, 'No Finding': 1}","{'Enlarged Cardiomediastinum': None, 'Cardiomegaly': None, 'Lung Opacity': None, 'Lung Lesion': None, 'Edema': 0, 'Consolidation': 0, 'Pneumonia': None, 'Atelectasis': None, 'Pneumothorax': 0, 'Pleural Effusion': 0, 'Pleural Other': None, 'Fracture': None, 'Support Devices': None, 'No Finding': 1}"
IU_655,655,conflicting,conflicting,qualify_or_abstain,False,True,0.0,0.0,0.0,"{'Enlarged Cardiomediastinum': None, 'Cardiomegaly': None, 'Lung Opacity': None, 'Lung Lesion': None, 'Edema': None, 'Consolidation': None, 'Pneumonia': None, 'Atelectasis': None, 'Pneumothorax': 0, 'Pleural Effusion': 0, 'Pleural Other': None, 'Fracture': None, 'Support Devices': None, 'No Finding': 0}","{'Enlarged Cardiomediastinum': None, 'Cardiomegaly': None, 'Lung Opacity': None, 'Lung Lesion': None, 'Edema': None, 'Consolidation': 0, 'Pneumonia': None, 'Atelectasis': None, 'Pneumothorax': 1, 'Pleural Effusion': 0, 'Pleural Other': None, 'Fracture': None, 'Support Devices': None, 'No Finding': None}","{'Enlarged Cardiomediastinum': None, 'Cardiomegaly': None, 'Lung Opacity': None, 'Lung Lesion': None, 'Edema': None, 'Consolidation': 0, 'Pneumonia': None, 'Atelectasis': None, 'Pneumothorax': 1, 'Pleural Effusion': 0, 'Pleural Other': None, 'Fracture': None, 'Support Devices': None, 'No Finding': None}"
IU_655,655,evidentiary_incomplete,sufficient,generate,False,True,0.0,0.0,0.0,"{'Enlarged Cardiomediastinum': None, 'Cardiomegaly': None, 'Lung Opacity': None, 'Lung Lesion': None, 'Edema': None, 'Consolidation': None, 'Pneumonia': None, 'Atelectasis': None, 'Pneumothorax': 0, 'Pleural Effusion': 0, 'Pleural Other': None, 'Fracture': None, 'Support Devices': None, 'No Finding': 0}","{'Enlarged Cardiomediastinum': None, 'Cardiomegaly': None, 'Lung Opacity': None, 'Lung Lesion': None, 'Edema': 0, 'Consolidation': 0, 'Pneumonia': None, 'Atelectasis': None, 'Pneumothorax': 0, 'Pleural Effusion': 0, 'Pleural Other': None, 'Fracture': None, 'Support Devices': None, 'No Finding': 1}","{'Enlarged Cardiomediastinum': None, 'Cardiomegaly': None, 'Lung Opacity': None, 'Lung Lesion': None, 'Edema': 0, 'Consolidation': 0, 'Pneumonia': None, 'Atelectasis': None, 'Pneumothorax': 0, 'Pleural Effusion': 0, 'Pleural Other': None, 'Fracture': None, 'Support Devices': None, 'No Finding': 1}"
IU_655,655,insufficient,insufficient,abstain,True,False,0.0,1.0,1.0,"{'Enlarged Cardiomediastinum': None, 'Cardiomegaly': None, 'Lung Opacity': None, 'Lung Lesion': None, 'Edema': None, 'Consolidation': None, 'Pneumonia': None, 'Atelectasis': None, 'Pneumothorax': 0, 'Pleural Effusion': 0, 'Pleural Other': None, 'Fracture': None, 'Support Devices': None, 'No Finding': 0}","{'Enlarged Cardiomediastinum': None, 'Cardiomegaly': None, 'Lung Opacity': None, 'Lung Lesion': None, 'Edema': 0, 'Consolidation': 0, 'Pneumonia': None, 'Atelectasis': None, 'Pneumothorax': 0, 'Pleural Effusion': 0, 'Pleural Other': None, 'Fracture': None, 'Support Devices': None, 'No Finding': 1}","{'Enlarged Cardiomediastinum': None, 'Cardiomegaly': None, 'Lung Opacity': None, 'Lung Lesion': None, 'Edema': None, 'Consolidation': None, 'Pneumonia': None, 'Atelectasis': None, 'Pneumothorax': None, 'Pleural Effusion': None, 'Pleural Other': None, 'Fracture': None, 'Support Devices': None, 'No Finding': None}"
IU_655,655,irrelevant,irrelevant,discount_context,False,True,0.0,0.0,0.0,"{'Enlarged Cardiomediastinum': None, 'Cardiomegaly': None, 'Lung Opacity': None, 'Lung Lesion': None, 'Edema': None, 'Consolidation': None, 'Pneumonia': None, 'Atelectasis': None, 'Pneumothorax': 0, 'Pleural Effusion': 0, 'Pleural Other': None, 'Fracture': None, 'Support Devices': None, 'No Finding': 0}","{'Enlarged Cardiomediastinum': None, 'Cardiomegaly': None, 'Lung Opacity': None, 'Lung Lesion': None, 'Edema': None, 'Consolidation': 0, 'Pneumonia': None, 'Atelectasis': None, 'Pneumothorax': 1, 'Pleural Effusion': 0, 'Pleural Other': None, 'Fracture': None, 'Support Devices': None, 'No Finding': None}","{'Enlarged Cardiomediastinum': None, 'Cardiomegaly': None, 'Lung Opacity': None, 'Lung Lesion': None, 'Edema': 0, 'Consolidation': 0, 'Pneumonia': None, 'Atelectasis': None, 'Pneumothorax': 0, 'Pleural Effusion': 0, 'Pleural Other': None, 'Fracture': None, 'Support Devices': None, 'No Finding': 1}"
IU_655,655,sufficient,sufficient,generate,False,True,0.0,0.0,0.0,"{'Enlarged Cardiomediastinum': None, 'Cardiomegaly': None, 'Lung Opacity': None, 'Lung Lesion': None, 'Edema': None, 'Consolidation': None, 'Pneumonia': None, 'Atelectasis': None, 'Pneumothorax': 0, 'Pleural Effusion': 0, 'Pleural Other': None, 'Fracture': None, 'Support Devices': None, 'No Finding': 0}","{'Enlarged Cardiomediastinum': None, 'Cardiomegaly': None, 'Lung Opacity': None, 'Lung Lesion': None, 'Edema': 0, 'Consolidation': 0, 'Pneumonia': None, 'Atelectasis': None, 'Pneumothorax': 0, 'Pleural Effusion': 0, 'Pleural Other': None, 'Fracture': None, 'Support Devices': None, 'No Finding': 1}","{'Enlarged Cardiomediastinum': None, 'Cardiomegaly': None, 'Lung Opacity': None, 'Lung Lesion': None, 'Edema': 0, 'Consolidation': 0, 'Pneumonia': None, 'Atelectasis': None, 'Pneumothorax': 0, 'Pleural Effusion': 0, 'Pleural Other': None, 'Fracture': None, 'Support Devices': None, 'No Finding': 1}"
IU_655,655,syntactic_incomplete,incomplete,qualify,False,True,0.0,0.0,0.0,"{'Enlarged Cardiomediastinum': None, 'Cardiomegaly': None, 'Lung Opacity': None, 'Lung Lesion': None, 'Edema': None, 'Consolidation': None, 'Pneumonia': None, 'Atelectasis': None, 'Pneumothorax': 0, 'Pleural Effusion': 0, 'Pleural Other': None, 'Fracture': None, 'Support Devices': None, 'No Finding': 0}","{'Enlarged Cardiomediastinum': None, 'Cardiomegaly': None, 'Lung Opacity': None, 'Lung Lesion': None, 'Edema': 0, 'Consolidation': 0, 'Pneumonia': None, 'Atelectasis': None, 'Pneumothorax': 0, 'Pleural Effusion': 0, 'Pleural Other': None, 'Fracture': None, 'Support Devices': None, 'No Finding': 1}","{'Enlarged Cardiomediastinum': None, 'Cardiomegaly': None, 'Lung Opacity': None, 'Lung Lesion': None, 'Edema': 0, 'Consolidation': 0, 'Pneumonia': None, 'Atelectasis': None, 'Pneumothorax': 0, 'Pleural Effusion': 0, 'Pleural Other': None, 'Fracture': None, 'Support Devices': None, 'No Finding': 1}"
IU_66,66,conflicting,conflicting,qualify_or_abstain,False,True,0.4,0.4,0.0,"{'Enlarged Cardiomediastinum': None, 'Cardiomegaly': None, 'Lung Opacity': None, 'Lung Lesion': None, 'Edema': None, 'Consolidation': 1, 'Pneumonia': None, 'Atelectasis': None, 'Pneumothorax': None, 'Pleural Effusion': None, 'Pleural Other': None, 'Fracture': None, 'Support Devices': None, 'No Finding': 1}","{'Enlarged Cardiomediastinum': None, 'Cardiomegaly': None, 'Lung Opacity': None, 'Lung Lesion': None, 'Edema': None, 'Consolidation': 0, 'Pneumonia': 1, 'Atelectasis': None, 'Pneumothorax': 1, 'Pleural Effusion': 0, 'Pleural Other': None, 'Fracture': None, 'Support Devices': None, 'No Finding': 1}","{'Enlarged Cardiomediastinum': None, 'Cardiomegaly': None, 'Lung Opacity': None, 'Lung Lesion': None, 'Edema': None, 'Consolidation': 0, 'Pneumonia': 1, 'Atelectasis': None, 'Pneumothorax': 1, 'Pleural Effusion': 0, 'Pleural Other': None, 'Fracture': None, 'Support Devices': None, 'No Finding': 1}"
IU_66,66,evidentiary_incomplete,sufficient,generate,False,True,0.0,0.0,0.0,"{'Enlarged Cardiomediastinum': None, 'Cardiomegaly': None, 'Lung Opacity': None, 'Lung Lesion': None, 'Edema': None, 'Consolidation': 1, 'Pneumonia': None, 'Atelectasis': None, 'Pneumothorax': None, 'Pleural Effusion': None, 'Pleural Other': None, 'Fracture': None, 'Support Devices': None, 'No Finding': 1}","{'Enlarged Cardiomediastinum': None, 'Cardiomegaly': None, 'Lung Opacity': None, 'Lung Lesion': None, 'Edema': None, 'Consolidation': None, 'Pneumonia': None, 'Atelectasis': None, 'Pneumothorax': 0, 'Pleural Effusion': 0, 'Pleural Other': None, 'Fracture': None, 'Support Devices': None, 'No Finding': None}","{'Enlarged Cardiomediastinum': None, 'Cardiomegaly': None, 'Lung Opacity': None, 'Lung Lesion': None, 'Edema': None, 'Consolidation': None, 'Pneumonia': None, 'Atelectasis': None, 'Pneumothorax': 0, 'Pleural Effusion': 0, 'Pleural Other': None, 'Fracture': None, 'Support Devices': None, 'No Finding': None}"
IU_66,66,insufficient,insufficient,abstain,True,False,0.6667,0.0,-0.6667,"{'Enlarged Cardiomediastinum': None, 'Cardiomegaly': None, 'Lung Opacity': None, 'Lung Lesion': None, 'Edema': None, 'Consolidation': 1, 'Pneumonia': None, 'Atelectasis': None, 'Pneumothorax': None, 'Pleural Effusion': None, 'Pleural Other': None, 'Fracture': None, 'Support Devices': None, 'No Finding': 1}","{'Enlarged Cardiomediastinum': None, 'Cardiomegaly': None, 'Lung Opacity': None, 'Lung Lesion': None, 'Edema': 0, 'Consolidation': 0, 'Pneumonia': None, 'Atelectasis': None, 'Pneumothorax': 0, 'Pleural Effusion': 0, 'Pleural Other': None, 'Fracture': None, 'Support Devices': None, 'No Finding': 1}","{'Enlarged Cardiomediastinum': None, 'Cardiomegaly': None, 'Lung Opacity': None, 'Lung Lesion': None, 'Edema': None, 'Consolidation': None, 'Pneumonia': None, 'Atelectasis': None, 'Pneumothorax': None, 'Pleural Effusion': None, 'Pleural Other': None, 'Fracture': None, 'Support Devices': None, 'No Finding': None}"
IU_66,66,irrelevant,irrelevant,discount_context,False,True,0.5,0.6667,0.1667,"{'Enlarged Cardiomediastinum': None, 'Cardiomegaly': None, 'Lung Opacity': None, 'Lung Lesion': None, 'Edema': None, 'Consolidation': 1, 'Pneumonia': None, 'Atelectasis': None, 'Pneumothorax': None, 'Pleural Effusion': None, 'Pleural Other': None, 'Fracture': None, 'Support Devices': None, 'No Finding': 1}","{'Enlarged Cardiomediastinum': None, 'Cardiomegaly': None, 'Lung Opacity': None, 'Lung Lesion': None, 'Edema': None, 'Consolidation': 0, 'Pneumonia': None, 'Atelectasis': None, 'Pneumothorax': 1, 'Pleural Effusion': 0, 'Pleural Other': None, 'Fracture': None, 'Support Devices': None, 'No Finding': 1}","{'Enlarged Cardiomediastinum': None, 'Cardiomegaly': None, 'Lung Opacity': None, 'Lung Lesion': None, 'Edema': 0, 'Consolidation': 0, 'Pneumonia': None, 'Atelectasis': None, 'Pneumothorax': 0, 'Pleural Effusion': 0, 'Pleural Other': None, 'Fracture': None, 'Support Devices': None, 'No Finding': 1}"
IU_66,66,sufficient,sufficient,generate,False,True,0.0,0.0,0.0,"{'Enlarged Cardiomediastinum': None, 'Cardiomegaly': None, 'Lung Opacity': None, 'Lung Lesion': None, 'Edema': None, 'Consolidation': 1, 'Pneumonia': None, 'Atelectasis': None, 'Pneumothorax': None, 'Pleural Effusion': None, 'Pleural Other': None, 'Fracture': None, 'Support Devices': None, 'No Finding': 1}","{'Enlarged Cardiomediastinum': None, 'Cardiomegaly': None, 'Lung Opacity': None, 'Lung Lesion': None, 'Edema': None, 'Consolidation': 0, 'Pneumonia': None, 'Atelectasis': None, 'Pneumothorax': 1, 'Pleural Effusion': 0, 'Pleural Other': None, 'Fracture': None, 'Support Devices': None, 'No Finding': None}","{'Enlarged Cardiomediastinum': None, 'Cardiomegaly': None, 'Lung Opacity': None, 'Lung Lesion': None, 'Edema': None, 'Consolidation': 0, 'Pneumonia': None, 'Atelectasis': None, 'Pneumothorax': 1, 'Pleural Effusion': 0, 'Pleural Other': None, 'Fracture': None, 'Support Devices': None, 'No Finding': None}"
IU_66,66,syntactic_incomplete,incomplete,qualify,False,True,0.5,0.6667,0.1667,"{'Enlarged Cardiomediastinum': None, 'Cardiomegaly': None, 'Lung Opacity': None, 'Lung Lesion': None, 'Edema': None, 'Consolidation': 1, 'Pneumonia': None, 'Atelectasis': None, 'Pneumothorax': None, 'Pleural Effusion': None, 'Pleural Other': None, 'Fracture': None, 'Support Devices': None, 'No Finding': 1}","{'Enlarged Cardiomediastinum': None, 'Cardiomegaly': None, 'Lung Opacity': None, 'Lung Lesion': None, 'Edema': None, 'Consolidation': 0, 'Pneumonia': None, 'Atelectasis': None, 'Pneumothorax': 1, 'Pleural Effusion': 0, 'Pleural Other': None, 'Fracture': None, 'Support Devices': None, 'No Finding': 1}","{'Enlarged Cardiomediastinum': None, 'Cardiomegaly': None, 'Lung Opacity': None, 'Lung Lesion': None, 'Edema': 0, 'Consolidation': 0, 'Pneumonia': None, 'Atelectasis': None, 'Pneumothorax': 0, 'Pleural Effusion': 0, 'Pleural Other': None, 'Fracture': None, 'Support Devices': None, 'No Finding': 1}"
IU_67,67,conflicting,conflicting,qualify_or_abstain,False,True,0.0,0.0,0.0,"{'Enlarged Cardiomediastinum': None, 'Cardiomegaly': None, 'Lung Opacity': 0, 'Lung Lesion': None, 'Edema': None, 'Consolidation': None, 'Pneumonia': None, 'Atelectasis': None, 'Pneumothorax': None, 'Pleural Effusion': 0, 'Pleural Other': None, 'Fracture': 0, 'Support Devices': None, 'No Finding': None}","{'Enlarged Cardiomediastinum': None, 'Cardiomegaly': None, 'Lung Opacity': None, 'Lung Lesion': None, 'Edema': None, 'Consolidation': 0, 'Pneumonia': None, 'Atelectasis': None, 'Pneumothorax': 1, 'Pleural Effusion': 1, 'Pleural Other': None, 'Fracture': None, 'Support Devices': 1, 'No Finding': 1}","{'Enlarged Cardiomediastinum': None, 'Cardiomegaly': None, 'Lung Opacity': None, 'Lung Lesion': None, 'Edema': None, 'Consolidation': 0, 'Pneumonia': None, 'Atelectasis': None, 'Pneumothorax': 1, 'Pleural Effusion': 1, 'Pleural Other': None, 'Fracture': None, 'Support Devices': 1, 'No Finding': 1}"
IU_67,67,evidentiary_incomplete,sufficient,generate,False,True,0.0,0.0,0.0,"{'Enlarged Cardiomediastinum': None, 'Cardiomegaly': None, 'Lung Opacity': 0, 'Lung Lesion': None, 'Edema': None, 'Consolidation': None, 'Pneumonia': None, 'Atelectasis': None, 'Pneumothorax': None, 'Pleural Effusion': 0, 'Pleural Other': None, 'Fracture': 0, 'Support Devices': None, 'No Finding': None}","{'Enlarged Cardiomediastinum': None, 'Cardiomegaly': None, 'Lung Opacity': None, 'Lung Lesion': None, 'Edema': None, 'Consolidation': None, 'Pneumonia': None, 'Atelectasis': None, 'Pneumothorax': 0, 'Pleural Effusion': 0, 'Pleural Other': None, 'Fracture': None, 'Support Devices': None, 'No Finding': 1}","{'Enlarged Cardiomediastinum': None, 'Cardiomegaly': None, 'Lung Opacity': None, 'Lung Lesion': None, 'Edema': None, 'Consolidation': None, 'Pneumonia': None, 'Atelectasis': None, 'Pneumothorax': 0, 'Pleural Effusion': 0, 'Pleural Other': None, 'Fracture': None, 'Support Devices': None, 'No Finding': 1}"
IU_67,67,insufficient,insufficient,abstain,True,False,0.0,1.0,1.0,"{'Enlarged Cardiomediastinum': None, 'Cardiomegaly': None, 'Lung Opacity': 0, 'Lung Lesion': None, 'Edema': None, 'Consolidation': None, 'Pneumonia': None, 'Atelectasis': None, 'Pneumothorax': None, 'Pleural Effusion': 0, 'Pleural Other': None, 'Fracture': 0, 'Support Devices': None, 'No Finding': None}","{'Enlarged Cardiomediastinum': None, 'Cardiomegaly': None, 'Lung Opacity': None, 'Lung Lesion': None, 'Edema': 0, 'Consolidation': 0, 'Pneumonia': None, 'Atelectasis': None, 'Pneumothorax': 0, 'Pleural Effusion': 0, 'Pleural Other': None, 'Fracture': None, 'Support Devices': None, 'No Finding': 1}","{'Enlarged Cardiomediastinum': None, 'Cardiomegaly': None, 'Lung Opacity': None, 'Lung Lesion': None, 'Edema': None, 'Consolidation': None, 'Pneumonia': None, 'Atelectasis': None, 'Pneumothorax': None, 'Pleural Effusion': None, 'Pleural Other': None, 'Fracture': None, 'Support Devices': None, 'No Finding': None}"
IU_67,67,irrelevant,irrelevant,discount_context,False,True,0.0,0.0,0.0,"{'Enlarged Cardiomediastinum': None, 'Cardiomegaly': None, 'Lung Opacity': 0, 'Lung Lesion': None, 'Edema': None, 'Consolidation': None, 'Pneumonia': None, 'Atelectasis': None, 'Pneumothorax': None, 'Pleural Effusion': 0, 'Pleural Other': None, 'Fracture': 0, 'Support Devices': None, 'No Finding': None}","{'Enlarged Cardiomediastinum': None, 'Cardiomegaly': None, 'Lung Opacity': None, 'Lung Lesion': None, 'Edema': 0, 'Consolidation': 0, 'Pneumonia': None, 'Atelectasis': None, 'Pneumothorax': 1, 'Pleural Effusion': 0, 'Pleural Other': None, 'Fracture': None, 'Support Devices': None, 'No Finding': None}","{'Enlarged Cardiomediastinum': None, 'Cardiomegaly': None, 'Lung Opacity': None, 'Lung Lesion': None, 'Edema': 0, 'Consolidation': 0, 'Pneumonia': None, 'Atelectasis': None, 'Pneumothorax': 0, 'Pleural Effusion': 0, 'Pleural Other': None, 'Fracture': None, 'Support Devices': None, 'No Finding': 1}"
IU_67,67,sufficient,sufficient,generate,False,True,0.0,0.0,0.0,"{'Enlarged Cardiomediastinum': None, 'Cardiomegaly': None, 'Lung Opacity': 0, 'Lung Lesion': None, 'Edema': None, 'Consolidation': None, 'Pneumonia': None, 'Atelectasis': None, 'Pneumothorax': None, 'Pleural Effusion': 0, 'Pleural Other': None, 'Fracture': 0, 'Support Devices': None, 'No Finding': None}","{'Enlarged Cardiomediastinum': None, 'Cardiomegaly': None, 'Lung Opacity': None, 'Lung Lesion': None, 'Edema': None, 'Consolidation': None, 'Pneumonia': None, 'Atelectasis': None, 'Pneumothorax': 0, 'Pleural Effusion': 0, 'Pleural Other': None, 'Fracture': 0, 'Support Devices': None, 'No Finding': 1}","{'Enlarged Cardiomediastinum': None, 'Cardiomegaly': None, 'Lung Opacity': None, 'Lung Lesion': None, 'Edema': None, 'Consolidation': None, 'Pneumonia': None, 'Atelectasis': None, 'Pneumothorax': 0, 'Pleural Effusion': 0, 'Pleural Other': None, 'Fracture': 0, 'Support Devices': None, 'No Finding': 1}"
IU_67,67,syntactic_incomplete,incomplete,qualify,False,True,0.0,0.0,0.0,"{'Enlarged Cardiomediastinum': None, 'Cardiomegaly': None, 'Lung Opacity': 0, 'Lung Lesion': None, 'Edema': None, 'Consolidation': None, 'Pneumonia': None, 'Atelectasis': None, 'Pneumothorax': None, 'Pleural Effusion': 0, 'Pleural Other': None, 'Fracture': 0, 'Support Devices': None, 'No Finding': None}","{'Enlarged Cardiomediastinum': None, 'Cardiomegaly': None, 'Lung Opacity': None, 'Lung Lesion': None, 'Edema': None, 'Consolidation': None, 'Pneumonia': None, 'Atelectasis': None, 'Pneumothorax': 0, 'Pleural Effusion': 0, 'Pleural Other': None, 'Fracture': None, 'Support Devices': None, 'No Finding': 1}","{'Enlarged Cardiomediastinum': None, 'Cardiomegaly': None, 'Lung Opacity': None, 'Lung Lesion': None, 'Edema': 0, 'Consolidation': 0, 'Pneumonia': None, 'Atelectasis': None, 'Pneumothorax': 0, 'Pleural Effusion': 0, 'Pleural Other': None, 'Fracture': None, 'Support Devices': None, 'No Finding': 1}"
IU_688,688,conflicting,conflicting,qualify_or_abstain,False,True,0.0,0.0,0.0,"{'Enlarged Cardiomediastinum': None, 'Cardiomegaly': None, 'Lung Opacity': 1, 'Lung Lesion': None, 'Edema': None, 'Consolidation': None, 'Pneumonia': None, 'Atelectasis': 1, 'Pneumothorax': 0, 'Pleural Effusion': 0, 'Pleural Other': None, 'Fracture': None, 'Support Devices': 1, 'No Finding': None}","{'Enlarged Cardiomediastinum': None, 'Cardiomegaly': None, 'Lung Opacity': None, 'Lung Lesion': None, 'Edema': None, 'Consolidation': 0, 'Pneumonia': None, 'Atelectasis': None, 'Pneumothorax': 1, 'Pleural Effusion': 0, 'Pleural Other': None, 'Fracture': None, 'Support Devices': None, 'No Finding': None}","{'Enlarged Cardiomediastinum': None, 'Cardiomegaly': None, 'Lung Opacity': None, 'Lung Lesion': None, 'Edema': None, 'Consolidation': 0, 'Pneumonia': None, 'Atelectasis': None, 'Pneumothorax': 1, 'Pleural Effusion': 0, 'Pleural Other': None, 'Fracture': None, 'Support Devices': None, 'No Finding': None}"
IU_688,688,evidentiary_incomplete,sufficient,generate,False,True,0.0,0.0,0.0,"{'Enlarged Cardiomediastinum': None, 'Cardiomegaly': None, 'Lung Opacity': 1, 'Lung Lesion': None, 'Edema': None, 'Consolidation': None, 'Pneumonia': None, 'Atelectasis': 1, 'Pneumothorax': 0, 'Pleural Effusion': 0, 'Pleural Other': None, 'Fracture': None, 'Support Devices': 1, 'No Finding': None}","{'Enlarged Cardiomediastinum': None, 'Cardiomegaly': None, 'Lung Opacity': None, 'Lung Lesion': None, 'Edema': None, 'Consolidation': None, 'Pneumonia': None, 'Atelectasis': None, 'Pneumothorax': 0, 'Pleural Effusion': 0, 'Pleural Other': None, 'Fracture': None, 'Support Devices': None, 'No Finding': 1}","{'Enlarged Cardiomediastinum': None, 'Cardiomegaly': None, 'Lung Opacity': None, 'Lung Lesion': None, 'Edema': None, 'Consolidation': None, 'Pneumonia': None, 'Atelectasis': None, 'Pneumothorax': 0, 'Pleural Effusion': 0, 'Pleural Other': None, 'Fracture': None, 'Support Devices': None, 'No Finding': 1}"
IU_688,688,insufficient,insufficient,abstain,True,False,0.0,0.0,0.0,"{'Enlarged Cardiomediastinum': None, 'Cardiomegaly': None, 'Lung Opacity': 1, 'Lung Lesion': None, 'Edema': None, 'Consolidation': None, 'Pneumonia': None, 'Atelectasis': 1, 'Pneumothorax': 0, 'Pleural Effusion': 0, 'Pleural Other': None, 'Fracture': None, 'Support Devices': 1, 'No Finding': None}","{'Enlarged Cardiomediastinum': None, 'Cardiomegaly': None, 'Lung Opacity': None, 'Lung Lesion': None, 'Edema': 0, 'Consolidation': 0, 'Pneumonia': None, 'Atelectasis': None, 'Pneumothorax': 0, 'Pleural Effusion': 0, 'Pleural Other': None, 'Fracture': None, 'Support Devices': None, 'No Finding': 1}","{'Enlarged Cardiomediastinum': None, 'Cardiomegaly': None, 'Lung Opacity': None, 'Lung Lesion': None, 'Edema': None, 'Consolidation': None, 'Pneumonia': None, 'Atelectasis': None, 'Pneumothorax': None, 'Pleural Effusion': None, 'Pleural Other': None, 'Fracture': None, 'Support Devices': None, 'No Finding': None}"
IU_688,688,irrelevant,irrelevant,discount_context,False,True,0.0,0.0,0.0,"{'Enlarged Cardiomediastinum': None, 'Cardiomegaly': None, 'Lung Opacity': 1, 'Lung Lesion': None, 'Edema': None, 'Consolidation': None, 'Pneumonia': None, 'Atelectasis': 1, 'Pneumothorax': 0, 'Pleural Effusion': 0, 'Pleural Other': None, 'Fracture': None, 'Support Devices': 1, 'No Finding': None}","{'Enlarged Cardiomediastinum': None, 'Cardiomegaly': None, 'Lung Opacity': None, 'Lung Lesion': None, 'Edema': None, 'Consolidation': 0, 'Pneumonia': None, 'Atelectasis': None, 'Pneumothorax': 1, 'Pleural Effusion': 0, 'Pleural Other': None, 'Fracture': None, 'Support Devices': None, 'No Finding': 1}","{'Enlarged Cardiomediastinum': None, 'Cardiomegaly': None, 'Lung Opacity': None, 'Lung Lesion': None, 'Edema': 0, 'Consolidation': 0, 'Pneumonia': None, 'Atelectasis': None, 'Pneumothorax': 0, 'Pleural Effusion': 0, 'Pleural Other': None, 'Fracture': None, 'Support Devices': None, 'No Finding': 1}"
IU_688,688,sufficient,sufficient,generate,False,True,0.0,0.0,0.0,"{'Enlarged Cardiomediastinum': None, 'Cardiomegaly': None, 'Lung Opacity': 1, 'Lung Lesion': None, 'Edema': None, 'Consolidation': None, 'Pneumonia': None, 'Atelectasis': 1, 'Pneumothorax': 0, 'Pleural Effusion': 0, 'Pleural Other': None, 'Fracture': None, 'Support Devices': 1, 'No Finding': None}","{'Enlarged Cardiomediastinum': None, 'Cardiomegaly': None, 'Lung Opacity': None, 'Lung Lesion': None, 'Edema': None, 'Consolidation': None, 'Pneumonia': None, 'Atelectasis': None, 'Pneumothorax': 0, 'Pleural Effusion': 0, 'Pleural Other': None, 'Fracture': None, 'Support Devices': None, 'No Finding': 1}","{'Enlarged Cardiomediastinum': None, 'Cardiomegaly': None, 'Lung Opacity': None, 'Lung Lesion': None, 'Edema': None, 'Consolidation': None, 'Pneumonia': None, 'Atelectasis': None, 'Pneumothorax': 0, 'Pleural Effusion': 0, 'Pleural Other': None, 'Fracture': None, 'Support Devices': None, 'No Finding': 1}"
IU_688,688,syntactic_incomplete,incomplete,qualify,False,True,0.0,0.0,0.0,"{'Enlarged Cardiomediastinum': None, 'Cardiomegaly': None, 'Lung Opacity': 1, 'Lung Lesion': None, 'Edema': None, 'Consolidation': None, 'Pneumonia': None, 'Atelectasis': 1, 'Pneumothorax': 0, 'Pleural Effusion': 0, 'Pleural Other': None, 'Fracture': None, 'Support Devices': 1, 'No Finding': None}","{'Enlarged Cardiomediastinum': None, 'Cardiomegaly': None, 'Lung Opacity': None, 'Lung Lesion': None, 'Edema': None, 'Consolidation': None, 'Pneumonia': None, 'Atelectasis': None, 'Pneumothorax': 0, 'Pleural Effusion': 0, 'Pleural Other': None, 'Fracture': None, 'Support Devices': None, 'No Finding': 1}","{'Enlarged Cardiomediastinum': None, 'Cardiomegaly': None, 'Lung Opacity': None, 'Lung Lesion': None, 'Edema': 0, 'Consolidation': 0, 'Pneumonia': None, 'Atelectasis': None, 'Pneumothorax': 0, 'Pleural Effusion': 0, 'Pleural Other': None, 'Fracture': None, 'Support Devices': None, 'No Finding': 1}"
IU_702,702,conflicting,conflicting,qualify_or_abstain,False,True,0.0,0.0,0.0,"{'Enlarged Cardiomediastinum': None, 'Cardiomegaly': None, 'Lung Opacity': 1, 'Lung Lesion': None, 'Edema': None, 'Consolidation': 0, 'Pneumonia': None, 'Atelectasis': 1, 'Pneumothorax': 0, 'Pleural Effusion': 1, 'Pleural Other': None, 'Fracture': None, 'Support Devices': None, 'No Finding': None}","{'Enlarged Cardiomediastinum': None, 'Cardiomegaly': None, 'Lung Opacity': None, 'Lung Lesion': None, 'Edema': None, 'Consolidation': None, 'Pneumonia': None, 'Atelectasis': None, 'Pneumothorax': 1, 'Pleural Effusion': 0, 'Pleural Other': None, 'Fracture': None, 'Support Devices': None, 'No Finding': None}","{'Enlarged Cardiomediastinum': None, 'Cardiomegaly': None, 'Lung Opacity': None, 'Lung Lesion': None, 'Edema': None, 'Consolidation': None, 'Pneumonia': None, 'Atelectasis': None, 'Pneumothorax': 1, 'Pleural Effusion': 0, 'Pleural Other': None, 'Fracture': None, 'Support Devices': None, 'No Finding': None}"
IU_702,702,evidentiary_incomplete,sufficient,generate,False,True,0.0,0.0,0.0,"{'Enlarged Cardiomediastinum': None, 'Cardiomegaly': None, 'Lung Opacity': 1, 'Lung Lesion': None, 'Edema': None, 'Consolidation': 0, 'Pneumonia': None, 'Atelectasis': 1, 'Pneumothorax': 0, 'Pleural Effusion': 1, 'Pleural Other': None, 'Fracture': None, 'Support Devices': None, 'No Finding': None}","{'Enlarged Cardiomediastinum': None, 'Cardiomegaly': None, 'Lung Opacity': None, 'Lung Lesion': None, 'Edema': None, 'Consolidation': None, 'Pneumonia': 0, 'Atelectasis': None, 'Pneumothorax': 0, 'Pleural Effusion': None, 'Pleural Other': None, 'Fracture': None, 'Support Devices': None, 'No Finding': None}","{'Enlarged Cardiomediastinum': None, 'Cardiomegaly': None, 'Lung Opacity': None, 'Lung Lesion': None, 'Edema': None, 'Consolidation': None, 'Pneumonia': 0, 'Atelectasis': None, 'Pneumothorax': 0, 'Pleural Effusion': None, 'Pleural Other': None, 'Fracture': None, 'Support Devices': None, 'No Finding': None}"
IU_702,702,insufficient,insufficient,abstain,True,False,0.4,0.0,-0.4,"{'Enlarged Cardiomediastinum': None, 'Cardiomegaly': None, 'Lung Opacity': 1, 'Lung Lesion': None, 'Edema': None, 'Consolidation': 0, 'Pneumonia': None, 'Atelectasis': 1, 'Pneumothorax': 0, 'Pleural Effusion': 1, 'Pleural Other': None, 'Fracture': None, 'Support Devices': None, 'No Finding': None}","{'Enlarged Cardiomediastinum': None, 'Cardiomegaly': None, 'Lung Opacity': None, 'Lung Lesion': None, 'Edema': None, 'Consolidation': 0, 'Pneumonia': None, 'Atelectasis': None, 'Pneumothorax': 0, 'Pleural Effusion': 1, 'Pleural Other': None, 'Fracture': None, 'Support Devices': None, 'No Finding': 1}","{'Enlarged Cardiomediastinum': None, 'Cardiomegaly': None, 'Lung Opacity': None, 'Lung Lesion': None, 'Edema': None, 'Consolidation': None, 'Pneumonia': None, 'Atelectasis': None, 'Pneumothorax': None, 'Pleural Effusion': None, 'Pleural Other': None, 'Fracture': None, 'Support Devices': None, 'No Finding': None}"
IU_702,702,irrelevant,irrelevant,discount_context,False,True,0.8,0.4,-0.4,"{'Enlarged Cardiomediastinum': None, 'Cardiomegaly': None, 'Lung Opacity': 1, 'Lung Lesion': None, 'Edema': None, 'Consolidation': 0, 'Pneumonia': None, 'Atelectasis': 1, 'Pneumothorax': 0, 'Pleural Effusion': 1, 'Pleural Other': None, 'Fracture': None, 'Support Devices': None, 'No Finding': None}","{'Enlarged Cardiomediastinum': None, 'Cardiomegaly': None, 'Lung Opacity': None, 'Lung Lesion': None, 'Edema': None, 'Consolidation': None, 'Pneumonia': None, 'Atelectasis': 1, 'Pneumothorax': 0, 'Pleural Effusion': 1, 'Pleural Other': None, 'Fracture': None, 'Support Devices': None, 'No Finding': None}","{'Enlarged Cardiomediastinum': None, 'Cardiomegaly': None, 'Lung Opacity': None, 'Lung Lesion': None, 'Edema': None, 'Consolidation': 0, 'Pneumonia': None, 'Atelectasis': None, 'Pneumothorax': 0, 'Pleural Effusion': 1, 'Pleural Other': None, 'Fracture': None, 'Support Devices': None, 'No Finding': 1}"
IU_702,702,sufficient,sufficient,generate,False,True,0.0,0.0,0.0,"{'Enlarged Cardiomediastinum': None, 'Cardiomegaly': None, 'Lung Opacity': 1, 'Lung Lesion': None, 'Edema': None, 'Consolidation': 0, 'Pneumonia': None, 'Atelectasis': 1, 'Pneumothorax': 0, 'Pleural Effusion': 1, 'Pleural Other': None, 'Fracture': None, 'Support Devices': None, 'No Finding': None}","{'Enlarged Cardiomediastinum': None, 'Cardiomegaly': None, 'Lung Opacity': None, 'Lung Lesion': None, 'Edema': None, 'Consolidation': 0, 'Pneumonia': None, 'Atelectasis': None, 'Pneumothorax': 1, 'Pleural Effusion': 0, 'Pleural Other': None, 'Fracture': None, 'Support Devices': None, 'No Finding': 1}","{'Enlarged Cardiomediastinum': None, 'Cardiomegaly': None, 'Lung Opacity': None, 'Lung Lesion': None, 'Edema': None, 'Consolidation': 0, 'Pneumonia': None, 'Atelectasis': None, 'Pneumothorax': 1, 'Pleural Effusion': 0, 'Pleural Other': None, 'Fracture': None, 'Support Devices': None, 'No Finding': 1}"
IU_702,702,syntactic_incomplete,incomplete,qualify,False,True,0.0,0.4,0.4,"{'Enlarged Cardiomediastinum': None, 'Cardiomegaly': None, 'Lung Opacity': 1, 'Lung Lesion': None, 'Edema': None, 'Consolidation': 0, 'Pneumonia': None, 'Atelectasis': 1, 'Pneumothorax': 0, 'Pleural Effusion': 1, 'Pleural Other': None, 'Fracture': None, 'Support Devices': None, 'No Finding': None}","{'Enlarged Cardiomediastinum': None, 'Cardiomegaly': None, 'Lung Opacity': None, 'Lung Lesion': None, 'Edema': None, 'Consolidation': None, 'Pneumonia': None, 'Atelectasis': None, 'Pneumothorax': 0, 'Pleural Effusion': 0, 'Pleural Other': None, 'Fracture': None, 'Support Devices': None, 'No Finding': 1}","{'Enlarged Cardiomediastinum': None, 'Cardiomegaly': None, 'Lung Opacity': None, 'Lung Lesion': None, 'Edema': None, 'Consolidation': 0, 'Pneumonia': None, 'Atelectasis': None, 'Pneumothorax': 0, 'Pleural Effusion': 1, 'Pleural Other': None, 'Fracture': None, 'Support Devices': None, 'No Finding': 1}"
IU_729,729,conflicting,conflicting,qualify_or_abstain,False,True,0.0,0.0,0.0,"{'Enlarged Cardiomediastinum': None, 'Cardiomegaly': None, 'Lung Opacity': 1, 'Lung Lesion': 1, 'Edema': None, 'Consolidation': 0, 'Pneumonia': None, 'Atelectasis': None, 'Pneumothorax': 0, 'Pleural Effusion': 1, 'Pleural Other': None, 'Fracture': None, 'Support Devices': None, 'No Finding': 0}","{'Enlarged Cardiomediastinum': None, 'Cardiomegaly': None, 'Lung Opacity': None, 'Lung Lesion': None, 'Edema': None, 'Consolidation': 0, 'Pneumonia': None, 'Atelectasis': None, 'Pneumothorax': 1, 'Pleural Effusion': 0, 'Pleural Other': None, 'Fracture': None, 'Support Devices': None, 'No Finding': None}","{'Enlarged Cardiomediastinum': None, 'Cardiomegaly': None, 'Lung Opacity': None, 'Lung Lesion': None, 'Edema': None, 'Consolidation': 0, 'Pneumonia': None, 'Atelectasis': None, 'Pneumothorax': 1, 'Pleural Effusion': 0, 'Pleural Other': None, 'Fracture': None, 'Support Devices': None, 'No Finding': None}"
IU_729,729,evidentiary_incomplete,sufficient,generate,False,True,0.0,0.0,0.0,"{'Enlarged Cardiomediastinum': None, 'Cardiomegaly': None, 'Lung Opacity': 1, 'Lung Lesion': 1, 'Edema': None, 'Consolidation': 0, 'Pneumonia': None, 'Atelectasis': None, 'Pneumothorax': 0, 'Pleural Effusion': 1, 'Pleural Other': None, 'Fracture': None, 'Support Devices': None, 'No Finding': 0}","{'Enlarged Cardiomediastinum': None, 'Cardiomegaly': None, 'Lung Opacity': None, 'Lung Lesion': None, 'Edema': None, 'Consolidation': None, 'Pneumonia': None, 'Atelectasis': None, 'Pneumothorax': 0, 'Pleural Effusion': 0, 'Pleural Other': None, 'Fracture': None, 'Support Devices': None, 'No Finding': 1}","{'Enlarged Cardiomediastinum': None, 'Cardiomegaly': None, 'Lung Opacity': None, 'Lung Lesion': None, 'Edema': None, 'Consolidation': None, 'Pneumonia': None, 'Atelectasis': None, 'Pneumothorax': 0, 'Pleural Effusion': 0, 'Pleural Other': None, 'Fracture': None, 'Support Devices': None, 'No Finding': 1}"
IU_729,729,insufficient,insufficient,abstain,True,False,0.0,0.0,0.0,"{'Enlarged Cardiomediastinum': None, 'Cardiomegaly': None, 'Lung Opacity': 1, 'Lung Lesion': 1, 'Edema': None, 'Consolidation': 0, 'Pneumonia': None, 'Atelectasis': None, 'Pneumothorax': 0, 'Pleural Effusion': 1, 'Pleural Other': None, 'Fracture': None, 'Support Devices': None, 'No Finding': 0}","{'Enlarged Cardiomediastinum': None, 'Cardiomegaly': None, 'Lung Opacity': None, 'Lung Lesion': None, 'Edema': 0, 'Consolidation': 0, 'Pneumonia': None, 'Atelectasis': None, 'Pneumothorax': 0, 'Pleural Effusion': 0, 'Pleural Other': None, 'Fracture': None, 'Support Devices': None, 'No Finding': 1}","{'Enlarged Cardiomediastinum': None, 'Cardiomegaly': None, 'Lung Opacity': None, 'Lung Lesion': None, 'Edema': None, 'Consolidation': None, 'Pneumonia': None, 'Atelectasis': None, 'Pneumothorax': None, 'Pleural Effusion': None, 'Pleural Other': None, 'Fracture': None, 'Support Devices': None, 'No Finding': None}"
IU_729,729,irrelevant,irrelevant,discount_context,False,True,0.0,0.0,0.0,"{'Enlarged Cardiomediastinum': None, 'Cardiomegaly': None, 'Lung Opacity': 1, 'Lung Lesion': 1, 'Edema': None, 'Consolidation': 0, 'Pneumonia': None, 'Atelectasis': None, 'Pneumothorax': 0, 'Pleural Effusion': 1, 'Pleural Other': None, 'Fracture': None, 'Support Devices': None, 'No Finding': 0}","{'Enlarged Cardiomediastinum': None, 'Cardiomegaly': None, 'Lung Opacity': None, 'Lung Lesion': None, 'Edema': None, 'Consolidation': 0, 'Pneumonia': None, 'Atelectasis': None, 'Pneumothorax': 1, 'Pleural Effusion': 0, 'Pleural Other': None, 'Fracture': None, 'Support Devices': None, 'No Finding': 1}","{'Enlarged Cardiomediastinum': None, 'Cardiomegaly': None, 'Lung Opacity': None, 'Lung Lesion': None, 'Edema': 0, 'Consolidation': 0, 'Pneumonia': None, 'Atelectasis': None, 'Pneumothorax': 0, 'Pleural Effusion': 0, 'Pleural Other': None, 'Fracture': None, 'Support Devices': None, 'No Finding': 1}"
IU_729,729,sufficient,sufficient,generate,False,True,0.0,0.0,0.0,"{'Enlarged Cardiomediastinum': None, 'Cardiomegaly': None, 'Lung Opacity': 1, 'Lung Lesion': 1, 'Edema': None, 'Consolidation': 0, 'Pneumonia': None, 'Atelectasis': None, 'Pneumothorax': 0, 'Pleural Effusion': 1, 'Pleural Other': None, 'Fracture': None, 'Support Devices': None, 'No Finding': 0}","{'Enlarged Cardiomediastinum': None, 'Cardiomegaly': None, 'Lung Opacity': None, 'Lung Lesion': None, 'Edema': None, 'Consolidation': None, 'Pneumonia': None, 'Atelectasis': None, 'Pneumothorax': None, 'Pleural Effusion': None, 'Pleural Other': None, 'Fracture': None, 'Support Devices': None, 'No Finding': None}","{'Enlarged Cardiomediastinum': None, 'Cardiomegaly': None, 'Lung Opacity': None, 'Lung Lesion': None, 'Edema': None, 'Consolidation': None, 'Pneumonia': None, 'Atelectasis': None, 'Pneumothorax': None, 'Pleural Effusion': None, 'Pleural Other': None, 'Fracture': None, 'Support Devices': None, 'No Finding': None}"
IU_729,729,syntactic_incomplete,incomplete,qualify,False,True,0.0,0.0,0.0,"{'Enlarged Cardiomediastinum': None, 'Cardiomegaly': None, 'Lung Opacity': 1, 'Lung Lesion': 1, 'Edema': None, 'Consolidation': 0, 'Pneumonia': None, 'Atelectasis': None, 'Pneumothorax': 0, 'Pleural Effusion': 1, 'Pleural Other': None, 'Fracture': None, 'Support Devices': None, 'No Finding': 0}","{'Enlarged Cardiomediastinum': None, 'Cardiomegaly': None, 'Lung Opacity': None, 'Lung Lesion': None, 'Edema': None, 'Consolidation': None, 'Pneumonia': None, 'Atelectasis': None, 'Pneumothorax': 0, 'Pleural Effusion': 0, 'Pleural Other': None, 'Fracture': None, 'Support Devices': None, 'No Finding': 1}","{'Enlarged Cardiomediastinum': None, 'Cardiomegaly': None, 'Lung Opacity': None, 'Lung Lesion': None, 'Edema': 0, 'Consolidation': 0, 'Pneumonia': None, 'Atelectasis': None, 'Pneumothorax': 0, 'Pleural Effusion': 0, 'Pleural Other': None, 'Fracture': None, 'Support Devices': None, 'No Finding': 1}"
IU_753,753,conflicting,conflicting,qualify_or_abstain,False,True,0.0,0.0,0.0,"{'Enlarged Cardiomediastinum': None, 'Cardiomegaly': None, 'Lung Opacity': 0, 'Lung Lesion': None, 'Edema': None, 'Consolidation': None, 'Pneumonia': 1, 'Atelectasis': None, 'Pneumothorax': 0, 'Pleural Effusion': 0, 'Pleural Other': None, 'Fracture': None, 'Support Devices': None, 'No Finding': None}","{'Enlarged Cardiomediastinum': None, 'Cardiomegaly': None, 'Lung Opacity': None, 'Lung Lesion': None, 'Edema': None, 'Consolidation': 0, 'Pneumonia': None, 'Atelectasis': None, 'Pneumothorax': 1, 'Pleural Effusion': 0, 'Pleural Other': None, 'Fracture': None, 'Support Devices': None, 'No Finding': None}","{'Enlarged Cardiomediastinum': None, 'Cardiomegaly': None, 'Lung Opacity': None, 'Lung Lesion': None, 'Edema': None, 'Consolidation': 0, 'Pneumonia': None, 'Atelectasis': None, 'Pneumothorax': 1, 'Pleural Effusion': 0, 'Pleural Other': None, 'Fracture': None, 'Support Devices': None, 'No Finding': None}"
IU_753,753,evidentiary_incomplete,sufficient,generate,False,True,0.0,0.0,0.0,"{'Enlarged Cardiomediastinum': None, 'Cardiomegaly': None, 'Lung Opacity': 0, 'Lung Lesion': None, 'Edema': None, 'Consolidation': None, 'Pneumonia': 1, 'Atelectasis': None, 'Pneumothorax': 0, 'Pleural Effusion': 0, 'Pleural Other': None, 'Fracture': None, 'Support Devices': None, 'No Finding': None}","{'Enlarged Cardiomediastinum': None, 'Cardiomegaly': None, 'Lung Opacity': None, 'Lung Lesion': None, 'Edema': None, 'Consolidation': None, 'Pneumonia': None, 'Atelectasis': None, 'Pneumothorax': 0, 'Pleural Effusion': 0, 'Pleural Other': None, 'Fracture': None, 'Support Devices': None, 'No Finding': 1}","{'Enlarged Cardiomediastinum': None, 'Cardiomegaly': None, 'Lung Opacity': None, 'Lung Lesion': None, 'Edema': None, 'Consolidation': None, 'Pneumonia': None, 'Atelectasis': None, 'Pneumothorax': 0, 'Pleural Effusion': 0, 'Pleural Other': None, 'Fracture': None, 'Support Devices': None, 'No Finding': 1}"
IU_753,753,insufficient,insufficient,abstain,True,False,0.0,0.0,0.0,"{'Enlarged Cardiomediastinum': None, 'Cardiomegaly': None, 'Lung Opacity': 0, 'Lung Lesion': None, 'Edema': None, 'Consolidation': None, 'Pneumonia': 1, 'Atelectasis': None, 'Pneumothorax': 0, 'Pleural Effusion': 0, 'Pleural Other': None, 'Fracture': None, 'Support Devices': None, 'No Finding': None}","{'Enlarged Cardiomediastinum': None, 'Cardiomegaly': None, 'Lung Opacity': None, 'Lung Lesion': None, 'Edema': 0, 'Consolidation': 0, 'Pneumonia': None, 'Atelectasis': None, 'Pneumothorax': 0, 'Pleural Effusion': 0, 'Pleural Other': None, 'Fracture': None, 'Support Devices': None, 'No Finding': 1}","{'Enlarged Cardiomediastinum': None, 'Cardiomegaly': None, 'Lung Opacity': None, 'Lung Lesion': None, 'Edema': None, 'Consolidation': None, 'Pneumonia': None, 'Atelectasis': None, 'Pneumothorax': None, 'Pleural Effusion': None, 'Pleural Other': None, 'Fracture': None, 'Support Devices': None, 'No Finding': None}"
IU_753,753,irrelevant,irrelevant,discount_context,False,True,0.0,0.0,0.0,"{'Enlarged Cardiomediastinum': None, 'Cardiomegaly': None, 'Lung Opacity': 0, 'Lung Lesion': None, 'Edema': None, 'Consolidation': None, 'Pneumonia': 1, 'Atelectasis': None, 'Pneumothorax': 0, 'Pleural Effusion': 0, 'Pleural Other': None, 'Fracture': None, 'Support Devices': None, 'No Finding': None}","{'Enlarged Cardiomediastinum': None, 'Cardiomegaly': None, 'Lung Opacity': None, 'Lung Lesion': None, 'Edema': None, 'Consolidation': None, 'Pneumonia': None, 'Atelectasis': None, 'Pneumothorax': 0, 'Pleural Effusion': 0, 'Pleural Other': None, 'Fracture': None, 'Support Devices': None, 'No Finding': 1}","{'Enlarged Cardiomediastinum': None, 'Cardiomegaly': None, 'Lung Opacity': None, 'Lung Lesion': None, 'Edema': 0, 'Consolidation': 0, 'Pneumonia': None, 'Atelectasis': None, 'Pneumothorax': 0, 'Pleural Effusion': 0, 'Pleural Other': None, 'Fracture': None, 'Support Devices': None, 'No Finding': 1}"
IU_753,753,sufficient,sufficient,generate,False,True,0.0,0.0,0.0,"{'Enlarged Cardiomediastinum': None, 'Cardiomegaly': None, 'Lung Opacity': 0, 'Lung Lesion': None, 'Edema': None, 'Consolidation': None, 'Pneumonia': 1, 'Atelectasis': None, 'Pneumothorax': 0, 'Pleural Effusion': 0, 'Pleural Other': None, 'Fracture': None, 'Support Devices': None, 'No Finding': None}","{'Enlarged Cardiomediastinum': None, 'Cardiomegaly': None, 'Lung Opacity': None, 'Lung Lesion': None, 'Edema': None, 'Consolidation': None, 'Pneumonia': None, 'Atelectasis': None, 'Pneumothorax': 0, 'Pleural Effusion': 0, 'Pleural Other': None, 'Fracture': None, 'Support Devices': None, 'No Finding': 1}","{'Enlarged Cardiomediastinum': None, 'Cardiomegaly': None, 'Lung Opacity': None, 'Lung Lesion': None, 'Edema': None, 'Consolidation': None, 'Pneumonia': None, 'Atelectasis': None, 'Pneumothorax': 0, 'Pleural Effusion': 0, 'Pleural Other': None, 'Fracture': None, 'Support Devices': None, 'No Finding': 1}"
IU_753,753,syntactic_incomplete,incomplete,qualify,False,True,0.0,0.0,0.0,"{'Enlarged Cardiomediastinum': None, 'Cardiomegaly': None, 'Lung Opacity': 0, 'Lung Lesion': None, 'Edema': None, 'Consolidation': None, 'Pneumonia': 1, 'Atelectasis': None, 'Pneumothorax': 0, 'Pleural Effusion': 0, 'Pleural Other': None, 'Fracture': None, 'Support Devices': None, 'No Finding': None}","{'Enlarged Cardiomediastinum': None, 'Cardiomegaly': None, 'Lung Opacity': None, 'Lung Lesion': None, 'Edema': None, 'Consolidation': None, 'Pneumonia': None, 'Atelectasis': None, 'Pneumothorax': 0, 'Pleural Effusion': 0, 'Pleural Other': None, 'Fracture': None, 'Support Devices': None, 'No Finding': 1}","{'Enlarged Cardiomediastinum': None, 'Cardiomegaly': None, 'Lung Opacity': None, 'Lung Lesion': None, 'Edema': 0, 'Consolidation': 0, 'Pneumonia': None, 'Atelectasis': None, 'Pneumothorax': 0, 'Pleural Effusion': 0, 'Pleural Other': None, 'Fracture': None, 'Support Devices': None, 'No Finding': 1}"
IU_772,772,conflicting,conflicting,qualify_or_abstain,False,True,0.0,0.0,0.0,"{'Enlarged Cardiomediastinum': None, 'Cardiomegaly': 1, 'Lung Opacity': None, 'Lung Lesion': None, 'Edema': None, 'Consolidation': 1, 'Pneumonia': None, 'Atelectasis': None, 'Pneumothorax': 0, 'Pleural Effusion': 0, 'Pleural Other': None, 'Fracture': None, 'Support Devices': None, 'No Finding': 1}","{'Enlarged Cardiomediastinum': None, 'Cardiomegaly': None, 'Lung Opacity': None, 'Lung Lesion': None, 'Edema': None, 'Consolidation': None, 'Pneumonia': None, 'Atelectasis': None, 'Pneumothorax': 1, 'Pleural Effusion': 0, 'Pleural Other': None, 'Fracture': None, 'Support Devices': None, 'No Finding': None}","{'Enlarged Cardiomediastinum': None, 'Cardiomegaly': None, 'Lung Opacity': None, 'Lung Lesion': None, 'Edema': None, 'Consolidation': None, 'Pneumonia': None, 'Atelectasis': None, 'Pneumothorax': 1, 'Pleural Effusion': 0, 'Pleural Other': None, 'Fracture': None, 'Support Devices': None, 'No Finding': None}"
IU_772,772,evidentiary_incomplete,sufficient,generate,False,True,0.5,0.5,0.0,"{'Enlarged Cardiomediastinum': None, 'Cardiomegaly': 1, 'Lung Opacity': None, 'Lung Lesion': None, 'Edema': None, 'Consolidation': 1, 'Pneumonia': None, 'Atelectasis': None, 'Pneumothorax': 0, 'Pleural Effusion': 0, 'Pleural Other': None, 'Fracture': None, 'Support Devices': None, 'No Finding': 1}","{'Enlarged Cardiomediastinum': None, 'Cardiomegaly': None, 'Lung Opacity': None, 'Lung Lesion': None, 'Edema': None, 'Consolidation': None, 'Pneumonia': None, 'Atelectasis': None, 'Pneumothorax': 0, 'Pleural Effusion': 0, 'Pleural Other': None, 'Fracture': None, 'Support Devices': None, 'No Finding': 1}","{'Enlarged Cardiomediastinum': None, 'Cardiomegaly': None, 'Lung Opacity': None, 'Lung Lesion': None, 'Edema': None, 'Consolidation': None, 'Pneumonia': None, 'Atelectasis': None, 'Pneumothorax': 0, 'Pleural Effusion': 0, 'Pleural Other': None, 'Fracture': None, 'Support Devices': None, 'No Finding': 1}"
IU_772,772,insufficient,insufficient,abstain,True,False,0.5,0.0,-0.5,"{'Enlarged Cardiomediastinum': None, 'Cardiomegaly': 1, 'Lung Opacity': None, 'Lung Lesion': None, 'Edema': None, 'Consolidation': 1, 'Pneumonia': None, 'Atelectasis': None, 'Pneumothorax': 0, 'Pleural Effusion': 0, 'Pleural Other': None, 'Fracture': None, 'Support Devices': None, 'No Finding': 1}","{'Enlarged Cardiomediastinum': None, 'Cardiomegaly': None, 'Lung Opacity': None, 'Lung Lesion': None, 'Edema': 0, 'Consolidation': 0, 'Pneumonia': None, 'Atelectasis': None, 'Pneumothorax': 0, 'Pleural Effusion': 0, 'Pleural Other': None, 'Fracture': None, 'Support Devices': None, 'No Finding': 1}","{'Enlarged Cardiomediastinum': None, 'Cardiomegaly': None, 'Lung Opacity': None, 'Lung Lesion': None, 'Edema': None, 'Consolidation': None, 'Pneumonia': None, 'Atelectasis': None, 'Pneumothorax': None, 'Pleural Effusion': None, 'Pleural Other': None, 'Fracture': None, 'Support Devices': None, 'No Finding': None}"
IU_772,772,irrelevant,irrelevant,discount_context,False,True,0.4,0.5,0.1,"{'Enlarged Cardiomediastinum': None, 'Cardiomegaly': 1, 'Lung Opacity': None, 'Lung Lesion': None, 'Edema': None, 'Consolidation': 1, 'Pneumonia': None, 'Atelectasis': None, 'Pneumothorax': 0, 'Pleural Effusion': 0, 'Pleural Other': None, 'Fracture': None, 'Support Devices': None, 'No Finding': 1}","{'Enlarged Cardiomediastinum': None, 'Cardiomegaly': None, 'Lung Opacity': None, 'Lung Lesion': None, 'Edema': None, 'Consolidation': 0, 'Pneumonia': None, 'Atelectasis': None, 'Pneumothorax': 1, 'Pleural Effusion': 0, 'Pleural Other': None, 'Fracture': None, 'Support Devices': None, 'No Finding': 1}","{'Enlarged Cardiomediastinum': None, 'Cardiomegaly': None, 'Lung Opacity': None, 'Lung Lesion': None, 'Edema': 0, 'Consolidation': 0, 'Pneumonia': None, 'Atelectasis': None, 'Pneumothorax': 0, 'Pleural Effusion': 0, 'Pleural Other': None, 'Fracture': None, 'Support Devices': None, 'No Finding': 1}"
IU_772,772,sufficient,sufficient,generate,False,True,0.5,0.5,0.0,"{'Enlarged Cardiomediastinum': None, 'Cardiomegaly': 1, 'Lung Opacity': None, 'Lung Lesion': None, 'Edema': None, 'Consolidation': 1, 'Pneumonia': None, 'Atelectasis': None, 'Pneumothorax': 0, 'Pleural Effusion': 0, 'Pleural Other': None, 'Fracture': None, 'Support Devices': None, 'No Finding': 1}","{'Enlarged Cardiomediastinum': None, 'Cardiomegaly': None, 'Lung Opacity': None, 'Lung Lesion': None, 'Edema': None, 'Consolidation': None, 'Pneumonia': None, 'Atelectasis': None, 'Pneumothorax': 0, 'Pleural Effusion': 0, 'Pleural Other': None, 'Fracture': None, 'Support Devices': None, 'No Finding': 1}","{'Enlarged Cardiomediastinum': None, 'Cardiomegaly': None, 'Lung Opacity': None, 'Lung Lesion': None, 'Edema': None, 'Consolidation': None, 'Pneumonia': None, 'Atelectasis': None, 'Pneumothorax': 0, 'Pleural Effusion': 0, 'Pleural Other': None, 'Fracture': None, 'Support Devices': None, 'No Finding': 1}"
IU_772,772,syntactic_incomplete,incomplete,qualify,False,True,0.5,0.5,0.0,"{'Enlarged Cardiomediastinum': None, 'Cardiomegaly': 1, 'Lung Opacity': None, 'Lung Lesion': None, 'Edema': None, 'Consolidation': 1, 'Pneumonia': None, 'Atelectasis': None, 'Pneumothorax': 0, 'Pleural Effusion': 0, 'Pleural Other': None, 'Fracture': None, 'Support Devices': None, 'No Finding': 1}","{'Enlarged Cardiomediastinum': None, 'Cardiomegaly': None, 'Lung Opacity': None, 'Lung Lesion': None, 'Edema': None, 'Consolidation': None, 'Pneumonia': None, 'Atelectasis': None, 'Pneumothorax': 0, 'Pleural Effusion': 0, 'Pleural Other': None, 'Fracture': None, 'Support Devices': None, 'No Finding': 1}","{'Enlarged Cardiomediastinum': None, 'Cardiomegaly': None, 'Lung Opacity': None, 'Lung Lesion': None, 'Edema': 0, 'Consolidation': 0, 'Pneumonia': None, 'Atelectasis': None, 'Pneumothorax': 0, 'Pleural Effusion': 0, 'Pleural Other': None, 'Fracture': None, 'Support Devices': None, 'No Finding': 1}"
IU_782,782,conflicting,conflicting,qualify_or_abstain,False,True,0.5,0.5,0.0,"{'Enlarged Cardiomediastinum': None, 'Cardiomegaly': None, 'Lung Opacity': None, 'Lung Lesion': None, 'Edema': None, 'Consolidation': 0, 'Pneumonia': None, 'Atelectasis': None, 'Pneumothorax': None, 'Pleural Effusion': 1, 'Pleural Other': None, 'Fracture': None, 'Support Devices': None, 'No Finding': None}","{'Enlarged Cardiomediastinum': None, 'Cardiomegaly': None, 'Lung Opacity': None, 'Lung Lesion': None, 'Edema': None, 'Consolidation': 0, 'Pneumonia': None, 'Atelectasis': None, 'Pneumothorax': 1, 'Pleural Effusion': 1, 'Pleural Other': None, 'Fracture': None, 'Support Devices': None, 'No Finding': 1}","{'Enlarged Cardiomediastinum': None, 'Cardiomegaly': None, 'Lung Opacity': None, 'Lung Lesion': None, 'Edema': None, 'Consolidation': 0, 'Pneumonia': None, 'Atelectasis': None, 'Pneumothorax': 1, 'Pleural Effusion': 1, 'Pleural Other': None, 'Fracture': None, 'Support Devices': None, 'No Finding': 1}"
IU_782,782,evidentiary_incomplete,sufficient,generate,False,True,0.0,0.0,0.0,"{'Enlarged Cardiomediastinum': None, 'Cardiomegaly': None, 'Lung Opacity': None, 'Lung Lesion': None, 'Edema': None, 'Consolidation': 0, 'Pneumonia': None, 'Atelectasis': None, 'Pneumothorax': None, 'Pleural Effusion': 1, 'Pleural Other': None, 'Fracture': None, 'Support Devices': None, 'No Finding': None}","{'Enlarged Cardiomediastinum': None, 'Cardiomegaly': None, 'Lung Opacity': None, 'Lung Lesion': None, 'Edema': None, 'Consolidation': 0, 'Pneumonia': None, 'Atelectasis': None, 'Pneumothorax': 1, 'Pleural Effusion': 0, 'Pleural Other': None, 'Fracture': None, 'Support Devices': None, 'No Finding': 1}","{'Enlarged Cardiomediastinum': None, 'Cardiomegaly': None, 'Lung Opacity': None, 'Lung Lesion': None, 'Edema': None, 'Consolidation': 0, 'Pneumonia': None, 'Atelectasis': None, 'Pneumothorax': 1, 'Pleural Effusion': 0, 'Pleural Other': None, 'Fracture': None, 'Support Devices': None, 'No Finding': 1}"
IU_782,782,insufficient,insufficient,abstain,True,False,0.0,0.0,0.0,"{'Enlarged Cardiomediastinum': None, 'Cardiomegaly': None, 'Lung Opacity': None, 'Lung Lesion': None, 'Edema': None, 'Consolidation': 0, 'Pneumonia': None, 'Atelectasis': None, 'Pneumothorax': None, 'Pleural Effusion': 1, 'Pleural Other': None, 'Fracture': None, 'Support Devices': None, 'No Finding': None}","{'Enlarged Cardiomediastinum': None, 'Cardiomegaly': None, 'Lung Opacity': None, 'Lung Lesion': None, 'Edema': 0, 'Consolidation': 0, 'Pneumonia': None, 'Atelectasis': None, 'Pneumothorax': 0, 'Pleural Effusion': 0, 'Pleural Other': None, 'Fracture': None, 'Support Devices': None, 'No Finding': 1}","{'Enlarged Cardiomediastinum': None, 'Cardiomegaly': None, 'Lung Opacity': None, 'Lung Lesion': None, 'Edema': None, 'Consolidation': None, 'Pneumonia': None, 'Atelectasis': None, 'Pneumothorax': None, 'Pleural Effusion': None, 'Pleural Other': None, 'Fracture': None, 'Support Devices': None, 'No Finding': None}"
IU_782,782,irrelevant,irrelevant,discount_context,False,True,0.0,0.0,0.0,"{'Enlarged Cardiomediastinum': None, 'Cardiomegaly': None, 'Lung Opacity': None, 'Lung Lesion': None, 'Edema': None, 'Consolidation': 0, 'Pneumonia': None, 'Atelectasis': None, 'Pneumothorax': None, 'Pleural Effusion': 1, 'Pleural Other': None, 'Fracture': None, 'Support Devices': None, 'No Finding': None}","{'Enlarged Cardiomediastinum': None, 'Cardiomegaly': None, 'Lung Opacity': None, 'Lung Lesion': None, 'Edema': None, 'Consolidation': None, 'Pneumonia': None, 'Atelectasis': None, 'Pneumothorax': 1, 'Pleural Effusion': 0, 'Pleural Other': None, 'Fracture': None, 'Support Devices': 1, 'No Finding': None}","{'Enlarged Cardiomediastinum': None, 'Cardiomegaly': None, 'Lung Opacity': None, 'Lung Lesion': None, 'Edema': 0, 'Consolidation': 0, 'Pneumonia': None, 'Atelectasis': None, 'Pneumothorax': 0, 'Pleural Effusion': 0, 'Pleural Other': None, 'Fracture': None, 'Support Devices': None, 'No Finding': 1}"
IU_782,782,sufficient,sufficient,generate,False,True,0.0,0.0,0.0,"{'Enlarged Cardiomediastinum': None, 'Cardiomegaly': None, 'Lung Opacity': None, 'Lung Lesion': None, 'Edema': None, 'Consolidation': 0, 'Pneumonia': None, 'Atelectasis': None, 'Pneumothorax': None, 'Pleural Effusion': 1, 'Pleural Other': None, 'Fracture': None, 'Support Devices': None, 'No Finding': None}","{'Enlarged Cardiomediastinum': None, 'Cardiomegaly': None, 'Lung Opacity': None, 'Lung Lesion': None, 'Edema': None, 'Consolidation': None, 'Pneumonia': None, 'Atelectasis': None, 'Pneumothorax': None, 'Pleural Effusion': None, 'Pleural Other': None, 'Fracture': None, 'Support Devices': None, 'No Finding': 1}","{'Enlarged Cardiomediastinum': None, 'Cardiomegaly': None, 'Lung Opacity': None, 'Lung Lesion': None, 'Edema': None, 'Consolidation': None, 'Pneumonia': None, 'Atelectasis': None, 'Pneumothorax': None, 'Pleural Effusion': None, 'Pleural Other': None, 'Fracture': None, 'Support Devices': None, 'No Finding': 1}"
IU_782,782,syntactic_incomplete,incomplete,qualify,False,True,0.0,0.0,0.0,"{'Enlarged Cardiomediastinum': None, 'Cardiomegaly': None, 'Lung Opacity': None, 'Lung Lesion': None, 'Edema': None, 'Consolidation': 0, 'Pneumonia': None, 'Atelectasis': None, 'Pneumothorax': None, 'Pleural Effusion': 1, 'Pleural Other': None, 'Fracture': None, 'Support Devices': None, 'No Finding': None}","{'Enlarged Cardiomediastinum': None, 'Cardiomegaly': None, 'Lung Opacity': None, 'Lung Lesion': None, 'Edema': 0, 'Consolidation': 0, 'Pneumonia': None, 'Atelectasis': None, 'Pneumothorax': 0, 'Pleural Effusion': 0, 'Pleural Other': None, 'Fracture': None, 'Support Devices': None, 'No Finding': 1}","{'Enlarged Cardiomediastinum': None, 'Cardiomegaly': None, 'Lung Opacity': None, 'Lung Lesion': None, 'Edema': 0, 'Consolidation': 0, 'Pneumonia': None, 'Atelectasis': None, 'Pneumothorax': 0, 'Pleural Effusion': 0, 'Pleural Other': None, 'Fracture': None, 'Support Devices': None, 'No Finding': 1}"
IU_783,783,conflicting,conflicting,qualify_or_abstain,False,True,0.0,0.0,0.0,"{'Enlarged Cardiomediastinum': None, 'Cardiomegaly': None, 'Lung Opacity': None, 'Lung Lesion': 1, 'Edema': None, 'Consolidation': None, 'Pneumonia': None, 'Atelectasis': None, 'Pneumothorax': None, 'Pleural Effusion': None, 'Pleural Other': None, 'Fracture': None, 'Support Devices': None, 'No Finding': None}","{'Enlarged Cardiomediastinum': None, 'Cardiomegaly': None, 'Lung Opacity': None, 'Lung Lesion': None, 'Edema': None, 'Consolidation': 0, 'Pneumonia': 1, 'Atelectasis': None, 'Pneumothorax': 1, 'Pleural Effusion': 0, 'Pleural Other': None, 'Fracture': None, 'Support Devices': None, 'No Finding': 1}","{'Enlarged Cardiomediastinum': None, 'Cardiomegaly': None, 'Lung Opacity': None, 'Lung Lesion': None, 'Edema': None, 'Consolidation': 0, 'Pneumonia': 1, 'Atelectasis': None, 'Pneumothorax': 1, 'Pleural Effusion': 0, 'Pleural Other': None, 'Fracture': None, 'Support Devices': None, 'No Finding': 1}"
IU_783,783,evidentiary_incomplete,sufficient,generate,False,True,0.0,0.0,0.0,"{'Enlarged Cardiomediastinum': None, 'Cardiomegaly': None, 'Lung Opacity': None, 'Lung Lesion': 1, 'Edema': None, 'Consolidation': None, 'Pneumonia': None, 'Atelectasis': None, 'Pneumothorax': None, 'Pleural Effusion': None, 'Pleural Other': None, 'Fracture': None, 'Support Devices': None, 'No Finding': None}","{'Enlarged Cardiomediastinum': None, 'Cardiomegaly': None, 'Lung Opacity': None, 'Lung Lesion': None, 'Edema': None, 'Consolidation': 0, 'Pneumonia': None, 'Atelectasis': None, 'Pneumothorax': 1, 'Pleural Effusion': 0, 'Pleural Other': None, 'Fracture': None, 'Support Devices': None, 'No Finding': 1}","{'Enlarged Cardiomediastinum': None, 'Cardiomegaly': None, 'Lung Opacity': None, 'Lung Lesion': None, 'Edema': None, 'Consolidation': 0, 'Pneumonia': None, 'Atelectasis': None, 'Pneumothorax': 1, 'Pleural Effusion': 0, 'Pleural Other': None, 'Fracture': None, 'Support Devices': None, 'No Finding': 1}"
IU_783,783,insufficient,insufficient,abstain,True,False,0.0,0.0,0.0,"{'Enlarged Cardiomediastinum': None, 'Cardiomegaly': None, 'Lung Opacity': None, 'Lung Lesion': 1, 'Edema': None, 'Consolidation': None, 'Pneumonia': None, 'Atelectasis': None, 'Pneumothorax': None, 'Pleural Effusion': None, 'Pleural Other': None, 'Fracture': None, 'Support Devices': None, 'No Finding': None}","{'Enlarged Cardiomediastinum': None, 'Cardiomegaly': None, 'Lung Opacity': None, 'Lung Lesion': None, 'Edema': 0, 'Consolidation': 0, 'Pneumonia': None, 'Atelectasis': None, 'Pneumothorax': 0, 'Pleural Effusion': 0, 'Pleural Other': None, 'Fracture': None, 'Support Devices': None, 'No Finding': 1}","{'Enlarged Cardiomediastinum': None, 'Cardiomegaly': None, 'Lung Opacity': None, 'Lung Lesion': None, 'Edema': None, 'Consolidation': None, 'Pneumonia': None, 'Atelectasis': None, 'Pneumothorax': None, 'Pleural Effusion': None, 'Pleural Other': None, 'Fracture': None, 'Support Devices': None, 'No Finding': None}"
IU_783,783,irrelevant,irrelevant,discount_context,False,True,0.0,0.0,0.0,"{'Enlarged Cardiomediastinum': None, 'Cardiomegaly': None, 'Lung Opacity': None, 'Lung Lesion': 1, 'Edema': None, 'Consolidation': None, 'Pneumonia': None, 'Atelectasis': None, 'Pneumothorax': None, 'Pleural Effusion': None, 'Pleural Other': None, 'Fracture': None, 'Support Devices': None, 'No Finding': None}","{'Enlarged Cardiomediastinum': None, 'Cardiomegaly': None, 'Lung Opacity': None, 'Lung Lesion': None, 'Edema': None, 'Consolidation': 0, 'Pneumonia': None, 'Atelectasis': None, 'Pneumothorax': 1, 'Pleural Effusion': 0, 'Pleural Other': None, 'Fracture': None, 'Support Devices': None, 'No Finding': None}","{'Enlarged Cardiomediastinum': None, 'Cardiomegaly': None, 'Lung Opacity': None, 'Lung Lesion': None, 'Edema': 0, 'Consolidation': 0, 'Pneumonia': None, 'Atelectasis': None, 'Pneumothorax': 0, 'Pleural Effusion': 0, 'Pleural Other': None, 'Fracture': None, 'Support Devices': None, 'No Finding': 1}"
IU_783,783,sufficient,sufficient,generate,False,True,0.0,0.0,0.0,"{'Enlarged Cardiomediastinum': None, 'Cardiomegaly': None, 'Lung Opacity': None, 'Lung Lesion': 1, 'Edema': None, 'Consolidation': None, 'Pneumonia': None, 'Atelectasis': None, 'Pneumothorax': None, 'Pleural Effusion': None, 'Pleural Other': None, 'Fracture': None, 'Support Devices': None, 'No Finding': None}","{'Enlarged Cardiomediastinum': None, 'Cardiomegaly': None, 'Lung Opacity': None, 'Lung Lesion': None, 'Edema': None, 'Consolidation': None, 'Pneumonia': None, 'Atelectasis': None, 'Pneumothorax': 0, 'Pleural Effusion': 0, 'Pleural Other': None, 'Fracture': None, 'Support Devices': 1, 'No Finding': 1}","{'Enlarged Cardiomediastinum': None, 'Cardiomegaly': None, 'Lung Opacity': None, 'Lung Lesion': None, 'Edema': None, 'Consolidation': None, 'Pneumonia': None, 'Atelectasis': None, 'Pneumothorax': 0, 'Pleural Effusion': 0, 'Pleural Other': None, 'Fracture': None, 'Support Devices': 1, 'No Finding': 1}"
IU_783,783,syntactic_incomplete,incomplete,qualify,False,True,0.0,0.0,0.0,"{'Enlarged Cardiomediastinum': None, 'Cardiomegaly': None, 'Lung Opacity': None, 'Lung Lesion': 1, 'Edema': None, 'Consolidation': None, 'Pneumonia': None, 'Atelectasis': None, 'Pneumothorax': None, 'Pleural Effusion': None, 'Pleural Other': None, 'Fracture': None, 'Support Devices': None, 'No Finding': None}","{'Enlarged Cardiomediastinum': None, 'Cardiomegaly': None, 'Lung Opacity': None, 'Lung Lesion': None, 'Edema': None, 'Consolidation': None, 'Pneumonia': None, 'Atelectasis': None, 'Pneumothorax': 0, 'Pleural Effusion': 0, 'Pleural Other': None, 'Fracture': None, 'Support Devices': None, 'No Finding': 1}","{'Enlarged Cardiomediastinum': None, 'Cardiomegaly': None, 'Lung Opacity': None, 'Lung Lesion': None, 'Edema': 0, 'Consolidation': 0, 'Pneumonia': None, 'Atelectasis': None, 'Pneumothorax': 0, 'Pleural Effusion': 0, 'Pleural Other': None, 'Fracture': None, 'Support Devices': None, 'No Finding': 1}"
IU_784,784,conflicting,conflicting,qualify_or_abstain,False,True,0.0,0.0,0.0,"{'Enlarged Cardiomediastinum': None, 'Cardiomegaly': None, 'Lung Opacity': None, 'Lung Lesion': 1, 'Edema': None, 'Consolidation': None, 'Pneumonia': 0, 'Atelectasis': 1, 'Pneumothorax': None, 'Pleural Effusion': 1, 'Pleural Other': None, 'Fracture': None, 'Support Devices': None, 'No Finding': None}","{'Enlarged Cardiomediastinum': None, 'Cardiomegaly': None, 'Lung Opacity': None, 'Lung Lesion': None, 'Edema': None, 'Consolidation': None, 'Pneumonia': None, 'Atelectasis': None, 'Pneumothorax': 0, 'Pleural Effusion': 0, 'Pleural Other': None, 'Fracture': None, 'Support Devices': None, 'No Finding': 1}","{'Enlarged Cardiomediastinum': None, 'Cardiomegaly': None, 'Lung Opacity': None, 'Lung Lesion': None, 'Edema': None, 'Consolidation': None, 'Pneumonia': None, 'Atelectasis': None, 'Pneumothorax': 0, 'Pleural Effusion': 0, 'Pleural Other': None, 'Fracture': None, 'Support Devices': None, 'No Finding': 1}"
IU_784,784,evidentiary_incomplete,sufficient,generate,False,True,0.0,0.0,0.0,"{'Enlarged Cardiomediastinum': None, 'Cardiomegaly': None, 'Lung Opacity': None, 'Lung Lesion': 1, 'Edema': None, 'Consolidation': None, 'Pneumonia': 0, 'Atelectasis': 1, 'Pneumothorax': None, 'Pleural Effusion': 1, 'Pleural Other': None, 'Fracture': None, 'Support Devices': None, 'No Finding': None}","{'Enlarged Cardiomediastinum': None, 'Cardiomegaly': None, 'Lung Opacity': None, 'Lung Lesion': None, 'Edema': None, 'Consolidation': None, 'Pneumonia': None, 'Atelectasis': None, 'Pneumothorax': 0, 'Pleural Effusion': 0, 'Pleural Other': None, 'Fracture': None, 'Support Devices': None, 'No Finding': 1}","{'Enlarged Cardiomediastinum': None, 'Cardiomegaly': None, 'Lung Opacity': None, 'Lung Lesion': None, 'Edema': None, 'Consolidation': None, 'Pneumonia': None, 'Atelectasis': None, 'Pneumothorax': 0, 'Pleural Effusion': 0, 'Pleural Other': None, 'Fracture': None, 'Support Devices': None, 'No Finding': 1}"
IU_784,784,insufficient,insufficient,abstain,True,False,0.0,0.0,0.0,"{'Enlarged Cardiomediastinum': None, 'Cardiomegaly': None, 'Lung Opacity': None, 'Lung Lesion': 1, 'Edema': None, 'Consolidation': None, 'Pneumonia': 0, 'Atelectasis': 1, 'Pneumothorax': None, 'Pleural Effusion': 1, 'Pleural Other': None, 'Fracture': None, 'Support Devices': None, 'No Finding': None}","{'Enlarged Cardiomediastinum': None, 'Cardiomegaly': None, 'Lung Opacity': None, 'Lung Lesion': None, 'Edema': 0, 'Consolidation': 0, 'Pneumonia': None, 'Atelectasis': None, 'Pneumothorax': 0, 'Pleural Effusion': 0, 'Pleural Other': None, 'Fracture': None, 'Support Devices': None, 'No Finding': 1}","{'Enlarged Cardiomediastinum': None, 'Cardiomegaly': None, 'Lung Opacity': None, 'Lung Lesion': None, 'Edema': None, 'Consolidation': None, 'Pneumonia': None, 'Atelectasis': None, 'Pneumothorax': None, 'Pleural Effusion': None, 'Pleural Other': None, 'Fracture': None, 'Support Devices': None, 'No Finding': None}"
IU_784,784,irrelevant,irrelevant,discount_context,False,True,0.0,0.0,0.0,"{'Enlarged Cardiomediastinum': None, 'Cardiomegaly': None, 'Lung Opacity': None, 'Lung Lesion': 1, 'Edema': None, 'Consolidation': None, 'Pneumonia': 0, 'Atelectasis': 1, 'Pneumothorax': None, 'Pleural Effusion': 1, 'Pleural Other': None, 'Fracture': None, 'Support Devices': None, 'No Finding': None}","{'Enlarged Cardiomediastinum': None, 'Cardiomegaly': None, 'Lung Opacity': None, 'Lung Lesion': None, 'Edema': None, 'Consolidation': 0, 'Pneumonia': None, 'Atelectasis': None, 'Pneumothorax': 1, 'Pleural Effusion': 0, 'Pleural Other': None, 'Fracture': None, 'Support Devices': 1, 'No Finding': 1}","{'Enlarged Cardiomediastinum': None, 'Cardiomegaly': None, 'Lung Opacity': None, 'Lung Lesion': None, 'Edema': 0, 'Consolidation': 0, 'Pneumonia': None, 'Atelectasis': None, 'Pneumothorax': 0, 'Pleural Effusion': 0, 'Pleural Other': None, 'Fracture': None, 'Support Devices': None, 'No Finding': 1}"
IU_784,784,sufficient,sufficient,generate,False,True,0.0,0.0,0.0,"{'Enlarged Cardiomediastinum': None, 'Cardiomegaly': None, 'Lung Opacity': None, 'Lung Lesion': 1, 'Edema': None, 'Consolidation': None, 'Pneumonia': 0, 'Atelectasis': 1, 'Pneumothorax': None, 'Pleural Effusion': 1, 'Pleural Other': None, 'Fracture': None, 'Support Devices': None, 'No Finding': None}","{'Enlarged Cardiomediastinum': None, 'Cardiomegaly': None, 'Lung Opacity': None, 'Lung Lesion': None, 'Edema': None, 'Consolidation': None, 'Pneumonia': 1, 'Atelectasis': None, 'Pneumothorax': 0, 'Pleural Effusion': 0, 'Pleural Other': None, 'Fracture': None, 'Support Devices': None, 'No Finding': 1}","{'Enlarged Cardiomediastinum': None, 'Cardiomegaly': None, 'Lung Opacity': None, 'Lung Lesion': None, 'Edema': None, 'Consolidation': None, 'Pneumonia': 1, 'Atelectasis': None, 'Pneumothorax': 0, 'Pleural Effusion': 0, 'Pleural Other': None, 'Fracture': None, 'Support Devices': None, 'No Finding': 1}"
IU_784,784,syntactic_incomplete,incomplete,qualify,False,True,0.0,0.0,0.0,"{'Enlarged Cardiomediastinum': None, 'Cardiomegaly': None, 'Lung Opacity': None, 'Lung Lesion': 1, 'Edema': None, 'Consolidation': None, 'Pneumonia': 0, 'Atelectasis': 1, 'Pneumothorax': None, 'Pleural Effusion': 1, 'Pleural Other': None, 'Fracture': None, 'Support Devices': None, 'No Finding': None}","{'Enlarged Cardiomediastinum': None, 'Cardiomegaly': None, 'Lung Opacity': None, 'Lung Lesion': None, 'Edema': None, 'Consolidation': None, 'Pneumonia': None, 'Atelectasis': None, 'Pneumothorax': 0, 'Pleural Effusion': 0, 'Pleural Other': None, 'Fracture': None, 'Support Devices': None, 'No Finding': None}","{'Enlarged Cardiomediastinum': None, 'Cardiomegaly': None, 'Lung Opacity': None, 'Lung Lesion': None, 'Edema': 0, 'Consolidation': 0, 'Pneumonia': None, 'Atelectasis': None, 'Pneumothorax': 0, 'Pleural Effusion': 0, 'Pleural Other': None, 'Fracture': None, 'Support Devices': None, 'No Finding': 1}"
IU_793,793,conflicting,conflicting,qualify_or_abstain,False,True,0.6667,0.6667,0.0,"{'Enlarged Cardiomediastinum': None, 'Cardiomegaly': None, 'Lung Opacity': 1, 'Lung Lesion': None, 'Edema': None, 'Consolidation': 0, 'Pneumonia': None, 'Atelectasis': None, 'Pneumothorax': 1, 'Pleural Effusion': 0, 'Pleural Other': None, 'Fracture': None, 'Support Devices': None, 'No Finding': None}","{'Enlarged Cardiomediastinum': None, 'Cardiomegaly': None, 'Lung Opacity': None, 'Lung Lesion': None, 'Edema': None, 'Consolidation': 0, 'Pneumonia': None, 'Atelectasis': None, 'Pneumothorax': 1, 'Pleural Effusion': 0, 'Pleural Other': None, 'Fracture': None, 'Support Devices': None, 'No Finding': None}","{'Enlarged Cardiomediastinum': None, 'Cardiomegaly': None, 'Lung Opacity': None, 'Lung Lesion': None, 'Edema': None, 'Consolidation': 0, 'Pneumonia': None, 'Atelectasis': None, 'Pneumothorax': 1, 'Pleural Effusion': 0, 'Pleural Other': None, 'Fracture': None, 'Support Devices': None, 'No Finding': None}"
IU_793,793,evidentiary_incomplete,sufficient,generate,False,True,0.5,0.5,0.0,"{'Enlarged Cardiomediastinum': None, 'Cardiomegaly': None, 'Lung Opacity': 1, 'Lung Lesion': None, 'Edema': None, 'Consolidation': 0, 'Pneumonia': None, 'Atelectasis': None, 'Pneumothorax': 1, 'Pleural Effusion': 0, 'Pleural Other': None, 'Fracture': None, 'Support Devices': None, 'No Finding': None}","{'Enlarged Cardiomediastinum': None, 'Cardiomegaly': None, 'Lung Opacity': None, 'Lung Lesion': None, 'Edema': None, 'Consolidation': 0, 'Pneumonia': None, 'Atelectasis': None, 'Pneumothorax': 1, 'Pleural Effusion': 0, 'Pleural Other': None, 'Fracture': None, 'Support Devices': None, 'No Finding': 1}","{'Enlarged Cardiomediastinum': None, 'Cardiomegaly': None, 'Lung Opacity': None, 'Lung Lesion': None, 'Edema': None, 'Consolidation': 0, 'Pneumonia': None, 'Atelectasis': None, 'Pneumothorax': 1, 'Pleural Effusion': 0, 'Pleural Other': None, 'Fracture': None, 'Support Devices': None, 'No Finding': 1}"
IU_793,793,insufficient,insufficient,abstain,True,False,0.0,0.0,0.0,"{'Enlarged Cardiomediastinum': None, 'Cardiomegaly': None, 'Lung Opacity': 1, 'Lung Lesion': None, 'Edema': None, 'Consolidation': 0, 'Pneumonia': None, 'Atelectasis': None, 'Pneumothorax': 1, 'Pleural Effusion': 0, 'Pleural Other': None, 'Fracture': None, 'Support Devices': None, 'No Finding': None}","{'Enlarged Cardiomediastinum': None, 'Cardiomegaly': None, 'Lung Opacity': None, 'Lung Lesion': None, 'Edema': 0, 'Consolidation': 0, 'Pneumonia': None, 'Atelectasis': None, 'Pneumothorax': 0, 'Pleural Effusion': 0, 'Pleural Other': None, 'Fracture': None, 'Support Devices': None, 'No Finding': 1}","{'Enlarged Cardiomediastinum': None, 'Cardiomegaly': None, 'Lung Opacity': None, 'Lung Lesion': None, 'Edema': None, 'Consolidation': None, 'Pneumonia': None, 'Atelectasis': None, 'Pneumothorax': None, 'Pleural Effusion': None, 'Pleural Other': None, 'Fracture': None, 'Support Devices': None, 'No Finding': None}"
IU_793,793,irrelevant,irrelevant,discount_context,False,True,0.0,0.0,0.0,"{'Enlarged Cardiomediastinum': None, 'Cardiomegaly': None, 'Lung Opacity': 1, 'Lung Lesion': None, 'Edema': None, 'Consolidation': 0, 'Pneumonia': None, 'Atelectasis': None, 'Pneumothorax': 1, 'Pleural Effusion': 0, 'Pleural Other': None, 'Fracture': None, 'Support Devices': None, 'No Finding': None}","{'Enlarged Cardiomediastinum': None, 'Cardiomegaly': None, 'Lung Opacity': None, 'Lung Lesion': None, 'Edema': None, 'Consolidation': None, 'Pneumonia': None, 'Atelectasis': None, 'Pneumothorax': 0, 'Pleural Effusion': 0, 'Pleural Other': None, 'Fracture': None, 'Support Devices': None, 'No Finding': None}","{'Enlarged Cardiomediastinum': None, 'Cardiomegaly': None, 'Lung Opacity': None, 'Lung Lesion': None, 'Edema': 0, 'Consolidation': 0, 'Pneumonia': None, 'Atelectasis': None, 'Pneumothorax': 0, 'Pleural Effusion': 0, 'Pleural Other': None, 'Fracture': None, 'Support Devices': None, 'No Finding': 1}"
IU_793,793,sufficient,sufficient,generate,False,True,0.5,0.5,0.0,"{'Enlarged Cardiomediastinum': None, 'Cardiomegaly': None, 'Lung Opacity': 1, 'Lung Lesion': None, 'Edema': None, 'Consolidation': 0, 'Pneumonia': None, 'Atelectasis': None, 'Pneumothorax': 1, 'Pleural Effusion': 0, 'Pleural Other': None, 'Fracture': None, 'Support Devices': None, 'No Finding': None}","{'Enlarged Cardiomediastinum': None, 'Cardiomegaly': None, 'Lung Opacity': None, 'Lung Lesion': None, 'Edema': None, 'Consolidation': 0, 'Pneumonia': None, 'Atelectasis': None, 'Pneumothorax': 1, 'Pleural Effusion': 0, 'Pleural Other': None, 'Fracture': None, 'Support Devices': None, 'No Finding': 1}","{'Enlarged Cardiomediastinum': None, 'Cardiomegaly': None, 'Lung Opacity': None, 'Lung Lesion': None, 'Edema': None, 'Consolidation': 0, 'Pneumonia': None, 'Atelectasis': None, 'Pneumothorax': 1, 'Pleural Effusion': 0, 'Pleural Other': None, 'Fracture': None, 'Support Devices': None, 'No Finding': 1}"
IU_793,793,syntactic_incomplete,incomplete,qualify,False,True,0.5,0.0,-0.5,"{'Enlarged Cardiomediastinum': None, 'Cardiomegaly': None, 'Lung Opacity': 1, 'Lung Lesion': None, 'Edema': None, 'Consolidation': 0, 'Pneumonia': None, 'Atelectasis': None, 'Pneumothorax': 1, 'Pleural Effusion': 0, 'Pleural Other': None, 'Fracture': None, 'Support Devices': None, 'No Finding': None}","{'Enlarged Cardiomediastinum': None, 'Cardiomegaly': None, 'Lung Opacity': None, 'Lung Lesion': None, 'Edema': None, 'Consolidation': 0, 'Pneumonia': None, 'Atelectasis': None, 'Pneumothorax': 1, 'Pleural Effusion': 0, 'Pleural Other': None, 'Fracture': None, 'Support Devices': None, 'No Finding': 1}","{'Enlarged Cardiomediastinum': None, 'Cardiomegaly': None, 'Lung Opacity': None, 'Lung Lesion': None, 'Edema': 0, 'Consolidation': 0, 'Pneumonia': None, 'Atelectasis': None, 'Pneumothorax': 0, 'Pleural Effusion': 0, 'Pleural Other': None, 'Fracture': None, 'Support Devices': None, 'No Finding': 1}"
IU_806,806,conflicting,conflicting,qualify_or_abstain,False,True,0.0,0.0,0.0,"{'Enlarged Cardiomediastinum': None, 'Cardiomegaly': -1, 'Lung Opacity': 1, 'Lung Lesion': None, 'Edema': None, 'Consolidation': None, 'Pneumonia': None, 'Atelectasis': None, 'Pneumothorax': 1, 'Pleural Effusion': 1, 'Pleural Other': None, 'Fracture': None, 'Support Devices': 1, 'No Finding': None}","{'Enlarged Cardiomediastinum': None, 'Cardiomegaly': None, 'Lung Opacity': None, 'Lung Lesion': None, 'Edema': None, 'Consolidation': None, 'Pneumonia': None, 'Atelectasis': None, 'Pneumothorax': 0, 'Pleural Effusion': 0, 'Pleural Other': None, 'Fracture': None, 'Support Devices': None, 'No Finding': None}","{'Enlarged Cardiomediastinum': None, 'Cardiomegaly': None, 'Lung Opacity': None, 'Lung Lesion': None, 'Edema': None, 'Consolidation': None, 'Pneumonia': None, 'Atelectasis': None, 'Pneumothorax': 0, 'Pleural Effusion': 0, 'Pleural Other': None, 'Fracture': None, 'Support Devices': None, 'No Finding': None}"
IU_806,806,evidentiary_incomplete,sufficient,generate,False,True,0.0,0.0,0.0,"{'Enlarged Cardiomediastinum': None, 'Cardiomegaly': -1, 'Lung Opacity': 1, 'Lung Lesion': None, 'Edema': None, 'Consolidation': None, 'Pneumonia': None, 'Atelectasis': None, 'Pneumothorax': 1, 'Pleural Effusion': 1, 'Pleural Other': None, 'Fracture': None, 'Support Devices': 1, 'No Finding': None}","{'Enlarged Cardiomediastinum': None, 'Cardiomegaly': None, 'Lung Opacity': None, 'Lung Lesion': None, 'Edema': None, 'Consolidation': None, 'Pneumonia': None, 'Atelectasis': None, 'Pneumothorax': 0, 'Pleural Effusion': 0, 'Pleural Other': None, 'Fracture': None, 'Support Devices': None, 'No Finding': 1}","{'Enlarged Cardiomediastinum': None, 'Cardiomegaly': None, 'Lung Opacity': None, 'Lung Lesion': None, 'Edema': None, 'Consolidation': None, 'Pneumonia': None, 'Atelectasis': None, 'Pneumothorax': 0, 'Pleural Effusion': 0, 'Pleural Other': None, 'Fracture': None, 'Support Devices': None, 'No Finding': 1}"
IU_806,806,insufficient,insufficient,abstain,True,False,0.0,0.0,0.0,"{'Enlarged Cardiomediastinum': None, 'Cardiomegaly': -1, 'Lung Opacity': 1, 'Lung Lesion': None, 'Edema': None, 'Consolidation': None, 'Pneumonia': None, 'Atelectasis': None, 'Pneumothorax': 1, 'Pleural Effusion': 1, 'Pleural Other': None, 'Fracture': None, 'Support Devices': 1, 'No Finding': None}","{'Enlarged Cardiomediastinum': None, 'Cardiomegaly': None, 'Lung Opacity': None, 'Lung Lesion': None, 'Edema': 0, 'Consolidation': 0, 'Pneumonia': None, 'Atelectasis': None, 'Pneumothorax': 0, 'Pleural Effusion': 0, 'Pleural Other': None, 'Fracture': None, 'Support Devices': None, 'No Finding': 1}","{'Enlarged Cardiomediastinum': None, 'Cardiomegaly': None, 'Lung Opacity': None, 'Lung Lesion': None, 'Edema': None, 'Consolidation': None, 'Pneumonia': None, 'Atelectasis': None, 'Pneumothorax': None, 'Pleural Effusion': None, 'Pleural Other': None, 'Fracture': None, 'Support Devices': None, 'No Finding': None}"
IU_806,806,irrelevant,irrelevant,discount_context,False,True,0.4,0.0,-0.4,"{'Enlarged Cardiomediastinum': None, 'Cardiomegaly': -1, 'Lung Opacity': 1, 'Lung Lesion': None, 'Edema': None, 'Consolidation': None, 'Pneumonia': None, 'Atelectasis': None, 'Pneumothorax': 1, 'Pleural Effusion': 1, 'Pleural Other': None, 'Fracture': None, 'Support Devices': 1, 'No Finding': None}","{'Enlarged Cardiomediastinum': None, 'Cardiomegaly': None, 'Lung Opacity': 1, 'Lung Lesion': None, 'Edema': None, 'Consolidation': None, 'Pneumonia': None, 'Atelectasis': None, 'Pneumothorax': 0, 'Pleural Effusion': 0, 'Pleural Other': None, 'Fracture': None, 'Support Devices': None, 'No Finding': None}","{'Enlarged Cardiomediastinum': None, 'Cardiomegaly': None, 'Lung Opacity': None, 'Lung Lesion': None, 'Edema': 0, 'Consolidation': 0, 'Pneumonia': None, 'Atelectasis': None, 'Pneumothorax': 0, 'Pleural Effusion': 0, 'Pleural Other': None, 'Fracture': None, 'Support Devices': None, 'No Finding': 1}"
IU_806,806,sufficient,sufficient,generate,False,True,0.0,0.0,0.0,"{'Enlarged Cardiomediastinum': None, 'Cardiomegaly': -1, 'Lung Opacity': 1, 'Lung Lesion': None, 'Edema': None, 'Consolidation': None, 'Pneumonia': None, 'Atelectasis': None, 'Pneumothorax': 1, 'Pleural Effusion': 1, 'Pleural Other': None, 'Fracture': None, 'Support Devices': 1, 'No Finding': None}","{'Enlarged Cardiomediastinum': None, 'Cardiomegaly': None, 'Lung Opacity': None, 'Lung Lesion': None, 'Edema': None, 'Consolidation': None, 'Pneumonia': None, 'Atelectasis': None, 'Pneumothorax': 0, 'Pleural Effusion': 0, 'Pleural Other': None, 'Fracture': None, 'Support Devices': None, 'No Finding': 1}","{'Enlarged Cardiomediastinum': None, 'Cardiomegaly': None, 'Lung Opacity': None, 'Lung Lesion': None, 'Edema': None, 'Consolidation': None, 'Pneumonia': None, 'Atelectasis': None, 'Pneumothorax': 0, 'Pleural Effusion': 0, 'Pleural Other': None, 'Fracture': None, 'Support Devices': None, 'No Finding': 1}"
IU_806,806,syntactic_incomplete,incomplete,qualify,False,True,0.0,0.0,0.0,"{'Enlarged Cardiomediastinum': None, 'Cardiomegaly': -1, 'Lung Opacity': 1, 'Lung Lesion': None, 'Edema': None, 'Consolidation': None, 'Pneumonia': None, 'Atelectasis': None, 'Pneumothorax': 1, 'Pleural Effusion': 1, 'Pleural Other': None, 'Fracture': None, 'Support Devices': 1, 'No Finding': None}","{'Enlarged Cardiomediastinum': None, 'Cardiomegaly': None, 'Lung Opacity': None, 'Lung Lesion': None, 'Edema': None, 'Consolidation': None, 'Pneumonia': None, 'Atelectasis': None, 'Pneumothorax': 0, 'Pleural Effusion': 0, 'Pleural Other': None, 'Fracture': None, 'Support Devices': None, 'No Finding': 1}","{'Enlarged Cardiomediastinum': None, 'Cardiomegaly': None, 'Lung Opacity': None, 'Lung Lesion': None, 'Edema': 0, 'Consolidation': 0, 'Pneumonia': None, 'Atelectasis': None, 'Pneumothorax': 0, 'Pleural Effusion': 0, 'Pleural Other': None, 'Fracture': None, 'Support Devices': None, 'No Finding': 1}"
IU_814,814,conflicting,conflicting,qualify_or_abstain,False,True,0.0,0.0,0.0,"{'Enlarged Cardiomediastinum': None, 'Cardiomegaly': None, 'Lung Opacity': None, 'Lung Lesion': 1, 'Edema': None, 'Consolidation': None, 'Pneumonia': None, 'Atelectasis': None, 'Pneumothorax': 0, 'Pleural Effusion': 0, 'Pleural Other': None, 'Fracture': None, 'Support Devices': None, 'No Finding': None}","{'Enlarged Cardiomediastinum': None, 'Cardiomegaly': None, 'Lung Opacity': None, 'Lung Lesion': None, 'Edema': None, 'Consolidation': 0, 'Pneumonia': None, 'Atelectasis': None, 'Pneumothorax': 1, 'Pleural Effusion': 0, 'Pleural Other': None, 'Fracture': None, 'Support Devices': None, 'No Finding': None}","{'Enlarged Cardiomediastinum': None, 'Cardiomegaly': None, 'Lung Opacity': None, 'Lung Lesion': None, 'Edema': None, 'Consolidation': 0, 'Pneumonia': None, 'Atelectasis': None, 'Pneumothorax': 1, 'Pleural Effusion': 0, 'Pleural Other': None, 'Fracture': None, 'Support Devices': None, 'No Finding': None}"
IU_814,814,evidentiary_incomplete,sufficient,generate,False,True,0.0,0.0,0.0,"{'Enlarged Cardiomediastinum': None, 'Cardiomegaly': None, 'Lung Opacity': None, 'Lung Lesion': 1, 'Edema': None, 'Consolidation': None, 'Pneumonia': None, 'Atelectasis': None, 'Pneumothorax': 0, 'Pleural Effusion': 0, 'Pleural Other': None, 'Fracture': None, 'Support Devices': None, 'No Finding': None}","{'Enlarged Cardiomediastinum': None, 'Cardiomegaly': None, 'Lung Opacity': None, 'Lung Lesion': None, 'Edema': None, 'Consolidation': None, 'Pneumonia': None, 'Atelectasis': None, 'Pneumothorax': 0, 'Pleural Effusion': 0, 'Pleural Other': None, 'Fracture': None, 'Support Devices': None, 'No Finding': 1}","{'Enlarged Cardiomediastinum': None, 'Cardiomegaly': None, 'Lung Opacity': None, 'Lung Lesion': None, 'Edema': None, 'Consolidation': None, 'Pneumonia': None, 'Atelectasis': None, 'Pneumothorax': 0, 'Pleural Effusion': 0, 'Pleural Other': None, 'Fracture': None, 'Support Devices': None, 'No Finding': 1}"
IU_814,814,insufficient,insufficient,abstain,True,False,0.0,0.0,0.0,"{'Enlarged Cardiomediastinum': None, 'Cardiomegaly': None, 'Lung Opacity': None, 'Lung Lesion': 1, 'Edema': None, 'Consolidation': None, 'Pneumonia': None, 'Atelectasis': None, 'Pneumothorax': 0, 'Pleural Effusion': 0, 'Pleural Other': None, 'Fracture': None, 'Support Devices': None, 'No Finding': None}","{'Enlarged Cardiomediastinum': None, 'Cardiomegaly': None, 'Lung Opacity': None, 'Lung Lesion': None, 'Edema': 0, 'Consolidation': 0, 'Pneumonia': None, 'Atelectasis': None, 'Pneumothorax': 0, 'Pleural Effusion': 0, 'Pleural Other': None, 'Fracture': None, 'Support Devices': None, 'No Finding': 1}","{'Enlarged Cardiomediastinum': None, 'Cardiomegaly': None, 'Lung Opacity': None, 'Lung Lesion': None, 'Edema': None, 'Consolidation': None, 'Pneumonia': None, 'Atelectasis': None, 'Pneumothorax': None, 'Pleural Effusion': None, 'Pleural Other': None, 'Fracture': None, 'Support Devices': None, 'No Finding': None}"
IU_814,814,irrelevant,irrelevant,discount_context,False,True,0.0,0.0,0.0,"{'Enlarged Cardiomediastinum': None, 'Cardiomegaly': None, 'Lung Opacity': None, 'Lung Lesion': 1, 'Edema': None, 'Consolidation': None, 'Pneumonia': None, 'Atelectasis': None, 'Pneumothorax': 0, 'Pleural Effusion': 0, 'Pleural Other': None, 'Fracture': None, 'Support Devices': None, 'No Finding': None}","{'Enlarged Cardiomediastinum': None, 'Cardiomegaly': None, 'Lung Opacity': None, 'Lung Lesion': None, 'Edema': None, 'Consolidation': 0, 'Pneumonia': None, 'Atelectasis': None, 'Pneumothorax': 1, 'Pleural Effusion': 0, 'Pleural Other': None, 'Fracture': None, 'Support Devices': None, 'No Finding': 1}","{'Enlarged Cardiomediastinum': None, 'Cardiomegaly': None, 'Lung Opacity': None, 'Lung Lesion': None, 'Edema': 0, 'Consolidation': 0, 'Pneumonia': None, 'Atelectasis': None, 'Pneumothorax': 0, 'Pleural Effusion': 0, 'Pleural Other': None, 'Fracture': None, 'Support Devices': None, 'No Finding': 1}"
IU_814,814,sufficient,sufficient,generate,False,True,0.0,0.0,0.0,"{'Enlarged Cardiomediastinum': None, 'Cardiomegaly': None, 'Lung Opacity': None, 'Lung Lesion': 1, 'Edema': None, 'Consolidation': None, 'Pneumonia': None, 'Atelectasis': None, 'Pneumothorax': 0, 'Pleural Effusion': 0, 'Pleural Other': None, 'Fracture': None, 'Support Devices': None, 'No Finding': None}","{'Enlarged Cardiomediastinum': None, 'Cardiomegaly': None, 'Lung Opacity': None, 'Lung Lesion': None, 'Edema': None, 'Consolidation': 0, 'Pneumonia': None, 'Atelectasis': None, 'Pneumothorax': 1, 'Pleural Effusion': 0, 'Pleural Other': None, 'Fracture': None, 'Support Devices': None, 'No Finding': 1}","{'Enlarged Cardiomediastinum': None, 'Cardiomegaly': None, 'Lung Opacity': None, 'Lung Lesion': None, 'Edema': None, 'Consolidation': 0, 'Pneumonia': None, 'Atelectasis': None, 'Pneumothorax': 1, 'Pleural Effusion': 0, 'Pleural Other': None, 'Fracture': None, 'Support Devices': None, 'No Finding': 1}"
IU_814,814,syntactic_incomplete,incomplete,qualify,False,True,0.0,0.0,0.0,"{'Enlarged Cardiomediastinum': None, 'Cardiomegaly': None, 'Lung Opacity': None, 'Lung Lesion': 1, 'Edema': None, 'Consolidation': None, 'Pneumonia': None, 'Atelectasis': None, 'Pneumothorax': 0, 'Pleural Effusion': 0, 'Pleural Other': None, 'Fracture': None, 'Support Devices': None, 'No Finding': None}","{'Enlarged Cardiomediastinum': None, 'Cardiomegaly': None, 'Lung Opacity': None, 'Lung Lesion': None, 'Edema': 0, 'Consolidation': 0, 'Pneumonia': None, 'Atelectasis': None, 'Pneumothorax': 0, 'Pleural Effusion': 0, 'Pleural Other': None, 'Fracture': None, 'Support Devices': None, 'No Finding': 1}","{'Enlarged Cardiomediastinum': None, 'Cardiomegaly': None, 'Lung Opacity': None, 'Lung Lesion': None, 'Edema': 0, 'Consolidation': 0, 'Pneumonia': None, 'Atelectasis': None, 'Pneumothorax': 0, 'Pleural Effusion': 0, 'Pleural Other': None, 'Fracture': None, 'Support Devices': None, 'No Finding': 1}"
IU_827,827,conflicting,conflicting,qualify_or_abstain,False,True,0.0,0.0,0.0,"{'Enlarged Cardiomediastinum': None, 'Cardiomegaly': None, 'Lung Opacity': None, 'Lung Lesion': None, 'Edema': None, 'Consolidation': None, 'Pneumonia': None, 'Atelectasis': None, 'Pneumothorax': None, 'Pleural Effusion': None, 'Pleural Other': None, 'Fracture': None, 'Support Devices': None, 'No Finding': None}","{'Enlarged Cardiomediastinum': None, 'Cardiomegaly': 1, 'Lung Opacity': None, 'Lung Lesion': None, 'Edema': None, 'Consolidation': None, 'Pneumonia': None, 'Atelectasis': None, 'Pneumothorax': 0, 'Pleural Effusion': 0, 'Pleural Other': None, 'Fracture': None, 'Support Devices': None, 'No Finding': 1}","{'Enlarged Cardiomediastinum': None, 'Cardiomegaly': 1, 'Lung Opacity': None, 'Lung Lesion': None, 'Edema': None, 'Consolidation': None, 'Pneumonia': None, 'Atelectasis': None, 'Pneumothorax': 0, 'Pleural Effusion': 0, 'Pleural Other': None, 'Fracture': None, 'Support Devices': None, 'No Finding': 1}"
IU_827,827,evidentiary_incomplete,sufficient,generate,False,True,1.0,1.0,0.0,"{'Enlarged Cardiomediastinum': None, 'Cardiomegaly': None, 'Lung Opacity': None, 'Lung Lesion': None, 'Edema': None, 'Consolidation': None, 'Pneumonia': None, 'Atelectasis': None, 'Pneumothorax': None, 'Pleural Effusion': None, 'Pleural Other': None, 'Fracture': None, 'Support Devices': None, 'No Finding': None}","{'Enlarged Cardiomediastinum': None, 'Cardiomegaly': None, 'Lung Opacity': None, 'Lung Lesion': None, 'Edema': None, 'Consolidation': None, 'Pneumonia': None, 'Atelectasis': None, 'Pneumothorax': 0, 'Pleural Effusion': 0, 'Pleural Other': None, 'Fracture': None, 'Support Devices': None, 'No Finding': None}","{'Enlarged Cardiomediastinum': None, 'Cardiomegaly': None, 'Lung Opacity': None, 'Lung Lesion': None, 'Edema': None, 'Consolidation': None, 'Pneumonia': None, 'Atelectasis': None, 'Pneumothorax': 0, 'Pleural Effusion': 0, 'Pleural Other': None, 'Fracture': None, 'Support Devices': None, 'No Finding': None}"
IU_827,827,insufficient,insufficient,abstain,True,False,0.0,1.0,1.0,"{'Enlarged Cardiomediastinum': None, 'Cardiomegaly': None, 'Lung Opacity': None, 'Lung Lesion': None, 'Edema': None, 'Consolidation': None, 'Pneumonia': None, 'Atelectasis': None, 'Pneumothorax': None, 'Pleural Effusion': None, 'Pleural Other': None, 'Fracture': None, 'Support Devices': None, 'No Finding': None}","{'Enlarged Cardiomediastinum': None, 'Cardiomegaly': None, 'Lung Opacity': None, 'Lung Lesion': None, 'Edema': 0, 'Consolidation': 0, 'Pneumonia': None, 'Atelectasis': None, 'Pneumothorax': 0, 'Pleural Effusion': 0, 'Pleural Other': None, 'Fracture': None, 'Support Devices': None, 'No Finding': 1}","{'Enlarged Cardiomediastinum': None, 'Cardiomegaly': None, 'Lung Opacity': None, 'Lung Lesion': None, 'Edema': None, 'Consolidation': None, 'Pneumonia': None, 'Atelectasis': None, 'Pneumothorax': None, 'Pleural Effusion': None, 'Pleural Other': None, 'Fracture': None, 'Support Devices': None, 'No Finding': None}"
IU_827,827,irrelevant,irrelevant,discount_context,False,True,0.0,0.0,0.0,"{'Enlarged Cardiomediastinum': None, 'Cardiomegaly': None, 'Lung Opacity': None, 'Lung Lesion': None, 'Edema': None, 'Consolidation': None, 'Pneumonia': None, 'Atelectasis': None, 'Pneumothorax': None, 'Pleural Effusion': None, 'Pleural Other': None, 'Fracture': None, 'Support Devices': None, 'No Finding': None}","{'Enlarged Cardiomediastinum': None, 'Cardiomegaly': None, 'Lung Opacity': 1, 'Lung Lesion': None, 'Edema': None, 'Consolidation': None, 'Pneumonia': None, 'Atelectasis': 1, 'Pneumothorax': None, 'Pleural Effusion': None, 'Pleural Other': None, 'Fracture': None, 'Support Devices': None, 'No Finding': 1}","{'Enlarged Cardiomediastinum': None, 'Cardiomegaly': None, 'Lung Opacity': None, 'Lung Lesion': None, 'Edema': 0, 'Consolidation': 0, 'Pneumonia': None, 'Atelectasis': None, 'Pneumothorax': 0, 'Pleural Effusion': 0, 'Pleural Other': None, 'Fracture': None, 'Support Devices': None, 'No Finding': 1}"
IU_827,827,sufficient,sufficient,generate,False,True,0.0,0.0,0.0,"{'Enlarged Cardiomediastinum': None, 'Cardiomegaly': None, 'Lung Opacity': None, 'Lung Lesion': None, 'Edema': None, 'Consolidation': None, 'Pneumonia': None, 'Atelectasis': None, 'Pneumothorax': None, 'Pleural Effusion': None, 'Pleural Other': None, 'Fracture': None, 'Support Devices': None, 'No Finding': None}","{'Enlarged Cardiomediastinum': None, 'Cardiomegaly': None, 'Lung Opacity': None, 'Lung Lesion': None, 'Edema': None, 'Consolidation': 0, 'Pneumonia': None, 'Atelectasis': None, 'Pneumothorax': 1, 'Pleural Effusion': 0, 'Pleural Other': None, 'Fracture': None, 'Support Devices': None, 'No Finding': 1}","{'Enlarged Cardiomediastinum': None, 'Cardiomegaly': None, 'Lung Opacity': None, 'Lung Lesion': None, 'Edema': None, 'Consolidation': 0, 'Pneumonia': None, 'Atelectasis': None, 'Pneumothorax': 1, 'Pleural Effusion': 0, 'Pleural Other': None, 'Fracture': None, 'Support Devices': None, 'No Finding': 1}"
IU_827,827,syntactic_incomplete,incomplete,qualify,False,True,0.0,0.0,0.0,"{'Enlarged Cardiomediastinum': None, 'Cardiomegaly': None, 'Lung Opacity': None, 'Lung Lesion': None, 'Edema': None, 'Consolidation': None, 'Pneumonia': None, 'Atelectasis': None, 'Pneumothorax': None, 'Pleural Effusion': None, 'Pleural Other': None, 'Fracture': None, 'Support Devices': None, 'No Finding': None}","{'Enlarged Cardiomediastinum': None, 'Cardiomegaly': None, 'Lung Opacity': None, 'Lung Lesion': None, 'Edema': None, 'Consolidation': 0, 'Pneumonia': None, 'Atelectasis': None, 'Pneumothorax': 1, 'Pleural Effusion': 0, 'Pleural Other': None, 'Fracture': None, 'Support Devices': None, 'No Finding': 1}","{'Enlarged Cardiomediastinum': None, 'Cardiomegaly': None, 'Lung Opacity': None, 'Lung Lesion': None, 'Edema': 0, 'Consolidation': 0, 'Pneumonia': None, 'Atelectasis': None, 'Pneumothorax': 0, 'Pleural Effusion': 0, 'Pleural Other': None, 'Fracture': None, 'Support Devices': None, 'No Finding': 1}"
IU_854,854,conflicting,conflicting,qualify_or_abstain,False,True,0.0,0.0,0.0,"{'Enlarged Cardiomediastinum': None, 'Cardiomegaly': None, 'Lung Opacity': None, 'Lung Lesion': 0, 'Edema': None, 'Consolidation': None, 'Pneumonia': None, 'Atelectasis': None, 'Pneumothorax': None, 'Pleural Effusion': None, 'Pleural Other': None, 'Fracture': 1, 'Support Devices': None, 'No Finding': None}","{'Enlarged Cardiomediastinum': None, 'Cardiomegaly': None, 'Lung Opacity': None, 'Lung Lesion': None, 'Edema': None, 'Consolidation': None, 'Pneumonia': 1, 'Atelectasis': None, 'Pneumothorax': 0, 'Pleural Effusion': 0, 'Pleural Other': None, 'Fracture': None, 'Support Devices': None, 'No Finding': None}","{'Enlarged Cardiomediastinum': None, 'Cardiomegaly': None, 'Lung Opacity': None, 'Lung Lesion': None, 'Edema': None, 'Consolidation': None, 'Pneumonia': 1, 'Atelectasis': None, 'Pneumothorax': 0, 'Pleural Effusion': 0, 'Pleural Other': None, 'Fracture': None, 'Support Devices': None, 'No Finding': None}"
IU_854,854,evidentiary_incomplete,sufficient,generate,False,True,0.0,0.0,0.0,"{'Enlarged Cardiomediastinum': None, 'Cardiomegaly': None, 'Lung Opacity': None, 'Lung Lesion': 0, 'Edema': None, 'Consolidation': None, 'Pneumonia': None, 'Atelectasis': None, 'Pneumothorax': None, 'Pleural Effusion': None, 'Pleural Other': None, 'Fracture': 1, 'Support Devices': None, 'No Finding': None}","{'Enlarged Cardiomediastinum': None, 'Cardiomegaly': None, 'Lung Opacity': None, 'Lung Lesion': None, 'Edema': None, 'Consolidation': None, 'Pneumonia': None, 'Atelectasis': None, 'Pneumothorax': 0, 'Pleural Effusion': 0, 'Pleural Other': None, 'Fracture': None, 'Support Devices': None, 'No Finding': 1}","{'Enlarged Cardiomediastinum': None, 'Cardiomegaly': None, 'Lung Opacity': None, 'Lung Lesion': None, 'Edema': None, 'Consolidation': None, 'Pneumonia': None, 'Atelectasis': None, 'Pneumothorax': 0, 'Pleural Effusion': 0, 'Pleural Other': None, 'Fracture': None, 'Support Devices': None, 'No Finding': 1}"
IU_854,854,insufficient,insufficient,abstain,True,False,0.0,0.0,0.0,"{'Enlarged Cardiomediastinum': None, 'Cardiomegaly': None, 'Lung Opacity': None, 'Lung Lesion': 0, 'Edema': None, 'Consolidation': None, 'Pneumonia': None, 'Atelectasis': None, 'Pneumothorax': None, 'Pleural Effusion': None, 'Pleural Other': None, 'Fracture': 1, 'Support Devices': None, 'No Finding': None}","{'Enlarged Cardiomediastinum': None, 'Cardiomegaly': None, 'Lung Opacity': None, 'Lung Lesion': None, 'Edema': 0, 'Consolidation': 0, 'Pneumonia': None, 'Atelectasis': None, 'Pneumothorax': 0, 'Pleural Effusion': 0, 'Pleural Other': None, 'Fracture': None, 'Support Devices': None, 'No Finding': 1}","{'Enlarged Cardiomediastinum': None, 'Cardiomegaly': None, 'Lung Opacity': None, 'Lung Lesion': None, 'Edema': None, 'Consolidation': None, 'Pneumonia': None, 'Atelectasis': None, 'Pneumothorax': None, 'Pleural Effusion': None, 'Pleural Other': None, 'Fracture': None, 'Support Devices': None, 'No Finding': None}"
IU_854,854,irrelevant,irrelevant,discount_context,False,True,0.0,0.0,0.0,"{'Enlarged Cardiomediastinum': None, 'Cardiomegaly': None, 'Lung Opacity': None, 'Lung Lesion': 0, 'Edema': None, 'Consolidation': None, 'Pneumonia': None, 'Atelectasis': None, 'Pneumothorax': None, 'Pleural Effusion': None, 'Pleural Other': None, 'Fracture': 1, 'Support Devices': None, 'No Finding': None}","{'Enlarged Cardiomediastinum': None, 'Cardiomegaly': None, 'Lung Opacity': None, 'Lung Lesion': None, 'Edema': None, 'Consolidation': 0, 'Pneumonia': None, 'Atelectasis': None, 'Pneumothorax': 1, 'Pleural Effusion': 0, 'Pleural Other': None, 'Fracture': None, 'Support Devices': None, 'No Finding': 1}","{'Enlarged Cardiomediastinum': None, 'Cardiomegaly': None, 'Lung Opacity': None, 'Lung Lesion': None, 'Edema': 0, 'Consolidation': 0, 'Pneumonia': None, 'Atelectasis': None, 'Pneumothorax': 0, 'Pleural Effusion': 0, 'Pleural Other': None, 'Fracture': None, 'Support Devices': None, 'No Finding': 1}"
IU_854,854,sufficient,sufficient,generate,False,True,0.0,0.0,0.0,"{'Enlarged Cardiomediastinum': None, 'Cardiomegaly': None, 'Lung Opacity': None, 'Lung Lesion': 0, 'Edema': None, 'Consolidation': None, 'Pneumonia': None, 'Atelectasis': None, 'Pneumothorax': None, 'Pleural Effusion': None, 'Pleural Other': None, 'Fracture': 1, 'Support Devices': None, 'No Finding': None}","{'Enlarged Cardiomediastinum': None, 'Cardiomegaly': None, 'Lung Opacity': None, 'Lung Lesion': None, 'Edema': None, 'Consolidation': None, 'Pneumonia': None, 'Atelectasis': None, 'Pneumothorax': 0, 'Pleural Effusion': 0, 'Pleural Other': None, 'Fracture': None, 'Support Devices': None, 'No Finding': 1}","{'Enlarged Cardiomediastinum': None, 'Cardiomegaly': None, 'Lung Opacity': None, 'Lung Lesion': None, 'Edema': None, 'Consolidation': None, 'Pneumonia': None, 'Atelectasis': None, 'Pneumothorax': 0, 'Pleural Effusion': 0, 'Pleural Other': None, 'Fracture': None, 'Support Devices': None, 'No Finding': 1}"
IU_854,854,syntactic_incomplete,incomplete,qualify,False,True,0.0,0.0,0.0,"{'Enlarged Cardiomediastinum': None, 'Cardiomegaly': None, 'Lung Opacity': None, 'Lung Lesion': 0, 'Edema': None, 'Consolidation': None, 'Pneumonia': None, 'Atelectasis': None, 'Pneumothorax': None, 'Pleural Effusion': None, 'Pleural Other': None, 'Fracture': 1, 'Support Devices': None, 'No Finding': None}","{'Enlarged Cardiomediastinum': None, 'Cardiomegaly': None, 'Lung Opacity': None, 'Lung Lesion': None, 'Edema': None, 'Consolidation': None, 'Pneumonia': None, 'Atelectasis': None, 'Pneumothorax': 0, 'Pleural Effusion': 0, 'Pleural Other': None, 'Fracture': None, 'Support Devices': None, 'No Finding': 1}","{'Enlarged Cardiomediastinum': None, 'Cardiomegaly': None, 'Lung Opacity': None, 'Lung Lesion': None, 'Edema': 0, 'Consolidation': 0, 'Pneumonia': None, 'Atelectasis': None, 'Pneumothorax': 0, 'Pleural Effusion': 0, 'Pleural Other': None, 'Fracture': None, 'Support Devices': None, 'No Finding': 1}"
IU_871,871,conflicting,conflicting,qualify_or_abstain,False,True,0.0,0.0,0.0,"{'Enlarged Cardiomediastinum': None, 'Cardiomegaly': None, 'Lung Opacity': 0, 'Lung Lesion': None, 'Edema': None, 'Consolidation': None, 'Pneumonia': None, 'Atelectasis': None, 'Pneumothorax': 0, 'Pleural Effusion': 0, 'Pleural Other': None, 'Fracture': 0, 'Support Devices': None, 'No Finding': None}","{'Enlarged Cardiomediastinum': None, 'Cardiomegaly': None, 'Lung Opacity': None, 'Lung Lesion': None, 'Edema': None, 'Consolidation': None, 'Pneumonia': None, 'Atelectasis': None, 'Pneumothorax': 1, 'Pleural Effusion': 0, 'Pleural Other': None, 'Fracture': None, 'Support Devices': None, 'No Finding': None}","{'Enlarged Cardiomediastinum': None, 'Cardiomegaly': None, 'Lung Opacity': None, 'Lung Lesion': None, 'Edema': None, 'Consolidation': None, 'Pneumonia': None, 'Atelectasis': None, 'Pneumothorax': 1, 'Pleural Effusion': 0, 'Pleural Other': None, 'Fracture': None, 'Support Devices': None, 'No Finding': None}"
IU_871,871,evidentiary_incomplete,sufficient,generate,False,True,0.0,0.0,0.0,"{'Enlarged Cardiomediastinum': None, 'Cardiomegaly': None, 'Lung Opacity': 0, 'Lung Lesion': None, 'Edema': None, 'Consolidation': None, 'Pneumonia': None, 'Atelectasis': None, 'Pneumothorax': 0, 'Pleural Effusion': 0, 'Pleural Other': None, 'Fracture': 0, 'Support Devices': None, 'No Finding': None}","{'Enlarged Cardiomediastinum': None, 'Cardiomegaly': None, 'Lung Opacity': None, 'Lung Lesion': None, 'Edema': None, 'Consolidation': None, 'Pneumonia': None, 'Atelectasis': None, 'Pneumothorax': 0, 'Pleural Effusion': 0, 'Pleural Other': None, 'Fracture': None, 'Support Devices': None, 'No Finding': 1}","{'Enlarged Cardiomediastinum': None, 'Cardiomegaly': None, 'Lung Opacity': None, 'Lung Lesion': None, 'Edema': None, 'Consolidation': None, 'Pneumonia': None, 'Atelectasis': None, 'Pneumothorax': 0, 'Pleural Effusion': 0, 'Pleural Other': None, 'Fracture': None, 'Support Devices': None, 'No Finding': 1}"
IU_871,871,insufficient,insufficient,abstain,True,False,0.0,1.0,1.0,"{'Enlarged Cardiomediastinum': None, 'Cardiomegaly': None, 'Lung Opacity': 0, 'Lung Lesion': None, 'Edema': None, 'Consolidation': None, 'Pneumonia': None, 'Atelectasis': None, 'Pneumothorax': 0, 'Pleural Effusion': 0, 'Pleural Other': None, 'Fracture': 0, 'Support Devices': None, 'No Finding': None}","{'Enlarged Cardiomediastinum': None, 'Cardiomegaly': None, 'Lung Opacity': None, 'Lung Lesion': None, 'Edema': 0, 'Consolidation': 0, 'Pneumonia': None, 'Atelectasis': None, 'Pneumothorax': 0, 'Pleural Effusion': 0, 'Pleural Other': None, 'Fracture': None, 'Support Devices': None, 'No Finding': 1}","{'Enlarged Cardiomediastinum': None, 'Cardiomegaly': None, 'Lung Opacity': None, 'Lung Lesion': None, 'Edema': None, 'Consolidation': None, 'Pneumonia': None, 'Atelectasis': None, 'Pneumothorax': None, 'Pleural Effusion': None, 'Pleural Other': None, 'Fracture': None, 'Support Devices': None, 'No Finding': None}"
IU_871,871,irrelevant,irrelevant,discount_context,False,True,0.0,0.0,0.0,"{'Enlarged Cardiomediastinum': None, 'Cardiomegaly': None, 'Lung Opacity': 0, 'Lung Lesion': None, 'Edema': None, 'Consolidation': None, 'Pneumonia': None, 'Atelectasis': None, 'Pneumothorax': 0, 'Pleural Effusion': 0, 'Pleural Other': None, 'Fracture': 0, 'Support Devices': None, 'No Finding': None}","{'Enlarged Cardiomediastinum': None, 'Cardiomegaly': None, 'Lung Opacity': None, 'Lung Lesion': None, 'Edema': None, 'Consolidation': None, 'Pneumonia': None, 'Atelectasis': None, 'Pneumothorax': 0, 'Pleural Effusion': 0, 'Pleural Other': None, 'Fracture': None, 'Support Devices': None, 'No Finding': 1}","{'Enlarged Cardiomediastinum': None, 'Cardiomegaly': None, 'Lung Opacity': None, 'Lung Lesion': None, 'Edema': 0, 'Consolidation': 0, 'Pneumonia': None, 'Atelectasis': None, 'Pneumothorax': 0, 'Pleural Effusion': 0, 'Pleural Other': None, 'Fracture': None, 'Support Devices': None, 'No Finding': 1}"
IU_871,871,sufficient,sufficient,generate,False,True,0.0,0.0,0.0,"{'Enlarged Cardiomediastinum': None, 'Cardiomegaly': None, 'Lung Opacity': 0, 'Lung Lesion': None, 'Edema': None, 'Consolidation': None, 'Pneumonia': None, 'Atelectasis': None, 'Pneumothorax': 0, 'Pleural Effusion': 0, 'Pleural Other': None, 'Fracture': 0, 'Support Devices': None, 'No Finding': None}","{'Enlarged Cardiomediastinum': None, 'Cardiomegaly': None, 'Lung Opacity': None, 'Lung Lesion': None, 'Edema': None, 'Consolidation': None, 'Pneumonia': None, 'Atelectasis': None, 'Pneumothorax': 0, 'Pleural Effusion': 0, 'Pleural Other': None, 'Fracture': None, 'Support Devices': None, 'No Finding': 1}","{'Enlarged Cardiomediastinum': None, 'Cardiomegaly': None, 'Lung Opacity': None, 'Lung Lesion': None, 'Edema': None, 'Consolidation': None, 'Pneumonia': None, 'Atelectasis': None, 'Pneumothorax': 0, 'Pleural Effusion': 0, 'Pleural Other': None, 'Fracture': None, 'Support Devices': None, 'No Finding': 1}"
IU_871,871,syntactic_incomplete,incomplete,qualify,False,True,0.0,0.0,0.0,"{'Enlarged Cardiomediastinum': None, 'Cardiomegaly': None, 'Lung Opacity': 0, 'Lung Lesion': None, 'Edema': None, 'Consolidation': None, 'Pneumonia': None, 'Atelectasis': None, 'Pneumothorax': 0, 'Pleural Effusion': 0, 'Pleural Other': None, 'Fracture': 0, 'Support Devices': None, 'No Finding': None}","{'Enlarged Cardiomediastinum': None, 'Cardiomegaly': None, 'Lung Opacity': None, 'Lung Lesion': None, 'Edema': None, 'Consolidation': None, 'Pneumonia': None, 'Atelectasis': None, 'Pneumothorax': 0, 'Pleural Effusion': 0, 'Pleural Other': None, 'Fracture': None, 'Support Devices': None, 'No Finding': 1}","{'Enlarged Cardiomediastinum': None, 'Cardiomegaly': None, 'Lung Opacity': None, 'Lung Lesion': None, 'Edema': 0, 'Consolidation': 0, 'Pneumonia': None, 'Atelectasis': None, 'Pneumothorax': 0, 'Pleural Effusion': 0, 'Pleural Other': None, 'Fracture': None, 'Support Devices': None, 'No Finding': 1}"
IU_927,927,conflicting,conflicting,qualify_or_abstain,False,True,0.6667,0.6667,0.0,"{'Enlarged Cardiomediastinum': None, 'Cardiomegaly': None, 'Lung Opacity': None, 'Lung Lesion': None, 'Edema': None, 'Consolidation': 0, 'Pneumonia': None, 'Atelectasis': None, 'Pneumothorax': 1, 'Pleural Effusion': 0, 'Pleural Other': None, 'Fracture': None, 'Support Devices': None, 'No Finding': 1}","{'Enlarged Cardiomediastinum': None, 'Cardiomegaly': None, 'Lung Opacity': None, 'Lung Lesion': None, 'Edema': None, 'Consolidation': 0, 'Pneumonia': None, 'Atelectasis': None, 'Pneumothorax': 1, 'Pleural Effusion': 0, 'Pleural Other': None, 'Fracture': None, 'Support Devices': None, 'No Finding': None}","{'Enlarged Cardiomediastinum': None, 'Cardiomegaly': None, 'Lung Opacity': None, 'Lung Lesion': None, 'Edema': None, 'Consolidation': 0, 'Pneumonia': None, 'Atelectasis': None, 'Pneumothorax': 1, 'Pleural Effusion': 0, 'Pleural Other': None, 'Fracture': None, 'Support Devices': None, 'No Finding': None}"
IU_927,927,evidentiary_incomplete,sufficient,generate,False,True,0.6667,0.6667,0.0,"{'Enlarged Cardiomediastinum': None, 'Cardiomegaly': None, 'Lung Opacity': None, 'Lung Lesion': None, 'Edema': None, 'Consolidation': 0, 'Pneumonia': None, 'Atelectasis': None, 'Pneumothorax': 1, 'Pleural Effusion': 0, 'Pleural Other': None, 'Fracture': None, 'Support Devices': None, 'No Finding': 1}","{'Enlarged Cardiomediastinum': None, 'Cardiomegaly': None, 'Lung Opacity': None, 'Lung Lesion': None, 'Edema': None, 'Consolidation': None, 'Pneumonia': None, 'Atelectasis': None, 'Pneumothorax': 0, 'Pleural Effusion': 0, 'Pleural Other': None, 'Fracture': None, 'Support Devices': None, 'No Finding': 1}","{'Enlarged Cardiomediastinum': None, 'Cardiomegaly': None, 'Lung Opacity': None, 'Lung Lesion': None, 'Edema': None, 'Consolidation': None, 'Pneumonia': None, 'Atelectasis': None, 'Pneumothorax': 0, 'Pleural Effusion': 0, 'Pleural Other': None, 'Fracture': None, 'Support Devices': None, 'No Finding': 1}"
IU_927,927,insufficient,insufficient,abstain,True,False,0.6667,0.0,-0.6667,"{'Enlarged Cardiomediastinum': None, 'Cardiomegaly': None, 'Lung Opacity': None, 'Lung Lesion': None, 'Edema': None, 'Consolidation': 0, 'Pneumonia': None, 'Atelectasis': None, 'Pneumothorax': 1, 'Pleural Effusion': 0, 'Pleural Other': None, 'Fracture': None, 'Support Devices': None, 'No Finding': 1}","{'Enlarged Cardiomediastinum': None, 'Cardiomegaly': None, 'Lung Opacity': None, 'Lung Lesion': None, 'Edema': 0, 'Consolidation': 0, 'Pneumonia': None, 'Atelectasis': None, 'Pneumothorax': 0, 'Pleural Effusion': 0, 'Pleural Other': None, 'Fracture': None, 'Support Devices': None, 'No Finding': 1}","{'Enlarged Cardiomediastinum': None, 'Cardiomegaly': None, 'Lung Opacity': None, 'Lung Lesion': None, 'Edema': None, 'Consolidation': None, 'Pneumonia': None, 'Atelectasis': None, 'Pneumothorax': None, 'Pleural Effusion': None, 'Pleural Other': None, 'Fracture': None, 'Support Devices': None, 'No Finding': None}"
IU_927,927,irrelevant,irrelevant,discount_context,False,True,1.0,0.6667,-0.3333,"{'Enlarged Cardiomediastinum': None, 'Cardiomegaly': None, 'Lung Opacity': None, 'Lung Lesion': None, 'Edema': None, 'Consolidation': 0, 'Pneumonia': None, 'Atelectasis': None, 'Pneumothorax': 1, 'Pleural Effusion': 0, 'Pleural Other': None, 'Fracture': None, 'Support Devices': None, 'No Finding': 1}","{'Enlarged Cardiomediastinum': None, 'Cardiomegaly': None, 'Lung Opacity': None, 'Lung Lesion': None, 'Edema': None, 'Consolidation': 0, 'Pneumonia': None, 'Atelectasis': None, 'Pneumothorax': 1, 'Pleural Effusion': 0, 'Pleural Other': None, 'Fracture': None, 'Support Devices': None, 'No Finding': 1}","{'Enlarged Cardiomediastinum': None, 'Cardiomegaly': None, 'Lung Opacity': None, 'Lung Lesion': None, 'Edema': 0, 'Consolidation': 0, 'Pneumonia': None, 'Atelectasis': None, 'Pneumothorax': 0, 'Pleural Effusion': 0, 'Pleural Other': None, 'Fracture': None, 'Support Devices': None, 'No Finding': 1}"
IU_927,927,sufficient,sufficient,generate,False,True,0.6667,0.6667,0.0,"{'Enlarged Cardiomediastinum': None, 'Cardiomegaly': None, 'Lung Opacity': None, 'Lung Lesion': None, 'Edema': None, 'Consolidation': 0, 'Pneumonia': None, 'Atelectasis': None, 'Pneumothorax': 1, 'Pleural Effusion': 0, 'Pleural Other': None, 'Fracture': None, 'Support Devices': None, 'No Finding': 1}","{'Enlarged Cardiomediastinum': None, 'Cardiomegaly': None, 'Lung Opacity': None, 'Lung Lesion': None, 'Edema': None, 'Consolidation': None, 'Pneumonia': None, 'Atelectasis': None, 'Pneumothorax': 0, 'Pleural Effusion': 0, 'Pleural Other': None, 'Fracture': None, 'Support Devices': None, 'No Finding': 1}","{'Enlarged Cardiomediastinum': None, 'Cardiomegaly': None, 'Lung Opacity': None, 'Lung Lesion': None, 'Edema': None, 'Consolidation': None, 'Pneumonia': None, 'Atelectasis': None, 'Pneumothorax': 0, 'Pleural Effusion': 0, 'Pleural Other': None, 'Fracture': None, 'Support Devices': None, 'No Finding': 1}"
IU_927,927,syntactic_incomplete,incomplete,qualify,False,True,0.6667,0.6667,0.0,"{'Enlarged Cardiomediastinum': None, 'Cardiomegaly': None, 'Lung Opacity': None, 'Lung Lesion': None, 'Edema': None, 'Consolidation': 0, 'Pneumonia': None, 'Atelectasis': None, 'Pneumothorax': 1, 'Pleural Effusion': 0, 'Pleural Other': None, 'Fracture': None, 'Support Devices': None, 'No Finding': 1}","{'Enlarged Cardiomediastinum': None, 'Cardiomegaly': None, 'Lung Opacity': None, 'Lung Lesion': None, 'Edema': None, 'Consolidation': None, 'Pneumonia': None, 'Atelectasis': None, 'Pneumothorax': 0, 'Pleural Effusion': 0, 'Pleural Other': None, 'Fracture': None, 'Support Devices': None, 'No Finding': 1}","{'Enlarged Cardiomediastinum': None, 'Cardiomegaly': None, 'Lung Opacity': None, 'Lung Lesion': None, 'Edema': 0, 'Consolidation': 0, 'Pneumonia': None, 'Atelectasis': None, 'Pneumothorax': 0, 'Pleural Effusion': 0, 'Pleural Other': None, 'Fracture': None, 'Support Devices': None, 'No Finding': 1}"
IU_936,936,conflicting,conflicting,qualify_or_abstain,False,True,0.6667,0.6667,0.0,"{'Enlarged Cardiomediastinum': None, 'Cardiomegaly': None, 'Lung Opacity': None, 'Lung Lesion': None, 'Edema': None, 'Consolidation': None, 'Pneumonia': None, 'Atelectasis': None, 'Pneumothorax': None, 'Pleural Effusion': None, 'Pleural Other': None, 'Fracture': None, 'Support Devices': None, 'No Finding': 1}","{'Enlarged Cardiomediastinum': None, 'Cardiomegaly': 1, 'Lung Opacity': None, 'Lung Lesion': None, 'Edema': None, 'Consolidation': None, 'Pneumonia': None, 'Atelectasis': None, 'Pneumothorax': 0, 'Pleural Effusion': 0, 'Pleural Other': None, 'Fracture': None, 'Support Devices': None, 'No Finding': 1}","{'Enlarged Cardiomediastinum': None, 'Cardiomegaly': 1, 'Lung Opacity': None, 'Lung Lesion': None, 'Edema': None, 'Consolidation': None, 'Pneumonia': None, 'Atelectasis': None, 'Pneumothorax': 0, 'Pleural Effusion': 0, 'Pleural Other': None, 'Fracture': None, 'Support Devices': None, 'No Finding': 1}"
IU_936,936,evidentiary_incomplete,sufficient,generate,False,True,0.0,0.0,0.0,"{'Enlarged Cardiomediastinum': None, 'Cardiomegaly': None, 'Lung Opacity': None, 'Lung Lesion': None, 'Edema': None, 'Consolidation': None, 'Pneumonia': None, 'Atelectasis': None, 'Pneumothorax': None, 'Pleural Effusion': None, 'Pleural Other': None, 'Fracture': None, 'Support Devices': None, 'No Finding': 1}","{'Enlarged Cardiomediastinum': None, 'Cardiomegaly': None, 'Lung Opacity': None, 'Lung Lesion': None, 'Edema': None, 'Consolidation': 0, 'Pneumonia': None, 'Atelectasis': None, 'Pneumothorax': 1, 'Pleural Effusion': 0, 'Pleural Other': None, 'Fracture': None, 'Support Devices': None, 'No Finding': None}","{'Enlarged Cardiomediastinum': None, 'Cardiomegaly': None, 'Lung Opacity': None, 'Lung Lesion': None, 'Edema': None, 'Consolidation': 0, 'Pneumonia': None, 'Atelectasis': None, 'Pneumothorax': 1, 'Pleural Effusion': 0, 'Pleural Other': None, 'Fracture': None, 'Support Devices': None, 'No Finding': None}"
IU_936,936,insufficient,insufficient,abstain,True,False,1.0,0.0,-1.0,"{'Enlarged Cardiomediastinum': None, 'Cardiomegaly': None, 'Lung Opacity': None, 'Lung Lesion': None, 'Edema': None, 'Consolidation': None, 'Pneumonia': None, 'Atelectasis': None, 'Pneumothorax': None, 'Pleural Effusion': None, 'Pleural Other': None, 'Fracture': None, 'Support Devices': None, 'No Finding': 1}","{'Enlarged Cardiomediastinum': None, 'Cardiomegaly': None, 'Lung Opacity': None, 'Lung Lesion': None, 'Edema': 0, 'Consolidation': 0, 'Pneumonia': None, 'Atelectasis': None, 'Pneumothorax': 0, 'Pleural Effusion': 0, 'Pleural Other': None, 'Fracture': None, 'Support Devices': None, 'No Finding': 1}","{'Enlarged Cardiomediastinum': None, 'Cardiomegaly': None, 'Lung Opacity': None, 'Lung Lesion': None, 'Edema': None, 'Consolidation': None, 'Pneumonia': None, 'Atelectasis': None, 'Pneumothorax': None, 'Pleural Effusion': None, 'Pleural Other': None, 'Fracture': None, 'Support Devices': None, 'No Finding': None}"
IU_936,936,irrelevant,irrelevant,discount_context,False,True,1.0,1.0,0.0,"{'Enlarged Cardiomediastinum': None, 'Cardiomegaly': None, 'Lung Opacity': None, 'Lung Lesion': None, 'Edema': None, 'Consolidation': None, 'Pneumonia': None, 'Atelectasis': None, 'Pneumothorax': None, 'Pleural Effusion': None, 'Pleural Other': None, 'Fracture': None, 'Support Devices': None, 'No Finding': 1}","{'Enlarged Cardiomediastinum': None, 'Cardiomegaly': None, 'Lung Opacity': None, 'Lung Lesion': None, 'Edema': None, 'Consolidation': None, 'Pneumonia': None, 'Atelectasis': None, 'Pneumothorax': 0, 'Pleural Effusion': 0, 'Pleural Other': None, 'Fracture': None, 'Support Devices': None, 'No Finding': 1}","{'Enlarged Cardiomediastinum': None, 'Cardiomegaly': None, 'Lung Opacity': None, 'Lung Lesion': None, 'Edema': 0, 'Consolidation': 0, 'Pneumonia': None, 'Atelectasis': None, 'Pneumothorax': 0, 'Pleural Effusion': 0, 'Pleural Other': None, 'Fracture': None, 'Support Devices': None, 'No Finding': 1}"
IU_936,936,sufficient,sufficient,generate,False,True,1.0,1.0,0.0,"{'Enlarged Cardiomediastinum': None, 'Cardiomegaly': None, 'Lung Opacity': None, 'Lung Lesion': None, 'Edema': None, 'Consolidation': None, 'Pneumonia': None, 'Atelectasis': None, 'Pneumothorax': None, 'Pleural Effusion': None, 'Pleural Other': None, 'Fracture': None, 'Support Devices': None, 'No Finding': 1}","{'Enlarged Cardiomediastinum': None, 'Cardiomegaly': None, 'Lung Opacity': None, 'Lung Lesion': None, 'Edema': None, 'Consolidation': None, 'Pneumonia': None, 'Atelectasis': None, 'Pneumothorax': None, 'Pleural Effusion': None, 'Pleural Other': None, 'Fracture': None, 'Support Devices': None, 'No Finding': 1}","{'Enlarged Cardiomediastinum': None, 'Cardiomegaly': None, 'Lung Opacity': None, 'Lung Lesion': None, 'Edema': None, 'Consolidation': None, 'Pneumonia': None, 'Atelectasis': None, 'Pneumothorax': None, 'Pleural Effusion': None, 'Pleural Other': None, 'Fracture': None, 'Support Devices': None, 'No Finding': 1}"
IU_936,936,syntactic_incomplete,incomplete,qualify,False,True,1.0,1.0,0.0,"{'Enlarged Cardiomediastinum': None, 'Cardiomegaly': None, 'Lung Opacity': None, 'Lung Lesion': None, 'Edema': None, 'Consolidation': None, 'Pneumonia': None, 'Atelectasis': None, 'Pneumothorax': None, 'Pleural Effusion': None, 'Pleural Other': None, 'Fracture': None, 'Support Devices': None, 'No Finding': 1}","{'Enlarged Cardiomediastinum': None, 'Cardiomegaly': None, 'Lung Opacity': None, 'Lung Lesion': None, 'Edema': None, 'Consolidation': None, 'Pneumonia': None, 'Atelectasis': None, 'Pneumothorax': 0, 'Pleural Effusion': 0, 'Pleural Other': None, 'Fracture': None, 'Support Devices': None, 'No Finding': 1}","{'Enlarged Cardiomediastinum': None, 'Cardiomegaly': None, 'Lung Opacity': None, 'Lung Lesion': None, 'Edema': 0, 'Consolidation': 0, 'Pneumonia': None, 'Atelectasis': None, 'Pneumothorax': 0, 'Pleural Effusion': 0, 'Pleural Other': None, 'Fracture': None, 'Support Devices': None, 'No Finding': 1}"
IU_960,960,conflicting,conflicting,qualify_or_abstain,False,True,0.5,0.5,0.0,"{'Enlarged Cardiomediastinum': 0, 'Cardiomegaly': None, 'Lung Opacity': None, 'Lung Lesion': None, 'Edema': None, 'Consolidation': 0, 'Pneumonia': None, 'Atelectasis': None, 'Pneumothorax': 0, 'Pleural Effusion': 1, 'Pleural Other': None, 'Fracture': 1, 'Support Devices': None, 'No Finding': None}","{'Enlarged Cardiomediastinum': None, 'Cardiomegaly': None, 'Lung Opacity': None, 'Lung Lesion': None, 'Edema': None, 'Consolidation': 0, 'Pneumonia': None, 'Atelectasis': None, 'Pneumothorax': 1, 'Pleural Effusion': 1, 'Pleural Other': None, 'Fracture': None, 'Support Devices': None, 'No Finding': None}","{'Enlarged Cardiomediastinum': None, 'Cardiomegaly': None, 'Lung Opacity': None, 'Lung Lesion': None, 'Edema': None, 'Consolidation': 0, 'Pneumonia': None, 'Atelectasis': None, 'Pneumothorax': 1, 'Pleural Effusion': 1, 'Pleural Other': None, 'Fracture': None, 'Support Devices': None, 'No Finding': None}"
IU_960,960,evidentiary_incomplete,sufficient,generate,False,True,0.0,0.0,0.0,"{'Enlarged Cardiomediastinum': 0, 'Cardiomegaly': None, 'Lung Opacity': None, 'Lung Lesion': None, 'Edema': None, 'Consolidation': 0, 'Pneumonia': None, 'Atelectasis': None, 'Pneumothorax': 0, 'Pleural Effusion': 1, 'Pleural Other': None, 'Fracture': 1, 'Support Devices': None, 'No Finding': None}","{'Enlarged Cardiomediastinum': None, 'Cardiomegaly': None, 'Lung Opacity': None, 'Lung Lesion': None, 'Edema': None, 'Consolidation': None, 'Pneumonia': None, 'Atelectasis': None, 'Pneumothorax': 0, 'Pleural Effusion': 0, 'Pleural Other': None, 'Fracture': None, 'Support Devices': None, 'No Finding': 1}","{'Enlarged Cardiomediastinum': None, 'Cardiomegaly': None, 'Lung Opacity': None, 'Lung Lesion': None, 'Edema': None, 'Consolidation': None, 'Pneumonia': None, 'Atelectasis': None, 'Pneumothorax': 0, 'Pleural Effusion': 0, 'Pleural Other': None, 'Fracture': None, 'Support Devices': None, 'No Finding': 1}"
IU_960,960,insufficient,insufficient,abstain,True,False,0.5,0.0,-0.5,"{'Enlarged Cardiomediastinum': 0, 'Cardiomegaly': None, 'Lung Opacity': None, 'Lung Lesion': None, 'Edema': None, 'Consolidation': 0, 'Pneumonia': None, 'Atelectasis': None, 'Pneumothorax': 0, 'Pleural Effusion': 1, 'Pleural Other': None, 'Fracture': 1, 'Support Devices': None, 'No Finding': None}","{'Enlarged Cardiomediastinum': None, 'Cardiomegaly': None, 'Lung Opacity': None, 'Lung Lesion': None, 'Edema': None, 'Consolidation': 0, 'Pneumonia': None, 'Atelectasis': None, 'Pneumothorax': 0, 'Pleural Effusion': 1, 'Pleural Other': None, 'Fracture': None, 'Support Devices': None, 'No Finding': 1}","{'Enlarged Cardiomediastinum': None, 'Cardiomegaly': None, 'Lung Opacity': None, 'Lung Lesion': None, 'Edema': None, 'Consolidation': None, 'Pneumonia': None, 'Atelectasis': None, 'Pneumothorax': None, 'Pleural Effusion': None, 'Pleural Other': None, 'Fracture': None, 'Support Devices': None, 'No Finding': None}"
IU_960,960,irrelevant,irrelevant,discount_context,False,True,0.0,0.5,0.5,"{'Enlarged Cardiomediastinum': 0, 'Cardiomegaly': None, 'Lung Opacity': None, 'Lung Lesion': None, 'Edema': None, 'Consolidation': 0, 'Pneumonia': None, 'Atelectasis': None, 'Pneumothorax': 0, 'Pleural Effusion': 1, 'Pleural Other': None, 'Fracture': 1, 'Support Devices': None, 'No Finding': None}","{'Enlarged Cardiomediastinum': None, 'Cardiomegaly': None, 'Lung Opacity': None, 'Lung Lesion': None, 'Edema': None, 'Consolidation': 0, 'Pneumonia': None, 'Atelectasis': None, 'Pneumothorax': 1, 'Pleural Effusion': 0, 'Pleural Other': None, 'Fracture': None, 'Support Devices': None, 'No Finding': 1}","{'Enlarged Cardiomediastinum': None, 'Cardiomegaly': None, 'Lung Opacity': None, 'Lung Lesion': None, 'Edema': None, 'Consolidation': 0, 'Pneumonia': None, 'Atelectasis': None, 'Pneumothorax': 0, 'Pleural Effusion': 1, 'Pleural Other': None, 'Fracture': None, 'Support Devices': None, 'No Finding': 1}"
IU_960,960,sufficient,sufficient,generate,False,True,0.0,0.0,0.0,"{'Enlarged Cardiomediastinum': 0, 'Cardiomegaly': None, 'Lung Opacity': None, 'Lung Lesion': None, 'Edema': None, 'Consolidation': 0, 'Pneumonia': None, 'Atelectasis': None, 'Pneumothorax': 0, 'Pleural Effusion': 1, 'Pleural Other': None, 'Fracture': 1, 'Support Devices': None, 'No Finding': None}","{'Enlarged Cardiomediastinum': None, 'Cardiomegaly': None, 'Lung Opacity': None, 'Lung Lesion': None, 'Edema': None, 'Consolidation': None, 'Pneumonia': None, 'Atelectasis': None, 'Pneumothorax': 0, 'Pleural Effusion': 0, 'Pleural Other': None, 'Fracture': 0, 'Support Devices': None, 'No Finding': 1}","{'Enlarged Cardiomediastinum': None, 'Cardiomegaly': None, 'Lung Opacity': None, 'Lung Lesion': None, 'Edema': None, 'Consolidation': None, 'Pneumonia': None, 'Atelectasis': None, 'Pneumothorax': 0, 'Pleural Effusion': 0, 'Pleural Other': None, 'Fracture': 0, 'Support Devices': None, 'No Finding': 1}"
IU_960,960,syntactic_incomplete,incomplete,qualify,False,True,0.0,0.5,0.5,"{'Enlarged Cardiomediastinum': 0, 'Cardiomegaly': None, 'Lung Opacity': None, 'Lung Lesion': None, 'Edema': None, 'Consolidation': 0, 'Pneumonia': None, 'Atelectasis': None, 'Pneumothorax': 0, 'Pleural Effusion': 1, 'Pleural Other': None, 'Fracture': 1, 'Support Devices': None, 'No Finding': None}","{'Enlarged Cardiomediastinum': None, 'Cardiomegaly': None, 'Lung Opacity': None, 'Lung Lesion': None, 'Edema': None, 'Consolidation': None, 'Pneumonia': None, 'Atelectasis': None, 'Pneumothorax': 0, 'Pleural Effusion': 0, 'Pleural Other': None, 'Fracture': None, 'Support Devices': None, 'No Finding': 1}","{'Enlarged Cardiomediastinum': None, 'Cardiomegaly': None, 'Lung Opacity': None, 'Lung Lesion': None, 'Edema': None, 'Consolidation': 0, 'Pneumonia': None, 'Atelectasis': None, 'Pneumothorax': 0, 'Pleural Effusion': 1, 'Pleural Other': None, 'Fracture': None, 'Support Devices': None, 'No Finding': 1}"
IU_963,963,conflicting,conflicting,qualify_or_abstain,False,True,0.0,0.0,0.0,"{'Enlarged Cardiomediastinum': None, 'Cardiomegaly': None, 'Lung Opacity': 0, 'Lung Lesion': None, 'Edema': None, 'Consolidation': None, 'Pneumonia': 1, 'Atelectasis': None, 'Pneumothorax': 0, 'Pleural Effusion': 0, 'Pleural Other': None, 'Fracture': None, 'Support Devices': None, 'No Finding': None}","{'Enlarged Cardiomediastinum': None, 'Cardiomegaly': None, 'Lung Opacity': None, 'Lung Lesion': None, 'Edema': None, 'Consolidation': 0, 'Pneumonia': None, 'Atelectasis': None, 'Pneumothorax': 1, 'Pleural Effusion': 0, 'Pleural Other': None, 'Fracture': None, 'Support Devices': None, 'No Finding': None}","{'Enlarged Cardiomediastinum': None, 'Cardiomegaly': None, 'Lung Opacity': None, 'Lung Lesion': None, 'Edema': None, 'Consolidation': 0, 'Pneumonia': None, 'Atelectasis': None, 'Pneumothorax': 1, 'Pleural Effusion': 0, 'Pleural Other': None, 'Fracture': None, 'Support Devices': None, 'No Finding': None}"
IU_963,963,evidentiary_incomplete,sufficient,generate,False,True,0.0,0.0,0.0,"{'Enlarged Cardiomediastinum': None, 'Cardiomegaly': None, 'Lung Opacity': 0, 'Lung Lesion': None, 'Edema': None, 'Consolidation': None, 'Pneumonia': 1, 'Atelectasis': None, 'Pneumothorax': 0, 'Pleural Effusion': 0, 'Pleural Other': None, 'Fracture': None, 'Support Devices': None, 'No Finding': None}","{'Enlarged Cardiomediastinum': None, 'Cardiomegaly': None, 'Lung Opacity': None, 'Lung Lesion': None, 'Edema': None, 'Consolidation': None, 'Pneumonia': None, 'Atelectasis': None, 'Pneumothorax': 0, 'Pleural Effusion': 0, 'Pleural Other': None, 'Fracture': None, 'Support Devices': None, 'No Finding': 1}","{'Enlarged Cardiomediastinum': None, 'Cardiomegaly': None, 'Lung Opacity': None, 'Lung Lesion': None, 'Edema': None, 'Consolidation': None, 'Pneumonia': None, 'Atelectasis': None, 'Pneumothorax': 0, 'Pleural Effusion': 0, 'Pleural Other': None, 'Fracture': None, 'Support Devices': None, 'No Finding': 1}"
IU_963,963,insufficient,insufficient,abstain,True,False,0.0,0.0,0.0,"{'Enlarged Cardiomediastinum': None, 'Cardiomegaly': None, 'Lung Opacity': 0, 'Lung Lesion': None, 'Edema': None, 'Consolidation': None, 'Pneumonia': 1, 'Atelectasis': None, 'Pneumothorax': 0, 'Pleural Effusion': 0, 'Pleural Other': None, 'Fracture': None, 'Support Devices': None, 'No Finding': None}","{'Enlarged Cardiomediastinum': None, 'Cardiomegaly': None, 'Lung Opacity': None, 'Lung Lesion': None, 'Edema': 0, 'Consolidation': 0, 'Pneumonia': None, 'Atelectasis': None, 'Pneumothorax': 0, 'Pleural Effusion': 0, 'Pleural Other': None, 'Fracture': None, 'Support Devices': None, 'No Finding': 1}","{'Enlarged Cardiomediastinum': None, 'Cardiomegaly': None, 'Lung Opacity': None, 'Lung Lesion': None, 'Edema': None, 'Consolidation': None, 'Pneumonia': None, 'Atelectasis': None, 'Pneumothorax': None, 'Pleural Effusion': None, 'Pleural Other': None, 'Fracture': None, 'Support Devices': None, 'No Finding': None}"
IU_963,963,irrelevant,irrelevant,discount_context,False,True,0.0,0.0,0.0,"{'Enlarged Cardiomediastinum': None, 'Cardiomegaly': None, 'Lung Opacity': 0, 'Lung Lesion': None, 'Edema': None, 'Consolidation': None, 'Pneumonia': 1, 'Atelectasis': None, 'Pneumothorax': 0, 'Pleural Effusion': 0, 'Pleural Other': None, 'Fracture': None, 'Support Devices': None, 'No Finding': None}","{'Enlarged Cardiomediastinum': None, 'Cardiomegaly': None, 'Lung Opacity': None, 'Lung Lesion': None, 'Edema': None, 'Consolidation': None, 'Pneumonia': None, 'Atelectasis': None, 'Pneumothorax': 0, 'Pleural Effusion': 0, 'Pleural Other': None, 'Fracture': None, 'Support Devices': None, 'No Finding': 1}","{'Enlarged Cardiomediastinum': None, 'Cardiomegaly': None, 'Lung Opacity': None, 'Lung Lesion': None, 'Edema': 0, 'Consolidation': 0, 'Pneumonia': None, 'Atelectasis': None, 'Pneumothorax': 0, 'Pleural Effusion': 0, 'Pleural Other': None, 'Fracture': None, 'Support Devices': None, 'No Finding': 1}"
IU_963,963,sufficient,sufficient,generate,False,True,0.0,0.0,0.0,"{'Enlarged Cardiomediastinum': None, 'Cardiomegaly': None, 'Lung Opacity': 0, 'Lung Lesion': None, 'Edema': None, 'Consolidation': None, 'Pneumonia': 1, 'Atelectasis': None, 'Pneumothorax': 0, 'Pleural Effusion': 0, 'Pleural Other': None, 'Fracture': None, 'Support Devices': None, 'No Finding': None}","{'Enlarged Cardiomediastinum': None, 'Cardiomegaly': None, 'Lung Opacity': None, 'Lung Lesion': None, 'Edema': None, 'Consolidation': None, 'Pneumonia': None, 'Atelectasis': None, 'Pneumothorax': None, 'Pleural Effusion': None, 'Pleural Other': None, 'Fracture': None, 'Support Devices': None, 'No Finding': 1}","{'Enlarged Cardiomediastinum': None, 'Cardiomegaly': None, 'Lung Opacity': None, 'Lung Lesion': None, 'Edema': None, 'Consolidation': None, 'Pneumonia': None, 'Atelectasis': None, 'Pneumothorax': None, 'Pleural Effusion': None, 'Pleural Other': None, 'Fracture': None, 'Support Devices': None, 'No Finding': 1}"
IU_963,963,syntactic_incomplete,incomplete,qualify,False,True,0.0,0.0,0.0,"{'Enlarged Cardiomediastinum': None, 'Cardiomegaly': None, 'Lung Opacity': 0, 'Lung Lesion': None, 'Edema': None, 'Consolidation': None, 'Pneumonia': 1, 'Atelectasis': None, 'Pneumothorax': 0, 'Pleural Effusion': 0, 'Pleural Other': None, 'Fracture': None, 'Support Devices': None, 'No Finding': None}","{'Enlarged Cardiomediastinum': None, 'Cardiomegaly': None, 'Lung Opacity': None, 'Lung Lesion': None, 'Edema': None, 'Consolidation': None, 'Pneumonia': None, 'Atelectasis': None, 'Pneumothorax': 0, 'Pleural Effusion': 0, 'Pleural Other': None, 'Fracture': None, 'Support Devices': None, 'No Finding': 1}","{'Enlarged Cardiomediastinum': None, 'Cardiomegaly': None, 'Lung Opacity': None, 'Lung Lesion': None, 'Edema': 0, 'Consolidation': 0, 'Pneumonia': None, 'Atelectasis': None, 'Pneumothorax': 0, 'Pleural Effusion': 0, 'Pleural Other': None, 'Fracture': None, 'Support Devices': None, 'No Finding': 1}"
IU_965,965,conflicting,conflicting,qualify_or_abstain,False,True,0.0,0.0,0.0,"{'Enlarged Cardiomediastinum': None, 'Cardiomegaly': None, 'Lung Opacity': None, 'Lung Lesion': None, 'Edema': None, 'Consolidation': None, 'Pneumonia': None, 'Atelectasis': None, 'Pneumothorax': None, 'Pleural Effusion': None, 'Pleural Other': None, 'Fracture': None, 'Support Devices': None, 'No Finding': None}","{'Enlarged Cardiomediastinum': None, 'Cardiomegaly': None, 'Lung Opacity': None, 'Lung Lesion': None, 'Edema': None, 'Consolidation': None, 'Pneumonia': 1, 'Atelectasis': None, 'Pneumothorax': 0, 'Pleural Effusion': 0, 'Pleural Other': None, 'Fracture': None, 'Support Devices': None, 'No Finding': 1}","{'Enlarged Cardiomediastinum': None, 'Cardiomegaly': None, 'Lung Opacity': None, 'Lung Lesion': None, 'Edema': None, 'Consolidation': None, 'Pneumonia': 1, 'Atelectasis': None, 'Pneumothorax': 0, 'Pleural Effusion': 0, 'Pleural Other': None, 'Fracture': None, 'Support Devices': None, 'No Finding': 1}"
IU_965,965,evidentiary_incomplete,sufficient,generate,False,True,0.0,0.0,0.0,"{'Enlarged Cardiomediastinum': None, 'Cardiomegaly': None, 'Lung Opacity': None, 'Lung Lesion': None, 'Edema': None, 'Consolidation': None, 'Pneumonia': None, 'Atelectasis': None, 'Pneumothorax': None, 'Pleural Effusion': None, 'Pleural Other': None, 'Fracture': None, 'Support Devices': None, 'No Finding': None}","{'Enlarged Cardiomediastinum': None, 'Cardiomegaly': None, 'Lung Opacity': None, 'Lung Lesion': None, 'Edema': None, 'Consolidation': 0, 'Pneumonia': None, 'Atelectasis': None, 'Pneumothorax': 1, 'Pleural Effusion': 0, 'Pleural Other': None, 'Fracture': None, 'Support Devices': None, 'No Finding': None}","{'Enlarged Cardiomediastinum': None, 'Cardiomegaly': None, 'Lung Opacity': None, 'Lung Lesion': None, 'Edema': None, 'Consolidation': 0, 'Pneumonia': None, 'Atelectasis': None, 'Pneumothorax': 1, 'Pleural Effusion': 0, 'Pleural Other': None, 'Fracture': None, 'Support Devices': None, 'No Finding': None}"
IU_965,965,insufficient,insufficient,abstain,True,False,0.0,1.0,1.0,"{'Enlarged Cardiomediastinum': None, 'Cardiomegaly': None, 'Lung Opacity': None, 'Lung Lesion': None, 'Edema': None, 'Consolidation': None, 'Pneumonia': None, 'Atelectasis': None, 'Pneumothorax': None, 'Pleural Effusion': None, 'Pleural Other': None, 'Fracture': None, 'Support Devices': None, 'No Finding': None}","{'Enlarged Cardiomediastinum': None, 'Cardiomegaly': None, 'Lung Opacity': None, 'Lung Lesion': None, 'Edema': 0, 'Consolidation': 0, 'Pneumonia': None, 'Atelectasis': None, 'Pneumothorax': 0, 'Pleural Effusion': 0, 'Pleural Other': None, 'Fracture': None, 'Support Devices': None, 'No Finding': 1}","{'Enlarged Cardiomediastinum': None, 'Cardiomegaly': None, 'Lung Opacity': None, 'Lung Lesion': None, 'Edema': None, 'Consolidation': None, 'Pneumonia': None, 'Atelectasis': None, 'Pneumothorax': None, 'Pleural Effusion': None, 'Pleural Other': None, 'Fracture': None, 'Support Devices': None, 'No Finding': None}"
IU_965,965,irrelevant,irrelevant,discount_context,False,True,0.0,0.0,0.0,"{'Enlarged Cardiomediastinum': None, 'Cardiomegaly': None, 'Lung Opacity': None, 'Lung Lesion': None, 'Edema': None, 'Consolidation': None, 'Pneumonia': None, 'Atelectasis': None, 'Pneumothorax': None, 'Pleural Effusion': None, 'Pleural Other': None, 'Fracture': None, 'Support Devices': None, 'No Finding': None}","{'Enlarged Cardiomediastinum': None, 'Cardiomegaly': None, 'Lung Opacity': None, 'Lung Lesion': None, 'Edema': None, 'Consolidation': None, 'Pneumonia': 1, 'Atelectasis': None, 'Pneumothorax': 0, 'Pleural Effusion': None, 'Pleural Other': None, 'Fracture': None, 'Support Devices': None, 'No Finding': 1}","{'Enlarged Cardiomediastinum': None, 'Cardiomegaly': None, 'Lung Opacity': None, 'Lung Lesion': None, 'Edema': 0, 'Consolidation': 0, 'Pneumonia': None, 'Atelectasis': None, 'Pneumothorax': 0, 'Pleural Effusion': 0, 'Pleural Other': None, 'Fracture': None, 'Support Devices': None, 'No Finding': 1}"
IU_965,965,sufficient,sufficient,generate,False,True,0.0,0.0,0.0,"{'Enlarged Cardiomediastinum': None, 'Cardiomegaly': None, 'Lung Opacity': None, 'Lung Lesion': None, 'Edema': None, 'Consolidation': None, 'Pneumonia': None, 'Atelectasis': None, 'Pneumothorax': None, 'Pleural Effusion': None, 'Pleural Other': None, 'Fracture': None, 'Support Devices': None, 'No Finding': None}","{'Enlarged Cardiomediastinum': None, 'Cardiomegaly': None, 'Lung Opacity': None, 'Lung Lesion': None, 'Edema': 0, 'Consolidation': 0, 'Pneumonia': None, 'Atelectasis': None, 'Pneumothorax': 1, 'Pleural Effusion': 0, 'Pleural Other': None, 'Fracture': None, 'Support Devices': None, 'No Finding': None}","{'Enlarged Cardiomediastinum': None, 'Cardiomegaly': None, 'Lung Opacity': None, 'Lung Lesion': None, 'Edema': 0, 'Consolidation': 0, 'Pneumonia': None, 'Atelectasis': None, 'Pneumothorax': 1, 'Pleural Effusion': 0, 'Pleural Other': None, 'Fracture': None, 'Support Devices': None, 'No Finding': None}"
IU_965,965,syntactic_incomplete,incomplete,qualify,False,True,0.0,0.0,0.0,"{'Enlarged Cardiomediastinum': None, 'Cardiomegaly': None, 'Lung Opacity': None, 'Lung Lesion': None, 'Edema': None, 'Consolidation': None, 'Pneumonia': None, 'Atelectasis': None, 'Pneumothorax': None, 'Pleural Effusion': None, 'Pleural Other': None, 'Fracture': None, 'Support Devices': None, 'No Finding': None}","{'Enlarged Cardiomediastinum': None, 'Cardiomegaly': None, 'Lung Opacity': None, 'Lung Lesion': None, 'Edema': 0, 'Consolidation': 0, 'Pneumonia': None, 'Atelectasis': None, 'Pneumothorax': 1, 'Pleural Effusion': 0, 'Pleural Other': None, 'Fracture': None, 'Support Devices': None, 'No Finding': None}","{'Enlarged Cardiomediastinum': None, 'Cardiomegaly': None, 'Lung Opacity': None, 'Lung Lesion': None, 'Edema': 0, 'Consolidation': 0, 'Pneumonia': None, 'Atelectasis': None, 'Pneumothorax': 0, 'Pleural Effusion': 0, 'Pleural Other': None, 'Fracture': None, 'Support Devices': None, 'No Finding': 1}"
IU_975,975,conflicting,conflicting,qualify_or_abstain,False,True,0.0,0.0,0.0,"{'Enlarged Cardiomediastinum': None, 'Cardiomegaly': None, 'Lung Opacity': 0, 'Lung Lesion': None, 'Edema': None, 'Consolidation': None, 'Pneumonia': None, 'Atelectasis': None, 'Pneumothorax': 0, 'Pleural Effusion': 0, 'Pleural Other': None, 'Fracture': None, 'Support Devices': 1, 'No Finding': None}","{'Enlarged Cardiomediastinum': None, 'Cardiomegaly': None, 'Lung Opacity': None, 'Lung Lesion': None, 'Edema': None, 'Consolidation': 0, 'Pneumonia': None, 'Atelectasis': None, 'Pneumothorax': 1, 'Pleural Effusion': 0, 'Pleural Other': None, 'Fracture': None, 'Support Devices': None, 'No Finding': None}","{'Enlarged Cardiomediastinum': None, 'Cardiomegaly': None, 'Lung Opacity': None, 'Lung Lesion': None, 'Edema': None, 'Consolidation': 0, 'Pneumonia': None, 'Atelectasis': None, 'Pneumothorax': 1, 'Pleural Effusion': 0, 'Pleural Other': None, 'Fracture': None, 'Support Devices': None, 'No Finding': None}"
IU_975,975,evidentiary_incomplete,sufficient,generate,False,True,0.0,0.0,0.0,"{'Enlarged Cardiomediastinum': None, 'Cardiomegaly': None, 'Lung Opacity': 0, 'Lung Lesion': None, 'Edema': None, 'Consolidation': None, 'Pneumonia': None, 'Atelectasis': None, 'Pneumothorax': 0, 'Pleural Effusion': 0, 'Pleural Other': None, 'Fracture': None, 'Support Devices': 1, 'No Finding': None}","{'Enlarged Cardiomediastinum': None, 'Cardiomegaly': None, 'Lung Opacity': None, 'Lung Lesion': None, 'Edema': 0, 'Consolidation': 0, 'Pneumonia': None, 'Atelectasis': None, 'Pneumothorax': 0, 'Pleural Effusion': 0, 'Pleural Other': None, 'Fracture': None, 'Support Devices': None, 'No Finding': 1}","{'Enlarged Cardiomediastinum': None, 'Cardiomegaly': None, 'Lung Opacity': None, 'Lung Lesion': None, 'Edema': 0, 'Consolidation': 0, 'Pneumonia': None, 'Atelectasis': None, 'Pneumothorax': 0, 'Pleural Effusion': 0, 'Pleural Other': None, 'Fracture': None, 'Support Devices': None, 'No Finding': 1}"
IU_975,975,insufficient,insufficient,abstain,True,False,0.0,0.0,0.0,"{'Enlarged Cardiomediastinum': None, 'Cardiomegaly': None, 'Lung Opacity': 0, 'Lung Lesion': None, 'Edema': None, 'Consolidation': None, 'Pneumonia': None, 'Atelectasis': None, 'Pneumothorax': 0, 'Pleural Effusion': 0, 'Pleural Other': None, 'Fracture': None, 'Support Devices': 1, 'No Finding': None}","{'Enlarged Cardiomediastinum': None, 'Cardiomegaly': None, 'Lung Opacity': None, 'Lung Lesion': None, 'Edema': 0, 'Consolidation': 0, 'Pneumonia': None, 'Atelectasis': None, 'Pneumothorax': 0, 'Pleural Effusion': 0, 'Pleural Other': None, 'Fracture': None, 'Support Devices': None, 'No Finding': 1}","{'Enlarged Cardiomediastinum': None, 'Cardiomegaly': None, 'Lung Opacity': None, 'Lung Lesion': None, 'Edema': None, 'Consolidation': None, 'Pneumonia': None, 'Atelectasis': None, 'Pneumothorax': None, 'Pleural Effusion': None, 'Pleural Other': None, 'Fracture': None, 'Support Devices': None, 'No Finding': None}"
IU_975,975,irrelevant,irrelevant,discount_context,False,True,0.0,0.0,0.0,"{'Enlarged Cardiomediastinum': None, 'Cardiomegaly': None, 'Lung Opacity': 0, 'Lung Lesion': None, 'Edema': None, 'Consolidation': None, 'Pneumonia': None, 'Atelectasis': None, 'Pneumothorax': 0, 'Pleural Effusion': 0, 'Pleural Other': None, 'Fracture': None, 'Support Devices': 1, 'No Finding': None}","{'Enlarged Cardiomediastinum': None, 'Cardiomegaly': None, 'Lung Opacity': None, 'Lung Lesion': None, 'Edema': None, 'Consolidation': None, 'Pneumonia': None, 'Atelectasis': None, 'Pneumothorax': 0, 'Pleural Effusion': 0, 'Pleural Other': None, 'Fracture': None, 'Support Devices': None, 'No Finding': 1}","{'Enlarged Cardiomediastinum': None, 'Cardiomegaly': None, 'Lung Opacity': None, 'Lung Lesion': None, 'Edema': 0, 'Consolidation': 0, 'Pneumonia': None, 'Atelectasis': None, 'Pneumothorax': 0, 'Pleural Effusion': 0, 'Pleural Other': None, 'Fracture': None, 'Support Devices': None, 'No Finding': 1}"
IU_975,975,sufficient,sufficient,generate,False,True,0.0,0.0,0.0,"{'Enlarged Cardiomediastinum': None, 'Cardiomegaly': None, 'Lung Opacity': 0, 'Lung Lesion': None, 'Edema': None, 'Consolidation': None, 'Pneumonia': None, 'Atelectasis': None, 'Pneumothorax': 0, 'Pleural Effusion': 0, 'Pleural Other': None, 'Fracture': None, 'Support Devices': 1, 'No Finding': None}","{'Enlarged Cardiomediastinum': None, 'Cardiomegaly': None, 'Lung Opacity': None, 'Lung Lesion': None, 'Edema': None, 'Consolidation': 0, 'Pneumonia': None, 'Atelectasis': None, 'Pneumothorax': 1, 'Pleural Effusion': 0, 'Pleural Other': None, 'Fracture': None, 'Support Devices': None, 'No Finding': 1}","{'Enlarged Cardiomediastinum': None, 'Cardiomegaly': None, 'Lung Opacity': None, 'Lung Lesion': None, 'Edema': None, 'Consolidation': 0, 'Pneumonia': None, 'Atelectasis': None, 'Pneumothorax': 1, 'Pleural Effusion': 0, 'Pleural Other': None, 'Fracture': None, 'Support Devices': None, 'No Finding': 1}"
IU_975,975,syntactic_incomplete,incomplete,qualify,False,True,0.0,0.0,0.0,"{'Enlarged Cardiomediastinum': None, 'Cardiomegaly': None, 'Lung Opacity': 0, 'Lung Lesion': None, 'Edema': None, 'Consolidation': None, 'Pneumonia': None, 'Atelectasis': None, 'Pneumothorax': 0, 'Pleural Effusion': 0, 'Pleural Other': None, 'Fracture': None, 'Support Devices': 1, 'No Finding': None}","{'Enlarged Cardiomediastinum': None, 'Cardiomegaly': None, 'Lung Opacity': None, 'Lung Lesion': None, 'Edema': None, 'Consolidation': 0, 'Pneumonia': None, 'Atelectasis': None, 'Pneumothorax': 1, 'Pleural Effusion': 0, 'Pleural Other': None, 'Fracture': None, 'Support Devices': None, 'No Finding': 1}","{'Enlarged Cardiomediastinum': None, 'Cardiomegaly': None, 'Lung Opacity': None, 'Lung Lesion': None, 'Edema': 0, 'Consolidation': 0, 'Pneumonia': None, 'Atelectasis': None, 'Pneumothorax': 0, 'Pleural Effusion': 0, 'Pleural Other': None, 'Fracture': None, 'Support Devices': None, 'No Finding': 1}"
IU_989,989,conflicting,conflicting,qualify_or_abstain,False,True,0.0,0.0,0.0,"{'Enlarged Cardiomediastinum': None, 'Cardiomegaly': None, 'Lung Opacity': None, 'Lung Lesion': None, 'Edema': None, 'Consolidation': None, 'Pneumonia': None, 'Atelectasis': None, 'Pneumothorax': None, 'Pleural Effusion': None, 'Pleural Other': None, 'Fracture': None, 'Support Devices': None, 'No Finding': 1}","{'Enlarged Cardiomediastinum': None, 'Cardiomegaly': None, 'Lung Opacity': None, 'Lung Lesion': None, 'Edema': None, 'Consolidation': None, 'Pneumonia': 1, 'Atelectasis': None, 'Pneumothorax': 0, 'Pleural Effusion': 0, 'Pleural Other': None, 'Fracture': None, 'Support Devices': None, 'No Finding': None}","{'Enlarged Cardiomediastinum': None, 'Cardiomegaly': None, 'Lung Opacity': None, 'Lung Lesion': None, 'Edema': None, 'Consolidation': None, 'Pneumonia': 1, 'Atelectasis': None, 'Pneumothorax': 0, 'Pleural Effusion': 0, 'Pleural Other': None, 'Fracture': None, 'Support Devices': None, 'No Finding': None}"
IU_989,989,evidentiary_incomplete,sufficient,generate,False,True,0.0,0.0,0.0,"{'Enlarged Cardiomediastinum': None, 'Cardiomegaly': None, 'Lung Opacity': None, 'Lung Lesion': None, 'Edema': None, 'Consolidation': None, 'Pneumonia': None, 'Atelectasis': None, 'Pneumothorax': None, 'Pleural Effusion': None, 'Pleural Other': None, 'Fracture': None, 'Support Devices': None, 'No Finding': 1}","{'Enlarged Cardiomediastinum': None, 'Cardiomegaly': None, 'Lung Opacity': None, 'Lung Lesion': None, 'Edema': None, 'Consolidation': None, 'Pneumonia': None, 'Atelectasis': None, 'Pneumothorax': 0, 'Pleural Effusion': 0, 'Pleural Other': None, 'Fracture': None, 'Support Devices': None, 'No Finding': None}","{'Enlarged Cardiomediastinum': None, 'Cardiomegaly': None, 'Lung Opacity': None, 'Lung Lesion': None, 'Edema': None, 'Consolidation': None, 'Pneumonia': None, 'Atelectasis': None, 'Pneumothorax': 0, 'Pleural Effusion': 0, 'Pleural Other': None, 'Fracture': None, 'Support Devices': None, 'No Finding': None}"
IU_989,989,insufficient,insufficient,abstain,True,False,1.0,0.0,-1.0,"{'Enlarged Cardiomediastinum': None, 'Cardiomegaly': None, 'Lung Opacity': None, 'Lung Lesion': None, 'Edema': None, 'Consolidation': None, 'Pneumonia': None, 'Atelectasis': None, 'Pneumothorax': None, 'Pleural Effusion': None, 'Pleural Other': None, 'Fracture': None, 'Support Devices': None, 'No Finding': 1}","{'Enlarged Cardiomediastinum': None, 'Cardiomegaly': None, 'Lung Opacity': None, 'Lung Lesion': None, 'Edema': 0, 'Consolidation': 0, 'Pneumonia': None, 'Atelectasis': None, 'Pneumothorax': 0, 'Pleural Effusion': 0, 'Pleural Other': None, 'Fracture': None, 'Support Devices': None, 'No Finding': 1}","{'Enlarged Cardiomediastinum': None, 'Cardiomegaly': None, 'Lung Opacity': None, 'Lung Lesion': None, 'Edema': None, 'Consolidation': None, 'Pneumonia': None, 'Atelectasis': None, 'Pneumothorax': None, 'Pleural Effusion': None, 'Pleural Other': None, 'Fracture': None, 'Support Devices': None, 'No Finding': None}"
IU_989,989,irrelevant,irrelevant,discount_context,False,True,0.5,1.0,0.5,"{'Enlarged Cardiomediastinum': None, 'Cardiomegaly': None, 'Lung Opacity': None, 'Lung Lesion': None, 'Edema': None, 'Consolidation': None, 'Pneumonia': None, 'Atelectasis': None, 'Pneumothorax': None, 'Pleural Effusion': None, 'Pleural Other': None, 'Fracture': None, 'Support Devices': None, 'No Finding': 1}","{'Enlarged Cardiomediastinum': None, 'Cardiomegaly': None, 'Lung Opacity': None, 'Lung Lesion': None, 'Edema': None, 'Consolidation': None, 'Pneumonia': 1, 'Atelectasis': None, 'Pneumothorax': 0, 'Pleural Effusion': 0, 'Pleural Other': None, 'Fracture': None, 'Support Devices': 1, 'No Finding': 1}","{'Enlarged Cardiomediastinum': None, 'Cardiomegaly': None, 'Lung Opacity': None, 'Lung Lesion': None, 'Edema': 0, 'Consolidation': 0, 'Pneumonia': None, 'Atelectasis': None, 'Pneumothorax': 0, 'Pleural Effusion': 0, 'Pleural Other': None, 'Fracture': None, 'Support Devices': None, 'No Finding': 1}"
IU_989,989,sufficient,sufficient,generate,False,True,0.0,0.0,0.0,"{'Enlarged Cardiomediastinum': None, 'Cardiomegaly': None, 'Lung Opacity': None, 'Lung Lesion': None, 'Edema': None, 'Consolidation': None, 'Pneumonia': None, 'Atelectasis': None, 'Pneumothorax': None, 'Pleural Effusion': None, 'Pleural Other': None, 'Fracture': None, 'Support Devices': None, 'No Finding': 1}","{'Enlarged Cardiomediastinum': None, 'Cardiomegaly': None, 'Lung Opacity': None, 'Lung Lesion': None, 'Edema': None, 'Consolidation': None, 'Pneumonia': None, 'Atelectasis': None, 'Pneumothorax': 0, 'Pleural Effusion': 0, 'Pleural Other': None, 'Fracture': None, 'Support Devices': None, 'No Finding': None}","{'Enlarged Cardiomediastinum': None, 'Cardiomegaly': None, 'Lung Opacity': None, 'Lung Lesion': None, 'Edema': None, 'Consolidation': None, 'Pneumonia': None, 'Atelectasis': None, 'Pneumothorax': 0, 'Pleural Effusion': 0, 'Pleural Other': None, 'Fracture': None, 'Support Devices': None, 'No Finding': None}"
IU_989,989,syntactic_incomplete,incomplete,qualify,False,True,0.0,1.0,1.0,"{'Enlarged Cardiomediastinum': None, 'Cardiomegaly': None, 'Lung Opacity': None, 'Lung Lesion': None, 'Edema': None, 'Consolidation': None, 'Pneumonia': None, 'Atelectasis': None, 'Pneumothorax': None, 'Pleural Effusion': None, 'Pleural Other': None, 'Fracture': None, 'Support Devices': None, 'No Finding': 1}","{'Enlarged Cardiomediastinum': None, 'Cardiomegaly': None, 'Lung Opacity': None, 'Lung Lesion': None, 'Edema': None, 'Consolidation': None, 'Pneumonia': None, 'Atelectasis': None, 'Pneumothorax': 0, 'Pleural Effusion': 0, 'Pleural Other': None, 'Fracture': None, 'Support Devices': None, 'No Finding': None}","{'Enlarged Cardiomediastinum': None, 'Cardiomegaly': None, 'Lung Opacity': None, 'Lung Lesion': None, 'Edema': 0, 'Consolidation': 0, 'Pneumonia': None, 'Atelectasis': None, 'Pneumothorax': 0, 'Pleural Effusion': 0, 'Pleural Other': None, 'Fracture': None, 'Support Devices': None, 'No Finding': 1}"
IU_991,991,conflicting,conflicting,qualify_or_abstain,False,True,0.0,0.0,0.0,"{'Enlarged Cardiomediastinum': None, 'Cardiomegaly': None, 'Lung Opacity': 0, 'Lung Lesion': None, 'Edema': None, 'Consolidation': None, 'Pneumonia': 1, 'Atelectasis': None, 'Pneumothorax': 0, 'Pleural Effusion': 0, 'Pleural Other': None, 'Fracture': None, 'Support Devices': None, 'No Finding': None}","{'Enlarged Cardiomediastinum': None, 'Cardiomegaly': None, 'Lung Opacity': None, 'Lung Lesion': None, 'Edema': None, 'Consolidation': None, 'Pneumonia': None, 'Atelectasis': None, 'Pneumothorax': 1, 'Pleural Effusion': 0, 'Pleural Other': None, 'Fracture': None, 'Support Devices': None, 'No Finding': None}","{'Enlarged Cardiomediastinum': None, 'Cardiomegaly': None, 'Lung Opacity': None, 'Lung Lesion': None, 'Edema': None, 'Consolidation': None, 'Pneumonia': None, 'Atelectasis': None, 'Pneumothorax': 1, 'Pleural Effusion': 0, 'Pleural Other': None, 'Fracture': None, 'Support Devices': None, 'No Finding': None}"
IU_991,991,evidentiary_incomplete,sufficient,generate,False,True,0.0,0.0,0.0,"{'Enlarged Cardiomediastinum': None, 'Cardiomegaly': None, 'Lung Opacity': 0, 'Lung Lesion': None, 'Edema': None, 'Consolidation': None, 'Pneumonia': 1, 'Atelectasis': None, 'Pneumothorax': 0, 'Pleural Effusion': 0, 'Pleural Other': None, 'Fracture': None, 'Support Devices': None, 'No Finding': None}","{'Enlarged Cardiomediastinum': None, 'Cardiomegaly': None, 'Lung Opacity': None, 'Lung Lesion': None, 'Edema': None, 'Consolidation': None, 'Pneumonia': None, 'Atelectasis': None, 'Pneumothorax': 0, 'Pleural Effusion': 0, 'Pleural Other': None, 'Fracture': None, 'Support Devices': None, 'No Finding': 1}","{'Enlarged Cardiomediastinum': None, 'Cardiomegaly': None, 'Lung Opacity': None, 'Lung Lesion': None, 'Edema': None, 'Consolidation': None, 'Pneumonia': None, 'Atelectasis': None, 'Pneumothorax': 0, 'Pleural Effusion': 0, 'Pleural Other': None, 'Fracture': None, 'Support Devices': None, 'No Finding': 1}"
IU_991,991,insufficient,insufficient,abstain,True,False,0.0,0.0,0.0,"{'Enlarged Cardiomediastinum': None, 'Cardiomegaly': None, 'Lung Opacity': 0, 'Lung Lesion': None, 'Edema': None, 'Consolidation': None, 'Pneumonia': 1, 'Atelectasis': None, 'Pneumothorax': 0, 'Pleural Effusion': 0, 'Pleural Other': None, 'Fracture': None, 'Support Devices': None, 'No Finding': None}","{'Enlarged Cardiomediastinum': None, 'Cardiomegaly': None, 'Lung Opacity': None, 'Lung Lesion': None, 'Edema': None, 'Consolidation': None, 'Pneumonia': None, 'Atelectasis': None, 'Pneumothorax': 0, 'Pleural Effusion': 0, 'Pleural Other': None, 'Fracture': None, 'Support Devices': None, 'No Finding': None}","{'Enlarged Cardiomediastinum': None, 'Cardiomegaly': None, 'Lung Opacity': None, 'Lung Lesion': None, 'Edema': None, 'Consolidation': None, 'Pneumonia': None, 'Atelectasis': None, 'Pneumothorax': None, 'Pleural Effusion': None, 'Pleural Other': None, 'Fracture': None, 'Support Devices': None, 'No Finding': None}"
IU_991,991,irrelevant,irrelevant,discount_context,False,True,0.0,0.0,0.0,"{'Enlarged Cardiomediastinum': None, 'Cardiomegaly': None, 'Lung Opacity': 0, 'Lung Lesion': None, 'Edema': None, 'Consolidation': None, 'Pneumonia': 1, 'Atelectasis': None, 'Pneumothorax': 0, 'Pleural Effusion': 0, 'Pleural Other': None, 'Fracture': None, 'Support Devices': None, 'No Finding': None}","{'Enlarged Cardiomediastinum': None, 'Cardiomegaly': None, 'Lung Opacity': None, 'Lung Lesion': None, 'Edema': None, 'Consolidation': None, 'Pneumonia': None, 'Atelectasis': None, 'Pneumothorax': 0, 'Pleural Effusion': 0, 'Pleural Other': None, 'Fracture': None, 'Support Devices': None, 'No Finding': 1}","{'Enlarged Cardiomediastinum': None, 'Cardiomegaly': None, 'Lung Opacity': None, 'Lung Lesion': None, 'Edema': None, 'Consolidation': None, 'Pneumonia': None, 'Atelectasis': None, 'Pneumothorax': 0, 'Pleural Effusion': 0, 'Pleural Other': None, 'Fracture': None, 'Support Devices': None, 'No Finding': None}"
IU_991,991,sufficient,sufficient,generate,False,True,0.5,0.5,0.0,"{'Enlarged Cardiomediastinum': None, 'Cardiomegaly': None, 'Lung Opacity': 0, 'Lung Lesion': None, 'Edema': None, 'Consolidation': None, 'Pneumonia': 1, 'Atelectasis': None, 'Pneumothorax': 0, 'Pleural Effusion': 0, 'Pleural Other': None, 'Fracture': None, 'Support Devices': None, 'No Finding': None}","{'Enlarged Cardiomediastinum': None, 'Cardiomegaly': None, 'Lung Opacity': 1, 'Lung Lesion': None, 'Edema': None, 'Consolidation': None, 'Pneumonia': 1, 'Atelectasis': 1, 'Pneumothorax': 0, 'Pleural Effusion': 0, 'Pleural Other': None, 'Fracture': None, 'Support Devices': None, 'No Finding': None}","{'Enlarged Cardiomediastinum': None, 'Cardiomegaly': None, 'Lung Opacity': 1, 'Lung Lesion': None, 'Edema': None, 'Consolidation': None, 'Pneumonia': 1, 'Atelectasis': 1, 'Pneumothorax': 0, 'Pleural Effusion': 0, 'Pleural Other': None, 'Fracture': None, 'Support Devices': None, 'No Finding': None}"
IU_991,991,syntactic_incomplete,incomplete,qualify,False,True,0.0,0.0,0.0,"{'Enlarged Cardiomediastinum': None, 'Cardiomegaly': None, 'Lung Opacity': 0, 'Lung Lesion': None, 'Edema': None, 'Consolidation': None, 'Pneumonia': 1, 'Atelectasis': None, 'Pneumothorax': 0, 'Pleural Effusion': 0, 'Pleural Other': None, 'Fracture': None, 'Support Devices': None, 'No Finding': None}","{'Enlarged Cardiomediastinum': None, 'Cardiomegaly': None, 'Lung Opacity': None, 'Lung Lesion': None, 'Edema': None, 'Consolidation': None, 'Pneumonia': None, 'Atelectasis': None, 'Pneumothorax': 0, 'Pleural Effusion': 0, 'Pleural Other': None, 'Fracture': None, 'Support Devices': None, 'No Finding': 1}","{'Enlarged Cardiomediastinum': None, 'Cardiomegaly': None, 'Lung Opacity': None, 'Lung Lesion': None, 'Edema': None, 'Consolidation': None, 'Pneumonia': None, 'Atelectasis': None, 'Pneumothorax': 0, 'Pleural Effusion': 0, 'Pleural Other': None, 'Fracture': None, 'Support Devices': None, 'No Finding': None}"
