sample_id,uid,condition,audit_classification,audit_reason,original_context,perturbed_context,findings,impression,frontal_image,lateral_image,source_context_uid,source_context_sample_id,removed_evidence_text,evidentiary_incomplete_method,conflict_target,conflict_method,conflict_source_text,generation_status,generation_failure_reason,condition_total,condition_valid,condition_questionable,condition_invalid,condition_valid_rate
IU_32,32,sufficient,VALID,Original selected-study context is preserved exactly.,WEAKNESS OF MUSCLES; hx XXXX nodules; XXXX for changes in lungs,WEAKNESS OF MUSCLES; hx XXXX nodules; XXXX for changes in lungs,The heart is normal in size. The mediastinum is unremarkable. Mild blunting of right costophrenic XXXX. The lungs are otherwise grossly clear.,No acute disease.,external_data/IU-Xray/images/IU_32_frontal.jpg,external_data/IU-Xray/images/IU_32_lateral.jpg,32,IU_32,,,,,,success,,100.0,100.0,0.0,0.0,1.0
IU_32,32,syntactic_incomplete,VALID,Existing parser detects unfinished syntax (dangling_preposition).,WEAKNESS OF MUSCLES; hx XXXX nodules; XXXX for changes in lungs,WEAKNESS OF,The heart is normal in size. The mediastinum is unremarkable. Mild blunting of right costophrenic XXXX. The lungs are otherwise grossly clear.,No acute disease.,external_data/IU-Xray/images/IU_32_frontal.jpg,external_data/IU-Xray/images/IU_32_lateral.jpg,32,IU_32,,preposition_truncation,,,,success,,100.0,100.0,0.0,0.0,1.0
IU_32,32,evidentiary_incomplete,VALID,"Readable evidence ""WEAKNESS OF MUSCLES"" is removed by clause_clinical_removal; residual is defensible and parser-complete.",WEAKNESS OF MUSCLES; hx XXXX nodules; XXXX for changes in lungs,"hx XXXX nodules, XXXX for changes in lungs.",The heart is normal in size. The mediastinum is unremarkable. Mild blunting of right costophrenic XXXX. The lungs are otherwise grossly clear.,No acute disease.,external_data/IU-Xray/images/IU_32_frontal.jpg,external_data/IU-Xray/images/IU_32_lateral.jpg,32,IU_32,WEAKNESS OF MUSCLES,clause_clinical_removal,,,,success,,100.0,100.0,0.0,0.0,1.0
IU_32,32,irrelevant,VALID,Context provenance matches non-self donor UID 551; overlap screen passes.,WEAKNESS OF MUSCLES; hx XXXX nodules; XXXX for changes in lungs,XXXX XXXX with COPD/emphysema and dyspnea on exertion.,The heart is normal in size. The mediastinum is unremarkable. Mild blunting of right costophrenic XXXX. The lungs are otherwise grossly clear.,No acute disease.,external_data/IU-Xray/images/IU_32_frontal.jpg,external_data/IU-Xray/images/IU_32_lateral.jpg,551,IU_551,,deterministic_screened_donor_assignment,,,,success,,100.0,100.0,0.0,0.0,1.0
IU_32,32,conflicting,VALID,"Explicit opposite polarity: reference NEGATED, context AFFIRMED for cardiomegaly.",WEAKNESS OF MUSCLES; hx XXXX nodules; XXXX for changes in lungs,Cardiomegaly is present.,The heart is normal in size. The mediastinum is unremarkable. Mild blunting of right costophrenic XXXX. The lungs are otherwise grossly clear.,No acute disease.,external_data/IU-Xray/images/IU_32_frontal.jpg,external_data/IU-Xray/images/IU_32_lateral.jpg,32,IU_32,,,cardiomegaly_absence,explicit_reference_polarity_contradiction,the heart is normal in size,success,,100.0,100.0,0.0,0.0,1.0
IU_32,32,insufficient,VALID,Context is empty as required.,WEAKNESS OF MUSCLES; hx XXXX nodules; XXXX for changes in lungs,,The heart is normal in size. The mediastinum is unremarkable. Mild blunting of right costophrenic XXXX. The lungs are otherwise grossly clear.,No acute disease.,external_data/IU-Xray/images/IU_32_frontal.jpg,external_data/IU-Xray/images/IU_32_lateral.jpg,32,IU_32,,,,,,success,,100.0,100.0,0.0,0.0,1.0
IU_36,36,sufficient,VALID,Original selected-study context is preserved exactly.,"XXXX-year-old female with chest pain, rule out pneumonia..","XXXX-year-old female with chest pain, rule out pneumonia..","The lungs are clear bilaterally. Specifically, no evidence of focal consolidation, pneumothorax, or pleural effusion.. Cardio mediastinal silhouette is unremarkable. Visualized osseous structures of the thorax are without acute abnormality.",No acute cardiopulmonary abnormality..,external_data/IU-Xray/images/IU_36_frontal.jpg,external_data/IU-Xray/images/IU_36_lateral.jpg,36,IU_36,,,,,,success,,100.0,100.0,0.0,0.0,1.0
IU_36,36,syntactic_incomplete,VALID,Existing parser detects unfinished syntax (dangling_preposition).,"XXXX-year-old female with chest pain, rule out pneumonia..",XXXX-year-old female with,"The lungs are clear bilaterally. Specifically, no evidence of focal consolidation, pneumothorax, or pleural effusion.. Cardio mediastinal silhouette is unremarkable. Visualized osseous structures of the thorax are without acute abnormality.",No acute cardiopulmonary abnormality..,external_data/IU-Xray/images/IU_36_frontal.jpg,external_data/IU-Xray/images/IU_36_lateral.jpg,36,IU_36,,preposition_truncation,,,,success,,100.0,100.0,0.0,0.0,1.0
IU_36,36,evidentiary_incomplete,VALID,"Readable evidence ""chest pain"" is removed by clause_clinical_removal; residual is defensible and parser-complete.","XXXX-year-old female with chest pain, rule out pneumonia..","XXXX-year-old female, rule out pneumonia.","The lungs are clear bilaterally. Specifically, no evidence of focal consolidation, pneumothorax, or pleural effusion.. Cardio mediastinal silhouette is unremarkable. Visualized osseous structures of the thorax are without acute abnormality.",No acute cardiopulmonary abnormality..,external_data/IU-Xray/images/IU_36_frontal.jpg,external_data/IU-Xray/images/IU_36_lateral.jpg,36,IU_36,chest pain,clause_clinical_removal,,,,success,,100.0,100.0,0.0,0.0,1.0
IU_36,36,irrelevant,VALID,Context provenance matches non-self donor UID 595; overlap screen passes.,"XXXX-year-old female with chest pain, rule out pneumonia..",XXXX-year-old with hypoxia and shortness of breath. XXXX.,"The lungs are clear bilaterally. Specifically, no evidence of focal consolidation, pneumothorax, or pleural effusion.. Cardio mediastinal silhouette is unremarkable. Visualized osseous structures of the thorax are without acute abnormality.",No acute cardiopulmonary abnormality..,external_data/IU-Xray/images/IU_36_frontal.jpg,external_data/IU-Xray/images/IU_36_lateral.jpg,595,IU_595,,deterministic_screened_donor_assignment,,,,success,,100.0,100.0,0.0,0.0,1.0
IU_36,36,conflicting,VALID,"Explicit opposite polarity: reference NEGATED, context AFFIRMED for pneumothorax.","XXXX-year-old female with chest pain, rule out pneumonia..",The patient has a pneumothorax.,"The lungs are clear bilaterally. Specifically, no evidence of focal consolidation, pneumothorax, or pleural effusion.. Cardio mediastinal silhouette is unremarkable. Visualized osseous structures of the thorax are without acute abnormality.",No acute cardiopulmonary abnormality..,external_data/IU-Xray/images/IU_36_frontal.jpg,external_data/IU-Xray/images/IU_36_lateral.jpg,36,IU_36,,,pneumothorax_absence,explicit_reference_polarity_contradiction,"specifically, no evidence of focal consolidation, pneumothorax, or pleural effusion",success,,100.0,100.0,0.0,0.0,1.0
IU_36,36,insufficient,VALID,Context is empty as required.,"XXXX-year-old female with chest pain, rule out pneumonia..",,"The lungs are clear bilaterally. Specifically, no evidence of focal consolidation, pneumothorax, or pleural effusion.. Cardio mediastinal silhouette is unremarkable. Visualized osseous structures of the thorax are without acute abnormality.",No acute cardiopulmonary abnormality..,external_data/IU-Xray/images/IU_36_frontal.jpg,external_data/IU-Xray/images/IU_36_lateral.jpg,36,IU_36,,,,,,success,,100.0,100.0,0.0,0.0,1.0
IU_44,44,sufficient,VALID,Original selected-study context is preserved exactly.,XXXX-year-old with XXXX for 5 days. Previously seen for vomiting and ear pain.,XXXX-year-old with XXXX for 5 days. Previously seen for vomiting and ear pain.,"The heart, pulmonary XXXX and mediastinum are within normal limits. There is no pleural effusion or pneumothorax. There is no focal air space opacity to suggest a pneumonia.",No acute cardiopulmonary disease.,external_data/IU-Xray/images/IU_44_frontal.jpg,,44,IU_44,,,,,,success,,100.0,100.0,0.0,0.0,1.0
IU_44,44,syntactic_incomplete,VALID,Existing parser detects unfinished syntax (dangling_preposition).,XXXX-year-old with XXXX for 5 days. Previously seen for vomiting and ear pain.,XXXX-year-old with,"The heart, pulmonary XXXX and mediastinum are within normal limits. There is no pleural effusion or pneumothorax. There is no focal air space opacity to suggest a pneumonia.",No acute cardiopulmonary disease.,external_data/IU-Xray/images/IU_44_frontal.jpg,,44,IU_44,,preposition_truncation,,,,success,,100.0,100.0,0.0,0.0,1.0
IU_44,44,evidentiary_incomplete,VALID,"Readable evidence ""Previously seen for vomiting"" is removed by clause_clinical_removal; residual is defensible and parser-complete.",XXXX-year-old with XXXX for 5 days. Previously seen for vomiting and ear pain.,"XXXX-year-old, XXXX for 5 days, ear pain.","The heart, pulmonary XXXX and mediastinum are within normal limits. There is no pleural effusion or pneumothorax. There is no focal air space opacity to suggest a pneumonia.",No acute cardiopulmonary disease.,external_data/IU-Xray/images/IU_44_frontal.jpg,,44,IU_44,Previously seen for vomiting,clause_clinical_removal,,,,success,,100.0,100.0,0.0,0.0,1.0
IU_44,44,irrelevant,VALID,Context provenance matches non-self donor UID 1097; overlap screen passes.,XXXX-year-old with XXXX for 5 days. Previously seen for vomiting and ear pain.,XXXX onset shortness of breath. Hypoxia with oxygen saturation at 79% on room air. 98% on 6 liters.,"The heart, pulmonary XXXX and mediastinum are within normal limits. There is no pleural effusion or pneumothorax. There is no focal air space opacity to suggest a pneumonia.",No acute cardiopulmonary disease.,external_data/IU-Xray/images/IU_44_frontal.jpg,,1097,IU_1097,,deterministic_screened_donor_assignment,,,,success,,100.0,100.0,0.0,0.0,1.0
IU_44,44,conflicting,VALID,"Explicit opposite polarity: reference NEGATED, context AFFIRMED for pneumothorax.",XXXX-year-old with XXXX for 5 days. Previously seen for vomiting and ear pain.,The patient has a pneumothorax.,"The heart, pulmonary XXXX and mediastinum are within normal limits. There is no pleural effusion or pneumothorax. There is no focal air space opacity to suggest a pneumonia.",No acute cardiopulmonary disease.,external_data/IU-Xray/images/IU_44_frontal.jpg,,44,IU_44,,,pneumothorax_absence,explicit_reference_polarity_contradiction,there is no pleural effusion or pneumothorax,success,,100.0,100.0,0.0,0.0,1.0
IU_44,44,insufficient,VALID,Context is empty as required.,XXXX-year-old with XXXX for 5 days. Previously seen for vomiting and ear pain.,,"The heart, pulmonary XXXX and mediastinum are within normal limits. There is no pleural effusion or pneumothorax. There is no focal air space opacity to suggest a pneumonia.",No acute cardiopulmonary disease.,external_data/IU-Xray/images/IU_44_frontal.jpg,,44,IU_44,,,,,,success,,100.0,100.0,0.0,0.0,1.0
IU_49,49,sufficient,VALID,Original selected-study context is preserved exactly.,XXXX-year-old with osteoarthritis of the hip scheduled for total hip replacement. Preoperative evaluation.,XXXX-year-old with osteoarthritis of the hip scheduled for total hip replacement. Preoperative evaluation.,"The heart, pulmonary XXXX and mediastinum are within normal limits. There is no pleural effusion or pneumothorax. There is no focal air space opacity to suggest a pneumonia. There are degenerative changes of the thoracic spine. There is a calcified granuloma identified in the right suprahilar region. The aorta is mildly tortuous and ectatic. There is asymmetric right apical smooth pleural thickening. There are severe degenerative changes of the XXXX.",No acute cardiopulmonary disease.,external_data/IU-Xray/images/IU_49_frontal.jpg,external_data/IU-Xray/images/IU_49_lateral.jpg,49,IU_49,,,,,,success,,100.0,100.0,0.0,0.0,1.0
IU_49,49,syntactic_incomplete,VALID,Existing parser detects unfinished syntax (dangling_preposition).,XXXX-year-old with osteoarthritis of the hip scheduled for total hip replacement. Preoperative evaluation.,XXXX-year-old with,"The heart, pulmonary XXXX and mediastinum are within normal limits. There is no pleural effusion or pneumothorax. There is no focal air space opacity to suggest a pneumonia. There are degenerative changes of the thoracic spine. There is a calcified granuloma identified in the right suprahilar region. The aorta is mildly tortuous and ectatic. There is asymmetric right apical smooth pleural thickening. There are severe degenerative changes of the XXXX.",No acute cardiopulmonary disease.,external_data/IU-Xray/images/IU_49_frontal.jpg,external_data/IU-Xray/images/IU_49_lateral.jpg,49,IU_49,,preposition_truncation,,,,success,,100.0,100.0,0.0,0.0,1.0
IU_49,49,evidentiary_incomplete,VALID,"Readable evidence ""osteoarthritis of the hip scheduled for total hip replacement"" is removed by clause_clinical_removal; residual is defensible and parser-complete.",XXXX-year-old with osteoarthritis of the hip scheduled for total hip replacement. Preoperative evaluation.,"XXXX-year-old, Preoperative evaluation.","The heart, pulmonary XXXX and mediastinum are within normal limits. There is no pleural effusion or pneumothorax. There is no focal air space opacity to suggest a pneumonia. There are degenerative changes of the thoracic spine. There is a calcified granuloma identified in the right suprahilar region. The aorta is mildly tortuous and ectatic. There is asymmetric right apical smooth pleural thickening. There are severe degenerative changes of the XXXX.",No acute cardiopulmonary disease.,external_data/IU-Xray/images/IU_49_frontal.jpg,external_data/IU-Xray/images/IU_49_lateral.jpg,49,IU_49,osteoarthritis of the hip scheduled for total hip replacement,clause_clinical_removal,,,,success,,100.0,100.0,0.0,0.0,1.0
IU_49,49,irrelevant,VALID,Context provenance matches non-self donor UID 1001; overlap screen passes.,XXXX-year-old with osteoarthritis of the hip scheduled for total hip replacement. Preoperative evaluation.,"dyspnea, subjective fevers, arthritis, immigrant from Bangladesh","The heart, pulmonary XXXX and mediastinum are within normal limits. There is no pleural effusion or pneumothorax. There is no focal air space opacity to suggest a pneumonia. There are degenerative changes of the thoracic spine. There is a calcified granuloma identified in the right suprahilar region. The aorta is mildly tortuous and ectatic. There is asymmetric right apical smooth pleural thickening. There are severe degenerative changes of the XXXX.",No acute cardiopulmonary disease.,external_data/IU-Xray/images/IU_49_frontal.jpg,external_data/IU-Xray/images/IU_49_lateral.jpg,1001,IU_1001,,deterministic_screened_donor_assignment,,,,success,,100.0,100.0,0.0,0.0,1.0
IU_49,49,conflicting,VALID,"Explicit opposite polarity: reference NEGATED, context AFFIRMED for pneumothorax.",XXXX-year-old with osteoarthritis of the hip scheduled for total hip replacement. Preoperative evaluation.,The patient has a pneumothorax.,"The heart, pulmonary XXXX and mediastinum are within normal limits. There is no pleural effusion or pneumothorax. There is no focal air space opacity to suggest a pneumonia. There are degenerative changes of the thoracic spine. There is a calcified granuloma identified in the right suprahilar region. The aorta is mildly tortuous and ectatic. There is asymmetric right apical smooth pleural thickening. There are severe degenerative changes of the XXXX.",No acute cardiopulmonary disease.,external_data/IU-Xray/images/IU_49_frontal.jpg,external_data/IU-Xray/images/IU_49_lateral.jpg,49,IU_49,,,pneumothorax_absence,explicit_reference_polarity_contradiction,there is no pleural effusion or pneumothorax,success,,100.0,100.0,0.0,0.0,1.0
IU_49,49,insufficient,VALID,Context is empty as required.,XXXX-year-old with osteoarthritis of the hip scheduled for total hip replacement. Preoperative evaluation.,,"The heart, pulmonary XXXX and mediastinum are within normal limits. There is no pleural effusion or pneumothorax. There is no focal air space opacity to suggest a pneumonia. There are degenerative changes of the thoracic spine. There is a calcified granuloma identified in the right suprahilar region. The aorta is mildly tortuous and ectatic. There is asymmetric right apical smooth pleural thickening. There are severe degenerative changes of the XXXX.",No acute cardiopulmonary disease.,external_data/IU-Xray/images/IU_49_frontal.jpg,external_data/IU-Xray/images/IU_49_lateral.jpg,49,IU_49,,,,,,success,,100.0,100.0,0.0,0.0,1.0
IU_53,53,sufficient,VALID,Original selected-study context is preserved exactly.,"Dizziness, hypoxia.","Dizziness, hypoxia.",There extremely low lung volumes. there is right basilar opacity. There is no pneumothorax. There is no large pleural effusion. Cardiac silhouette and mediastinal contours are within normal limits.,"Low lung volumes with right basilar atelectasis. Otherwise, no acute cardiopulmonary disease.",external_data/IU-Xray/images/IU_53_frontal.jpg,external_data/IU-Xray/images/IU_53_lateral.jpg,53,IU_53,,,,,,success,,100.0,100.0,0.0,0.0,1.0
IU_53,53,syntactic_incomplete,VALID,Existing parser detects unfinished syntax (dangling_conjunction).,"Dizziness, hypoxia.","Dizziness, hypoxia and",There extremely low lung volumes. there is right basilar opacity. There is no pneumothorax. There is no large pleural effusion. Cardiac silhouette and mediastinal contours are within normal limits.,"Low lung volumes with right basilar atelectasis. Otherwise, no acute cardiopulmonary disease.",external_data/IU-Xray/images/IU_53_frontal.jpg,external_data/IU-Xray/images/IU_53_lateral.jpg,53,IU_53,,appended_conjunction_fallback,,,,success,,100.0,100.0,0.0,0.0,1.0
IU_53,53,evidentiary_incomplete,VALID,"Readable evidence ""Dizziness"" is removed by clause_clinical_removal; residual is defensible and parser-complete.","Dizziness, hypoxia.",hypoxia.,There extremely low lung volumes. there is right basilar opacity. There is no pneumothorax. There is no large pleural effusion. Cardiac silhouette and mediastinal contours are within normal limits.,"Low lung volumes with right basilar atelectasis. Otherwise, no acute cardiopulmonary disease.",external_data/IU-Xray/images/IU_53_frontal.jpg,external_data/IU-Xray/images/IU_53_lateral.jpg,53,IU_53,Dizziness,clause_clinical_removal,,,,success,,100.0,100.0,0.0,0.0,1.0
IU_53,53,irrelevant,VALID,Context provenance matches non-self donor UID 600; overlap screen passes.,"Dizziness, hypoxia.",XXXX-year-old male. Shortness of breath. Syncope. Seizure.,There extremely low lung volumes. there is right basilar opacity. There is no pneumothorax. There is no large pleural effusion. Cardiac silhouette and mediastinal contours are within normal limits.,"Low lung volumes with right basilar atelectasis. Otherwise, no acute cardiopulmonary disease.",external_data/IU-Xray/images/IU_53_frontal.jpg,external_data/IU-Xray/images/IU_53_lateral.jpg,600,IU_600,,deterministic_screened_donor_assignment,,,,success,,100.0,100.0,0.0,0.0,1.0
IU_53,53,conflicting,VALID,"Explicit opposite polarity: reference NEGATED, context AFFIRMED for pneumothorax.","Dizziness, hypoxia.",The patient has a pneumothorax.,There extremely low lung volumes. there is right basilar opacity. There is no pneumothorax. There is no large pleural effusion. Cardiac silhouette and mediastinal contours are within normal limits.,"Low lung volumes with right basilar atelectasis. Otherwise, no acute cardiopulmonary disease.",external_data/IU-Xray/images/IU_53_frontal.jpg,external_data/IU-Xray/images/IU_53_lateral.jpg,53,IU_53,,,pneumothorax_absence,explicit_reference_polarity_contradiction,there is no pneumothorax,success,,100.0,100.0,0.0,0.0,1.0
IU_53,53,insufficient,VALID,Context is empty as required.,"Dizziness, hypoxia.",,There extremely low lung volumes. there is right basilar opacity. There is no pneumothorax. There is no large pleural effusion. Cardiac silhouette and mediastinal contours are within normal limits.,"Low lung volumes with right basilar atelectasis. Otherwise, no acute cardiopulmonary disease.",external_data/IU-Xray/images/IU_53_frontal.jpg,external_data/IU-Xray/images/IU_53_lateral.jpg,53,IU_53,,,,,,success,,100.0,100.0,0.0,0.0,1.0
IU_66,66,sufficient,VALID,Original selected-study context is preserved exactly.,Hematemesis; BACK PAIN 724.5,Hematemesis; BACK PAIN 724.5,"Chest. Both lungs are clear and expanded with no pleural air collections or parenchymal consolidations. Heart and mediastinum remain normal. Lumbosacral spine. XXXX, disc spaces, and alignment are normal. Sacrum and sacroiliac joints are normal.",1. Chest. No active disease. 2. Lumbar spine negative.,external_data/IU-Xray/images/IU_66_frontal.jpg,external_data/IU-Xray/images/IU_66_lateral.jpg,66,IU_66,,,,,,success,,100.0,100.0,0.0,0.0,1.0
IU_66,66,syntactic_incomplete,VALID,Existing parser detects unfinished syntax (dangling_conjunction).,Hematemesis; BACK PAIN 724.5,Hematemesis; BACK PAIN 724.5 and,"Chest. Both lungs are clear and expanded with no pleural air collections or parenchymal consolidations. Heart and mediastinum remain normal. Lumbosacral spine. XXXX, disc spaces, and alignment are normal. Sacrum and sacroiliac joints are normal.",1. Chest. No active disease. 2. Lumbar spine negative.,external_data/IU-Xray/images/IU_66_frontal.jpg,external_data/IU-Xray/images/IU_66_lateral.jpg,66,IU_66,,appended_conjunction_fallback,,,,success,,100.0,100.0,0.0,0.0,1.0
IU_66,66,evidentiary_incomplete,VALID,"Readable evidence ""Hematemesis"" is removed by clause_clinical_removal; residual is defensible and parser-complete.",Hematemesis; BACK PAIN 724.5,"BACK PAIN 724, 5.","Chest. Both lungs are clear and expanded with no pleural air collections or parenchymal consolidations. Heart and mediastinum remain normal. Lumbosacral spine. XXXX, disc spaces, and alignment are normal. Sacrum and sacroiliac joints are normal.",1. Chest. No active disease. 2. Lumbar spine negative.,external_data/IU-Xray/images/IU_66_frontal.jpg,external_data/IU-Xray/images/IU_66_lateral.jpg,66,IU_66,Hematemesis,clause_clinical_removal,,,,success,,100.0,100.0,0.0,0.0,1.0
IU_66,66,irrelevant,VALID,Context provenance matches non-self donor UID 297; overlap screen passes.,Hematemesis; BACK PAIN 724.5,"Chest pain, dyspnea.","Chest. Both lungs are clear and expanded with no pleural air collections or parenchymal consolidations. Heart and mediastinum remain normal. Lumbosacral spine. XXXX, disc spaces, and alignment are normal. Sacrum and sacroiliac joints are normal.",1. Chest. No active disease. 2. Lumbar spine negative.,external_data/IU-Xray/images/IU_66_frontal.jpg,external_data/IU-Xray/images/IU_66_lateral.jpg,297,IU_297,,deterministic_screened_donor_assignment,,,,success,,100.0,100.0,0.0,0.0,1.0
IU_66,66,conflicting,VALID,"Explicit opposite polarity: reference NEGATED, context AFFIRMED for pneumonia.",Hematemesis; BACK PAIN 724.5,The patient has pneumonia.,"Chest. Both lungs are clear and expanded with no pleural air collections or parenchymal consolidations. Heart and mediastinum remain normal. Lumbosacral spine. XXXX, disc spaces, and alignment are normal. Sacrum and sacroiliac joints are normal.",1. Chest. No active disease. 2. Lumbar spine negative.,external_data/IU-Xray/images/IU_66_frontal.jpg,external_data/IU-Xray/images/IU_66_lateral.jpg,66,IU_66,,,pneumonia_absence,explicit_reference_polarity_contradiction,both lungs are clear and expanded with no pleural air collections or parenchymal consolidations,success,,100.0,100.0,0.0,0.0,1.0
IU_66,66,insufficient,VALID,Context is empty as required.,Hematemesis; BACK PAIN 724.5,,"Chest. Both lungs are clear and expanded with no pleural air collections or parenchymal consolidations. Heart and mediastinum remain normal. Lumbosacral spine. XXXX, disc spaces, and alignment are normal. Sacrum and sacroiliac joints are normal.",1. Chest. No active disease. 2. Lumbar spine negative.,external_data/IU-Xray/images/IU_66_frontal.jpg,external_data/IU-Xray/images/IU_66_lateral.jpg,66,IU_66,,,,,,success,,100.0,100.0,0.0,0.0,1.0
IU_67,67,sufficient,VALID,Original selected-study context is preserved exactly.,"XXXX-year-old, MVA, chest pain","XXXX-year-old, MVA, chest pain",There are low volumes with bronchovascular crowding. No focal infiltrate or effusion. Heart and mediastinal contours within normal limits. No displaced fracture identified.,Low volumes with bronchovascular crowding. No acute abnormality.,external_data/IU-Xray/images/IU_67_frontal.jpg,external_data/IU-Xray/images/IU_67_lateral.jpg,67,IU_67,,,,,,success,,100.0,100.0,0.0,0.0,1.0
IU_67,67,syntactic_incomplete,VALID,Existing parser detects unfinished syntax (dangling_conjunction).,"XXXX-year-old, MVA, chest pain","XXXX-year-old, MVA, chest pain and",There are low volumes with bronchovascular crowding. No focal infiltrate or effusion. Heart and mediastinal contours within normal limits. No displaced fracture identified.,Low volumes with bronchovascular crowding. No acute abnormality.,external_data/IU-Xray/images/IU_67_frontal.jpg,external_data/IU-Xray/images/IU_67_lateral.jpg,67,IU_67,,appended_conjunction_fallback,,,,success,,100.0,100.0,0.0,0.0,1.0
IU_67,67,evidentiary_incomplete,VALID,"Readable evidence ""MVA"" is removed by clause_clinical_removal; residual is defensible and parser-complete.","XXXX-year-old, MVA, chest pain","XXXX-year-old, chest pain.",There are low volumes with bronchovascular crowding. No focal infiltrate or effusion. Heart and mediastinal contours within normal limits. No displaced fracture identified.,Low volumes with bronchovascular crowding. No acute abnormality.,external_data/IU-Xray/images/IU_67_frontal.jpg,external_data/IU-Xray/images/IU_67_lateral.jpg,67,IU_67,MVA,clause_clinical_removal,,,,success,,100.0,100.0,0.0,0.0,1.0
IU_67,67,irrelevant,VALID,Context provenance matches non-self donor UID 965; overlap screen passes.,"XXXX-year-old, MVA, chest pain","Patient with ampullary adenocarcinoma, preoperative evaluation",There are low volumes with bronchovascular crowding. No focal infiltrate or effusion. Heart and mediastinal contours within normal limits. No displaced fracture identified.,Low volumes with bronchovascular crowding. No acute abnormality.,external_data/IU-Xray/images/IU_67_frontal.jpg,external_data/IU-Xray/images/IU_67_lateral.jpg,965,IU_965,,deterministic_screened_donor_assignment,,,,success,,100.0,100.0,0.0,0.0,1.0
IU_67,67,conflicting,VALID,"Explicit opposite polarity: reference NEGATED, context AFFIRMED for pleural_effusion.","XXXX-year-old, MVA, chest pain",The patient has a pleural effusion.,There are low volumes with bronchovascular crowding. No focal infiltrate or effusion. Heart and mediastinal contours within normal limits. No displaced fracture identified.,Low volumes with bronchovascular crowding. No acute abnormality.,external_data/IU-Xray/images/IU_67_frontal.jpg,external_data/IU-Xray/images/IU_67_lateral.jpg,67,IU_67,,,pleural_effusion_absence,explicit_reference_polarity_contradiction,no focal infiltrate or effusion,success,,100.0,100.0,0.0,0.0,1.0
IU_67,67,insufficient,VALID,Context is empty as required.,"XXXX-year-old, MVA, chest pain",,There are low volumes with bronchovascular crowding. No focal infiltrate or effusion. Heart and mediastinal contours within normal limits. No displaced fracture identified.,Low volumes with bronchovascular crowding. No acute abnormality.,external_data/IU-Xray/images/IU_67_frontal.jpg,external_data/IU-Xray/images/IU_67_lateral.jpg,67,IU_67,,,,,,success,,100.0,100.0,0.0,0.0,1.0
IU_74,74,sufficient,VALID,Original selected-study context is preserved exactly.,Bilateral rib pain and shortness of breath.,Bilateral rib pain and shortness of breath.,Lungs appear to be clear other than a calcified granuloma on left. Heart is not enlarged. There are atherosclerotic changes of the aorta. There is increased kyphosis of the thoracic spine and there are multiple XXXX deformities. A stimulator is seen.,No acute pulmonary disease. Multiple thoracic XXXX deformities XXXX due to osteoporosis.,,external_data/IU-Xray/images/IU_74_lateral.jpg,74,IU_74,,,,,,success,,100.0,100.0,0.0,0.0,1.0
IU_74,74,syntactic_incomplete,VALID,Existing parser detects unfinished syntax (dangling_conjunction).,Bilateral rib pain and shortness of breath.,Bilateral rib pain and,Lungs appear to be clear other than a calcified granuloma on left. Heart is not enlarged. There are atherosclerotic changes of the aorta. There is increased kyphosis of the thoracic spine and there are multiple XXXX deformities. A stimulator is seen.,No acute pulmonary disease. Multiple thoracic XXXX deformities XXXX due to osteoporosis.,,external_data/IU-Xray/images/IU_74_lateral.jpg,74,IU_74,,preposition_truncation,,,,success,,100.0,100.0,0.0,0.0,1.0
IU_74,74,evidentiary_incomplete,VALID,"Readable evidence ""Bilateral rib pain"" is removed by clause_clinical_removal; residual is defensible and parser-complete.",Bilateral rib pain and shortness of breath.,shortness of breath.,Lungs appear to be clear other than a calcified granuloma on left. Heart is not enlarged. There are atherosclerotic changes of the aorta. There is increased kyphosis of the thoracic spine and there are multiple XXXX deformities. A stimulator is seen.,No acute pulmonary disease. Multiple thoracic XXXX deformities XXXX due to osteoporosis.,,external_data/IU-Xray/images/IU_74_lateral.jpg,74,IU_74,Bilateral rib pain,clause_clinical_removal,,,,success,,100.0,100.0,0.0,0.0,1.0
IU_74,74,irrelevant,VALID,Context provenance matches non-self donor UID 247; overlap screen passes.,Bilateral rib pain and shortness of breath.,"Chest pain, dyspnea.",Lungs appear to be clear other than a calcified granuloma on left. Heart is not enlarged. There are atherosclerotic changes of the aorta. There is increased kyphosis of the thoracic spine and there are multiple XXXX deformities. A stimulator is seen.,No acute pulmonary disease. Multiple thoracic XXXX deformities XXXX due to osteoporosis.,,external_data/IU-Xray/images/IU_74_lateral.jpg,247,IU_247,,deterministic_screened_donor_assignment,,,,success,,100.0,100.0,0.0,0.0,1.0
IU_74,74,conflicting,VALID,"Explicit opposite polarity: reference NEGATED, context AFFIRMED for pneumonia.",Bilateral rib pain and shortness of breath.,The patient has pneumonia.,Lungs appear to be clear other than a calcified granuloma on left. Heart is not enlarged. There are atherosclerotic changes of the aorta. There is increased kyphosis of the thoracic spine and there are multiple XXXX deformities. A stimulator is seen.,No acute pulmonary disease. Multiple thoracic XXXX deformities XXXX due to osteoporosis.,,external_data/IU-Xray/images/IU_74_lateral.jpg,74,IU_74,,,pneumonia_absence,explicit_reference_polarity_contradiction,no acute pulmonary disease,success,,100.0,100.0,0.0,0.0,1.0
IU_74,74,insufficient,VALID,Context is empty as required.,Bilateral rib pain and shortness of breath.,,Lungs appear to be clear other than a calcified granuloma on left. Heart is not enlarged. There are atherosclerotic changes of the aorta. There is increased kyphosis of the thoracic spine and there are multiple XXXX deformities. A stimulator is seen.,No acute pulmonary disease. Multiple thoracic XXXX deformities XXXX due to osteoporosis.,,external_data/IU-Xray/images/IU_74_lateral.jpg,74,IU_74,,,,,,success,,100.0,100.0,0.0,0.0,1.0
IU_175,175,sufficient,VALID,Original selected-study context is preserved exactly.,Nausea and vomiting,Nausea and vomiting,"Mild cardiomegaly unchanged. Stable superior mediastinal contour with tortuous aorta. Normal pulmonary vascularity. Unchanged elevated right hemidiaphragm with minimal right base subsegmental atelectasis. Minimal XXXX left basal airspace opacity. Unchanged blunting of the right lateral costophrenic XXXX, scarring versus XXXX effusion. No pneumothorax. No acute osseous findings.","Minimal XXXX left base atelectasis/infiltrate. Otherwise, stable exam.",external_data/IU-Xray/images/IU_175_frontal.jpg,,175,IU_175,,,,,,success,,100.0,100.0,0.0,0.0,1.0
IU_175,175,syntactic_incomplete,VALID,Existing parser detects unfinished syntax (dangling_conjunction).,Nausea and vomiting,Nausea and,"Mild cardiomegaly unchanged. Stable superior mediastinal contour with tortuous aorta. Normal pulmonary vascularity. Unchanged elevated right hemidiaphragm with minimal right base subsegmental atelectasis. Minimal XXXX left basal airspace opacity. Unchanged blunting of the right lateral costophrenic XXXX, scarring versus XXXX effusion. No pneumothorax. No acute osseous findings.","Minimal XXXX left base atelectasis/infiltrate. Otherwise, stable exam.",external_data/IU-Xray/images/IU_175_frontal.jpg,,175,IU_175,,preposition_truncation,,,,success,,100.0,100.0,0.0,0.0,1.0
IU_175,175,evidentiary_incomplete,VALID,"Readable evidence ""Nausea"" is removed by clause_clinical_removal; residual is defensible and parser-complete.",Nausea and vomiting,vomiting.,"Mild cardiomegaly unchanged. Stable superior mediastinal contour with tortuous aorta. Normal pulmonary vascularity. Unchanged elevated right hemidiaphragm with minimal right base subsegmental atelectasis. Minimal XXXX left basal airspace opacity. Unchanged blunting of the right lateral costophrenic XXXX, scarring versus XXXX effusion. No pneumothorax. No acute osseous findings.","Minimal XXXX left base atelectasis/infiltrate. Otherwise, stable exam.",external_data/IU-Xray/images/IU_175_frontal.jpg,,175,IU_175,Nausea,clause_clinical_removal,,,,success,,100.0,100.0,0.0,0.0,1.0
IU_175,175,irrelevant,VALID,Context provenance matches non-self donor UID 604; overlap screen passes.,Nausea and vomiting,Bone marrow transplant evaluation. AML.,"Mild cardiomegaly unchanged. Stable superior mediastinal contour with tortuous aorta. Normal pulmonary vascularity. Unchanged elevated right hemidiaphragm with minimal right base subsegmental atelectasis. Minimal XXXX left basal airspace opacity. Unchanged blunting of the right lateral costophrenic XXXX, scarring versus XXXX effusion. No pneumothorax. No acute osseous findings.","Minimal XXXX left base atelectasis/infiltrate. Otherwise, stable exam.",external_data/IU-Xray/images/IU_175_frontal.jpg,,604,IU_604,,deterministic_screened_donor_assignment,,,,success,,100.0,100.0,0.0,0.0,1.0
IU_175,175,conflicting,VALID,"Explicit opposite polarity: reference NEGATED, context AFFIRMED for pneumothorax.",Nausea and vomiting,The patient has a pneumothorax.,"Mild cardiomegaly unchanged. Stable superior mediastinal contour with tortuous aorta. Normal pulmonary vascularity. Unchanged elevated right hemidiaphragm with minimal right base subsegmental atelectasis. Minimal XXXX left basal airspace opacity. Unchanged blunting of the right lateral costophrenic XXXX, scarring versus XXXX effusion. No pneumothorax. No acute osseous findings.","Minimal XXXX left base atelectasis/infiltrate. Otherwise, stable exam.",external_data/IU-Xray/images/IU_175_frontal.jpg,,175,IU_175,,,pneumothorax_absence,explicit_reference_polarity_contradiction,no pneumothorax,success,,100.0,100.0,0.0,0.0,1.0
IU_175,175,insufficient,VALID,Context is empty as required.,Nausea and vomiting,,"Mild cardiomegaly unchanged. Stable superior mediastinal contour with tortuous aorta. Normal pulmonary vascularity. Unchanged elevated right hemidiaphragm with minimal right base subsegmental atelectasis. Minimal XXXX left basal airspace opacity. Unchanged blunting of the right lateral costophrenic XXXX, scarring versus XXXX effusion. No pneumothorax. No acute osseous findings.","Minimal XXXX left base atelectasis/infiltrate. Otherwise, stable exam.",external_data/IU-Xray/images/IU_175_frontal.jpg,,175,IU_175,,,,,,success,,100.0,100.0,0.0,0.0,1.0
IU_185,185,sufficient,VALID,Original selected-study context is preserved exactly.,HYPERTENSION; preop hernia repair,HYPERTENSION; preop hernia repair,The heart is normal in size. The mediastinum is stable. Lungs are mildly hypoinflated. Increased XXXX opacities on lateral projection XXXX reflect bronchovascular crowding. There is no acute infiltrate or pleural effusion.,No acute disease.,external_data/IU-Xray/images/IU_185_frontal.jpg,external_data/IU-Xray/images/IU_185_lateral.jpg,185,IU_185,,,,,,success,,100.0,100.0,0.0,0.0,1.0
IU_185,185,syntactic_incomplete,VALID,Existing parser detects unfinished syntax (dangling_conjunction).,HYPERTENSION; preop hernia repair,HYPERTENSION; preop hernia repair and,The heart is normal in size. The mediastinum is stable. Lungs are mildly hypoinflated. Increased XXXX opacities on lateral projection XXXX reflect bronchovascular crowding. There is no acute infiltrate or pleural effusion.,No acute disease.,external_data/IU-Xray/images/IU_185_frontal.jpg,external_data/IU-Xray/images/IU_185_lateral.jpg,185,IU_185,,appended_conjunction_fallback,,,,success,,100.0,100.0,0.0,0.0,1.0
IU_185,185,evidentiary_incomplete,VALID,"Readable evidence ""HYPERTENSION"" is removed by clause_clinical_removal; residual is defensible and parser-complete.",HYPERTENSION; preop hernia repair,preop hernia repair.,The heart is normal in size. The mediastinum is stable. Lungs are mildly hypoinflated. Increased XXXX opacities on lateral projection XXXX reflect bronchovascular crowding. There is no acute infiltrate or pleural effusion.,No acute disease.,external_data/IU-Xray/images/IU_185_frontal.jpg,external_data/IU-Xray/images/IU_185_lateral.jpg,185,IU_185,HYPERTENSION,clause_clinical_removal,,,,success,,100.0,100.0,0.0,0.0,1.0
IU_185,185,irrelevant,VALID,Context provenance matches non-self donor UID 340; overlap screen passes.,HYPERTENSION; preop hernia repair,"XXXX-year-old female, left arm pain and nausea",The heart is normal in size. The mediastinum is stable. Lungs are mildly hypoinflated. Increased XXXX opacities on lateral projection XXXX reflect bronchovascular crowding. There is no acute infiltrate or pleural effusion.,No acute disease.,external_data/IU-Xray/images/IU_185_frontal.jpg,external_data/IU-Xray/images/IU_185_lateral.jpg,340,IU_340,,deterministic_screened_donor_assignment,,,,success,,100.0,100.0,0.0,0.0,1.0
IU_185,185,conflicting,VALID,"Explicit opposite polarity: reference NEGATED, context AFFIRMED for pleural_effusion.",HYPERTENSION; preop hernia repair,The patient has a pleural effusion.,The heart is normal in size. The mediastinum is stable. Lungs are mildly hypoinflated. Increased XXXX opacities on lateral projection XXXX reflect bronchovascular crowding. There is no acute infiltrate or pleural effusion.,No acute disease.,external_data/IU-Xray/images/IU_185_frontal.jpg,external_data/IU-Xray/images/IU_185_lateral.jpg,185,IU_185,,,pleural_effusion_absence,explicit_reference_polarity_contradiction,there is no acute infiltrate or pleural effusion,success,,100.0,100.0,0.0,0.0,1.0
IU_185,185,insufficient,VALID,Context is empty as required.,HYPERTENSION; preop hernia repair,,The heart is normal in size. The mediastinum is stable. Lungs are mildly hypoinflated. Increased XXXX opacities on lateral projection XXXX reflect bronchovascular crowding. There is no acute infiltrate or pleural effusion.,No acute disease.,external_data/IU-Xray/images/IU_185_frontal.jpg,external_data/IU-Xray/images/IU_185_lateral.jpg,185,IU_185,,,,,,success,,100.0,100.0,0.0,0.0,1.0
IU_190,190,sufficient,VALID,Original selected-study context is preserved exactly.,Right sided rib pain. Rule out infiltrate,Right sided rib pain. Rule out infiltrate,The heart is normal in size. The mediastinum is unremarkable. The lungs are clear. There is no obvious lytic or destructive lesion. No displaced rib fracture is evident.,No acute disease.,external_data/IU-Xray/images/IU_190_frontal.jpg,external_data/IU-Xray/images/IU_190_lateral.jpg,190,IU_190,,,,,,success,,100.0,100.0,0.0,0.0,1.0
IU_190,190,syntactic_incomplete,VALID,Existing parser detects unfinished syntax (dangling_conjunction).,Right sided rib pain. Rule out infiltrate,Right sided rib pain. Rule out infiltrate and,The heart is normal in size. The mediastinum is unremarkable. The lungs are clear. There is no obvious lytic or destructive lesion. No displaced rib fracture is evident.,No acute disease.,external_data/IU-Xray/images/IU_190_frontal.jpg,external_data/IU-Xray/images/IU_190_lateral.jpg,190,IU_190,,appended_conjunction_fallback,,,,success,,100.0,100.0,0.0,0.0,1.0
IU_190,190,evidentiary_incomplete,VALID,"Readable evidence ""Right sided rib pain"" is removed by clause_clinical_removal; residual is defensible and parser-complete.",Right sided rib pain. Rule out infiltrate,Rule out infiltrate.,The heart is normal in size. The mediastinum is unremarkable. The lungs are clear. There is no obvious lytic or destructive lesion. No displaced rib fracture is evident.,No acute disease.,external_data/IU-Xray/images/IU_190_frontal.jpg,external_data/IU-Xray/images/IU_190_lateral.jpg,190,IU_190,Right sided rib pain,clause_clinical_removal,,,,success,,100.0,100.0,0.0,0.0,1.0
IU_190,190,irrelevant,VALID,Context provenance matches non-self donor UID 1059; overlap screen passes.,Right sided rib pain. Rule out infiltrate,History of pneumonia. Hemoptysis.,The heart is normal in size. The mediastinum is unremarkable. The lungs are clear. There is no obvious lytic or destructive lesion. No displaced rib fracture is evident.,No acute disease.,external_data/IU-Xray/images/IU_190_frontal.jpg,external_data/IU-Xray/images/IU_190_lateral.jpg,1059,IU_1059,,deterministic_screened_donor_assignment,,,,success,,100.0,100.0,0.0,0.0,1.0
IU_190,190,conflicting,VALID,"Explicit opposite polarity: reference NEGATED, context AFFIRMED for cardiomegaly.",Right sided rib pain. Rule out infiltrate,Cardiomegaly is present.,The heart is normal in size. The mediastinum is unremarkable. The lungs are clear. There is no obvious lytic or destructive lesion. No displaced rib fracture is evident.,No acute disease.,external_data/IU-Xray/images/IU_190_frontal.jpg,external_data/IU-Xray/images/IU_190_lateral.jpg,190,IU_190,,,cardiomegaly_absence,explicit_reference_polarity_contradiction,the heart is normal in size,success,,100.0,100.0,0.0,0.0,1.0
IU_190,190,insufficient,VALID,Context is empty as required.,Right sided rib pain. Rule out infiltrate,,The heart is normal in size. The mediastinum is unremarkable. The lungs are clear. There is no obvious lytic or destructive lesion. No displaced rib fracture is evident.,No acute disease.,external_data/IU-Xray/images/IU_190_frontal.jpg,external_data/IU-Xray/images/IU_190_lateral.jpg,190,IU_190,,,,,,success,,100.0,100.0,0.0,0.0,1.0
IU_195,195,sufficient,VALID,Original selected-study context is preserved exactly.,XXXX-year-old female with coughing and wheezing.,XXXX-year-old female with coughing and wheezing.,Clear lungs bilaterally. No pneumothorax or pleural effusion. Normal cardiac contours,1. No acute cardiopulmonary abnormalities,external_data/IU-Xray/images/IU_195_frontal.jpg,external_data/IU-Xray/images/IU_195_lateral.jpg,195,IU_195,,,,,,success,,100.0,100.0,0.0,0.0,1.0
IU_195,195,syntactic_incomplete,VALID,Existing parser detects unfinished syntax (dangling_preposition).,XXXX-year-old female with coughing and wheezing.,XXXX-year-old female with,Clear lungs bilaterally. No pneumothorax or pleural effusion. Normal cardiac contours,1. No acute cardiopulmonary abnormalities,external_data/IU-Xray/images/IU_195_frontal.jpg,external_data/IU-Xray/images/IU_195_lateral.jpg,195,IU_195,,preposition_truncation,,,,success,,100.0,100.0,0.0,0.0,1.0
IU_195,195,evidentiary_incomplete,VALID,"Readable evidence ""coughing"" is removed by clause_clinical_removal; residual is defensible and parser-complete.",XXXX-year-old female with coughing and wheezing.,"XXXX-year-old female, wheezing.",Clear lungs bilaterally. No pneumothorax or pleural effusion. Normal cardiac contours,1. No acute cardiopulmonary abnormalities,external_data/IU-Xray/images/IU_195_frontal.jpg,external_data/IU-Xray/images/IU_195_lateral.jpg,195,IU_195,coughing,clause_clinical_removal,,,,success,,100.0,100.0,0.0,0.0,1.0
IU_195,195,irrelevant,VALID,Context provenance matches non-self donor UID 275; overlap screen passes.,XXXX-year-old female with coughing and wheezing.,"Chest pain, dyspnea",Clear lungs bilaterally. No pneumothorax or pleural effusion. Normal cardiac contours,1. No acute cardiopulmonary abnormalities,external_data/IU-Xray/images/IU_195_frontal.jpg,external_data/IU-Xray/images/IU_195_lateral.jpg,275,IU_275,,deterministic_screened_donor_assignment,,,,success,,100.0,100.0,0.0,0.0,1.0
IU_195,195,conflicting,VALID,"Explicit opposite polarity: reference NEGATED, context AFFIRMED for pneumothorax.",XXXX-year-old female with coughing and wheezing.,The patient has a pneumothorax.,Clear lungs bilaterally. No pneumothorax or pleural effusion. Normal cardiac contours,1. No acute cardiopulmonary abnormalities,external_data/IU-Xray/images/IU_195_frontal.jpg,external_data/IU-Xray/images/IU_195_lateral.jpg,195,IU_195,,,pneumothorax_absence,explicit_reference_polarity_contradiction,no pneumothorax or pleural effusion,success,,100.0,100.0,0.0,0.0,1.0
IU_195,195,insufficient,VALID,Context is empty as required.,XXXX-year-old female with coughing and wheezing.,,Clear lungs bilaterally. No pneumothorax or pleural effusion. Normal cardiac contours,1. No acute cardiopulmonary abnormalities,external_data/IU-Xray/images/IU_195_frontal.jpg,external_data/IU-Xray/images/IU_195_lateral.jpg,195,IU_195,,,,,,success,,100.0,100.0,0.0,0.0,1.0
IU_227,227,sufficient,VALID,Original selected-study context is preserved exactly.,"XXXX-year-old male with dyspnea, chest pain","XXXX-year-old male with dyspnea, chest pain","Heart is enlarged. There is prominence of the central pulmonary vasculature. Mild diffuse interstitial opacities bilaterally, predominantly in the bases, with no focal consolidation, pleural effusion, or pneumothoraces. XXXX and soft tissues are unremarkable.",Cardiomegaly with pulmonary interstitial edema and XXXX bilateral pleural effusions. .,external_data/IU-Xray/images/IU_227_frontal.jpg,external_data/IU-Xray/images/IU_227_lateral.jpg,227,IU_227,,,,,,success,,100.0,100.0,0.0,0.0,1.0
IU_227,227,syntactic_incomplete,VALID,Existing parser detects unfinished syntax (dangling_preposition).,"XXXX-year-old male with dyspnea, chest pain",XXXX-year-old male with,"Heart is enlarged. There is prominence of the central pulmonary vasculature. Mild diffuse interstitial opacities bilaterally, predominantly in the bases, with no focal consolidation, pleural effusion, or pneumothoraces. XXXX and soft tissues are unremarkable.",Cardiomegaly with pulmonary interstitial edema and XXXX bilateral pleural effusions. .,external_data/IU-Xray/images/IU_227_frontal.jpg,external_data/IU-Xray/images/IU_227_lateral.jpg,227,IU_227,,preposition_truncation,,,,success,,100.0,100.0,0.0,0.0,1.0
IU_227,227,evidentiary_incomplete,VALID,"Readable evidence ""dyspnea"" is removed by clause_clinical_removal; residual is defensible and parser-complete.","XXXX-year-old male with dyspnea, chest pain","XXXX-year-old male, chest pain.","Heart is enlarged. There is prominence of the central pulmonary vasculature. Mild diffuse interstitial opacities bilaterally, predominantly in the bases, with no focal consolidation, pleural effusion, or pneumothoraces. XXXX and soft tissues are unremarkable.",Cardiomegaly with pulmonary interstitial edema and XXXX bilateral pleural effusions. .,external_data/IU-Xray/images/IU_227_frontal.jpg,external_data/IU-Xray/images/IU_227_lateral.jpg,227,IU_227,dyspnea,clause_clinical_removal,,,,success,,100.0,100.0,0.0,0.0,1.0
IU_227,227,irrelevant,VALID,Context provenance matches non-self donor UID 653; overlap screen passes.,"XXXX-year-old male with dyspnea, chest pain","History of testicular cancer, evaluate for metastatic disease","Heart is enlarged. There is prominence of the central pulmonary vasculature. Mild diffuse interstitial opacities bilaterally, predominantly in the bases, with no focal consolidation, pleural effusion, or pneumothoraces. XXXX and soft tissues are unremarkable.",Cardiomegaly with pulmonary interstitial edema and XXXX bilateral pleural effusions. .,external_data/IU-Xray/images/IU_227_frontal.jpg,external_data/IU-Xray/images/IU_227_lateral.jpg,653,IU_653,,deterministic_screened_donor_assignment,,,,success,,100.0,100.0,0.0,0.0,1.0
IU_227,227,conflicting,VALID,"Explicit opposite polarity: reference NEGATED, context AFFIRMED for pneumothorax.","XXXX-year-old male with dyspnea, chest pain",The patient has a pneumothorax.,"Heart is enlarged. There is prominence of the central pulmonary vasculature. Mild diffuse interstitial opacities bilaterally, predominantly in the bases, with no focal consolidation, pleural effusion, or pneumothoraces. XXXX and soft tissues are unremarkable.",Cardiomegaly with pulmonary interstitial edema and XXXX bilateral pleural effusions. .,external_data/IU-Xray/images/IU_227_frontal.jpg,external_data/IU-Xray/images/IU_227_lateral.jpg,227,IU_227,,,pneumothorax_absence,explicit_reference_polarity_contradiction,"mild diffuse interstitial opacities bilaterally, predominantly in the bases, with no focal consolidation, pleural effusion, or pneumothoraces",success,,100.0,100.0,0.0,0.0,1.0
IU_227,227,insufficient,VALID,Context is empty as required.,"XXXX-year-old male with dyspnea, chest pain",,"Heart is enlarged. There is prominence of the central pulmonary vasculature. Mild diffuse interstitial opacities bilaterally, predominantly in the bases, with no focal consolidation, pleural effusion, or pneumothoraces. XXXX and soft tissues are unremarkable.",Cardiomegaly with pulmonary interstitial edema and XXXX bilateral pleural effusions. .,external_data/IU-Xray/images/IU_227_frontal.jpg,external_data/IU-Xray/images/IU_227_lateral.jpg,227,IU_227,,,,,,success,,100.0,100.0,0.0,0.0,1.0
IU_247,247,sufficient,VALID,Original selected-study context is preserved exactly.,"Chest pain, dyspnea.","Chest pain, dyspnea.",The cardiomediastinal silhouette is normal in size and contour. Lungs are clear without focal areas of consolidation. No pneumothorax or large pleural effusion. No acute bone abnormality.,No acute cardiopulmonary process.,external_data/IU-Xray/images/IU_247_frontal.jpg,external_data/IU-Xray/images/IU_247_lateral.jpg,247,IU_247,,,,,,success,,100.0,100.0,0.0,0.0,1.0
IU_247,247,syntactic_incomplete,VALID,Existing parser detects unfinished syntax (dangling_conjunction).,"Chest pain, dyspnea.","Chest pain, dyspnea and",The cardiomediastinal silhouette is normal in size and contour. Lungs are clear without focal areas of consolidation. No pneumothorax or large pleural effusion. No acute bone abnormality.,No acute cardiopulmonary process.,external_data/IU-Xray/images/IU_247_frontal.jpg,external_data/IU-Xray/images/IU_247_lateral.jpg,247,IU_247,,appended_conjunction_fallback,,,,success,,100.0,100.0,0.0,0.0,1.0
IU_247,247,evidentiary_incomplete,VALID,"Readable evidence ""Chest pain"" is removed by clause_clinical_removal; residual is defensible and parser-complete.","Chest pain, dyspnea.",dyspnea.,The cardiomediastinal silhouette is normal in size and contour. Lungs are clear without focal areas of consolidation. No pneumothorax or large pleural effusion. No acute bone abnormality.,No acute cardiopulmonary process.,external_data/IU-Xray/images/IU_247_frontal.jpg,external_data/IU-Xray/images/IU_247_lateral.jpg,247,IU_247,Chest pain,clause_clinical_removal,,,,success,,100.0,100.0,0.0,0.0,1.0
IU_247,247,irrelevant,VALID,Context provenance matches non-self donor UID 594; overlap screen passes.,"Chest pain, dyspnea.","Pain, weakness",The cardiomediastinal silhouette is normal in size and contour. Lungs are clear without focal areas of consolidation. No pneumothorax or large pleural effusion. No acute bone abnormality.,No acute cardiopulmonary process.,external_data/IU-Xray/images/IU_247_frontal.jpg,external_data/IU-Xray/images/IU_247_lateral.jpg,594,IU_594,,deterministic_screened_donor_assignment,,,,success,,100.0,100.0,0.0,0.0,1.0
IU_247,247,conflicting,VALID,"Explicit opposite polarity: reference NEGATED, context AFFIRMED for pneumothorax.","Chest pain, dyspnea.",The patient has a pneumothorax.,The cardiomediastinal silhouette is normal in size and contour. Lungs are clear without focal areas of consolidation. No pneumothorax or large pleural effusion. No acute bone abnormality.,No acute cardiopulmonary process.,external_data/IU-Xray/images/IU_247_frontal.jpg,external_data/IU-Xray/images/IU_247_lateral.jpg,247,IU_247,,,pneumothorax_absence,explicit_reference_polarity_contradiction,no pneumothorax or large pleural effusion,success,,100.0,100.0,0.0,0.0,1.0
IU_247,247,insufficient,VALID,Context is empty as required.,"Chest pain, dyspnea.",,The cardiomediastinal silhouette is normal in size and contour. Lungs are clear without focal areas of consolidation. No pneumothorax or large pleural effusion. No acute bone abnormality.,No acute cardiopulmonary process.,external_data/IU-Xray/images/IU_247_frontal.jpg,external_data/IU-Xray/images/IU_247_lateral.jpg,247,IU_247,,,,,,success,,100.0,100.0,0.0,0.0,1.0
IU_253,253,sufficient,VALID,Original selected-study context is preserved exactly.,"XXXX-year-old male, status post chest tube with pneumothorax","XXXX-year-old male, status post chest tube with pneumothorax",Redemonstration of moderate left pneumothorax which is unchanged from comparison. Left pleural catheter is again seen overlying the left upper lung at the level of the left 5th and 6th ribs. No focal consolidation. Cardiomediastinal silhouette is normal.,No change in moderate left pneumothorax with left pleural drainage catheter again seen overlying the left upper lung.,external_data/IU-Xray/images/IU_253_frontal.jpg,external_data/IU-Xray/images/IU_253_lateral.jpg,253,IU_253,,,,,,success,,100.0,100.0,0.0,0.0,1.0
IU_253,253,syntactic_incomplete,VALID,Existing parser detects unfinished syntax (dangling_preposition).,"XXXX-year-old male, status post chest tube with pneumothorax","XXXX-year-old male, status post chest tube with",Redemonstration of moderate left pneumothorax which is unchanged from comparison. Left pleural catheter is again seen overlying the left upper lung at the level of the left 5th and 6th ribs. No focal consolidation. Cardiomediastinal silhouette is normal.,No change in moderate left pneumothorax with left pleural drainage catheter again seen overlying the left upper lung.,external_data/IU-Xray/images/IU_253_frontal.jpg,external_data/IU-Xray/images/IU_253_lateral.jpg,253,IU_253,,preposition_truncation,,,,success,,100.0,100.0,0.0,0.0,1.0
IU_253,253,evidentiary_incomplete,VALID,"Readable evidence ""status post chest tube"" is removed by clause_clinical_removal; residual is defensible and parser-complete.","XXXX-year-old male, status post chest tube with pneumothorax","XXXX-year-old male, pneumothorax.",Redemonstration of moderate left pneumothorax which is unchanged from comparison. Left pleural catheter is again seen overlying the left upper lung at the level of the left 5th and 6th ribs. No focal consolidation. Cardiomediastinal silhouette is normal.,No change in moderate left pneumothorax with left pleural drainage catheter again seen overlying the left upper lung.,external_data/IU-Xray/images/IU_253_frontal.jpg,external_data/IU-Xray/images/IU_253_lateral.jpg,253,IU_253,status post chest tube,clause_clinical_removal,,,,success,,100.0,100.0,0.0,0.0,1.0
IU_253,253,irrelevant,VALID,Context provenance matches non-self donor UID 388; overlap screen passes.,"XXXX-year-old male, status post chest tube with pneumothorax","Abnormal breath sounds, high blood pressure",Redemonstration of moderate left pneumothorax which is unchanged from comparison. Left pleural catheter is again seen overlying the left upper lung at the level of the left 5th and 6th ribs. No focal consolidation. Cardiomediastinal silhouette is normal.,No change in moderate left pneumothorax with left pleural drainage catheter again seen overlying the left upper lung.,external_data/IU-Xray/images/IU_253_frontal.jpg,external_data/IU-Xray/images/IU_253_lateral.jpg,388,IU_388,,deterministic_screened_donor_assignment,,,,success,,100.0,100.0,0.0,0.0,1.0
IU_253,253,conflicting,VALID,"Explicit opposite polarity: reference AFFIRMED, context NEGATED for pneumothorax.","XXXX-year-old male, status post chest tube with pneumothorax",No pneumothorax is suspected.,Redemonstration of moderate left pneumothorax which is unchanged from comparison. Left pleural catheter is again seen overlying the left upper lung at the level of the left 5th and 6th ribs. No focal consolidation. Cardiomediastinal silhouette is normal.,No change in moderate left pneumothorax with left pleural drainage catheter again seen overlying the left upper lung.,external_data/IU-Xray/images/IU_253_frontal.jpg,external_data/IU-Xray/images/IU_253_lateral.jpg,253,IU_253,,,pneumothorax_presence,explicit_reference_polarity_contradiction,redemonstration of moderate left pneumothorax which is unchanged from comparison | no change in moderate left pneumothorax with left pleural drainage catheter again seen overlying the left upper lung,success,,100.0,100.0,0.0,0.0,1.0
IU_253,253,insufficient,VALID,Context is empty as required.,"XXXX-year-old male, status post chest tube with pneumothorax",,Redemonstration of moderate left pneumothorax which is unchanged from comparison. Left pleural catheter is again seen overlying the left upper lung at the level of the left 5th and 6th ribs. No focal consolidation. Cardiomediastinal silhouette is normal.,No change in moderate left pneumothorax with left pleural drainage catheter again seen overlying the left upper lung.,external_data/IU-Xray/images/IU_253_frontal.jpg,external_data/IU-Xray/images/IU_253_lateral.jpg,253,IU_253,,,,,,success,,100.0,100.0,0.0,0.0,1.0
IU_254,254,sufficient,VALID,Original selected-study context is preserved exactly.,"XXXX-year-old female MVA, chest pain","XXXX-year-old female MVA, chest pain",Lungs are clear. Heart size normal. Scattered thoracic spine spurring.,No acute cardiopulmonary finding.,external_data/IU-Xray/images/IU_254_frontal.jpg,external_data/IU-Xray/images/IU_254_lateral.jpg,254,IU_254,,,,,,success,,100.0,100.0,0.0,0.0,1.0
IU_254,254,syntactic_incomplete,VALID,Existing parser detects unfinished syntax (dangling_conjunction).,"XXXX-year-old female MVA, chest pain","XXXX-year-old female MVA, chest pain and",Lungs are clear. Heart size normal. Scattered thoracic spine spurring.,No acute cardiopulmonary finding.,external_data/IU-Xray/images/IU_254_frontal.jpg,external_data/IU-Xray/images/IU_254_lateral.jpg,254,IU_254,,appended_conjunction_fallback,,,,success,,100.0,100.0,0.0,0.0,1.0
IU_254,254,evidentiary_incomplete,VALID,"Readable evidence ""XXXX-year-old female MVA"" is removed by clause_clinical_removal; residual is defensible and parser-complete.","XXXX-year-old female MVA, chest pain",chest pain.,Lungs are clear. Heart size normal. Scattered thoracic spine spurring.,No acute cardiopulmonary finding.,external_data/IU-Xray/images/IU_254_frontal.jpg,external_data/IU-Xray/images/IU_254_lateral.jpg,254,IU_254,XXXX-year-old female MVA,clause_clinical_removal,,,,success,,100.0,100.0,0.0,0.0,1.0
IU_254,254,irrelevant,VALID,Context provenance matches non-self donor UID 729; overlap screen passes.,"XXXX-year-old female MVA, chest pain",XXXX-year-old woman with chest pain and shortness of breath..,Lungs are clear. Heart size normal. Scattered thoracic spine spurring.,No acute cardiopulmonary finding.,external_data/IU-Xray/images/IU_254_frontal.jpg,external_data/IU-Xray/images/IU_254_lateral.jpg,729,IU_729,,deterministic_screened_donor_assignment,,,,success,,100.0,100.0,0.0,0.0,1.0
IU_254,254,conflicting,VALID,"Explicit opposite polarity: reference NEGATED, context AFFIRMED for pneumonia.","XXXX-year-old female MVA, chest pain",The patient has pneumonia.,Lungs are clear. Heart size normal. Scattered thoracic spine spurring.,No acute cardiopulmonary finding.,external_data/IU-Xray/images/IU_254_frontal.jpg,external_data/IU-Xray/images/IU_254_lateral.jpg,254,IU_254,,,pneumonia_absence,explicit_reference_polarity_contradiction,lungs are clear | no acute cardiopulmonary finding,success,,100.0,100.0,0.0,0.0,1.0
IU_254,254,insufficient,VALID,Context is empty as required.,"XXXX-year-old female MVA, chest pain",,Lungs are clear. Heart size normal. Scattered thoracic spine spurring.,No acute cardiopulmonary finding.,external_data/IU-Xray/images/IU_254_frontal.jpg,external_data/IU-Xray/images/IU_254_lateral.jpg,254,IU_254,,,,,,success,,100.0,100.0,0.0,0.0,1.0
IU_270,270,sufficient,VALID,Original selected-study context is preserved exactly.,"Chest pain, renal failure. Anterior chest pain. Dehydrated, EtOH.","Chest pain, renal failure. Anterior chest pain. Dehydrated, EtOH.","The cardiomediastinal silhouette and pulmonary vasculature are within normal limits in size. The lungs are clear of focal airspace disease, pneumothorax, or pleural effusion. There are no acute bony findings.",No acute cardiopulmonary findings. .,external_data/IU-Xray/images/IU_270_frontal.jpg,external_data/IU-Xray/images/IU_270_lateral.jpg,270,IU_270,,,,,,success,,100.0,100.0,0.0,0.0,1.0
IU_270,270,syntactic_incomplete,VALID,Existing parser detects unfinished syntax (dangling_conjunction).,"Chest pain, renal failure. Anterior chest pain. Dehydrated, EtOH.","Chest pain, renal failure. Anterior chest pain. Dehydrated, EtOH and","The cardiomediastinal silhouette and pulmonary vasculature are within normal limits in size. The lungs are clear of focal airspace disease, pneumothorax, or pleural effusion. There are no acute bony findings.",No acute cardiopulmonary findings. .,external_data/IU-Xray/images/IU_270_frontal.jpg,external_data/IU-Xray/images/IU_270_lateral.jpg,270,IU_270,,appended_conjunction_fallback,,,,success,,100.0,100.0,0.0,0.0,1.0
IU_270,270,evidentiary_incomplete,VALID,"Readable evidence ""Chest pain"" is removed by clause_clinical_removal; residual is defensible and parser-complete.","Chest pain, renal failure. Anterior chest pain. Dehydrated, EtOH.","renal failure, Anterior chest pain, Dehydrated, EtOH.","The cardiomediastinal silhouette and pulmonary vasculature are within normal limits in size. The lungs are clear of focal airspace disease, pneumothorax, or pleural effusion. There are no acute bony findings.",No acute cardiopulmonary findings. .,external_data/IU-Xray/images/IU_270_frontal.jpg,external_data/IU-Xray/images/IU_270_lateral.jpg,270,IU_270,Chest pain,clause_clinical_removal,,,,success,,100.0,100.0,0.0,0.0,1.0
IU_270,270,irrelevant,VALID,Context provenance matches non-self donor UID 458; overlap screen passes.,"Chest pain, renal failure. Anterior chest pain. Dehydrated, EtOH.",XXXX H/O SMOKING XXXX FOR CAUSES. PAIN IN NECK AND XXXX.,"The cardiomediastinal silhouette and pulmonary vasculature are within normal limits in size. The lungs are clear of focal airspace disease, pneumothorax, or pleural effusion. There are no acute bony findings.",No acute cardiopulmonary findings. .,external_data/IU-Xray/images/IU_270_frontal.jpg,external_data/IU-Xray/images/IU_270_lateral.jpg,458,IU_458,,deterministic_screened_donor_assignment,,,,success,,100.0,100.0,0.0,0.0,1.0
IU_270,270,conflicting,VALID,"Explicit opposite polarity: reference AFFIRMED, context NEGATED for pneumothorax.","Chest pain, renal failure. Anterior chest pain. Dehydrated, EtOH.",No pneumothorax is suspected.,"The cardiomediastinal silhouette and pulmonary vasculature are within normal limits in size. The lungs are clear of focal airspace disease, pneumothorax, or pleural effusion. There are no acute bony findings.",No acute cardiopulmonary findings. .,external_data/IU-Xray/images/IU_270_frontal.jpg,external_data/IU-Xray/images/IU_270_lateral.jpg,270,IU_270,,,pneumothorax_presence,explicit_reference_polarity_contradiction,"the lungs are clear of focal airspace disease, pneumothorax, or pleural effusion",success,,100.0,100.0,0.0,0.0,1.0
IU_270,270,insufficient,VALID,Context is empty as required.,"Chest pain, renal failure. Anterior chest pain. Dehydrated, EtOH.",,"The cardiomediastinal silhouette and pulmonary vasculature are within normal limits in size. The lungs are clear of focal airspace disease, pneumothorax, or pleural effusion. There are no acute bony findings.",No acute cardiopulmonary findings. .,external_data/IU-Xray/images/IU_270_frontal.jpg,external_data/IU-Xray/images/IU_270_lateral.jpg,270,IU_270,,,,,,success,,100.0,100.0,0.0,0.0,1.0
IU_275,275,sufficient,VALID,Original selected-study context is preserved exactly.,"Chest pain, dyspnea","Chest pain, dyspnea","Lungs are clear bilaterally. There is no focal consolidation, pleural effusion, or pneumothoraces. Cardiomediastinal silhouette is within normal limits. XXXX are unremarkable.",No acute cardiopulmonary abnormality.,external_data/IU-Xray/images/IU_275_frontal.jpg,external_data/IU-Xray/images/IU_275_lateral.jpg,275,IU_275,,,,,,success,,100.0,100.0,0.0,0.0,1.0
IU_275,275,syntactic_incomplete,VALID,Existing parser detects unfinished syntax (dangling_conjunction).,"Chest pain, dyspnea","Chest pain, dyspnea and","Lungs are clear bilaterally. There is no focal consolidation, pleural effusion, or pneumothoraces. Cardiomediastinal silhouette is within normal limits. XXXX are unremarkable.",No acute cardiopulmonary abnormality.,external_data/IU-Xray/images/IU_275_frontal.jpg,external_data/IU-Xray/images/IU_275_lateral.jpg,275,IU_275,,appended_conjunction_fallback,,,,success,,100.0,100.0,0.0,0.0,1.0
IU_275,275,evidentiary_incomplete,VALID,"Readable evidence ""Chest pain"" is removed by clause_clinical_removal; residual is defensible and parser-complete.","Chest pain, dyspnea",dyspnea.,"Lungs are clear bilaterally. There is no focal consolidation, pleural effusion, or pneumothoraces. Cardiomediastinal silhouette is within normal limits. XXXX are unremarkable.",No acute cardiopulmonary abnormality.,external_data/IU-Xray/images/IU_275_frontal.jpg,external_data/IU-Xray/images/IU_275_lateral.jpg,275,IU_275,Chest pain,clause_clinical_removal,,,,success,,100.0,100.0,0.0,0.0,1.0
IU_275,275,irrelevant,VALID,Context provenance matches non-self donor UID 313; overlap screen passes.,"Chest pain, dyspnea","Slurred speech, confusion, weakness, shortness of breath.","Lungs are clear bilaterally. There is no focal consolidation, pleural effusion, or pneumothoraces. Cardiomediastinal silhouette is within normal limits. XXXX are unremarkable.",No acute cardiopulmonary abnormality.,external_data/IU-Xray/images/IU_275_frontal.jpg,external_data/IU-Xray/images/IU_275_lateral.jpg,313,IU_313,,deterministic_screened_donor_assignment,,,,success,,100.0,100.0,0.0,0.0,1.0
IU_275,275,conflicting,VALID,"Explicit opposite polarity: reference NEGATED, context AFFIRMED for pneumothorax.","Chest pain, dyspnea",The patient has a pneumothorax.,"Lungs are clear bilaterally. There is no focal consolidation, pleural effusion, or pneumothoraces. Cardiomediastinal silhouette is within normal limits. XXXX are unremarkable.",No acute cardiopulmonary abnormality.,external_data/IU-Xray/images/IU_275_frontal.jpg,external_data/IU-Xray/images/IU_275_lateral.jpg,275,IU_275,,,pneumothorax_absence,explicit_reference_polarity_contradiction,"there is no focal consolidation, pleural effusion, or pneumothoraces",success,,100.0,100.0,0.0,0.0,1.0
IU_275,275,insufficient,VALID,Context is empty as required.,"Chest pain, dyspnea",,"Lungs are clear bilaterally. There is no focal consolidation, pleural effusion, or pneumothoraces. Cardiomediastinal silhouette is within normal limits. XXXX are unremarkable.",No acute cardiopulmonary abnormality.,external_data/IU-Xray/images/IU_275_frontal.jpg,external_data/IU-Xray/images/IU_275_lateral.jpg,275,IU_275,,,,,,success,,100.0,100.0,0.0,0.0,1.0
IU_282,282,sufficient,VALID,Original selected-study context is preserved exactly.,"Preop hernia repair, asthma.","Preop hernia repair, asthma.","Mediastinal contours are within normal limits. Heart size is within normal limits. No focal consolidation, pneumothorax or pleural effusion.",No acute cardiopulmonary abnormality.,external_data/IU-Xray/images/IU_282_frontal.jpg,external_data/IU-Xray/images/IU_282_lateral.jpg,282,IU_282,,,,,,success,,100.0,100.0,0.0,0.0,1.0
IU_282,282,syntactic_incomplete,VALID,Existing parser detects unfinished syntax (dangling_conjunction).,"Preop hernia repair, asthma.","Preop hernia repair, asthma and","Mediastinal contours are within normal limits. Heart size is within normal limits. No focal consolidation, pneumothorax or pleural effusion.",No acute cardiopulmonary abnormality.,external_data/IU-Xray/images/IU_282_frontal.jpg,external_data/IU-Xray/images/IU_282_lateral.jpg,282,IU_282,,appended_conjunction_fallback,,,,success,,100.0,100.0,0.0,0.0,1.0
IU_282,282,evidentiary_incomplete,VALID,"Readable evidence ""Preop hernia repair"" is removed by clause_clinical_removal; residual is defensible and parser-complete.","Preop hernia repair, asthma.",asthma.,"Mediastinal contours are within normal limits. Heart size is within normal limits. No focal consolidation, pneumothorax or pleural effusion.",No acute cardiopulmonary abnormality.,external_data/IU-Xray/images/IU_282_frontal.jpg,external_data/IU-Xray/images/IU_282_lateral.jpg,282,IU_282,Preop hernia repair,clause_clinical_removal,,,,success,,100.0,100.0,0.0,0.0,1.0
IU_282,282,irrelevant,VALID,Context provenance matches non-self donor UID 175; overlap screen passes.,"Preop hernia repair, asthma.",Nausea and vomiting,"Mediastinal contours are within normal limits. Heart size is within normal limits. No focal consolidation, pneumothorax or pleural effusion.",No acute cardiopulmonary abnormality.,external_data/IU-Xray/images/IU_282_frontal.jpg,external_data/IU-Xray/images/IU_282_lateral.jpg,175,IU_175,,deterministic_screened_donor_assignment,,,,success,,100.0,100.0,0.0,0.0,1.0
IU_282,282,conflicting,VALID,"Explicit opposite polarity: reference NEGATED, context AFFIRMED for pneumothorax.","Preop hernia repair, asthma.",The patient has a pneumothorax.,"Mediastinal contours are within normal limits. Heart size is within normal limits. No focal consolidation, pneumothorax or pleural effusion.",No acute cardiopulmonary abnormality.,external_data/IU-Xray/images/IU_282_frontal.jpg,external_data/IU-Xray/images/IU_282_lateral.jpg,282,IU_282,,,pneumothorax_absence,explicit_reference_polarity_contradiction,"no focal consolidation, pneumothorax or pleural effusion",success,,100.0,100.0,0.0,0.0,1.0
IU_282,282,insufficient,VALID,Context is empty as required.,"Preop hernia repair, asthma.",,"Mediastinal contours are within normal limits. Heart size is within normal limits. No focal consolidation, pneumothorax or pleural effusion.",No acute cardiopulmonary abnormality.,external_data/IU-Xray/images/IU_282_frontal.jpg,external_data/IU-Xray/images/IU_282_lateral.jpg,282,IU_282,,,,,,success,,100.0,100.0,0.0,0.0,1.0
IU_287,287,sufficient,VALID,Original selected-study context is preserved exactly.,"Dyspnea, nausea and vomiting, XXXX","Dyspnea, nausea and vomiting, XXXX",Heart size is normal. The lungs are grossly clear. No pleural effusions or pneumothoraces. The hilar and mediastinal contours are stable. Normal pulmonary vascularity. No overt edema.,No acute abnormality.,external_data/IU-Xray/images/IU_287_frontal.jpg,external_data/IU-Xray/images/IU_287_lateral.jpg,287,IU_287,,,,,,success,,100.0,100.0,0.0,0.0,1.0
IU_287,287,syntactic_incomplete,VALID,Existing parser detects unfinished syntax (dangling_conjunction).,"Dyspnea, nausea and vomiting, XXXX","Dyspnea, nausea and",Heart size is normal. The lungs are grossly clear. No pleural effusions or pneumothoraces. The hilar and mediastinal contours are stable. Normal pulmonary vascularity. No overt edema.,No acute abnormality.,external_data/IU-Xray/images/IU_287_frontal.jpg,external_data/IU-Xray/images/IU_287_lateral.jpg,287,IU_287,,preposition_truncation,,,,success,,100.0,100.0,0.0,0.0,1.0
IU_287,287,evidentiary_incomplete,VALID,"Readable evidence ""Dyspnea"" is removed by clause_clinical_removal; residual is defensible and parser-complete.","Dyspnea, nausea and vomiting, XXXX","nausea, vomiting, XXXX.",Heart size is normal. The lungs are grossly clear. No pleural effusions or pneumothoraces. The hilar and mediastinal contours are stable. Normal pulmonary vascularity. No overt edema.,No acute abnormality.,external_data/IU-Xray/images/IU_287_frontal.jpg,external_data/IU-Xray/images/IU_287_lateral.jpg,287,IU_287,Dyspnea,clause_clinical_removal,,,,success,,100.0,100.0,0.0,0.0,1.0
IU_287,287,irrelevant,VALID,Context provenance matches non-self donor UID 227; overlap screen passes.,"Dyspnea, nausea and vomiting, XXXX","XXXX-year-old male with dyspnea, chest pain",Heart size is normal. The lungs are grossly clear. No pleural effusions or pneumothoraces. The hilar and mediastinal contours are stable. Normal pulmonary vascularity. No overt edema.,No acute abnormality.,external_data/IU-Xray/images/IU_287_frontal.jpg,external_data/IU-Xray/images/IU_287_lateral.jpg,227,IU_227,,deterministic_screened_donor_assignment,,,,success,,100.0,100.0,0.0,0.0,1.0
IU_287,287,conflicting,VALID,"Explicit opposite polarity: reference NEGATED, context AFFIRMED for pneumothorax.","Dyspnea, nausea and vomiting, XXXX",The patient has a pneumothorax.,Heart size is normal. The lungs are grossly clear. No pleural effusions or pneumothoraces. The hilar and mediastinal contours are stable. Normal pulmonary vascularity. No overt edema.,No acute abnormality.,external_data/IU-Xray/images/IU_287_frontal.jpg,external_data/IU-Xray/images/IU_287_lateral.jpg,287,IU_287,,,pneumothorax_absence,explicit_reference_polarity_contradiction,no pleural effusions or pneumothoraces,success,,100.0,100.0,0.0,0.0,1.0
IU_287,287,insufficient,VALID,Context is empty as required.,"Dyspnea, nausea and vomiting, XXXX",,Heart size is normal. The lungs are grossly clear. No pleural effusions or pneumothoraces. The hilar and mediastinal contours are stable. Normal pulmonary vascularity. No overt edema.,No acute abnormality.,external_data/IU-Xray/images/IU_287_frontal.jpg,external_data/IU-Xray/images/IU_287_lateral.jpg,287,IU_287,,,,,,success,,100.0,100.0,0.0,0.0,1.0
IU_290,290,sufficient,VALID,Original selected-study context is preserved exactly.,Occasional chest pain and shortness of breath.,Occasional chest pain and shortness of breath.,The lungs are clear. There are multiple surgical XXXX seen near the apical regions and lower cervical region bilaterally. The heart and mediastinum are normal. There is a screw in the right shoulder. The soft tissues are normal.,1. No active disease. 2. There are numerous small surgical clips seen overlying the upper thorax bilaterally and the lower cervical region of uncertain significance.,external_data/IU-Xray/images/IU_290_frontal.jpg,external_data/IU-Xray/images/IU_290_lateral.jpg,290,IU_290,,,,,,success,,100.0,100.0,0.0,0.0,1.0
IU_290,290,syntactic_incomplete,VALID,Existing parser detects unfinished syntax (dangling_preposition).,Occasional chest pain and shortness of breath.,Occasional chest pain and shortness of,The lungs are clear. There are multiple surgical XXXX seen near the apical regions and lower cervical region bilaterally. The heart and mediastinum are normal. There is a screw in the right shoulder. The soft tissues are normal.,1. No active disease. 2. There are numerous small surgical clips seen overlying the upper thorax bilaterally and the lower cervical region of uncertain significance.,external_data/IU-Xray/images/IU_290_frontal.jpg,external_data/IU-Xray/images/IU_290_lateral.jpg,290,IU_290,,pattern_truncation,,,,success,,100.0,100.0,0.0,0.0,1.0
IU_290,290,evidentiary_incomplete,VALID,"Readable evidence ""Occasional chest pain"" is removed by clause_clinical_removal; residual is defensible and parser-complete.",Occasional chest pain and shortness of breath.,shortness of breath.,The lungs are clear. There are multiple surgical XXXX seen near the apical regions and lower cervical region bilaterally. The heart and mediastinum are normal. There is a screw in the right shoulder. The soft tissues are normal.,1. No active disease. 2. There are numerous small surgical clips seen overlying the upper thorax bilaterally and the lower cervical region of uncertain significance.,external_data/IU-Xray/images/IU_290_frontal.jpg,external_data/IU-Xray/images/IU_290_lateral.jpg,290,IU_290,Occasional chest pain,clause_clinical_removal,,,,success,,100.0,100.0,0.0,0.0,1.0
IU_290,290,irrelevant,VALID,Context provenance matches non-self donor UID 991; overlap screen passes.,Occasional chest pain and shortness of breath.,XXXX-year-old with pneumonia. Shortness of breath and XXXX.,The lungs are clear. There are multiple surgical XXXX seen near the apical regions and lower cervical region bilaterally. The heart and mediastinum are normal. There is a screw in the right shoulder. The soft tissues are normal.,1. No active disease. 2. There are numerous small surgical clips seen overlying the upper thorax bilaterally and the lower cervical region of uncertain significance.,external_data/IU-Xray/images/IU_290_frontal.jpg,external_data/IU-Xray/images/IU_290_lateral.jpg,991,IU_991,,deterministic_screened_donor_assignment,,,,success,,100.0,100.0,0.0,0.0,1.0
IU_290,290,conflicting,VALID,"Explicit opposite polarity: reference NEGATED, context AFFIRMED for pneumonia.",Occasional chest pain and shortness of breath.,The patient has pneumonia.,The lungs are clear. There are multiple surgical XXXX seen near the apical regions and lower cervical region bilaterally. The heart and mediastinum are normal. There is a screw in the right shoulder. The soft tissues are normal.,1. No active disease. 2. There are numerous small surgical clips seen overlying the upper thorax bilaterally and the lower cervical region of uncertain significance.,external_data/IU-Xray/images/IU_290_frontal.jpg,external_data/IU-Xray/images/IU_290_lateral.jpg,290,IU_290,,,pneumonia_absence,explicit_reference_polarity_contradiction,the lungs are clear,success,,100.0,100.0,0.0,0.0,1.0
IU_290,290,insufficient,VALID,Context is empty as required.,Occasional chest pain and shortness of breath.,,The lungs are clear. There are multiple surgical XXXX seen near the apical regions and lower cervical region bilaterally. The heart and mediastinum are normal. There is a screw in the right shoulder. The soft tissues are normal.,1. No active disease. 2. There are numerous small surgical clips seen overlying the upper thorax bilaterally and the lower cervical region of uncertain significance.,external_data/IU-Xray/images/IU_290_frontal.jpg,external_data/IU-Xray/images/IU_290_lateral.jpg,290,IU_290,,,,,,success,,100.0,100.0,0.0,0.0,1.0
IU_297,297,sufficient,VALID,Original selected-study context is preserved exactly.,"Chest pain, dyspnea.","Chest pain, dyspnea.","Cardiac silhouette is within normal limits in size. The lungs are hypoinflated with mild bronchovascular crowding. There is mild, XXXX opacity projected over the left lung base. This is partly due to overlying soft tissues, however, there is partial obscuration of the lateral left hemidiaphragm. The lungs are otherwise grossly clear. There is no pneumothorax or pleural effusion. There are no acute bony findings. There are degenerative endplate changes throughout the thoracic spine.","Low lung volumes with mild, XXXX left basilar opacity, atelectasis versus infiltrate. .",external_data/IU-Xray/images/IU_297_frontal.jpg,external_data/IU-Xray/images/IU_297_lateral.jpg,297,IU_297,,,,,,success,,100.0,100.0,0.0,0.0,1.0
IU_297,297,syntactic_incomplete,VALID,Existing parser detects unfinished syntax (dangling_conjunction).,"Chest pain, dyspnea.","Chest pain, dyspnea and","Cardiac silhouette is within normal limits in size. The lungs are hypoinflated with mild bronchovascular crowding. There is mild, XXXX opacity projected over the left lung base. This is partly due to overlying soft tissues, however, there is partial obscuration of the lateral left hemidiaphragm. The lungs are otherwise grossly clear. There is no pneumothorax or pleural effusion. There are no acute bony findings. There are degenerative endplate changes throughout the thoracic spine.","Low lung volumes with mild, XXXX left basilar opacity, atelectasis versus infiltrate. .",external_data/IU-Xray/images/IU_297_frontal.jpg,external_data/IU-Xray/images/IU_297_lateral.jpg,297,IU_297,,appended_conjunction_fallback,,,,success,,100.0,100.0,0.0,0.0,1.0
IU_297,297,evidentiary_incomplete,VALID,"Readable evidence ""Chest pain"" is removed by clause_clinical_removal; residual is defensible and parser-complete.","Chest pain, dyspnea.",dyspnea.,"Cardiac silhouette is within normal limits in size. The lungs are hypoinflated with mild bronchovascular crowding. There is mild, XXXX opacity projected over the left lung base. This is partly due to overlying soft tissues, however, there is partial obscuration of the lateral left hemidiaphragm. The lungs are otherwise grossly clear. There is no pneumothorax or pleural effusion. There are no acute bony findings. There are degenerative endplate changes throughout the thoracic spine.","Low lung volumes with mild, XXXX left basilar opacity, atelectasis versus infiltrate. .",external_data/IU-Xray/images/IU_297_frontal.jpg,external_data/IU-Xray/images/IU_297_lateral.jpg,297,IU_297,Chest pain,clause_clinical_removal,,,,success,,100.0,100.0,0.0,0.0,1.0
IU_297,297,irrelevant,VALID,Context provenance matches non-self donor UID 960; overlap screen passes.,"Chest pain, dyspnea.","XXXX-year-old female, MVA, chest pain","Cardiac silhouette is within normal limits in size. The lungs are hypoinflated with mild bronchovascular crowding. There is mild, XXXX opacity projected over the left lung base. This is partly due to overlying soft tissues, however, there is partial obscuration of the lateral left hemidiaphragm. The lungs are otherwise grossly clear. There is no pneumothorax or pleural effusion. There are no acute bony findings. There are degenerative endplate changes throughout the thoracic spine.","Low lung volumes with mild, XXXX left basilar opacity, atelectasis versus infiltrate. .",external_data/IU-Xray/images/IU_297_frontal.jpg,external_data/IU-Xray/images/IU_297_lateral.jpg,960,IU_960,,deterministic_screened_donor_assignment,,,,success,,100.0,100.0,0.0,0.0,1.0
IU_297,297,conflicting,VALID,"Explicit opposite polarity: reference NEGATED, context AFFIRMED for pneumothorax.","Chest pain, dyspnea.",The patient has a pneumothorax.,"Cardiac silhouette is within normal limits in size. The lungs are hypoinflated with mild bronchovascular crowding. There is mild, XXXX opacity projected over the left lung base. This is partly due to overlying soft tissues, however, there is partial obscuration of the lateral left hemidiaphragm. The lungs are otherwise grossly clear. There is no pneumothorax or pleural effusion. There are no acute bony findings. There are degenerative endplate changes throughout the thoracic spine.","Low lung volumes with mild, XXXX left basilar opacity, atelectasis versus infiltrate. .",external_data/IU-Xray/images/IU_297_frontal.jpg,external_data/IU-Xray/images/IU_297_lateral.jpg,297,IU_297,,,pneumothorax_absence,explicit_reference_polarity_contradiction,there is no pneumothorax or pleural effusion,success,,100.0,100.0,0.0,0.0,1.0
IU_297,297,insufficient,VALID,Context is empty as required.,"Chest pain, dyspnea.",,"Cardiac silhouette is within normal limits in size. The lungs are hypoinflated with mild bronchovascular crowding. There is mild, XXXX opacity projected over the left lung base. This is partly due to overlying soft tissues, however, there is partial obscuration of the lateral left hemidiaphragm. The lungs are otherwise grossly clear. There is no pneumothorax or pleural effusion. There are no acute bony findings. There are degenerative endplate changes throughout the thoracic spine.","Low lung volumes with mild, XXXX left basilar opacity, atelectasis versus infiltrate. .",external_data/IU-Xray/images/IU_297_frontal.jpg,external_data/IU-Xray/images/IU_297_lateral.jpg,297,IU_297,,,,,,success,,100.0,100.0,0.0,0.0,1.0
IU_303,303,sufficient,VALID,Original selected-study context is preserved exactly.,"XXXX, asthma, preop hip replacement","XXXX, asthma, preop hip replacement","The heart is normal in size. The mediastinum is Stable. Rectal balloon is noted. Lungs are mildly hypoinflated. There is again eventration of the hemidiaphragms/ Bochdalek hernia, posteriorly as seen on the lateral projection. Bilateral pleural thickening is noted. There are streaky opacities in the lung bases unchanged, XXXX chronic atelectasis.","Mild bilateral streaky opacities, XXXX atelectasis. No acute infiltrate.",external_data/IU-Xray/images/IU_303_frontal.jpg,,303,IU_303,,,,,,success,,100.0,100.0,0.0,0.0,1.0
IU_303,303,syntactic_incomplete,VALID,Existing parser detects unfinished syntax (dangling_conjunction).,"XXXX, asthma, preop hip replacement","XXXX, asthma, preop hip replacement and","The heart is normal in size. The mediastinum is Stable. Rectal balloon is noted. Lungs are mildly hypoinflated. There is again eventration of the hemidiaphragms/ Bochdalek hernia, posteriorly as seen on the lateral projection. Bilateral pleural thickening is noted. There are streaky opacities in the lung bases unchanged, XXXX chronic atelectasis.","Mild bilateral streaky opacities, XXXX atelectasis. No acute infiltrate.",external_data/IU-Xray/images/IU_303_frontal.jpg,,303,IU_303,,appended_conjunction_fallback,,,,success,,100.0,100.0,0.0,0.0,1.0
IU_303,303,evidentiary_incomplete,VALID,"Readable evidence ""asthma"" is removed by clause_clinical_removal; residual is defensible and parser-complete.","XXXX, asthma, preop hip replacement","XXXX, preop hip replacement.","The heart is normal in size. The mediastinum is Stable. Rectal balloon is noted. Lungs are mildly hypoinflated. There is again eventration of the hemidiaphragms/ Bochdalek hernia, posteriorly as seen on the lateral projection. Bilateral pleural thickening is noted. There are streaky opacities in the lung bases unchanged, XXXX chronic atelectasis.","Mild bilateral streaky opacities, XXXX atelectasis. No acute infiltrate.",external_data/IU-Xray/images/IU_303_frontal.jpg,,303,IU_303,asthma,clause_clinical_removal,,,,success,,100.0,100.0,0.0,0.0,1.0
IU_303,303,irrelevant,VALID,Context provenance matches non-self donor UID 317; overlap screen passes.,"XXXX, asthma, preop hip replacement",COPD. Preoperative evaluation.,"The heart is normal in size. The mediastinum is Stable. Rectal balloon is noted. Lungs are mildly hypoinflated. There is again eventration of the hemidiaphragms/ Bochdalek hernia, posteriorly as seen on the lateral projection. Bilateral pleural thickening is noted. There are streaky opacities in the lung bases unchanged, XXXX chronic atelectasis.","Mild bilateral streaky opacities, XXXX atelectasis. No acute infiltrate.",external_data/IU-Xray/images/IU_303_frontal.jpg,,317,IU_317,,deterministic_screened_donor_assignment,,,,success,,100.0,100.0,0.0,0.0,1.0
IU_303,303,conflicting,VALID,"Explicit opposite polarity: reference NEGATED, context AFFIRMED for cardiomegaly.","XXXX, asthma, preop hip replacement",Cardiomegaly is present.,"The heart is normal in size. The mediastinum is Stable. Rectal balloon is noted. Lungs are mildly hypoinflated. There is again eventration of the hemidiaphragms/ Bochdalek hernia, posteriorly as seen on the lateral projection. Bilateral pleural thickening is noted. There are streaky opacities in the lung bases unchanged, XXXX chronic atelectasis.","Mild bilateral streaky opacities, XXXX atelectasis. No acute infiltrate.",external_data/IU-Xray/images/IU_303_frontal.jpg,,303,IU_303,,,cardiomegaly_absence,explicit_reference_polarity_contradiction,the heart is normal in size,success,,100.0,100.0,0.0,0.0,1.0
IU_303,303,insufficient,VALID,Context is empty as required.,"XXXX, asthma, preop hip replacement",,"The heart is normal in size. The mediastinum is Stable. Rectal balloon is noted. Lungs are mildly hypoinflated. There is again eventration of the hemidiaphragms/ Bochdalek hernia, posteriorly as seen on the lateral projection. Bilateral pleural thickening is noted. There are streaky opacities in the lung bases unchanged, XXXX chronic atelectasis.","Mild bilateral streaky opacities, XXXX atelectasis. No acute infiltrate.",external_data/IU-Xray/images/IU_303_frontal.jpg,,303,IU_303,,,,,,success,,100.0,100.0,0.0,0.0,1.0
IU_304,304,sufficient,VALID,Original selected-study context is preserved exactly.,Chest pain and shortness of breath x1 hour.,Chest pain and shortness of breath x1 hour.,"The XXXX examination consists of frontal and lateral radiographs of the chest. A total of 3 images were obtained. The cardiomediastinal contours are within normal limits allowing for low lung volumes and patient rotation. There is XXXX XXXX atelectasis. No consolidation, pleural effusion or pneumothorax. Calcified right infrahilar lymph XXXX again seen. Partially visualized lower cervical spine fusion XXXX.",Lung lines without evidence of acute cardiopulmonary process.,external_data/IU-Xray/images/IU_304_frontal.jpg,external_data/IU-Xray/images/IU_304_lateral.jpg,304,IU_304,,,,,,success,,100.0,100.0,0.0,0.0,1.0
IU_304,304,syntactic_incomplete,VALID,Existing parser detects unfinished syntax (dangling_preposition).,Chest pain and shortness of breath x1 hour.,Chest pain and shortness of,"The XXXX examination consists of frontal and lateral radiographs of the chest. A total of 3 images were obtained. The cardiomediastinal contours are within normal limits allowing for low lung volumes and patient rotation. There is XXXX XXXX atelectasis. No consolidation, pleural effusion or pneumothorax. Calcified right infrahilar lymph XXXX again seen. Partially visualized lower cervical spine fusion XXXX.",Lung lines without evidence of acute cardiopulmonary process.,external_data/IU-Xray/images/IU_304_frontal.jpg,external_data/IU-Xray/images/IU_304_lateral.jpg,304,IU_304,,pattern_truncation,,,,success,,100.0,100.0,0.0,0.0,1.0
IU_304,304,evidentiary_incomplete,VALID,"Readable evidence ""Chest pain"" is removed by clause_clinical_removal; residual is defensible and parser-complete.",Chest pain and shortness of breath x1 hour.,shortness of breath x1 hour.,"The XXXX examination consists of frontal and lateral radiographs of the chest. A total of 3 images were obtained. The cardiomediastinal contours are within normal limits allowing for low lung volumes and patient rotation. There is XXXX XXXX atelectasis. No consolidation, pleural effusion or pneumothorax. Calcified right infrahilar lymph XXXX again seen. Partially visualized lower cervical spine fusion XXXX.",Lung lines without evidence of acute cardiopulmonary process.,external_data/IU-Xray/images/IU_304_frontal.jpg,external_data/IU-Xray/images/IU_304_lateral.jpg,304,IU_304,Chest pain,clause_clinical_removal,,,,success,,100.0,100.0,0.0,0.0,1.0
IU_304,304,irrelevant,VALID,Context provenance matches non-self donor UID 329; overlap screen passes.,Chest pain and shortness of breath x1 hour.,"COPD, asthma, cancer","The XXXX examination consists of frontal and lateral radiographs of the chest. A total of 3 images were obtained. The cardiomediastinal contours are within normal limits allowing for low lung volumes and patient rotation. There is XXXX XXXX atelectasis. No consolidation, pleural effusion or pneumothorax. Calcified right infrahilar lymph XXXX again seen. Partially visualized lower cervical spine fusion XXXX.",Lung lines without evidence of acute cardiopulmonary process.,external_data/IU-Xray/images/IU_304_frontal.jpg,external_data/IU-Xray/images/IU_304_lateral.jpg,329,IU_329,,deterministic_screened_donor_assignment,,,,success,,100.0,100.0,0.0,0.0,1.0
IU_304,304,conflicting,VALID,"Explicit opposite polarity: reference NEGATED, context AFFIRMED for pneumothorax.",Chest pain and shortness of breath x1 hour.,The patient has a pneumothorax.,"The XXXX examination consists of frontal and lateral radiographs of the chest. A total of 3 images were obtained. The cardiomediastinal contours are within normal limits allowing for low lung volumes and patient rotation. There is XXXX XXXX atelectasis. No consolidation, pleural effusion or pneumothorax. Calcified right infrahilar lymph XXXX again seen. Partially visualized lower cervical spine fusion XXXX.",Lung lines without evidence of acute cardiopulmonary process.,external_data/IU-Xray/images/IU_304_frontal.jpg,external_data/IU-Xray/images/IU_304_lateral.jpg,304,IU_304,,,pneumothorax_absence,explicit_reference_polarity_contradiction,"no consolidation, pleural effusion or pneumothorax",success,,100.0,100.0,0.0,0.0,1.0
IU_304,304,insufficient,VALID,Context is empty as required.,Chest pain and shortness of breath x1 hour.,,"The XXXX examination consists of frontal and lateral radiographs of the chest. A total of 3 images were obtained. The cardiomediastinal contours are within normal limits allowing for low lung volumes and patient rotation. There is XXXX XXXX atelectasis. No consolidation, pleural effusion or pneumothorax. Calcified right infrahilar lymph XXXX again seen. Partially visualized lower cervical spine fusion XXXX.",Lung lines without evidence of acute cardiopulmonary process.,external_data/IU-Xray/images/IU_304_frontal.jpg,external_data/IU-Xray/images/IU_304_lateral.jpg,304,IU_304,,,,,,success,,100.0,100.0,0.0,0.0,1.0
IU_313,313,sufficient,VALID,Original selected-study context is preserved exactly.,"Slurred speech, confusion, weakness, shortness of breath.","Slurred speech, confusion, weakness, shortness of breath.","The XXXX examination consists of frontal and lateral radiographs of the chest. The cardiac silhouette is moderately enlarged with a cardiothoracic ratio of 16.2/24.7. Diffuse coarse interstitial opacity seen throughout the lungs with perihilar and lower lobe predominance. There is right greater than left bibasilar consolidation. There are small pleural effusions, right larger than left. No evidence of pneumothorax. Dense atherosclerotic calcification seen involving the thoracic and upper abdominal aorta.",Enlarged cardiac silhouette with coarse perihilar and lower lobe interstitial opacities may be due to diffuse infection or heart failure. Small pleural effusions.,external_data/IU-Xray/images/IU_313_frontal.jpg,,313,IU_313,,,,,,success,,100.0,100.0,0.0,0.0,1.0
IU_313,313,syntactic_incomplete,VALID,Existing parser detects unfinished syntax (dangling_preposition).,"Slurred speech, confusion, weakness, shortness of breath.","Slurred speech, confusion, weakness, shortness of","The XXXX examination consists of frontal and lateral radiographs of the chest. The cardiac silhouette is moderately enlarged with a cardiothoracic ratio of 16.2/24.7. Diffuse coarse interstitial opacity seen throughout the lungs with perihilar and lower lobe predominance. There is right greater than left bibasilar consolidation. There are small pleural effusions, right larger than left. No evidence of pneumothorax. Dense atherosclerotic calcification seen involving the thoracic and upper abdominal aorta.",Enlarged cardiac silhouette with coarse perihilar and lower lobe interstitial opacities may be due to diffuse infection or heart failure. Small pleural effusions.,external_data/IU-Xray/images/IU_313_frontal.jpg,,313,IU_313,,preposition_truncation,,,,success,,100.0,100.0,0.0,0.0,1.0
IU_313,313,evidentiary_incomplete,VALID,"Readable evidence ""weakness"" is removed by clause_clinical_removal; residual is defensible and parser-complete.","Slurred speech, confusion, weakness, shortness of breath.","Slurred speech, confusion, shortness of breath.","The XXXX examination consists of frontal and lateral radiographs of the chest. The cardiac silhouette is moderately enlarged with a cardiothoracic ratio of 16.2/24.7. Diffuse coarse interstitial opacity seen throughout the lungs with perihilar and lower lobe predominance. There is right greater than left bibasilar consolidation. There are small pleural effusions, right larger than left. No evidence of pneumothorax. Dense atherosclerotic calcification seen involving the thoracic and upper abdominal aorta.",Enlarged cardiac silhouette with coarse perihilar and lower lobe interstitial opacities may be due to diffuse infection or heart failure. Small pleural effusions.,external_data/IU-Xray/images/IU_313_frontal.jpg,,313,IU_313,weakness,clause_clinical_removal,,,,success,,100.0,100.0,0.0,0.0,1.0
IU_313,313,irrelevant,VALID,Context provenance matches non-self donor UID 827; overlap screen passes.,"Slurred speech, confusion, weakness, shortness of breath.","Chest pain, XXXX with dyspnea","The XXXX examination consists of frontal and lateral radiographs of the chest. The cardiac silhouette is moderately enlarged with a cardiothoracic ratio of 16.2/24.7. Diffuse coarse interstitial opacity seen throughout the lungs with perihilar and lower lobe predominance. There is right greater than left bibasilar consolidation. There are small pleural effusions, right larger than left. No evidence of pneumothorax. Dense atherosclerotic calcification seen involving the thoracic and upper abdominal aorta.",Enlarged cardiac silhouette with coarse perihilar and lower lobe interstitial opacities may be due to diffuse infection or heart failure. Small pleural effusions.,external_data/IU-Xray/images/IU_313_frontal.jpg,,827,IU_827,,deterministic_screened_donor_assignment,,,,success,,100.0,100.0,0.0,0.0,1.0
IU_313,313,conflicting,VALID,"Explicit opposite polarity: reference NEGATED, context AFFIRMED for pneumothorax.","Slurred speech, confusion, weakness, shortness of breath.",The patient has a pneumothorax.,"The XXXX examination consists of frontal and lateral radiographs of the chest. The cardiac silhouette is moderately enlarged with a cardiothoracic ratio of 16.2/24.7. Diffuse coarse interstitial opacity seen throughout the lungs with perihilar and lower lobe predominance. There is right greater than left bibasilar consolidation. There are small pleural effusions, right larger than left. No evidence of pneumothorax. Dense atherosclerotic calcification seen involving the thoracic and upper abdominal aorta.",Enlarged cardiac silhouette with coarse perihilar and lower lobe interstitial opacities may be due to diffuse infection or heart failure. Small pleural effusions.,external_data/IU-Xray/images/IU_313_frontal.jpg,,313,IU_313,,,pneumothorax_absence,explicit_reference_polarity_contradiction,no evidence of pneumothorax,success,,100.0,100.0,0.0,0.0,1.0
IU_313,313,insufficient,VALID,Context is empty as required.,"Slurred speech, confusion, weakness, shortness of breath.",,"The XXXX examination consists of frontal and lateral radiographs of the chest. The cardiac silhouette is moderately enlarged with a cardiothoracic ratio of 16.2/24.7. Diffuse coarse interstitial opacity seen throughout the lungs with perihilar and lower lobe predominance. There is right greater than left bibasilar consolidation. There are small pleural effusions, right larger than left. No evidence of pneumothorax. Dense atherosclerotic calcification seen involving the thoracic and upper abdominal aorta.",Enlarged cardiac silhouette with coarse perihilar and lower lobe interstitial opacities may be due to diffuse infection or heart failure. Small pleural effusions.,external_data/IU-Xray/images/IU_313_frontal.jpg,,313,IU_313,,,,,,success,,100.0,100.0,0.0,0.0,1.0
IU_317,317,sufficient,VALID,Original selected-study context is preserved exactly.,COPD. Preoperative evaluation.,COPD. Preoperative evaluation.,Normal heart size. Normal mediastinal silhouette. No pneumothorax or pleural effusion. No suspicious focal air space opacity.,No acute abnormality.,external_data/IU-Xray/images/IU_317_frontal.jpg,external_data/IU-Xray/images/IU_317_lateral.jpg,317,IU_317,,,,,,success,,100.0,100.0,0.0,0.0,1.0
IU_317,317,syntactic_incomplete,VALID,Existing parser detects unfinished syntax (dangling_conjunction).,COPD. Preoperative evaluation.,COPD. Preoperative evaluation and,Normal heart size. Normal mediastinal silhouette. No pneumothorax or pleural effusion. No suspicious focal air space opacity.,No acute abnormality.,external_data/IU-Xray/images/IU_317_frontal.jpg,external_data/IU-Xray/images/IU_317_lateral.jpg,317,IU_317,,appended_conjunction_fallback,,,,success,,100.0,100.0,0.0,0.0,1.0
IU_317,317,evidentiary_incomplete,VALID,"Readable evidence ""COPD"" is removed by clause_clinical_removal; residual is defensible and parser-complete.",COPD. Preoperative evaluation.,Preoperative evaluation.,Normal heart size. Normal mediastinal silhouette. No pneumothorax or pleural effusion. No suspicious focal air space opacity.,No acute abnormality.,external_data/IU-Xray/images/IU_317_frontal.jpg,external_data/IU-Xray/images/IU_317_lateral.jpg,317,IU_317,COPD,clause_clinical_removal,,,,success,,100.0,100.0,0.0,0.0,1.0
IU_317,317,irrelevant,VALID,Context provenance matches non-self donor UID 44; overlap screen passes.,COPD. Preoperative evaluation.,XXXX-year-old with XXXX for 5 days. Previously seen for vomiting and ear pain.,Normal heart size. Normal mediastinal silhouette. No pneumothorax or pleural effusion. No suspicious focal air space opacity.,No acute abnormality.,external_data/IU-Xray/images/IU_317_frontal.jpg,external_data/IU-Xray/images/IU_317_lateral.jpg,44,IU_44,,deterministic_screened_donor_assignment,,,,success,,100.0,100.0,0.0,0.0,1.0
IU_317,317,conflicting,VALID,"Explicit opposite polarity: reference NEGATED, context AFFIRMED for pneumothorax.",COPD. Preoperative evaluation.,The patient has a pneumothorax.,Normal heart size. Normal mediastinal silhouette. No pneumothorax or pleural effusion. No suspicious focal air space opacity.,No acute abnormality.,external_data/IU-Xray/images/IU_317_frontal.jpg,external_data/IU-Xray/images/IU_317_lateral.jpg,317,IU_317,,,pneumothorax_absence,explicit_reference_polarity_contradiction,no pneumothorax or pleural effusion,success,,100.0,100.0,0.0,0.0,1.0
IU_317,317,insufficient,VALID,Context is empty as required.,COPD. Preoperative evaluation.,,Normal heart size. Normal mediastinal silhouette. No pneumothorax or pleural effusion. No suspicious focal air space opacity.,No acute abnormality.,external_data/IU-Xray/images/IU_317_frontal.jpg,external_data/IU-Xray/images/IU_317_lateral.jpg,317,IU_317,,,,,,success,,100.0,100.0,0.0,0.0,1.0
IU_329,329,sufficient,VALID,Original selected-study context is preserved exactly.,"COPD, asthma, cancer","COPD, asthma, cancer",Stable borderline enlarged cardiac contour. Calcified mediastinal lymph XXXX. Prominent right paratracheal stripe. Emphysema. No active pulmonary disease. Mild spondylosis.,"Stable appearance of the chest, see above.",external_data/IU-Xray/images/IU_329_frontal.jpg,external_data/IU-Xray/images/IU_329_lateral.jpg,329,IU_329,,,,,,success,,100.0,100.0,0.0,0.0,1.0
IU_329,329,syntactic_incomplete,VALID,Existing parser detects unfinished syntax (dangling_conjunction).,"COPD, asthma, cancer","COPD, asthma, cancer and",Stable borderline enlarged cardiac contour. Calcified mediastinal lymph XXXX. Prominent right paratracheal stripe. Emphysema. No active pulmonary disease. Mild spondylosis.,"Stable appearance of the chest, see above.",external_data/IU-Xray/images/IU_329_frontal.jpg,external_data/IU-Xray/images/IU_329_lateral.jpg,329,IU_329,,appended_conjunction_fallback,,,,success,,100.0,100.0,0.0,0.0,1.0
IU_329,329,evidentiary_incomplete,VALID,"Readable evidence ""COPD"" is removed by clause_clinical_removal; residual is defensible and parser-complete.","COPD, asthma, cancer","asthma, cancer.",Stable borderline enlarged cardiac contour. Calcified mediastinal lymph XXXX. Prominent right paratracheal stripe. Emphysema. No active pulmonary disease. Mild spondylosis.,"Stable appearance of the chest, see above.",external_data/IU-Xray/images/IU_329_frontal.jpg,external_data/IU-Xray/images/IU_329_lateral.jpg,329,IU_329,COPD,clause_clinical_removal,,,,success,,100.0,100.0,0.0,0.0,1.0
IU_329,329,irrelevant,VALID,Context provenance matches non-self donor UID 1165; overlap screen passes.,"COPD, asthma, cancer",Chest pain. Shortness of breath. The patient's lower abdomen was shielded for this exam.,Stable borderline enlarged cardiac contour. Calcified mediastinal lymph XXXX. Prominent right paratracheal stripe. Emphysema. No active pulmonary disease. Mild spondylosis.,"Stable appearance of the chest, see above.",external_data/IU-Xray/images/IU_329_frontal.jpg,external_data/IU-Xray/images/IU_329_lateral.jpg,1165,IU_1165,,deterministic_screened_donor_assignment,,,,success,,100.0,100.0,0.0,0.0,1.0
IU_329,329,conflicting,VALID,"Explicit opposite polarity: reference AFFIRMED, context NEGATED for cardiomegaly.","COPD, asthma, cancer",No cardiomegaly is reported.,Stable borderline enlarged cardiac contour. Calcified mediastinal lymph XXXX. Prominent right paratracheal stripe. Emphysema. No active pulmonary disease. Mild spondylosis.,"Stable appearance of the chest, see above.",external_data/IU-Xray/images/IU_329_frontal.jpg,external_data/IU-Xray/images/IU_329_lateral.jpg,329,IU_329,,,cardiomegaly_presence,explicit_reference_polarity_contradiction,stable borderline enlarged cardiac contour,success,,100.0,100.0,0.0,0.0,1.0
IU_329,329,insufficient,VALID,Context is empty as required.,"COPD, asthma, cancer",,Stable borderline enlarged cardiac contour. Calcified mediastinal lymph XXXX. Prominent right paratracheal stripe. Emphysema. No active pulmonary disease. Mild spondylosis.,"Stable appearance of the chest, see above.",external_data/IU-Xray/images/IU_329_frontal.jpg,external_data/IU-Xray/images/IU_329_lateral.jpg,329,IU_329,,,,,,success,,100.0,100.0,0.0,0.0,1.0
IU_340,340,sufficient,VALID,Original selected-study context is preserved exactly.,"XXXX-year-old female, left arm pain and nausea","XXXX-year-old female, left arm pain and nausea","Heart size moderately enlarged, stable mediastinal contours. Lateral view curvilinear densities over the heart suggestive of coronary artery stents. Diaphragm eventration. No focal alveolar consolidation, no definite pleural effusion seen. No typical findings of pulmonary edema.","Cardiomegaly, no acute pulmonary findings",external_data/IU-Xray/images/IU_340_frontal.jpg,external_data/IU-Xray/images/IU_340_lateral.jpg,340,IU_340,,,,,,success,,100.0,100.0,0.0,0.0,1.0
IU_340,340,syntactic_incomplete,VALID,Existing parser detects unfinished syntax (dangling_conjunction).,"XXXX-year-old female, left arm pain and nausea","XXXX-year-old female, left arm pain and","Heart size moderately enlarged, stable mediastinal contours. Lateral view curvilinear densities over the heart suggestive of coronary artery stents. Diaphragm eventration. No focal alveolar consolidation, no definite pleural effusion seen. No typical findings of pulmonary edema.","Cardiomegaly, no acute pulmonary findings",external_data/IU-Xray/images/IU_340_frontal.jpg,external_data/IU-Xray/images/IU_340_lateral.jpg,340,IU_340,,preposition_truncation,,,,success,,100.0,100.0,0.0,0.0,1.0
IU_340,340,evidentiary_incomplete,VALID,"Readable evidence ""left arm pain"" is removed by clause_clinical_removal; residual is defensible and parser-complete.","XXXX-year-old female, left arm pain and nausea","XXXX-year-old female, nausea.","Heart size moderately enlarged, stable mediastinal contours. Lateral view curvilinear densities over the heart suggestive of coronary artery stents. Diaphragm eventration. No focal alveolar consolidation, no definite pleural effusion seen. No typical findings of pulmonary edema.","Cardiomegaly, no acute pulmonary findings",external_data/IU-Xray/images/IU_340_frontal.jpg,external_data/IU-Xray/images/IU_340_lateral.jpg,340,IU_340,left arm pain,clause_clinical_removal,,,,success,,100.0,100.0,0.0,0.0,1.0
IU_340,340,irrelevant,VALID,Context provenance matches non-self donor UID 567; overlap screen passes.,"XXXX-year-old female, left arm pain and nausea",Abdominal pain and wheezing,"Heart size moderately enlarged, stable mediastinal contours. Lateral view curvilinear densities over the heart suggestive of coronary artery stents. Diaphragm eventration. No focal alveolar consolidation, no definite pleural effusion seen. No typical findings of pulmonary edema.","Cardiomegaly, no acute pulmonary findings",external_data/IU-Xray/images/IU_340_frontal.jpg,external_data/IU-Xray/images/IU_340_lateral.jpg,567,IU_567,,deterministic_screened_donor_assignment,,,,success,,100.0,100.0,0.0,0.0,1.0
IU_340,340,conflicting,VALID,"Explicit opposite polarity: reference NEGATED, context AFFIRMED for pleural_effusion.","XXXX-year-old female, left arm pain and nausea",The patient has a pleural effusion.,"Heart size moderately enlarged, stable mediastinal contours. Lateral view curvilinear densities over the heart suggestive of coronary artery stents. Diaphragm eventration. No focal alveolar consolidation, no definite pleural effusion seen. No typical findings of pulmonary edema.","Cardiomegaly, no acute pulmonary findings",external_data/IU-Xray/images/IU_340_frontal.jpg,external_data/IU-Xray/images/IU_340_lateral.jpg,340,IU_340,,,pleural_effusion_absence,explicit_reference_polarity_contradiction,"no focal alveolar consolidation, no definite pleural effusion seen",success,,100.0,100.0,0.0,0.0,1.0
IU_340,340,insufficient,VALID,Context is empty as required.,"XXXX-year-old female, left arm pain and nausea",,"Heart size moderately enlarged, stable mediastinal contours. Lateral view curvilinear densities over the heart suggestive of coronary artery stents. Diaphragm eventration. No focal alveolar consolidation, no definite pleural effusion seen. No typical findings of pulmonary edema.","Cardiomegaly, no acute pulmonary findings",external_data/IU-Xray/images/IU_340_frontal.jpg,external_data/IU-Xray/images/IU_340_lateral.jpg,340,IU_340,,,,,,success,,100.0,100.0,0.0,0.0,1.0
IU_341,341,sufficient,VALID,Original selected-study context is preserved exactly.,"hx of smoking, not feeling well ; right foot XXXX.","hx of smoking, not feeling well ; right foot XXXX.","Two-view chest. Both lungs are clear and expanded. Heart and mediastinum normal. Right foot. Hindfoot, midfoot, forefoot XXXX are intact with no fractures or bone destruction.",1. Chest. No active disease. 2. Right foot. Negative.,external_data/IU-Xray/images/IU_341_frontal.jpg,external_data/IU-Xray/images/IU_341_lateral.jpg,341,IU_341,,,,,,success,,100.0,100.0,0.0,0.0,1.0
IU_341,341,syntactic_incomplete,VALID,Existing parser detects unfinished syntax (dangling_preposition).,"hx of smoking, not feeling well ; right foot XXXX.",hx of,"Two-view chest. Both lungs are clear and expanded. Heart and mediastinum normal. Right foot. Hindfoot, midfoot, forefoot XXXX are intact with no fractures or bone destruction.",1. Chest. No active disease. 2. Right foot. Negative.,external_data/IU-Xray/images/IU_341_frontal.jpg,external_data/IU-Xray/images/IU_341_lateral.jpg,341,IU_341,,pattern_truncation,,,,success,,100.0,100.0,0.0,0.0,1.0
IU_341,341,evidentiary_incomplete,VALID,"Readable evidence ""hx of smoking"" is removed by clause_clinical_removal; residual is defensible and parser-complete.","hx of smoking, not feeling well ; right foot XXXX.","not feeling well, right foot XXXX.","Two-view chest. Both lungs are clear and expanded. Heart and mediastinum normal. Right foot. Hindfoot, midfoot, forefoot XXXX are intact with no fractures or bone destruction.",1. Chest. No active disease. 2. Right foot. Negative.,external_data/IU-Xray/images/IU_341_frontal.jpg,external_data/IU-Xray/images/IU_341_lateral.jpg,341,IU_341,hx of smoking,clause_clinical_removal,,,,success,,100.0,100.0,0.0,0.0,1.0
IU_341,341,irrelevant,VALID,Context provenance matches non-self donor UID 814; overlap screen passes.,"hx of smoking, not feeling well ; right foot XXXX.",Shortness of breath and chest pain for one XXXX,"Two-view chest. Both lungs are clear and expanded. Heart and mediastinum normal. Right foot. Hindfoot, midfoot, forefoot XXXX are intact with no fractures or bone destruction.",1. Chest. No active disease. 2. Right foot. Negative.,external_data/IU-Xray/images/IU_341_frontal.jpg,external_data/IU-Xray/images/IU_341_lateral.jpg,814,IU_814,,deterministic_screened_donor_assignment,,,,success,,100.0,100.0,0.0,0.0,1.0
IU_341,341,conflicting,VALID,"Explicit opposite polarity: reference NEGATED, context AFFIRMED for cardiomegaly.","hx of smoking, not feeling well ; right foot XXXX.",Cardiomegaly is present.,"Two-view chest. Both lungs are clear and expanded. Heart and mediastinum normal. Right foot. Hindfoot, midfoot, forefoot XXXX are intact with no fractures or bone destruction.",1. Chest. No active disease. 2. Right foot. Negative.,external_data/IU-Xray/images/IU_341_frontal.jpg,external_data/IU-Xray/images/IU_341_lateral.jpg,341,IU_341,,,cardiomegaly_absence,explicit_reference_polarity_contradiction,heart and mediastinum normal,success,,100.0,100.0,0.0,0.0,1.0
IU_341,341,insufficient,VALID,Context is empty as required.,"hx of smoking, not feeling well ; right foot XXXX.",,"Two-view chest. Both lungs are clear and expanded. Heart and mediastinum normal. Right foot. Hindfoot, midfoot, forefoot XXXX are intact with no fractures or bone destruction.",1. Chest. No active disease. 2. Right foot. Negative.,external_data/IU-Xray/images/IU_341_frontal.jpg,external_data/IU-Xray/images/IU_341_lateral.jpg,341,IU_341,,,,,,success,,100.0,100.0,0.0,0.0,1.0
IU_372,372,sufficient,VALID,Original selected-study context is preserved exactly.,XXXX-year-old male with chest pain. History of cancer.,XXXX-year-old male with chest pain. History of cancer.,Left retrocardiac airspace disease with blunted posterior costophrenic XXXX on lateral view suggesting small pleural effusion. Normal heart size. Right PICC is unchanged with tip at the caval atrial junction.,Left retrocardiac airspace disease could reflect atelectasis and possible scarring. Small left pleural effusion.,external_data/IU-Xray/images/IU_372_frontal.jpg,external_data/IU-Xray/images/IU_372_lateral.jpg,372,IU_372,,,,,,success,,100.0,100.0,0.0,0.0,1.0
IU_372,372,syntactic_incomplete,VALID,Existing parser detects unfinished syntax (dangling_preposition).,XXXX-year-old male with chest pain. History of cancer.,XXXX-year-old male with chest pain. History of,Left retrocardiac airspace disease with blunted posterior costophrenic XXXX on lateral view suggesting small pleural effusion. Normal heart size. Right PICC is unchanged with tip at the caval atrial junction.,Left retrocardiac airspace disease could reflect atelectasis and possible scarring. Small left pleural effusion.,external_data/IU-Xray/images/IU_372_frontal.jpg,external_data/IU-Xray/images/IU_372_lateral.jpg,372,IU_372,,pattern_truncation,,,,success,,100.0,100.0,0.0,0.0,1.0
IU_372,372,evidentiary_incomplete,VALID,"Readable evidence ""chest pain"" is removed by clause_clinical_removal; residual is defensible and parser-complete.",XXXX-year-old male with chest pain. History of cancer.,"XXXX-year-old male, History of cancer.",Left retrocardiac airspace disease with blunted posterior costophrenic XXXX on lateral view suggesting small pleural effusion. Normal heart size. Right PICC is unchanged with tip at the caval atrial junction.,Left retrocardiac airspace disease could reflect atelectasis and possible scarring. Small left pleural effusion.,external_data/IU-Xray/images/IU_372_frontal.jpg,external_data/IU-Xray/images/IU_372_lateral.jpg,372,IU_372,chest pain,clause_clinical_removal,,,,success,,100.0,100.0,0.0,0.0,1.0
IU_372,372,irrelevant,VALID,Context provenance matches non-self donor UID 581; overlap screen passes.,XXXX-year-old male with chest pain. History of cancer.,Dyspnea. Asthma.,Left retrocardiac airspace disease with blunted posterior costophrenic XXXX on lateral view suggesting small pleural effusion. Normal heart size. Right PICC is unchanged with tip at the caval atrial junction.,Left retrocardiac airspace disease could reflect atelectasis and possible scarring. Small left pleural effusion.,external_data/IU-Xray/images/IU_372_frontal.jpg,external_data/IU-Xray/images/IU_372_lateral.jpg,581,IU_581,,deterministic_screened_donor_assignment,,,,success,,100.0,100.0,0.0,0.0,1.0
IU_372,372,conflicting,VALID,"Explicit opposite polarity: reference AFFIRMED, context NEGATED for pleural_effusion.",XXXX-year-old male with chest pain. History of cancer.,No pleural effusion is suspected.,Left retrocardiac airspace disease with blunted posterior costophrenic XXXX on lateral view suggesting small pleural effusion. Normal heart size. Right PICC is unchanged with tip at the caval atrial junction.,Left retrocardiac airspace disease could reflect atelectasis and possible scarring. Small left pleural effusion.,external_data/IU-Xray/images/IU_372_frontal.jpg,external_data/IU-Xray/images/IU_372_lateral.jpg,372,IU_372,,,pleural_effusion_presence,explicit_reference_polarity_contradiction,left retrocardiac airspace disease with blunted posterior costophrenic xxxx on lateral view suggesting small pleural effusion | small left pleural effusion,success,,100.0,100.0,0.0,0.0,1.0
IU_372,372,insufficient,VALID,Context is empty as required.,XXXX-year-old male with chest pain. History of cancer.,,Left retrocardiac airspace disease with blunted posterior costophrenic XXXX on lateral view suggesting small pleural effusion. Normal heart size. Right PICC is unchanged with tip at the caval atrial junction.,Left retrocardiac airspace disease could reflect atelectasis and possible scarring. Small left pleural effusion.,external_data/IU-Xray/images/IU_372_frontal.jpg,external_data/IU-Xray/images/IU_372_lateral.jpg,372,IU_372,,,,,,success,,100.0,100.0,0.0,0.0,1.0
IU_382,382,sufficient,VALID,Original selected-study context is preserved exactly.,XXXX year-old female with hemoptysis. History of sarcoidosis.,XXXX year-old female with hemoptysis. History of sarcoidosis.,"Stable, normal cardiac size, mediastinum, and central pulmonary vasculature. Marked bullous emphysematous changes and traction bronchiectasis, again most notable involving the bilateral upper lobes. Stable prominent ovoid opacity (4.3 x 2.8 XXXX) XXXX a large left upper lobe XXXX, XXXX reflecting a superimposed aspergilloma-as more readily demonstrated on the previous CT chest study from XXXX. No XXXX areas of alveolar airspace consolidation are identified. No evidence of pleural effusion or pneumothorax.","1. Marked bullous emphysematous changes and traction bronchiectasis, again most notable involving the bilateral upper lobes. Stable suspected superimposed left upper lobe aspergilloma - as more readily demonstrated on the previous CT chest study from XXXX.",external_data/IU-Xray/images/IU_382_frontal.jpg,external_data/IU-Xray/images/IU_382_lateral.jpg,382,IU_382,,,,,,success,,100.0,100.0,0.0,0.0,1.0
IU_382,382,syntactic_incomplete,VALID,Existing parser detects unfinished syntax (dangling_preposition).,XXXX year-old female with hemoptysis. History of sarcoidosis.,XXXX year-old female with hemoptysis. History of,"Stable, normal cardiac size, mediastinum, and central pulmonary vasculature. Marked bullous emphysematous changes and traction bronchiectasis, again most notable involving the bilateral upper lobes. Stable prominent ovoid opacity (4.3 x 2.8 XXXX) XXXX a large left upper lobe XXXX, XXXX reflecting a superimposed aspergilloma-as more readily demonstrated on the previous CT chest study from XXXX. No XXXX areas of alveolar airspace consolidation are identified. No evidence of pleural effusion or pneumothorax.","1. Marked bullous emphysematous changes and traction bronchiectasis, again most notable involving the bilateral upper lobes. Stable suspected superimposed left upper lobe aspergilloma - as more readily demonstrated on the previous CT chest study from XXXX.",external_data/IU-Xray/images/IU_382_frontal.jpg,external_data/IU-Xray/images/IU_382_lateral.jpg,382,IU_382,,pattern_truncation,,,,success,,100.0,100.0,0.0,0.0,1.0
IU_382,382,evidentiary_incomplete,VALID,"Readable evidence ""hemoptysis"" is removed by clause_clinical_removal; residual is defensible and parser-complete.",XXXX year-old female with hemoptysis. History of sarcoidosis.,"XXXX year-old female, History of sarcoidosis.","Stable, normal cardiac size, mediastinum, and central pulmonary vasculature. Marked bullous emphysematous changes and traction bronchiectasis, again most notable involving the bilateral upper lobes. Stable prominent ovoid opacity (4.3 x 2.8 XXXX) XXXX a large left upper lobe XXXX, XXXX reflecting a superimposed aspergilloma-as more readily demonstrated on the previous CT chest study from XXXX. No XXXX areas of alveolar airspace consolidation are identified. No evidence of pleural effusion or pneumothorax.","1. Marked bullous emphysematous changes and traction bronchiectasis, again most notable involving the bilateral upper lobes. Stable suspected superimposed left upper lobe aspergilloma - as more readily demonstrated on the previous CT chest study from XXXX.",external_data/IU-Xray/images/IU_382_frontal.jpg,external_data/IU-Xray/images/IU_382_lateral.jpg,382,IU_382,hemoptysis,clause_clinical_removal,,,,success,,100.0,100.0,0.0,0.0,1.0
IU_382,382,irrelevant,VALID,Context provenance matches non-self donor UID 463; overlap screen passes.,XXXX year-old female with hemoptysis. History of sarcoidosis.,"Preoperative, knee surgery.","Stable, normal cardiac size, mediastinum, and central pulmonary vasculature. Marked bullous emphysematous changes and traction bronchiectasis, again most notable involving the bilateral upper lobes. Stable prominent ovoid opacity (4.3 x 2.8 XXXX) XXXX a large left upper lobe XXXX, XXXX reflecting a superimposed aspergilloma-as more readily demonstrated on the previous CT chest study from XXXX. No XXXX areas of alveolar airspace consolidation are identified. No evidence of pleural effusion or pneumothorax.","1. Marked bullous emphysematous changes and traction bronchiectasis, again most notable involving the bilateral upper lobes. Stable suspected superimposed left upper lobe aspergilloma - as more readily demonstrated on the previous CT chest study from XXXX.",external_data/IU-Xray/images/IU_382_frontal.jpg,external_data/IU-Xray/images/IU_382_lateral.jpg,463,IU_463,,deterministic_screened_donor_assignment,,,,success,,100.0,100.0,0.0,0.0,1.0
IU_382,382,conflicting,VALID,"Explicit opposite polarity: reference NEGATED, context AFFIRMED for pneumothorax.",XXXX year-old female with hemoptysis. History of sarcoidosis.,The patient has a pneumothorax.,"Stable, normal cardiac size, mediastinum, and central pulmonary vasculature. Marked bullous emphysematous changes and traction bronchiectasis, again most notable involving the bilateral upper lobes. Stable prominent ovoid opacity (4.3 x 2.8 XXXX) XXXX a large left upper lobe XXXX, XXXX reflecting a superimposed aspergilloma-as more readily demonstrated on the previous CT chest study from XXXX. No XXXX areas of alveolar airspace consolidation are identified. No evidence of pleural effusion or pneumothorax.","1. Marked bullous emphysematous changes and traction bronchiectasis, again most notable involving the bilateral upper lobes. Stable suspected superimposed left upper lobe aspergilloma - as more readily demonstrated on the previous CT chest study from XXXX.",external_data/IU-Xray/images/IU_382_frontal.jpg,external_data/IU-Xray/images/IU_382_lateral.jpg,382,IU_382,,,pneumothorax_absence,explicit_reference_polarity_contradiction,no evidence of pleural effusion or pneumothorax,success,,100.0,100.0,0.0,0.0,1.0
IU_382,382,insufficient,VALID,Context is empty as required.,XXXX year-old female with hemoptysis. History of sarcoidosis.,,"Stable, normal cardiac size, mediastinum, and central pulmonary vasculature. Marked bullous emphysematous changes and traction bronchiectasis, again most notable involving the bilateral upper lobes. Stable prominent ovoid opacity (4.3 x 2.8 XXXX) XXXX a large left upper lobe XXXX, XXXX reflecting a superimposed aspergilloma-as more readily demonstrated on the previous CT chest study from XXXX. No XXXX areas of alveolar airspace consolidation are identified. No evidence of pleural effusion or pneumothorax.","1. Marked bullous emphysematous changes and traction bronchiectasis, again most notable involving the bilateral upper lobes. Stable suspected superimposed left upper lobe aspergilloma - as more readily demonstrated on the previous CT chest study from XXXX.",external_data/IU-Xray/images/IU_382_frontal.jpg,external_data/IU-Xray/images/IU_382_lateral.jpg,382,IU_382,,,,,,success,,100.0,100.0,0.0,0.0,1.0
IU_388,388,sufficient,VALID,Original selected-study context is preserved exactly.,"Abnormal breath sounds, high blood pressure","Abnormal breath sounds, high blood pressure","Cardiomegaly is unchanged. Stable superior mediastinal contour with tortuous calcified aorta. Normal pulmonary vascularity. No focal air space consolidation, pleural effusion, or pneumothorax. No acute bony abnormality. Changes of prior right mastectomy.",Stable appearance of the chest. No acute cardiopulmonary findings.,external_data/IU-Xray/images/IU_388_frontal.jpg,external_data/IU-Xray/images/IU_388_lateral.jpg,388,IU_388,,,,,,success,,100.0,100.0,0.0,0.0,1.0
IU_388,388,syntactic_incomplete,VALID,Existing parser detects unfinished syntax (dangling_conjunction).,"Abnormal breath sounds, high blood pressure","Abnormal breath sounds, high blood pressure and","Cardiomegaly is unchanged. Stable superior mediastinal contour with tortuous calcified aorta. Normal pulmonary vascularity. No focal air space consolidation, pleural effusion, or pneumothorax. No acute bony abnormality. Changes of prior right mastectomy.",Stable appearance of the chest. No acute cardiopulmonary findings.,external_data/IU-Xray/images/IU_388_frontal.jpg,external_data/IU-Xray/images/IU_388_lateral.jpg,388,IU_388,,appended_conjunction_fallback,,,,success,,100.0,100.0,0.0,0.0,1.0
IU_388,388,evidentiary_incomplete,VALID,"Readable evidence ""Abnormal breath sounds"" is removed by clause_clinical_removal; residual is defensible and parser-complete.","Abnormal breath sounds, high blood pressure",high blood pressure.,"Cardiomegaly is unchanged. Stable superior mediastinal contour with tortuous calcified aorta. Normal pulmonary vascularity. No focal air space consolidation, pleural effusion, or pneumothorax. No acute bony abnormality. Changes of prior right mastectomy.",Stable appearance of the chest. No acute cardiopulmonary findings.,external_data/IU-Xray/images/IU_388_frontal.jpg,external_data/IU-Xray/images/IU_388_lateral.jpg,388,IU_388,Abnormal breath sounds,clause_clinical_removal,,,,success,,100.0,100.0,0.0,0.0,1.0
IU_388,388,irrelevant,VALID,Context provenance matches non-self donor UID 753; overlap screen passes.,"Abnormal breath sounds, high blood pressure",XXXX-year-old with XXXX. Pain with breathing that started last XXXX.,"Cardiomegaly is unchanged. Stable superior mediastinal contour with tortuous calcified aorta. Normal pulmonary vascularity. No focal air space consolidation, pleural effusion, or pneumothorax. No acute bony abnormality. Changes of prior right mastectomy.",Stable appearance of the chest. No acute cardiopulmonary findings.,external_data/IU-Xray/images/IU_388_frontal.jpg,external_data/IU-Xray/images/IU_388_lateral.jpg,753,IU_753,,deterministic_screened_donor_assignment,,,,success,,100.0,100.0,0.0,0.0,1.0
IU_388,388,conflicting,VALID,"Explicit opposite polarity: reference NEGATED, context AFFIRMED for pneumothorax.","Abnormal breath sounds, high blood pressure",The patient has a pneumothorax.,"Cardiomegaly is unchanged. Stable superior mediastinal contour with tortuous calcified aorta. Normal pulmonary vascularity. No focal air space consolidation, pleural effusion, or pneumothorax. No acute bony abnormality. Changes of prior right mastectomy.",Stable appearance of the chest. No acute cardiopulmonary findings.,external_data/IU-Xray/images/IU_388_frontal.jpg,external_data/IU-Xray/images/IU_388_lateral.jpg,388,IU_388,,,pneumothorax_absence,explicit_reference_polarity_contradiction,"no focal air space consolidation, pleural effusion, or pneumothorax",success,,100.0,100.0,0.0,0.0,1.0
IU_388,388,insufficient,VALID,Context is empty as required.,"Abnormal breath sounds, high blood pressure",,"Cardiomegaly is unchanged. Stable superior mediastinal contour with tortuous calcified aorta. Normal pulmonary vascularity. No focal air space consolidation, pleural effusion, or pneumothorax. No acute bony abnormality. Changes of prior right mastectomy.",Stable appearance of the chest. No acute cardiopulmonary findings.,external_data/IU-Xray/images/IU_388_frontal.jpg,external_data/IU-Xray/images/IU_388_lateral.jpg,388,IU_388,,,,,,success,,100.0,100.0,0.0,0.0,1.0
IU_400,400,sufficient,VALID,Original selected-study context is preserved exactly.,"XXXX-year-old woman with dyspnea and XXXX x3 days, history of asthma.","XXXX-year-old woman with dyspnea and XXXX x3 days, history of asthma.","The lungs are clear bilaterally. Specifically, no evidence of focal consolidation, pneumothorax, or pleural effusion. Stable small right basilar calcified granuloma. Cardio mediastinal silhouette is unremarkable. Visualized osseous structures of the thorax are without acute abnormality.",No acute cardiopulmonary abnormality.,external_data/IU-Xray/images/IU_400_frontal.jpg,,400,IU_400,,,,,,success,,100.0,100.0,0.0,0.0,1.0
IU_400,400,syntactic_incomplete,VALID,Existing parser detects unfinished syntax (dangling_preposition).,"XXXX-year-old woman with dyspnea and XXXX x3 days, history of asthma.","XXXX-year-old woman with dyspnea and XXXX x3 days, history of","The lungs are clear bilaterally. Specifically, no evidence of focal consolidation, pneumothorax, or pleural effusion. Stable small right basilar calcified granuloma. Cardio mediastinal silhouette is unremarkable. Visualized osseous structures of the thorax are without acute abnormality.",No acute cardiopulmonary abnormality.,external_data/IU-Xray/images/IU_400_frontal.jpg,,400,IU_400,,pattern_truncation,,,,success,,100.0,100.0,0.0,0.0,1.0
IU_400,400,evidentiary_incomplete,VALID,"Readable evidence ""dyspnea"" is removed by clause_clinical_removal; residual is defensible and parser-complete.","XXXX-year-old woman with dyspnea and XXXX x3 days, history of asthma.","XXXX-year-old woman, XXXX x3 days, history of asthma.","The lungs are clear bilaterally. Specifically, no evidence of focal consolidation, pneumothorax, or pleural effusion. Stable small right basilar calcified granuloma. Cardio mediastinal silhouette is unremarkable. Visualized osseous structures of the thorax are without acute abnormality.",No acute cardiopulmonary abnormality.,external_data/IU-Xray/images/IU_400_frontal.jpg,,400,IU_400,dyspnea,clause_clinical_removal,,,,success,,100.0,100.0,0.0,0.0,1.0
IU_400,400,irrelevant,VALID,Context provenance matches non-self donor UID 803; overlap screen passes.,"XXXX-year-old woman with dyspnea and XXXX x3 days, history of asthma.",XXXX-year-old female with history of asthma and dyspnea on exertion.,"The lungs are clear bilaterally. Specifically, no evidence of focal consolidation, pneumothorax, or pleural effusion. Stable small right basilar calcified granuloma. Cardio mediastinal silhouette is unremarkable. Visualized osseous structures of the thorax are without acute abnormality.",No acute cardiopulmonary abnormality.,external_data/IU-Xray/images/IU_400_frontal.jpg,,803,IU_803,,deterministic_screened_donor_assignment,,,,success,,100.0,100.0,0.0,0.0,1.0
IU_400,400,conflicting,VALID,"Explicit opposite polarity: reference NEGATED, context AFFIRMED for pneumothorax.","XXXX-year-old woman with dyspnea and XXXX x3 days, history of asthma.",The patient has a pneumothorax.,"The lungs are clear bilaterally. Specifically, no evidence of focal consolidation, pneumothorax, or pleural effusion. Stable small right basilar calcified granuloma. Cardio mediastinal silhouette is unremarkable. Visualized osseous structures of the thorax are without acute abnormality.",No acute cardiopulmonary abnormality.,external_data/IU-Xray/images/IU_400_frontal.jpg,,400,IU_400,,,pneumothorax_absence,explicit_reference_polarity_contradiction,"specifically, no evidence of focal consolidation, pneumothorax, or pleural effusion",success,,100.0,100.0,0.0,0.0,1.0
IU_400,400,insufficient,VALID,Context is empty as required.,"XXXX-year-old woman with dyspnea and XXXX x3 days, history of asthma.",,"The lungs are clear bilaterally. Specifically, no evidence of focal consolidation, pneumothorax, or pleural effusion. Stable small right basilar calcified granuloma. Cardio mediastinal silhouette is unremarkable. Visualized osseous structures of the thorax are without acute abnormality.",No acute cardiopulmonary abnormality.,external_data/IU-Xray/images/IU_400_frontal.jpg,,400,IU_400,,,,,,success,,100.0,100.0,0.0,0.0,1.0
IU_417,417,sufficient,VALID,Original selected-study context is preserved exactly.,"The patient is a XXXX-year-old female scheduled for right breast surgery, for XXXX cancer diagnosis. History of XXXX.","The patient is a XXXX-year-old female scheduled for right breast surgery, for XXXX cancer diagnosis. History of XXXX.","Stable calcified granulomas. The trachea is midline. Negative for pneumothorax, pleural effusion or focal airspace consolidation. The heart size is normal.",1. No acute cardiopulmonary abnormality.,external_data/IU-Xray/images/IU_417_frontal.jpg,external_data/IU-Xray/images/IU_417_lateral.jpg,417,IU_417,,,,,,success,,100.0,100.0,0.0,0.0,1.0
IU_417,417,syntactic_incomplete,VALID,Existing parser detects unfinished syntax (dangling_preposition).,"The patient is a XXXX-year-old female scheduled for right breast surgery, for XXXX cancer diagnosis. History of XXXX.","The patient is a XXXX-year-old female scheduled for right breast surgery, for XXXX cancer diagnosis. History of","Stable calcified granulomas. The trachea is midline. Negative for pneumothorax, pleural effusion or focal airspace consolidation. The heart size is normal.",1. No acute cardiopulmonary abnormality.,external_data/IU-Xray/images/IU_417_frontal.jpg,external_data/IU-Xray/images/IU_417_lateral.jpg,417,IU_417,,pattern_truncation,,,,success,,100.0,100.0,0.0,0.0,1.0
IU_417,417,evidentiary_incomplete,VALID,"Readable evidence ""The patient is a XXXX-year-old female scheduled for right breast surgery"" is removed by clause_clinical_removal; residual is defensible and parser-complete.","The patient is a XXXX-year-old female scheduled for right breast surgery, for XXXX cancer diagnosis. History of XXXX.","for XXXX cancer diagnosis, History of XXXX.","Stable calcified granulomas. The trachea is midline. Negative for pneumothorax, pleural effusion or focal airspace consolidation. The heart size is normal.",1. No acute cardiopulmonary abnormality.,external_data/IU-Xray/images/IU_417_frontal.jpg,external_data/IU-Xray/images/IU_417_lateral.jpg,417,IU_417,The patient is a XXXX-year-old female scheduled for right breast surgery,clause_clinical_removal,,,,success,,100.0,100.0,0.0,0.0,1.0
IU_417,417,irrelevant,VALID,Context provenance matches non-self donor UID 871; overlap screen passes.,"The patient is a XXXX-year-old female scheduled for right breast surgery, for XXXX cancer diagnosis. History of XXXX.",XXXX-year-old female with chest pain and pelvic pain.,"Stable calcified granulomas. The trachea is midline. Negative for pneumothorax, pleural effusion or focal airspace consolidation. The heart size is normal.",1. No acute cardiopulmonary abnormality.,external_data/IU-Xray/images/IU_417_frontal.jpg,external_data/IU-Xray/images/IU_417_lateral.jpg,871,IU_871,,deterministic_screened_donor_assignment,,,,success,,100.0,100.0,0.0,0.0,1.0
IU_417,417,conflicting,VALID,"Explicit opposite polarity: reference NEGATED, context AFFIRMED for pneumothorax.","The patient is a XXXX-year-old female scheduled for right breast surgery, for XXXX cancer diagnosis. History of XXXX.",The patient has a pneumothorax.,"Stable calcified granulomas. The trachea is midline. Negative for pneumothorax, pleural effusion or focal airspace consolidation. The heart size is normal.",1. No acute cardiopulmonary abnormality.,external_data/IU-Xray/images/IU_417_frontal.jpg,external_data/IU-Xray/images/IU_417_lateral.jpg,417,IU_417,,,pneumothorax_absence,explicit_reference_polarity_contradiction,"negative for pneumothorax, pleural effusion or focal airspace consolidation",success,,100.0,100.0,0.0,0.0,1.0
IU_417,417,insufficient,VALID,Context is empty as required.,"The patient is a XXXX-year-old female scheduled for right breast surgery, for XXXX cancer diagnosis. History of XXXX.",,"Stable calcified granulomas. The trachea is midline. Negative for pneumothorax, pleural effusion or focal airspace consolidation. The heart size is normal.",1. No acute cardiopulmonary abnormality.,external_data/IU-Xray/images/IU_417_frontal.jpg,external_data/IU-Xray/images/IU_417_lateral.jpg,417,IU_417,,,,,,success,,100.0,100.0,0.0,0.0,1.0
IU_437,437,sufficient,VALID,Original selected-study context is preserved exactly.,"XXXX-year-old male, preoperative evaluation. History of thyroid cancer.","XXXX-year-old male, preoperative evaluation. History of thyroid cancer.","There are postoperative changes of sternotomy. There is cardiomegaly. The contour of the ascending aorta is prominent, consistent with known ascending aortic aneurysm. The lungs appear clear. No focal airspace consolidation. No pleural effusion or pneumothorax. There are minimal degenerative changes of the spine.","1. No acute pulmonary abnormality demonstrated. 2. Stable cardiomegaly. 3. Prominent contour of the ascending aorta, consistent with known ascending aortic aneurysm.",external_data/IU-Xray/images/IU_437_frontal.jpg,external_data/IU-Xray/images/IU_437_lateral.jpg,437,IU_437,,,,,,success,,100.0,100.0,0.0,0.0,1.0
IU_437,437,syntactic_incomplete,VALID,Existing parser detects unfinished syntax (dangling_preposition).,"XXXX-year-old male, preoperative evaluation. History of thyroid cancer.","XXXX-year-old male, preoperative evaluation. History of","There are postoperative changes of sternotomy. There is cardiomegaly. The contour of the ascending aorta is prominent, consistent with known ascending aortic aneurysm. The lungs appear clear. No focal airspace consolidation. No pleural effusion or pneumothorax. There are minimal degenerative changes of the spine.","1. No acute pulmonary abnormality demonstrated. 2. Stable cardiomegaly. 3. Prominent contour of the ascending aorta, consistent with known ascending aortic aneurysm.",external_data/IU-Xray/images/IU_437_frontal.jpg,external_data/IU-Xray/images/IU_437_lateral.jpg,437,IU_437,,pattern_truncation,,,,success,,100.0,100.0,0.0,0.0,1.0
IU_437,437,evidentiary_incomplete,VALID,"Readable evidence ""preoperative evaluation"" is removed by clause_clinical_removal; residual is defensible and parser-complete.","XXXX-year-old male, preoperative evaluation. History of thyroid cancer.","XXXX-year-old male, History of thyroid cancer.","There are postoperative changes of sternotomy. There is cardiomegaly. The contour of the ascending aorta is prominent, consistent with known ascending aortic aneurysm. The lungs appear clear. No focal airspace consolidation. No pleural effusion or pneumothorax. There are minimal degenerative changes of the spine.","1. No acute pulmonary abnormality demonstrated. 2. Stable cardiomegaly. 3. Prominent contour of the ascending aorta, consistent with known ascending aortic aneurysm.",external_data/IU-Xray/images/IU_437_frontal.jpg,external_data/IU-Xray/images/IU_437_lateral.jpg,437,IU_437,preoperative evaluation,clause_clinical_removal,,,,success,,100.0,100.0,0.0,0.0,1.0
IU_437,437,irrelevant,VALID,Context provenance matches non-self donor UID 498; overlap screen passes.,"XXXX-year-old male, preoperative evaluation. History of thyroid cancer.","XXXX-year-old male, chest pain, no shortness of breath, XXXX.","There are postoperative changes of sternotomy. There is cardiomegaly. The contour of the ascending aorta is prominent, consistent with known ascending aortic aneurysm. The lungs appear clear. No focal airspace consolidation. No pleural effusion or pneumothorax. There are minimal degenerative changes of the spine.","1. No acute pulmonary abnormality demonstrated. 2. Stable cardiomegaly. 3. Prominent contour of the ascending aorta, consistent with known ascending aortic aneurysm.",external_data/IU-Xray/images/IU_437_frontal.jpg,external_data/IU-Xray/images/IU_437_lateral.jpg,498,IU_498,,deterministic_screened_donor_assignment,,,,success,,100.0,100.0,0.0,0.0,1.0
IU_437,437,conflicting,VALID,"Explicit opposite polarity: reference NEGATED, context AFFIRMED for pneumothorax.","XXXX-year-old male, preoperative evaluation. History of thyroid cancer.",The patient has a pneumothorax.,"There are postoperative changes of sternotomy. There is cardiomegaly. The contour of the ascending aorta is prominent, consistent with known ascending aortic aneurysm. The lungs appear clear. No focal airspace consolidation. No pleural effusion or pneumothorax. There are minimal degenerative changes of the spine.","1. No acute pulmonary abnormality demonstrated. 2. Stable cardiomegaly. 3. Prominent contour of the ascending aorta, consistent with known ascending aortic aneurysm.",external_data/IU-Xray/images/IU_437_frontal.jpg,external_data/IU-Xray/images/IU_437_lateral.jpg,437,IU_437,,,pneumothorax_absence,explicit_reference_polarity_contradiction,no pleural effusion or pneumothorax,success,,100.0,100.0,0.0,0.0,1.0
IU_437,437,insufficient,VALID,Context is empty as required.,"XXXX-year-old male, preoperative evaluation. History of thyroid cancer.",,"There are postoperative changes of sternotomy. There is cardiomegaly. The contour of the ascending aorta is prominent, consistent with known ascending aortic aneurysm. The lungs appear clear. No focal airspace consolidation. No pleural effusion or pneumothorax. There are minimal degenerative changes of the spine.","1. No acute pulmonary abnormality demonstrated. 2. Stable cardiomegaly. 3. Prominent contour of the ascending aorta, consistent with known ascending aortic aneurysm.",external_data/IU-Xray/images/IU_437_frontal.jpg,external_data/IU-Xray/images/IU_437_lateral.jpg,437,IU_437,,,,,,success,,100.0,100.0,0.0,0.0,1.0
IU_451,451,sufficient,VALID,Original selected-study context is preserved exactly.,Bilateral hip pain with osteoarthritis. Possible hip replacement.,Bilateral hip pain with osteoarthritis. Possible hip replacement.,On the right there is marked narrowing of the hip joint space uniformly throughout. Osteophyte formation is present with some sclerosis and subchondral cyst formation vertically along the superior acetabulum and femoral head. I do not see evidence for fracture or destructive process. AP view of the femur shows no femoral XXXX destructive process or other significant abnormality. For of the Left hip shows near-complete obliteration of the joint space with severe subchondral sclerosis and cystic formation in both the superior acetabulum and superior aspect of the femoral head. No fracture or destructive process is identified. Surgical markers were XXXX in the images and left hip for the purpose of surgical planning. PA and lateral chest show the lungs to be clear. There may be some hyperinflation. No pleural effusion is identified. The heart is normal in size. There are calcified mediastinal lymph XXXX. The skeletal structures appear normal.,1.Severe arthritic changes in both hips left worse than right. 2. Possible COPD but no acute pulmonary disease.,external_data/IU-Xray/images/IU_451_frontal.jpg,external_data/IU-Xray/images/IU_451_lateral.jpg,451,IU_451,,,,,,success,,100.0,100.0,0.0,0.0,1.0
IU_451,451,syntactic_incomplete,VALID,Existing parser detects unfinished syntax (dangling_preposition).,Bilateral hip pain with osteoarthritis. Possible hip replacement.,Bilateral hip pain with,On the right there is marked narrowing of the hip joint space uniformly throughout. Osteophyte formation is present with some sclerosis and subchondral cyst formation vertically along the superior acetabulum and femoral head. I do not see evidence for fracture or destructive process. AP view of the femur shows no femoral XXXX destructive process or other significant abnormality. For of the Left hip shows near-complete obliteration of the joint space with severe subchondral sclerosis and cystic formation in both the superior acetabulum and superior aspect of the femoral head. No fracture or destructive process is identified. Surgical markers were XXXX in the images and left hip for the purpose of surgical planning. PA and lateral chest show the lungs to be clear. There may be some hyperinflation. No pleural effusion is identified. The heart is normal in size. There are calcified mediastinal lymph XXXX. The skeletal structures appear normal.,1.Severe arthritic changes in both hips left worse than right. 2. Possible COPD but no acute pulmonary disease.,external_data/IU-Xray/images/IU_451_frontal.jpg,external_data/IU-Xray/images/IU_451_lateral.jpg,451,IU_451,,preposition_truncation,,,,success,,100.0,100.0,0.0,0.0,1.0
IU_451,451,evidentiary_incomplete,VALID,"Readable evidence ""Bilateral hip pain"" is removed by clause_clinical_removal; residual is defensible and parser-complete.",Bilateral hip pain with osteoarthritis. Possible hip replacement.,"osteoarthritis, Possible hip replacement.",On the right there is marked narrowing of the hip joint space uniformly throughout. Osteophyte formation is present with some sclerosis and subchondral cyst formation vertically along the superior acetabulum and femoral head. I do not see evidence for fracture or destructive process. AP view of the femur shows no femoral XXXX destructive process or other significant abnormality. For of the Left hip shows near-complete obliteration of the joint space with severe subchondral sclerosis and cystic formation in both the superior acetabulum and superior aspect of the femoral head. No fracture or destructive process is identified. Surgical markers were XXXX in the images and left hip for the purpose of surgical planning. PA and lateral chest show the lungs to be clear. There may be some hyperinflation. No pleural effusion is identified. The heart is normal in size. There are calcified mediastinal lymph XXXX. The skeletal structures appear normal.,1.Severe arthritic changes in both hips left worse than right. 2. Possible COPD but no acute pulmonary disease.,external_data/IU-Xray/images/IU_451_frontal.jpg,external_data/IU-Xray/images/IU_451_lateral.jpg,451,IU_451,Bilateral hip pain,clause_clinical_removal,,,,success,,100.0,100.0,0.0,0.0,1.0
IU_451,451,irrelevant,VALID,Context provenance matches non-self donor UID 585; overlap screen passes.,Bilateral hip pain with osteoarthritis. Possible hip replacement.,",786.50 UNSPEC CHEST PAIN, pt states chronic lung infections, pt taking meds for rheumatoid arthritis, no hx ca, nonsmoker",On the right there is marked narrowing of the hip joint space uniformly throughout. Osteophyte formation is present with some sclerosis and subchondral cyst formation vertically along the superior acetabulum and femoral head. I do not see evidence for fracture or destructive process. AP view of the femur shows no femoral XXXX destructive process or other significant abnormality. For of the Left hip shows near-complete obliteration of the joint space with severe subchondral sclerosis and cystic formation in both the superior acetabulum and superior aspect of the femoral head. No fracture or destructive process is identified. Surgical markers were XXXX in the images and left hip for the purpose of surgical planning. PA and lateral chest show the lungs to be clear. There may be some hyperinflation. No pleural effusion is identified. The heart is normal in size. There are calcified mediastinal lymph XXXX. The skeletal structures appear normal.,1.Severe arthritic changes in both hips left worse than right. 2. Possible COPD but no acute pulmonary disease.,external_data/IU-Xray/images/IU_451_frontal.jpg,external_data/IU-Xray/images/IU_451_lateral.jpg,585,IU_585,,deterministic_screened_donor_assignment,,,,success,,100.0,100.0,0.0,0.0,1.0
IU_451,451,conflicting,VALID,"Explicit opposite polarity: reference NEGATED, context AFFIRMED for pleural_effusion.",Bilateral hip pain with osteoarthritis. Possible hip replacement.,The patient has a pleural effusion.,On the right there is marked narrowing of the hip joint space uniformly throughout. Osteophyte formation is present with some sclerosis and subchondral cyst formation vertically along the superior acetabulum and femoral head. I do not see evidence for fracture or destructive process. AP view of the femur shows no femoral XXXX destructive process or other significant abnormality. For of the Left hip shows near-complete obliteration of the joint space with severe subchondral sclerosis and cystic formation in both the superior acetabulum and superior aspect of the femoral head. No fracture or destructive process is identified. Surgical markers were XXXX in the images and left hip for the purpose of surgical planning. PA and lateral chest show the lungs to be clear. There may be some hyperinflation. No pleural effusion is identified. The heart is normal in size. There are calcified mediastinal lymph XXXX. The skeletal structures appear normal.,1.Severe arthritic changes in both hips left worse than right. 2. Possible COPD but no acute pulmonary disease.,external_data/IU-Xray/images/IU_451_frontal.jpg,external_data/IU-Xray/images/IU_451_lateral.jpg,451,IU_451,,,pleural_effusion_absence,explicit_reference_polarity_contradiction,no pleural effusion is identified,success,,100.0,100.0,0.0,0.0,1.0
IU_451,451,insufficient,VALID,Context is empty as required.,Bilateral hip pain with osteoarthritis. Possible hip replacement.,,On the right there is marked narrowing of the hip joint space uniformly throughout. Osteophyte formation is present with some sclerosis and subchondral cyst formation vertically along the superior acetabulum and femoral head. I do not see evidence for fracture or destructive process. AP view of the femur shows no femoral XXXX destructive process or other significant abnormality. For of the Left hip shows near-complete obliteration of the joint space with severe subchondral sclerosis and cystic formation in both the superior acetabulum and superior aspect of the femoral head. No fracture or destructive process is identified. Surgical markers were XXXX in the images and left hip for the purpose of surgical planning. PA and lateral chest show the lungs to be clear. There may be some hyperinflation. No pleural effusion is identified. The heart is normal in size. There are calcified mediastinal lymph XXXX. The skeletal structures appear normal.,1.Severe arthritic changes in both hips left worse than right. 2. Possible COPD but no acute pulmonary disease.,external_data/IU-Xray/images/IU_451_frontal.jpg,external_data/IU-Xray/images/IU_451_lateral.jpg,451,IU_451,,,,,,success,,100.0,100.0,0.0,0.0,1.0
IU_458,458,sufficient,VALID,Original selected-study context is preserved exactly.,XXXX H/O SMOKING XXXX FOR CAUSES. PAIN IN NECK AND XXXX.,XXXX H/O SMOKING XXXX FOR CAUSES. PAIN IN NECK AND XXXX.,The lungs are clear. The heart and pulmonary XXXX are normal. The pleural spaces are clear. Mediastinal contours are normal. Bony overlap in the lung apices could obscure a small pulmonary nodule.,No acute cardiopulmonary disease,external_data/IU-Xray/images/IU_458_frontal.jpg,external_data/IU-Xray/images/IU_458_lateral.jpg,458,IU_458,,,,,,success,,100.0,100.0,0.0,0.0,1.0
IU_458,458,syntactic_incomplete,VALID,Existing parser detects unfinished syntax (dangling_preposition).,XXXX H/O SMOKING XXXX FOR CAUSES. PAIN IN NECK AND XXXX.,XXXX H/O SMOKING XXXX FOR,The lungs are clear. The heart and pulmonary XXXX are normal. The pleural spaces are clear. Mediastinal contours are normal. Bony overlap in the lung apices could obscure a small pulmonary nodule.,No acute cardiopulmonary disease,external_data/IU-Xray/images/IU_458_frontal.jpg,external_data/IU-Xray/images/IU_458_lateral.jpg,458,IU_458,,preposition_truncation,,,,success,,100.0,100.0,0.0,0.0,1.0
IU_458,458,evidentiary_incomplete,VALID,"Readable evidence ""XXXX H/O SMOKING XXXX FOR CAUSES"" is removed by clause_clinical_removal; residual is defensible and parser-complete.",XXXX H/O SMOKING XXXX FOR CAUSES. PAIN IN NECK AND XXXX.,"PAIN IN NECK, XXXX.",The lungs are clear. The heart and pulmonary XXXX are normal. The pleural spaces are clear. Mediastinal contours are normal. Bony overlap in the lung apices could obscure a small pulmonary nodule.,No acute cardiopulmonary disease,external_data/IU-Xray/images/IU_458_frontal.jpg,external_data/IU-Xray/images/IU_458_lateral.jpg,458,IU_458,XXXX H/O SMOKING XXXX FOR CAUSES,clause_clinical_removal,,,,success,,100.0,100.0,0.0,0.0,1.0
IU_458,458,irrelevant,VALID,Context provenance matches non-self donor UID 460; overlap screen passes.,XXXX H/O SMOKING XXXX FOR CAUSES. PAIN IN NECK AND XXXX.,Chest pain and dizziness,The lungs are clear. The heart and pulmonary XXXX are normal. The pleural spaces are clear. Mediastinal contours are normal. Bony overlap in the lung apices could obscure a small pulmonary nodule.,No acute cardiopulmonary disease,external_data/IU-Xray/images/IU_458_frontal.jpg,external_data/IU-Xray/images/IU_458_lateral.jpg,460,IU_460,,deterministic_screened_donor_assignment,,,,success,,100.0,100.0,0.0,0.0,1.0
IU_458,458,conflicting,VALID,"Explicit opposite polarity: reference NEGATED, context AFFIRMED for pneumonia.",XXXX H/O SMOKING XXXX FOR CAUSES. PAIN IN NECK AND XXXX.,The patient has pneumonia.,The lungs are clear. The heart and pulmonary XXXX are normal. The pleural spaces are clear. Mediastinal contours are normal. Bony overlap in the lung apices could obscure a small pulmonary nodule.,No acute cardiopulmonary disease,external_data/IU-Xray/images/IU_458_frontal.jpg,external_data/IU-Xray/images/IU_458_lateral.jpg,458,IU_458,,,pneumonia_absence,explicit_reference_polarity_contradiction,the lungs are clear | no acute cardiopulmonary disease,success,,100.0,100.0,0.0,0.0,1.0
IU_458,458,insufficient,VALID,Context is empty as required.,XXXX H/O SMOKING XXXX FOR CAUSES. PAIN IN NECK AND XXXX.,,The lungs are clear. The heart and pulmonary XXXX are normal. The pleural spaces are clear. Mediastinal contours are normal. Bony overlap in the lung apices could obscure a small pulmonary nodule.,No acute cardiopulmonary disease,external_data/IU-Xray/images/IU_458_frontal.jpg,external_data/IU-Xray/images/IU_458_lateral.jpg,458,IU_458,,,,,,success,,100.0,100.0,0.0,0.0,1.0
IU_460,460,sufficient,VALID,Original selected-study context is preserved exactly.,Chest pain and dizziness,Chest pain and dizziness,"The lungs and pleural spaces show no acute abnormality. Heart size and pulmonary vascularity within normal limits. Mild tortuosity of the thoracic aorta, unchanged",1. No acute pulmonary abnormality.,external_data/IU-Xray/images/IU_460_frontal.jpg,external_data/IU-Xray/images/IU_460_lateral.jpg,460,IU_460,,,,,,success,,100.0,100.0,0.0,0.0,1.0
IU_460,460,syntactic_incomplete,VALID,Existing parser detects unfinished syntax (dangling_conjunction).,Chest pain and dizziness,Chest pain and,"The lungs and pleural spaces show no acute abnormality. Heart size and pulmonary vascularity within normal limits. Mild tortuosity of the thoracic aorta, unchanged",1. No acute pulmonary abnormality.,external_data/IU-Xray/images/IU_460_frontal.jpg,external_data/IU-Xray/images/IU_460_lateral.jpg,460,IU_460,,preposition_truncation,,,,success,,100.0,100.0,0.0,0.0,1.0
IU_460,460,evidentiary_incomplete,VALID,"Readable evidence ""Chest pain"" is removed by clause_clinical_removal; residual is defensible and parser-complete.",Chest pain and dizziness,dizziness.,"The lungs and pleural spaces show no acute abnormality. Heart size and pulmonary vascularity within normal limits. Mild tortuosity of the thoracic aorta, unchanged",1. No acute pulmonary abnormality.,external_data/IU-Xray/images/IU_460_frontal.jpg,external_data/IU-Xray/images/IU_460_lateral.jpg,460,IU_460,Chest pain,clause_clinical_removal,,,,success,,100.0,100.0,0.0,0.0,1.0
IU_460,460,irrelevant,VALID,Context provenance matches non-self donor UID 32; overlap screen passes.,Chest pain and dizziness,WEAKNESS OF MUSCLES; hx XXXX nodules; XXXX for changes in lungs,"The lungs and pleural spaces show no acute abnormality. Heart size and pulmonary vascularity within normal limits. Mild tortuosity of the thoracic aorta, unchanged",1. No acute pulmonary abnormality.,external_data/IU-Xray/images/IU_460_frontal.jpg,external_data/IU-Xray/images/IU_460_lateral.jpg,32,IU_32,,deterministic_screened_donor_assignment,,,,success,,100.0,100.0,0.0,0.0,1.0
IU_460,460,conflicting,VALID,"Explicit opposite polarity: reference NEGATED, context AFFIRMED for pneumonia.",Chest pain and dizziness,The patient has pneumonia.,"The lungs and pleural spaces show no acute abnormality. Heart size and pulmonary vascularity within normal limits. Mild tortuosity of the thoracic aorta, unchanged",1. No acute pulmonary abnormality.,external_data/IU-Xray/images/IU_460_frontal.jpg,external_data/IU-Xray/images/IU_460_lateral.jpg,460,IU_460,,,pneumonia_absence,explicit_reference_polarity_contradiction,no acute pulmonary abnormality,success,,100.0,100.0,0.0,0.0,1.0
IU_460,460,insufficient,VALID,Context is empty as required.,Chest pain and dizziness,,"The lungs and pleural spaces show no acute abnormality. Heart size and pulmonary vascularity within normal limits. Mild tortuosity of the thoracic aorta, unchanged",1. No acute pulmonary abnormality.,external_data/IU-Xray/images/IU_460_frontal.jpg,external_data/IU-Xray/images/IU_460_lateral.jpg,460,IU_460,,,,,,success,,100.0,100.0,0.0,0.0,1.0
IU_461,461,sufficient,VALID,Original selected-study context is preserved exactly.,"XXXX, throat pain, right ear pain","XXXX, throat pain, right ear pain","The cardiomediastinal silhouette is normal size and configuration. Pulmonary vasculature within normal limits. The lungs are well-aerated. There is no pneumothorax, pleural effusion, or focal consolidation.",No acute cardiopulmonary disease. .,external_data/IU-Xray/images/IU_461_frontal.jpg,external_data/IU-Xray/images/IU_461_lateral.jpg,461,IU_461,,,,,,success,,100.0,100.0,0.0,0.0,1.0
IU_461,461,syntactic_incomplete,VALID,Existing parser detects unfinished syntax (dangling_conjunction).,"XXXX, throat pain, right ear pain","XXXX, throat pain, right ear pain and","The cardiomediastinal silhouette is normal size and configuration. Pulmonary vasculature within normal limits. The lungs are well-aerated. There is no pneumothorax, pleural effusion, or focal consolidation.",No acute cardiopulmonary disease. .,external_data/IU-Xray/images/IU_461_frontal.jpg,external_data/IU-Xray/images/IU_461_lateral.jpg,461,IU_461,,appended_conjunction_fallback,,,,success,,100.0,100.0,0.0,0.0,1.0
IU_461,461,evidentiary_incomplete,VALID,"Readable evidence ""throat pain"" is removed by clause_clinical_removal; residual is defensible and parser-complete.","XXXX, throat pain, right ear pain","XXXX, right ear pain.","The cardiomediastinal silhouette is normal size and configuration. Pulmonary vasculature within normal limits. The lungs are well-aerated. There is no pneumothorax, pleural effusion, or focal consolidation.",No acute cardiopulmonary disease. .,external_data/IU-Xray/images/IU_461_frontal.jpg,external_data/IU-Xray/images/IU_461_lateral.jpg,461,IU_461,throat pain,clause_clinical_removal,,,,success,,100.0,100.0,0.0,0.0,1.0
IU_461,461,irrelevant,VALID,Context provenance matches non-self donor UID 989; overlap screen passes.,"XXXX, throat pain, right ear pain",Nausea and vomiting,"The cardiomediastinal silhouette is normal size and configuration. Pulmonary vasculature within normal limits. The lungs are well-aerated. There is no pneumothorax, pleural effusion, or focal consolidation.",No acute cardiopulmonary disease. .,external_data/IU-Xray/images/IU_461_frontal.jpg,external_data/IU-Xray/images/IU_461_lateral.jpg,989,IU_989,,deterministic_screened_donor_assignment,,,,success,,100.0,100.0,0.0,0.0,1.0
IU_461,461,conflicting,VALID,"Explicit opposite polarity: reference NEGATED, context AFFIRMED for pneumothorax.","XXXX, throat pain, right ear pain",The patient has a pneumothorax.,"The cardiomediastinal silhouette is normal size and configuration. Pulmonary vasculature within normal limits. The lungs are well-aerated. There is no pneumothorax, pleural effusion, or focal consolidation.",No acute cardiopulmonary disease. .,external_data/IU-Xray/images/IU_461_frontal.jpg,external_data/IU-Xray/images/IU_461_lateral.jpg,461,IU_461,,,pneumothorax_absence,explicit_reference_polarity_contradiction,"there is no pneumothorax, pleural effusion, or focal consolidation",success,,100.0,100.0,0.0,0.0,1.0
IU_461,461,insufficient,VALID,Context is empty as required.,"XXXX, throat pain, right ear pain",,"The cardiomediastinal silhouette is normal size and configuration. Pulmonary vasculature within normal limits. The lungs are well-aerated. There is no pneumothorax, pleural effusion, or focal consolidation.",No acute cardiopulmonary disease. .,external_data/IU-Xray/images/IU_461_frontal.jpg,external_data/IU-Xray/images/IU_461_lateral.jpg,461,IU_461,,,,,,success,,100.0,100.0,0.0,0.0,1.0
IU_463,463,sufficient,VALID,Original selected-study context is preserved exactly.,"Preoperative, knee surgery.","Preoperative, knee surgery.",There is a approximately 4 cm opacity with one XXXX margin and the other ill-defined in the lateral lower left lung is seen on the PA view. This is not definitely seen on the lateral view. There is no pneumothorax or pleural effusion. The cardiac silhouette is within normal limits. There are T-spine osteophytes. There is no pneumothorax or pleural effusion. There are calcified hilar lymph XXXX there,Approximately 4.8 cm mass in the left lower hemithorax. This is favored to be arising from the chest wall and be pleural based. A CT of the chest is recommended for further evaluation. Critical result notification documented through Primordial.,external_data/IU-Xray/images/IU_463_frontal.jpg,external_data/IU-Xray/images/IU_463_lateral.jpg,463,IU_463,,,,,,success,,100.0,100.0,0.0,0.0,1.0
IU_463,463,syntactic_incomplete,VALID,Existing parser detects unfinished syntax (dangling_conjunction).,"Preoperative, knee surgery.","Preoperative, knee surgery and",There is a approximately 4 cm opacity with one XXXX margin and the other ill-defined in the lateral lower left lung is seen on the PA view. This is not definitely seen on the lateral view. There is no pneumothorax or pleural effusion. The cardiac silhouette is within normal limits. There are T-spine osteophytes. There is no pneumothorax or pleural effusion. There are calcified hilar lymph XXXX there,Approximately 4.8 cm mass in the left lower hemithorax. This is favored to be arising from the chest wall and be pleural based. A CT of the chest is recommended for further evaluation. Critical result notification documented through Primordial.,external_data/IU-Xray/images/IU_463_frontal.jpg,external_data/IU-Xray/images/IU_463_lateral.jpg,463,IU_463,,appended_conjunction_fallback,,,,success,,100.0,100.0,0.0,0.0,1.0
IU_463,463,evidentiary_incomplete,VALID,"Readable evidence ""Preoperative"" is removed by clause_clinical_removal; residual is defensible and parser-complete.","Preoperative, knee surgery.",knee surgery.,There is a approximately 4 cm opacity with one XXXX margin and the other ill-defined in the lateral lower left lung is seen on the PA view. This is not definitely seen on the lateral view. There is no pneumothorax or pleural effusion. The cardiac silhouette is within normal limits. There are T-spine osteophytes. There is no pneumothorax or pleural effusion. There are calcified hilar lymph XXXX there,Approximately 4.8 cm mass in the left lower hemithorax. This is favored to be arising from the chest wall and be pleural based. A CT of the chest is recommended for further evaluation. Critical result notification documented through Primordial.,external_data/IU-Xray/images/IU_463_frontal.jpg,external_data/IU-Xray/images/IU_463_lateral.jpg,463,IU_463,Preoperative,clause_clinical_removal,,,,success,,100.0,100.0,0.0,0.0,1.0
IU_463,463,irrelevant,VALID,Context provenance matches non-self donor UID 36; overlap screen passes.,"Preoperative, knee surgery.","XXXX-year-old female with chest pain, rule out pneumonia..",There is a approximately 4 cm opacity with one XXXX margin and the other ill-defined in the lateral lower left lung is seen on the PA view. This is not definitely seen on the lateral view. There is no pneumothorax or pleural effusion. The cardiac silhouette is within normal limits. There are T-spine osteophytes. There is no pneumothorax or pleural effusion. There are calcified hilar lymph XXXX there,Approximately 4.8 cm mass in the left lower hemithorax. This is favored to be arising from the chest wall and be pleural based. A CT of the chest is recommended for further evaluation. Critical result notification documented through Primordial.,external_data/IU-Xray/images/IU_463_frontal.jpg,external_data/IU-Xray/images/IU_463_lateral.jpg,36,IU_36,,deterministic_screened_donor_assignment,,,,success,,100.0,100.0,0.0,0.0,1.0
IU_463,463,conflicting,VALID,"Explicit opposite polarity: reference NEGATED, context AFFIRMED for pneumothorax.","Preoperative, knee surgery.",The patient has a pneumothorax.,There is a approximately 4 cm opacity with one XXXX margin and the other ill-defined in the lateral lower left lung is seen on the PA view. This is not definitely seen on the lateral view. There is no pneumothorax or pleural effusion. The cardiac silhouette is within normal limits. There are T-spine osteophytes. There is no pneumothorax or pleural effusion. There are calcified hilar lymph XXXX there,Approximately 4.8 cm mass in the left lower hemithorax. This is favored to be arising from the chest wall and be pleural based. A CT of the chest is recommended for further evaluation. Critical result notification documented through Primordial.,external_data/IU-Xray/images/IU_463_frontal.jpg,external_data/IU-Xray/images/IU_463_lateral.jpg,463,IU_463,,,pneumothorax_absence,explicit_reference_polarity_contradiction,there is no pneumothorax or pleural effusion,success,,100.0,100.0,0.0,0.0,1.0
IU_463,463,insufficient,VALID,Context is empty as required.,"Preoperative, knee surgery.",,There is a approximately 4 cm opacity with one XXXX margin and the other ill-defined in the lateral lower left lung is seen on the PA view. This is not definitely seen on the lateral view. There is no pneumothorax or pleural effusion. The cardiac silhouette is within normal limits. There are T-spine osteophytes. There is no pneumothorax or pleural effusion. There are calcified hilar lymph XXXX there,Approximately 4.8 cm mass in the left lower hemithorax. This is favored to be arising from the chest wall and be pleural based. A CT of the chest is recommended for further evaluation. Critical result notification documented through Primordial.,external_data/IU-Xray/images/IU_463_frontal.jpg,external_data/IU-Xray/images/IU_463_lateral.jpg,463,IU_463,,,,,,success,,100.0,100.0,0.0,0.0,1.0
IU_475,475,sufficient,VALID,Original selected-study context is preserved exactly.,Syncope. Chest and abdominal pain.,Syncope. Chest and abdominal pain.,Frontal and lateral views of the chest show normal size and configuration of the cardiac silhouette. Normal pulmonary vasculature and central airways. No focal airspace consolidation or pleural effusion.,"No acute or active cardiac, pulmonary or pleural disease.",external_data/IU-Xray/images/IU_475_frontal.jpg,external_data/IU-Xray/images/IU_475_lateral.jpg,475,IU_475,,,,,,success,,100.0,100.0,0.0,0.0,1.0
IU_475,475,syntactic_incomplete,VALID,Existing parser detects unfinished syntax (dangling_conjunction).,Syncope. Chest and abdominal pain.,Syncope. Chest and,Frontal and lateral views of the chest show normal size and configuration of the cardiac silhouette. Normal pulmonary vasculature and central airways. No focal airspace consolidation or pleural effusion.,"No acute or active cardiac, pulmonary or pleural disease.",external_data/IU-Xray/images/IU_475_frontal.jpg,external_data/IU-Xray/images/IU_475_lateral.jpg,475,IU_475,,preposition_truncation,,,,success,,100.0,100.0,0.0,0.0,1.0
IU_475,475,evidentiary_incomplete,VALID,"Readable evidence ""Syncope"" is removed by clause_clinical_removal; residual is defensible and parser-complete.",Syncope. Chest and abdominal pain.,"Chest, abdominal pain.",Frontal and lateral views of the chest show normal size and configuration of the cardiac silhouette. Normal pulmonary vasculature and central airways. No focal airspace consolidation or pleural effusion.,"No acute or active cardiac, pulmonary or pleural disease.",external_data/IU-Xray/images/IU_475_frontal.jpg,external_data/IU-Xray/images/IU_475_lateral.jpg,475,IU_475,Syncope,clause_clinical_removal,,,,success,,100.0,100.0,0.0,0.0,1.0
IU_475,475,irrelevant,VALID,Context provenance matches non-self donor UID 74; overlap screen passes.,Syncope. Chest and abdominal pain.,Bilateral rib pain and shortness of breath.,Frontal and lateral views of the chest show normal size and configuration of the cardiac silhouette. Normal pulmonary vasculature and central airways. No focal airspace consolidation or pleural effusion.,"No acute or active cardiac, pulmonary or pleural disease.",external_data/IU-Xray/images/IU_475_frontal.jpg,external_data/IU-Xray/images/IU_475_lateral.jpg,74,IU_74,,deterministic_screened_donor_assignment,,,,success,,100.0,100.0,0.0,0.0,1.0
IU_475,475,conflicting,VALID,"Explicit opposite polarity: reference NEGATED, context AFFIRMED for pleural_effusion.",Syncope. Chest and abdominal pain.,The patient has a pleural effusion.,Frontal and lateral views of the chest show normal size and configuration of the cardiac silhouette. Normal pulmonary vasculature and central airways. No focal airspace consolidation or pleural effusion.,"No acute or active cardiac, pulmonary or pleural disease.",external_data/IU-Xray/images/IU_475_frontal.jpg,external_data/IU-Xray/images/IU_475_lateral.jpg,475,IU_475,,,pleural_effusion_absence,explicit_reference_polarity_contradiction,no focal airspace consolidation or pleural effusion,success,,100.0,100.0,0.0,0.0,1.0
IU_475,475,insufficient,VALID,Context is empty as required.,Syncope. Chest and abdominal pain.,,Frontal and lateral views of the chest show normal size and configuration of the cardiac silhouette. Normal pulmonary vasculature and central airways. No focal airspace consolidation or pleural effusion.,"No acute or active cardiac, pulmonary or pleural disease.",external_data/IU-Xray/images/IU_475_frontal.jpg,external_data/IU-Xray/images/IU_475_lateral.jpg,475,IU_475,,,,,,success,,100.0,100.0,0.0,0.0,1.0
IU_486,486,sufficient,VALID,Original selected-study context is preserved exactly.,"Infection, XXXX, shortness of breath","Infection, XXXX, shortness of breath","The lungs and pleural spaces show no acute abnormality. XXXX scar in the right lateral midlung. Adjacent focal pleural thickening is noted. Chronic blunting of both lateral costophrenic XXXX. Heart size and pulmonary vascularity within normal limits. Tortuous, ectatic thoracic aorta, unchanged. XXXX sternotomy XXXX intact.",1. No acute pulmonary abnormality.,external_data/IU-Xray/images/IU_486_frontal.jpg,,486,IU_486,,,,,,success,,100.0,100.0,0.0,0.0,1.0
IU_486,486,syntactic_incomplete,VALID,Existing parser detects unfinished syntax (dangling_preposition).,"Infection, XXXX, shortness of breath","Infection, XXXX, shortness of","The lungs and pleural spaces show no acute abnormality. XXXX scar in the right lateral midlung. Adjacent focal pleural thickening is noted. Chronic blunting of both lateral costophrenic XXXX. Heart size and pulmonary vascularity within normal limits. Tortuous, ectatic thoracic aorta, unchanged. XXXX sternotomy XXXX intact.",1. No acute pulmonary abnormality.,external_data/IU-Xray/images/IU_486_frontal.jpg,,486,IU_486,,preposition_truncation,,,,success,,100.0,100.0,0.0,0.0,1.0
IU_486,486,evidentiary_incomplete,VALID,"Readable evidence ""Infection"" is removed by clause_clinical_removal; residual is defensible and parser-complete.","Infection, XXXX, shortness of breath","XXXX, shortness of breath.","The lungs and pleural spaces show no acute abnormality. XXXX scar in the right lateral midlung. Adjacent focal pleural thickening is noted. Chronic blunting of both lateral costophrenic XXXX. Heart size and pulmonary vascularity within normal limits. Tortuous, ectatic thoracic aorta, unchanged. XXXX sternotomy XXXX intact.",1. No acute pulmonary abnormality.,external_data/IU-Xray/images/IU_486_frontal.jpg,,486,IU_486,Infection,clause_clinical_removal,,,,success,,100.0,100.0,0.0,0.0,1.0
IU_486,486,irrelevant,VALID,Context provenance matches non-self donor UID 577; overlap screen passes.,"Infection, XXXX, shortness of breath","Intermittent back pain x2-3 days, now right-sided chest pain under ribs.","The lungs and pleural spaces show no acute abnormality. XXXX scar in the right lateral midlung. Adjacent focal pleural thickening is noted. Chronic blunting of both lateral costophrenic XXXX. Heart size and pulmonary vascularity within normal limits. Tortuous, ectatic thoracic aorta, unchanged. XXXX sternotomy XXXX intact.",1. No acute pulmonary abnormality.,external_data/IU-Xray/images/IU_486_frontal.jpg,,577,IU_577,,deterministic_screened_donor_assignment,,,,success,,100.0,100.0,0.0,0.0,1.0
IU_486,486,conflicting,VALID,"Explicit opposite polarity: reference NEGATED, context AFFIRMED for pneumonia.","Infection, XXXX, shortness of breath",The patient has pneumonia.,"The lungs and pleural spaces show no acute abnormality. XXXX scar in the right lateral midlung. Adjacent focal pleural thickening is noted. Chronic blunting of both lateral costophrenic XXXX. Heart size and pulmonary vascularity within normal limits. Tortuous, ectatic thoracic aorta, unchanged. XXXX sternotomy XXXX intact.",1. No acute pulmonary abnormality.,external_data/IU-Xray/images/IU_486_frontal.jpg,,486,IU_486,,,pneumonia_absence,explicit_reference_polarity_contradiction,no acute pulmonary abnormality,success,,100.0,100.0,0.0,0.0,1.0
IU_486,486,insufficient,VALID,Context is empty as required.,"Infection, XXXX, shortness of breath",,"The lungs and pleural spaces show no acute abnormality. XXXX scar in the right lateral midlung. Adjacent focal pleural thickening is noted. Chronic blunting of both lateral costophrenic XXXX. Heart size and pulmonary vascularity within normal limits. Tortuous, ectatic thoracic aorta, unchanged. XXXX sternotomy XXXX intact.",1. No acute pulmonary abnormality.,external_data/IU-Xray/images/IU_486_frontal.jpg,,486,IU_486,,,,,,success,,100.0,100.0,0.0,0.0,1.0
IU_493,493,sufficient,VALID,Original selected-study context is preserved exactly.,"Preop XXXX choli, chest pain, wheezing, gastroesophageal reflux disease, obstructive apnea. Obesity","Preop XXXX choli, chest pain, wheezing, gastroesophageal reflux disease, obstructive apnea. Obesity",Stable appearing bilateral calcified lymph XXXX. The cardiac silhouette and mediastinal contours are within normal limits. No focal opacity. No large pleural effusion. There is no pneumothorax.,No acute cardiopulmonary abnormality.,external_data/IU-Xray/images/IU_493_frontal.jpg,external_data/IU-Xray/images/IU_493_lateral.jpg,493,IU_493,,,,,,success,,100.0,100.0,0.0,0.0,1.0
IU_493,493,syntactic_incomplete,VALID,Existing parser detects unfinished syntax (dangling_conjunction).,"Preop XXXX choli, chest pain, wheezing, gastroesophageal reflux disease, obstructive apnea. Obesity","Preop XXXX choli, chest pain, wheezing, gastroesophageal reflux disease, obstructive apnea. Obesity and",Stable appearing bilateral calcified lymph XXXX. The cardiac silhouette and mediastinal contours are within normal limits. No focal opacity. No large pleural effusion. There is no pneumothorax.,No acute cardiopulmonary abnormality.,external_data/IU-Xray/images/IU_493_frontal.jpg,external_data/IU-Xray/images/IU_493_lateral.jpg,493,IU_493,,appended_conjunction_fallback,,,,success,,100.0,100.0,0.0,0.0,1.0
IU_493,493,evidentiary_incomplete,VALID,"Readable evidence ""Preop XXXX choli"" is removed by clause_clinical_removal; residual is defensible and parser-complete.","Preop XXXX choli, chest pain, wheezing, gastroesophageal reflux disease, obstructive apnea. Obesity","chest pain, wheezing, gastroesophageal reflux disease, obstructive apnea, Obesity.",Stable appearing bilateral calcified lymph XXXX. The cardiac silhouette and mediastinal contours are within normal limits. No focal opacity. No large pleural effusion. There is no pneumothorax.,No acute cardiopulmonary abnormality.,external_data/IU-Xray/images/IU_493_frontal.jpg,external_data/IU-Xray/images/IU_493_lateral.jpg,493,IU_493,Preop XXXX choli,clause_clinical_removal,,,,success,,100.0,100.0,0.0,0.0,1.0
IU_493,493,irrelevant,VALID,Context provenance matches non-self donor UID 527; overlap screen passes.,"Preop XXXX choli, chest pain, wheezing, gastroesophageal reflux disease, obstructive apnea. Obesity",XXXX-year-old male with shortness of breath and chest pain.,Stable appearing bilateral calcified lymph XXXX. The cardiac silhouette and mediastinal contours are within normal limits. No focal opacity. No large pleural effusion. There is no pneumothorax.,No acute cardiopulmonary abnormality.,external_data/IU-Xray/images/IU_493_frontal.jpg,external_data/IU-Xray/images/IU_493_lateral.jpg,527,IU_527,,deterministic_screened_donor_assignment,,,,success,,100.0,100.0,0.0,0.0,1.0
IU_493,493,conflicting,VALID,"Explicit opposite polarity: reference NEGATED, context AFFIRMED for pneumothorax.","Preop XXXX choli, chest pain, wheezing, gastroesophageal reflux disease, obstructive apnea. Obesity",The patient has a pneumothorax.,Stable appearing bilateral calcified lymph XXXX. The cardiac silhouette and mediastinal contours are within normal limits. No focal opacity. No large pleural effusion. There is no pneumothorax.,No acute cardiopulmonary abnormality.,external_data/IU-Xray/images/IU_493_frontal.jpg,external_data/IU-Xray/images/IU_493_lateral.jpg,493,IU_493,,,pneumothorax_absence,explicit_reference_polarity_contradiction,there is no pneumothorax,success,,100.0,100.0,0.0,0.0,1.0
IU_493,493,insufficient,VALID,Context is empty as required.,"Preop XXXX choli, chest pain, wheezing, gastroesophageal reflux disease, obstructive apnea. Obesity",,Stable appearing bilateral calcified lymph XXXX. The cardiac silhouette and mediastinal contours are within normal limits. No focal opacity. No large pleural effusion. There is no pneumothorax.,No acute cardiopulmonary abnormality.,external_data/IU-Xray/images/IU_493_frontal.jpg,external_data/IU-Xray/images/IU_493_lateral.jpg,493,IU_493,,,,,,success,,100.0,100.0,0.0,0.0,1.0
IU_494,494,sufficient,VALID,Original selected-study context is preserved exactly.,"XXXX-year-old female, breast cancer, preoperative evaluation.","XXXX-year-old female, breast cancer, preoperative evaluation.","Heart size within normal limits. Mediastinal contours unremarkable. Pulmonary vascularity is normal. Right lung is clear. XXXX opacities left lung base may represent atelectasis versus scarring. No focal consolidation. No pleural effusion, no pneumothorax. Bony structures unremarkable.","Atelectasis versus scar left lung base. Otherwise unremarkable. XXXX XXXX for the opportunity to assist in the care of your patient. If there are any questions about this examination please XXXX. XXXX, XXXX certified radiologist, at XXXX.",external_data/IU-Xray/images/IU_494_frontal.jpg,external_data/IU-Xray/images/IU_494_lateral.jpg,494,IU_494,,,,,,success,,100.0,100.0,0.0,0.0,1.0
IU_494,494,syntactic_incomplete,VALID,Existing parser detects unfinished syntax (dangling_conjunction).,"XXXX-year-old female, breast cancer, preoperative evaluation.","XXXX-year-old female, breast cancer, preoperative evaluation and","Heart size within normal limits. Mediastinal contours unremarkable. Pulmonary vascularity is normal. Right lung is clear. XXXX opacities left lung base may represent atelectasis versus scarring. No focal consolidation. No pleural effusion, no pneumothorax. Bony structures unremarkable.","Atelectasis versus scar left lung base. Otherwise unremarkable. XXXX XXXX for the opportunity to assist in the care of your patient. If there are any questions about this examination please XXXX. XXXX, XXXX certified radiologist, at XXXX.",external_data/IU-Xray/images/IU_494_frontal.jpg,external_data/IU-Xray/images/IU_494_lateral.jpg,494,IU_494,,appended_conjunction_fallback,,,,success,,100.0,100.0,0.0,0.0,1.0
IU_494,494,evidentiary_incomplete,VALID,"Readable evidence ""breast cancer"" is removed by clause_clinical_removal; residual is defensible and parser-complete.","XXXX-year-old female, breast cancer, preoperative evaluation.","XXXX-year-old female, preoperative evaluation.","Heart size within normal limits. Mediastinal contours unremarkable. Pulmonary vascularity is normal. Right lung is clear. XXXX opacities left lung base may represent atelectasis versus scarring. No focal consolidation. No pleural effusion, no pneumothorax. Bony structures unremarkable.","Atelectasis versus scar left lung base. Otherwise unremarkable. XXXX XXXX for the opportunity to assist in the care of your patient. If there are any questions about this examination please XXXX. XXXX, XXXX certified radiologist, at XXXX.",external_data/IU-Xray/images/IU_494_frontal.jpg,external_data/IU-Xray/images/IU_494_lateral.jpg,494,IU_494,breast cancer,clause_clinical_removal,,,,success,,100.0,100.0,0.0,0.0,1.0
IU_494,494,irrelevant,VALID,Context provenance matches non-self donor UID 461; overlap screen passes.,"XXXX-year-old female, breast cancer, preoperative evaluation.","XXXX, throat pain, right ear pain","Heart size within normal limits. Mediastinal contours unremarkable. Pulmonary vascularity is normal. Right lung is clear. XXXX opacities left lung base may represent atelectasis versus scarring. No focal consolidation. No pleural effusion, no pneumothorax. Bony structures unremarkable.","Atelectasis versus scar left lung base. Otherwise unremarkable. XXXX XXXX for the opportunity to assist in the care of your patient. If there are any questions about this examination please XXXX. XXXX, XXXX certified radiologist, at XXXX.",external_data/IU-Xray/images/IU_494_frontal.jpg,external_data/IU-Xray/images/IU_494_lateral.jpg,461,IU_461,,deterministic_screened_donor_assignment,,,,success,,100.0,100.0,0.0,0.0,1.0
IU_494,494,conflicting,VALID,"Explicit opposite polarity: reference NEGATED, context AFFIRMED for pneumothorax.","XXXX-year-old female, breast cancer, preoperative evaluation.",The patient has a pneumothorax.,"Heart size within normal limits. Mediastinal contours unremarkable. Pulmonary vascularity is normal. Right lung is clear. XXXX opacities left lung base may represent atelectasis versus scarring. No focal consolidation. No pleural effusion, no pneumothorax. Bony structures unremarkable.","Atelectasis versus scar left lung base. Otherwise unremarkable. XXXX XXXX for the opportunity to assist in the care of your patient. If there are any questions about this examination please XXXX. XXXX, XXXX certified radiologist, at XXXX.",external_data/IU-Xray/images/IU_494_frontal.jpg,external_data/IU-Xray/images/IU_494_lateral.jpg,494,IU_494,,,pneumothorax_absence,explicit_reference_polarity_contradiction,"no pleural effusion, no pneumothorax",success,,100.0,100.0,0.0,0.0,1.0
IU_494,494,insufficient,VALID,Context is empty as required.,"XXXX-year-old female, breast cancer, preoperative evaluation.",,"Heart size within normal limits. Mediastinal contours unremarkable. Pulmonary vascularity is normal. Right lung is clear. XXXX opacities left lung base may represent atelectasis versus scarring. No focal consolidation. No pleural effusion, no pneumothorax. Bony structures unremarkable.","Atelectasis versus scar left lung base. Otherwise unremarkable. XXXX XXXX for the opportunity to assist in the care of your patient. If there are any questions about this examination please XXXX. XXXX, XXXX certified radiologist, at XXXX.",external_data/IU-Xray/images/IU_494_frontal.jpg,external_data/IU-Xray/images/IU_494_lateral.jpg,494,IU_494,,,,,,success,,100.0,100.0,0.0,0.0,1.0
IU_498,498,sufficient,VALID,Original selected-study context is preserved exactly.,"XXXX-year-old male, chest pain, no shortness of breath, XXXX.","XXXX-year-old male, chest pain, no shortness of breath, XXXX.","Large medial right upper lobe mass lesion, measuring approximately 5.8 cm x 6.0 cm in diameter. No pneumothorax. No pleural effusions. Lungs clear. Heart size within normal limits. Degenerative changes thoracic spine.",Large medial right upper lobe mass highly concerning for primary lung cancer. XXXX chest with intravenous contrast for further evaluation. XXXX XXXX XXXX. XXXX's XXXX was notified of this result at XXXXPM XXXX/XXXX and accepted receipt. Results were faxed. .,external_data/IU-Xray/images/IU_498_frontal.jpg,external_data/IU-Xray/images/IU_498_lateral.jpg,498,IU_498,,,,,,success,,100.0,100.0,0.0,0.0,1.0
IU_498,498,syntactic_incomplete,VALID,Existing parser detects unfinished syntax (dangling_preposition).,"XXXX-year-old male, chest pain, no shortness of breath, XXXX.","XXXX-year-old male, chest pain, no shortness of","Large medial right upper lobe mass lesion, measuring approximately 5.8 cm x 6.0 cm in diameter. No pneumothorax. No pleural effusions. Lungs clear. Heart size within normal limits. Degenerative changes thoracic spine.",Large medial right upper lobe mass highly concerning for primary lung cancer. XXXX chest with intravenous contrast for further evaluation. XXXX XXXX XXXX. XXXX's XXXX was notified of this result at XXXXPM XXXX/XXXX and accepted receipt. Results were faxed. .,external_data/IU-Xray/images/IU_498_frontal.jpg,external_data/IU-Xray/images/IU_498_lateral.jpg,498,IU_498,,preposition_truncation,,,,success,,100.0,100.0,0.0,0.0,1.0
IU_498,498,evidentiary_incomplete,VALID,"Readable evidence ""chest pain"" is removed by clause_clinical_removal; residual is defensible and parser-complete.","XXXX-year-old male, chest pain, no shortness of breath, XXXX.","XXXX-year-old male, no shortness of breath, XXXX.","Large medial right upper lobe mass lesion, measuring approximately 5.8 cm x 6.0 cm in diameter. No pneumothorax. No pleural effusions. Lungs clear. Heart size within normal limits. Degenerative changes thoracic spine.",Large medial right upper lobe mass highly concerning for primary lung cancer. XXXX chest with intravenous contrast for further evaluation. XXXX XXXX XXXX. XXXX's XXXX was notified of this result at XXXXPM XXXX/XXXX and accepted receipt. Results were faxed. .,external_data/IU-Xray/images/IU_498_frontal.jpg,external_data/IU-Xray/images/IU_498_lateral.jpg,498,IU_498,chest pain,clause_clinical_removal,,,,success,,100.0,100.0,0.0,0.0,1.0
IU_498,498,irrelevant,VALID,Context provenance matches non-self donor UID 1173; overlap screen passes.,"XXXX-year-old male, chest pain, no shortness of breath, XXXX.",XXXX-year-old female with shortness of breath. History of COPD.,"Large medial right upper lobe mass lesion, measuring approximately 5.8 cm x 6.0 cm in diameter. No pneumothorax. No pleural effusions. Lungs clear. Heart size within normal limits. Degenerative changes thoracic spine.",Large medial right upper lobe mass highly concerning for primary lung cancer. XXXX chest with intravenous contrast for further evaluation. XXXX XXXX XXXX. XXXX's XXXX was notified of this result at XXXXPM XXXX/XXXX and accepted receipt. Results were faxed. .,external_data/IU-Xray/images/IU_498_frontal.jpg,external_data/IU-Xray/images/IU_498_lateral.jpg,1173,IU_1173,,deterministic_screened_donor_assignment,,,,success,,100.0,100.0,0.0,0.0,1.0
IU_498,498,conflicting,VALID,"Explicit opposite polarity: reference NEGATED, context AFFIRMED for pneumothorax.","XXXX-year-old male, chest pain, no shortness of breath, XXXX.",The patient has a pneumothorax.,"Large medial right upper lobe mass lesion, measuring approximately 5.8 cm x 6.0 cm in diameter. No pneumothorax. No pleural effusions. Lungs clear. Heart size within normal limits. Degenerative changes thoracic spine.",Large medial right upper lobe mass highly concerning for primary lung cancer. XXXX chest with intravenous contrast for further evaluation. XXXX XXXX XXXX. XXXX's XXXX was notified of this result at XXXXPM XXXX/XXXX and accepted receipt. Results were faxed. .,external_data/IU-Xray/images/IU_498_frontal.jpg,external_data/IU-Xray/images/IU_498_lateral.jpg,498,IU_498,,,pneumothorax_absence,explicit_reference_polarity_contradiction,no pneumothorax,success,,100.0,100.0,0.0,0.0,1.0
IU_498,498,insufficient,VALID,Context is empty as required.,"XXXX-year-old male, chest pain, no shortness of breath, XXXX.",,"Large medial right upper lobe mass lesion, measuring approximately 5.8 cm x 6.0 cm in diameter. No pneumothorax. No pleural effusions. Lungs clear. Heart size within normal limits. Degenerative changes thoracic spine.",Large medial right upper lobe mass highly concerning for primary lung cancer. XXXX chest with intravenous contrast for further evaluation. XXXX XXXX XXXX. XXXX's XXXX was notified of this result at XXXXPM XXXX/XXXX and accepted receipt. Results were faxed. .,external_data/IU-Xray/images/IU_498_frontal.jpg,external_data/IU-Xray/images/IU_498_lateral.jpg,498,IU_498,,,,,,success,,100.0,100.0,0.0,0.0,1.0
IU_502,502,sufficient,VALID,Original selected-study context is preserved exactly.,"The patient is a XXXX-year-old male with abdominal pain, question of small bowel obstruction. XXXX onset XXXX and wheezing in bilateral lung XXXX.","The patient is a XXXX-year-old male with abdominal pain, question of small bowel obstruction. XXXX onset XXXX and wheezing in bilateral lung XXXX.","Chest. The trachea is midline. Negative for pneumothorax, pleural effusion or focal airspace consolidation. The heart size is normal. Abdomen. No pneumoperitoneum. There is a normal bowel XXXX pattern. Air and stool visible throughout the entire large colon including the rectum. No abnormally dilated small bowel loops. No evidence for intussusception or small bowel obstruction. No pathologic calcifications XXXX over the abdomen or pelvis. XXXX XXXX are without fracture or destructive lesion, though there are mild degenerative changes throughout the lumbar spine. Small hiatal hernia is not as well demonstrated on this exam.",Chest. 1. No acute cardiopulmonary abnormality. Abdomen. 1. No acute intra-abdominal process. Negative for obstruction.,external_data/IU-Xray/images/IU_502_frontal.jpg,external_data/IU-Xray/images/IU_502_lateral.jpg,502,IU_502,,,,,,success,,100.0,100.0,0.0,0.0,1.0
IU_502,502,syntactic_incomplete,VALID,Existing parser detects unfinished syntax (dangling_preposition).,"The patient is a XXXX-year-old male with abdominal pain, question of small bowel obstruction. XXXX onset XXXX and wheezing in bilateral lung XXXX.",The patient is a XXXX-year-old male with,"Chest. The trachea is midline. Negative for pneumothorax, pleural effusion or focal airspace consolidation. The heart size is normal. Abdomen. No pneumoperitoneum. There is a normal bowel XXXX pattern. Air and stool visible throughout the entire large colon including the rectum. No abnormally dilated small bowel loops. No evidence for intussusception or small bowel obstruction. No pathologic calcifications XXXX over the abdomen or pelvis. XXXX XXXX are without fracture or destructive lesion, though there are mild degenerative changes throughout the lumbar spine. Small hiatal hernia is not as well demonstrated on this exam.",Chest. 1. No acute cardiopulmonary abnormality. Abdomen. 1. No acute intra-abdominal process. Negative for obstruction.,external_data/IU-Xray/images/IU_502_frontal.jpg,external_data/IU-Xray/images/IU_502_lateral.jpg,502,IU_502,,preposition_truncation,,,,success,,100.0,100.0,0.0,0.0,1.0
IU_502,502,evidentiary_incomplete,VALID,"Readable evidence ""abdominal pain"" is removed by clause_clinical_removal; residual is defensible and parser-complete.","The patient is a XXXX-year-old male with abdominal pain, question of small bowel obstruction. XXXX onset XXXX and wheezing in bilateral lung XXXX.","The patient is a XXXX-year-old male, question of small bowel obstruction, XXXX onset XXXX, wheezing in bilateral lung XXXX.","Chest. The trachea is midline. Negative for pneumothorax, pleural effusion or focal airspace consolidation. The heart size is normal. Abdomen. No pneumoperitoneum. There is a normal bowel XXXX pattern. Air and stool visible throughout the entire large colon including the rectum. No abnormally dilated small bowel loops. No evidence for intussusception or small bowel obstruction. No pathologic calcifications XXXX over the abdomen or pelvis. XXXX XXXX are without fracture or destructive lesion, though there are mild degenerative changes throughout the lumbar spine. Small hiatal hernia is not as well demonstrated on this exam.",Chest. 1. No acute cardiopulmonary abnormality. Abdomen. 1. No acute intra-abdominal process. Negative for obstruction.,external_data/IU-Xray/images/IU_502_frontal.jpg,external_data/IU-Xray/images/IU_502_lateral.jpg,502,IU_502,abdominal pain,clause_clinical_removal,,,,success,,100.0,100.0,0.0,0.0,1.0
IU_502,502,irrelevant,VALID,Context provenance matches non-self donor UID 793; overlap screen passes.,"The patient is a XXXX-year-old male with abdominal pain, question of small bowel obstruction. XXXX onset XXXX and wheezing in bilateral lung XXXX.","Dyspnea, shortness of breath, lightheadedness.","Chest. The trachea is midline. Negative for pneumothorax, pleural effusion or focal airspace consolidation. The heart size is normal. Abdomen. No pneumoperitoneum. There is a normal bowel XXXX pattern. Air and stool visible throughout the entire large colon including the rectum. No abnormally dilated small bowel loops. No evidence for intussusception or small bowel obstruction. No pathologic calcifications XXXX over the abdomen or pelvis. XXXX XXXX are without fracture or destructive lesion, though there are mild degenerative changes throughout the lumbar spine. Small hiatal hernia is not as well demonstrated on this exam.",Chest. 1. No acute cardiopulmonary abnormality. Abdomen. 1. No acute intra-abdominal process. Negative for obstruction.,external_data/IU-Xray/images/IU_502_frontal.jpg,external_data/IU-Xray/images/IU_502_lateral.jpg,793,IU_793,,deterministic_screened_donor_assignment,,,,success,,100.0,100.0,0.0,0.0,1.0
IU_502,502,conflicting,VALID,"Explicit opposite polarity: reference NEGATED, context AFFIRMED for pneumothorax.","The patient is a XXXX-year-old male with abdominal pain, question of small bowel obstruction. XXXX onset XXXX and wheezing in bilateral lung XXXX.",The patient has a pneumothorax.,"Chest. The trachea is midline. Negative for pneumothorax, pleural effusion or focal airspace consolidation. The heart size is normal. Abdomen. No pneumoperitoneum. There is a normal bowel XXXX pattern. Air and stool visible throughout the entire large colon including the rectum. No abnormally dilated small bowel loops. No evidence for intussusception or small bowel obstruction. No pathologic calcifications XXXX over the abdomen or pelvis. XXXX XXXX are without fracture or destructive lesion, though there are mild degenerative changes throughout the lumbar spine. Small hiatal hernia is not as well demonstrated on this exam.",Chest. 1. No acute cardiopulmonary abnormality. Abdomen. 1. No acute intra-abdominal process. Negative for obstruction.,external_data/IU-Xray/images/IU_502_frontal.jpg,external_data/IU-Xray/images/IU_502_lateral.jpg,502,IU_502,,,pneumothorax_absence,explicit_reference_polarity_contradiction,"negative for pneumothorax, pleural effusion or focal airspace consolidation",success,,100.0,100.0,0.0,0.0,1.0
IU_502,502,insufficient,VALID,Context is empty as required.,"The patient is a XXXX-year-old male with abdominal pain, question of small bowel obstruction. XXXX onset XXXX and wheezing in bilateral lung XXXX.",,"Chest. The trachea is midline. Negative for pneumothorax, pleural effusion or focal airspace consolidation. The heart size is normal. Abdomen. No pneumoperitoneum. There is a normal bowel XXXX pattern. Air and stool visible throughout the entire large colon including the rectum. No abnormally dilated small bowel loops. No evidence for intussusception or small bowel obstruction. No pathologic calcifications XXXX over the abdomen or pelvis. XXXX XXXX are without fracture or destructive lesion, though there are mild degenerative changes throughout the lumbar spine. Small hiatal hernia is not as well demonstrated on this exam.",Chest. 1. No acute cardiopulmonary abnormality. Abdomen. 1. No acute intra-abdominal process. Negative for obstruction.,external_data/IU-Xray/images/IU_502_frontal.jpg,external_data/IU-Xray/images/IU_502_lateral.jpg,502,IU_502,,,,,,success,,100.0,100.0,0.0,0.0,1.0
IU_519,519,sufficient,VALID,Original selected-study context is preserved exactly.,"The patient is a XXXX-year-old male with XXXX, shortness of breath. History of smoking 30 years ago.","The patient is a XXXX-year-old male with XXXX, shortness of breath. History of smoking 30 years ago.","No pneumothorax, pleural effusion or airspace consolidation. Cardiomediastinal size is within normal limits. XXXX XXXX intact.",No acute cardiopulmonary abnormality. .,external_data/IU-Xray/images/IU_519_frontal.jpg,external_data/IU-Xray/images/IU_519_lateral.jpg,519,IU_519,,,,,,success,,100.0,100.0,0.0,0.0,1.0
IU_519,519,syntactic_incomplete,VALID,Existing parser detects unfinished syntax (dangling_preposition).,"The patient is a XXXX-year-old male with XXXX, shortness of breath. History of smoking 30 years ago.","The patient is a XXXX-year-old male with XXXX, shortness of breath. History of","No pneumothorax, pleural effusion or airspace consolidation. Cardiomediastinal size is within normal limits. XXXX XXXX intact.",No acute cardiopulmonary abnormality. .,external_data/IU-Xray/images/IU_519_frontal.jpg,external_data/IU-Xray/images/IU_519_lateral.jpg,519,IU_519,,pattern_truncation,,,,success,,100.0,100.0,0.0,0.0,1.0
IU_519,519,evidentiary_incomplete,VALID,"Readable evidence ""shortness of breath"" is removed by clause_clinical_removal; residual is defensible and parser-complete.","The patient is a XXXX-year-old male with XXXX, shortness of breath. History of smoking 30 years ago.","The patient is a XXXX-year-old male, XXXX, History of smoking 30 years ago.","No pneumothorax, pleural effusion or airspace consolidation. Cardiomediastinal size is within normal limits. XXXX XXXX intact.",No acute cardiopulmonary abnormality. .,external_data/IU-Xray/images/IU_519_frontal.jpg,external_data/IU-Xray/images/IU_519_lateral.jpg,519,IU_519,shortness of breath,clause_clinical_removal,,,,success,,100.0,100.0,0.0,0.0,1.0
IU_519,519,irrelevant,VALID,Context provenance matches non-self donor UID 688; overlap screen passes.,"The patient is a XXXX-year-old male with XXXX, shortness of breath. History of smoking 30 years ago.",XXXX-year-old with pain with history of strangulated hernia.,"No pneumothorax, pleural effusion or airspace consolidation. Cardiomediastinal size is within normal limits. XXXX XXXX intact.",No acute cardiopulmonary abnormality. .,external_data/IU-Xray/images/IU_519_frontal.jpg,external_data/IU-Xray/images/IU_519_lateral.jpg,688,IU_688,,deterministic_screened_donor_assignment,,,,success,,100.0,100.0,0.0,0.0,1.0
IU_519,519,conflicting,VALID,"Explicit opposite polarity: reference NEGATED, context AFFIRMED for pneumothorax.","The patient is a XXXX-year-old male with XXXX, shortness of breath. History of smoking 30 years ago.",The patient has a pneumothorax.,"No pneumothorax, pleural effusion or airspace consolidation. Cardiomediastinal size is within normal limits. XXXX XXXX intact.",No acute cardiopulmonary abnormality. .,external_data/IU-Xray/images/IU_519_frontal.jpg,external_data/IU-Xray/images/IU_519_lateral.jpg,519,IU_519,,,pneumothorax_absence,explicit_reference_polarity_contradiction,"no pneumothorax, pleural effusion or airspace consolidation",success,,100.0,100.0,0.0,0.0,1.0
IU_519,519,insufficient,VALID,Context is empty as required.,"The patient is a XXXX-year-old male with XXXX, shortness of breath. History of smoking 30 years ago.",,"No pneumothorax, pleural effusion or airspace consolidation. Cardiomediastinal size is within normal limits. XXXX XXXX intact.",No acute cardiopulmonary abnormality. .,external_data/IU-Xray/images/IU_519_frontal.jpg,external_data/IU-Xray/images/IU_519_lateral.jpg,519,IU_519,,,,,,success,,100.0,100.0,0.0,0.0,1.0
IU_527,527,sufficient,VALID,Original selected-study context is preserved exactly.,XXXX-year-old male with shortness of breath and chest pain.,XXXX-year-old male with shortness of breath and chest pain.,"Cardiac and mediastinal XXXX appear normal. No visible pneumothorax, focal airspace opacity, or pleural effusion is seen. No visible free air under the diaphragm. The osseous structures appear intact.",No acute radiographic cardiopulmonary process. .,external_data/IU-Xray/images/IU_527_frontal.jpg,,527,IU_527,,,,,,success,,100.0,100.0,0.0,0.0,1.0
IU_527,527,syntactic_incomplete,VALID,Existing parser detects unfinished syntax (dangling_preposition).,XXXX-year-old male with shortness of breath and chest pain.,XXXX-year-old male with,"Cardiac and mediastinal XXXX appear normal. No visible pneumothorax, focal airspace opacity, or pleural effusion is seen. No visible free air under the diaphragm. The osseous structures appear intact.",No acute radiographic cardiopulmonary process. .,external_data/IU-Xray/images/IU_527_frontal.jpg,,527,IU_527,,preposition_truncation,,,,success,,100.0,100.0,0.0,0.0,1.0
IU_527,527,evidentiary_incomplete,VALID,"Readable evidence ""shortness of breath"" is removed by clause_clinical_removal; residual is defensible and parser-complete.",XXXX-year-old male with shortness of breath and chest pain.,"XXXX-year-old male, chest pain.","Cardiac and mediastinal XXXX appear normal. No visible pneumothorax, focal airspace opacity, or pleural effusion is seen. No visible free air under the diaphragm. The osseous structures appear intact.",No acute radiographic cardiopulmonary process. .,external_data/IU-Xray/images/IU_527_frontal.jpg,,527,IU_527,shortness of breath,clause_clinical_removal,,,,success,,100.0,100.0,0.0,0.0,1.0
IU_527,527,irrelevant,VALID,Context provenance matches non-self donor UID 475; overlap screen passes.,XXXX-year-old male with shortness of breath and chest pain.,Syncope. Chest and abdominal pain.,"Cardiac and mediastinal XXXX appear normal. No visible pneumothorax, focal airspace opacity, or pleural effusion is seen. No visible free air under the diaphragm. The osseous structures appear intact.",No acute radiographic cardiopulmonary process. .,external_data/IU-Xray/images/IU_527_frontal.jpg,,475,IU_475,,deterministic_screened_donor_assignment,,,,success,,100.0,100.0,0.0,0.0,1.0
IU_527,527,conflicting,VALID,"Explicit opposite polarity: reference NEGATED, context AFFIRMED for pneumothorax.",XXXX-year-old male with shortness of breath and chest pain.,The patient has a pneumothorax.,"Cardiac and mediastinal XXXX appear normal. No visible pneumothorax, focal airspace opacity, or pleural effusion is seen. No visible free air under the diaphragm. The osseous structures appear intact.",No acute radiographic cardiopulmonary process. .,external_data/IU-Xray/images/IU_527_frontal.jpg,,527,IU_527,,,pneumothorax_absence,explicit_reference_polarity_contradiction,"no visible pneumothorax, focal airspace opacity, or pleural effusion is seen",success,,100.0,100.0,0.0,0.0,1.0
IU_527,527,insufficient,VALID,Context is empty as required.,XXXX-year-old male with shortness of breath and chest pain.,,"Cardiac and mediastinal XXXX appear normal. No visible pneumothorax, focal airspace opacity, or pleural effusion is seen. No visible free air under the diaphragm. The osseous structures appear intact.",No acute radiographic cardiopulmonary process. .,external_data/IU-Xray/images/IU_527_frontal.jpg,,527,IU_527,,,,,,success,,100.0,100.0,0.0,0.0,1.0
IU_551,551,sufficient,VALID,Original selected-study context is preserved exactly.,XXXX XXXX with COPD/emphysema and dyspnea on exertion.,XXXX XXXX with COPD/emphysema and dyspnea on exertion.,"Lungs are hyperinflated with flattening of the diaphragms and increased AP chest diameter, compatible with emphysema. There is no evidence of focal infiltrate, pneumothorax, pleural effusion, or identified mass lesion. There is normal cardiomediastinal contours.","1. No acute cardiopulmonary abnormality, findings compatible with emphysema.",external_data/IU-Xray/images/IU_551_frontal.jpg,external_data/IU-Xray/images/IU_551_lateral.jpg,551,IU_551,,,,,,success,,100.0,100.0,0.0,0.0,1.0
IU_551,551,syntactic_incomplete,VALID,Existing parser detects unfinished syntax (dangling_preposition).,XXXX XXXX with COPD/emphysema and dyspnea on exertion.,XXXX XXXX with,"Lungs are hyperinflated with flattening of the diaphragms and increased AP chest diameter, compatible with emphysema. There is no evidence of focal infiltrate, pneumothorax, pleural effusion, or identified mass lesion. There is normal cardiomediastinal contours.","1. No acute cardiopulmonary abnormality, findings compatible with emphysema.",external_data/IU-Xray/images/IU_551_frontal.jpg,external_data/IU-Xray/images/IU_551_lateral.jpg,551,IU_551,,preposition_truncation,,,,success,,100.0,100.0,0.0,0.0,1.0
IU_551,551,evidentiary_incomplete,VALID,"Readable evidence ""COPD/emphysema"" is removed by clause_clinical_removal; residual is defensible and parser-complete.",XXXX XXXX with COPD/emphysema and dyspnea on exertion.,"XXXX XXXX, dyspnea on exertion.","Lungs are hyperinflated with flattening of the diaphragms and increased AP chest diameter, compatible with emphysema. There is no evidence of focal infiltrate, pneumothorax, pleural effusion, or identified mass lesion. There is normal cardiomediastinal contours.","1. No acute cardiopulmonary abnormality, findings compatible with emphysema.",external_data/IU-Xray/images/IU_551_frontal.jpg,external_data/IU-Xray/images/IU_551_lateral.jpg,551,IU_551,COPD/emphysema,clause_clinical_removal,,,,success,,100.0,100.0,0.0,0.0,1.0
IU_551,551,irrelevant,VALID,Context provenance matches non-self donor UID 382; overlap screen passes.,XXXX XXXX with COPD/emphysema and dyspnea on exertion.,XXXX year-old female with hemoptysis. History of sarcoidosis.,"Lungs are hyperinflated with flattening of the diaphragms and increased AP chest diameter, compatible with emphysema. There is no evidence of focal infiltrate, pneumothorax, pleural effusion, or identified mass lesion. There is normal cardiomediastinal contours.","1. No acute cardiopulmonary abnormality, findings compatible with emphysema.",external_data/IU-Xray/images/IU_551_frontal.jpg,external_data/IU-Xray/images/IU_551_lateral.jpg,382,IU_382,,deterministic_screened_donor_assignment,,,,success,,100.0,100.0,0.0,0.0,1.0
IU_551,551,conflicting,VALID,"Explicit opposite polarity: reference NEGATED, context AFFIRMED for pneumothorax.",XXXX XXXX with COPD/emphysema and dyspnea on exertion.,The patient has a pneumothorax.,"Lungs are hyperinflated with flattening of the diaphragms and increased AP chest diameter, compatible with emphysema. There is no evidence of focal infiltrate, pneumothorax, pleural effusion, or identified mass lesion. There is normal cardiomediastinal contours.","1. No acute cardiopulmonary abnormality, findings compatible with emphysema.",external_data/IU-Xray/images/IU_551_frontal.jpg,external_data/IU-Xray/images/IU_551_lateral.jpg,551,IU_551,,,pneumothorax_absence,explicit_reference_polarity_contradiction,"there is no evidence of focal infiltrate, pneumothorax, pleural effusion, or identified mass lesion",success,,100.0,100.0,0.0,0.0,1.0
IU_551,551,insufficient,VALID,Context is empty as required.,XXXX XXXX with COPD/emphysema and dyspnea on exertion.,,"Lungs are hyperinflated with flattening of the diaphragms and increased AP chest diameter, compatible with emphysema. There is no evidence of focal infiltrate, pneumothorax, pleural effusion, or identified mass lesion. There is normal cardiomediastinal contours.","1. No acute cardiopulmonary abnormality, findings compatible with emphysema.",external_data/IU-Xray/images/IU_551_frontal.jpg,external_data/IU-Xray/images/IU_551_lateral.jpg,551,IU_551,,,,,,success,,100.0,100.0,0.0,0.0,1.0
IU_567,567,sufficient,VALID,Original selected-study context is preserved exactly.,Abdominal pain and wheezing,Abdominal pain and wheezing,"Heart size upper normal but stable. Mediastinal contours within normal limits.. Minimal right middle lobe atelectasis. No focal airspace consolidation, pleural effusion, or pneumothorax. Degenerative endplate changes of the spine.",1. No acute radiographic cardiopulmonary process.,external_data/IU-Xray/images/IU_567_frontal.jpg,external_data/IU-Xray/images/IU_567_lateral.jpg,567,IU_567,,,,,,success,,100.0,100.0,0.0,0.0,1.0
IU_567,567,syntactic_incomplete,VALID,Existing parser detects unfinished syntax (dangling_conjunction).,Abdominal pain and wheezing,Abdominal pain and,"Heart size upper normal but stable. Mediastinal contours within normal limits.. Minimal right middle lobe atelectasis. No focal airspace consolidation, pleural effusion, or pneumothorax. Degenerative endplate changes of the spine.",1. No acute radiographic cardiopulmonary process.,external_data/IU-Xray/images/IU_567_frontal.jpg,external_data/IU-Xray/images/IU_567_lateral.jpg,567,IU_567,,preposition_truncation,,,,success,,100.0,100.0,0.0,0.0,1.0
IU_567,567,evidentiary_incomplete,VALID,"Readable evidence ""Abdominal pain"" is removed by clause_clinical_removal; residual is defensible and parser-complete.",Abdominal pain and wheezing,wheezing.,"Heart size upper normal but stable. Mediastinal contours within normal limits.. Minimal right middle lobe atelectasis. No focal airspace consolidation, pleural effusion, or pneumothorax. Degenerative endplate changes of the spine.",1. No acute radiographic cardiopulmonary process.,external_data/IU-Xray/images/IU_567_frontal.jpg,external_data/IU-Xray/images/IU_567_lateral.jpg,567,IU_567,Abdominal pain,clause_clinical_removal,,,,success,,100.0,100.0,0.0,0.0,1.0
IU_567,567,irrelevant,VALID,Context provenance matches non-self donor UID 628; overlap screen passes.,Abdominal pain and wheezing,Shortness of breath with XXXX for 4 days. History of COPD.,"Heart size upper normal but stable. Mediastinal contours within normal limits.. Minimal right middle lobe atelectasis. No focal airspace consolidation, pleural effusion, or pneumothorax. Degenerative endplate changes of the spine.",1. No acute radiographic cardiopulmonary process.,external_data/IU-Xray/images/IU_567_frontal.jpg,external_data/IU-Xray/images/IU_567_lateral.jpg,628,IU_628,,deterministic_screened_donor_assignment,,,,success,,100.0,100.0,0.0,0.0,1.0
IU_567,567,conflicting,VALID,"Explicit opposite polarity: reference NEGATED, context AFFIRMED for pneumothorax.",Abdominal pain and wheezing,The patient has a pneumothorax.,"Heart size upper normal but stable. Mediastinal contours within normal limits.. Minimal right middle lobe atelectasis. No focal airspace consolidation, pleural effusion, or pneumothorax. Degenerative endplate changes of the spine.",1. No acute radiographic cardiopulmonary process.,external_data/IU-Xray/images/IU_567_frontal.jpg,external_data/IU-Xray/images/IU_567_lateral.jpg,567,IU_567,,,pneumothorax_absence,explicit_reference_polarity_contradiction,"no focal airspace consolidation, pleural effusion, or pneumothorax",success,,100.0,100.0,0.0,0.0,1.0
IU_567,567,insufficient,VALID,Context is empty as required.,Abdominal pain and wheezing,,"Heart size upper normal but stable. Mediastinal contours within normal limits.. Minimal right middle lobe atelectasis. No focal airspace consolidation, pleural effusion, or pneumothorax. Degenerative endplate changes of the spine.",1. No acute radiographic cardiopulmonary process.,external_data/IU-Xray/images/IU_567_frontal.jpg,external_data/IU-Xray/images/IU_567_lateral.jpg,567,IU_567,,,,,,success,,100.0,100.0,0.0,0.0,1.0
IU_577,577,sufficient,VALID,Original selected-study context is preserved exactly.,"Intermittent back pain x2-3 days, now right-sided chest pain under ribs.","Intermittent back pain x2-3 days, now right-sided chest pain under ribs.","The XXXX examination consists of frontal and lateral radiographs of the chest. The cardiomediastinal contours are within normal limits. Pulmonary vascularity is within normal limits. No focal consolidation, pleural effusion, or pneumothorax identified. The visualized osseous structures and upper abdomen are unremarkable.",No evidence of acute cardiopulmonary process.,external_data/IU-Xray/images/IU_577_frontal.jpg,external_data/IU-Xray/images/IU_577_lateral.jpg,577,IU_577,,,,,,success,,100.0,100.0,0.0,0.0,1.0
IU_577,577,syntactic_incomplete,VALID,Existing parser detects unfinished syntax (dangling_conjunction).,"Intermittent back pain x2-3 days, now right-sided chest pain under ribs.","Intermittent back pain x2-3 days, now right-sided chest pain under ribs and","The XXXX examination consists of frontal and lateral radiographs of the chest. The cardiomediastinal contours are within normal limits. Pulmonary vascularity is within normal limits. No focal consolidation, pleural effusion, or pneumothorax identified. The visualized osseous structures and upper abdomen are unremarkable.",No evidence of acute cardiopulmonary process.,external_data/IU-Xray/images/IU_577_frontal.jpg,external_data/IU-Xray/images/IU_577_lateral.jpg,577,IU_577,,appended_conjunction_fallback,,,,success,,100.0,100.0,0.0,0.0,1.0
IU_577,577,evidentiary_incomplete,VALID,"Readable evidence ""Intermittent back pain x2-3 days"" is removed by clause_clinical_removal; residual is defensible and parser-complete.","Intermittent back pain x2-3 days, now right-sided chest pain under ribs.",now right-sided chest pain under ribs.,"The XXXX examination consists of frontal and lateral radiographs of the chest. The cardiomediastinal contours are within normal limits. Pulmonary vascularity is within normal limits. No focal consolidation, pleural effusion, or pneumothorax identified. The visualized osseous structures and upper abdomen are unremarkable.",No evidence of acute cardiopulmonary process.,external_data/IU-Xray/images/IU_577_frontal.jpg,external_data/IU-Xray/images/IU_577_lateral.jpg,577,IU_577,Intermittent back pain x2-3 days,clause_clinical_removal,,,,success,,100.0,100.0,0.0,0.0,1.0
IU_577,577,irrelevant,VALID,Context provenance matches non-self donor UID 67; overlap screen passes.,"Intermittent back pain x2-3 days, now right-sided chest pain under ribs.","XXXX-year-old, MVA, chest pain","The XXXX examination consists of frontal and lateral radiographs of the chest. The cardiomediastinal contours are within normal limits. Pulmonary vascularity is within normal limits. No focal consolidation, pleural effusion, or pneumothorax identified. The visualized osseous structures and upper abdomen are unremarkable.",No evidence of acute cardiopulmonary process.,external_data/IU-Xray/images/IU_577_frontal.jpg,external_data/IU-Xray/images/IU_577_lateral.jpg,67,IU_67,,deterministic_screened_donor_assignment,,,,success,,100.0,100.0,0.0,0.0,1.0
IU_577,577,conflicting,VALID,"Explicit opposite polarity: reference NEGATED, context AFFIRMED for pneumothorax.","Intermittent back pain x2-3 days, now right-sided chest pain under ribs.",The patient has a pneumothorax.,"The XXXX examination consists of frontal and lateral radiographs of the chest. The cardiomediastinal contours are within normal limits. Pulmonary vascularity is within normal limits. No focal consolidation, pleural effusion, or pneumothorax identified. The visualized osseous structures and upper abdomen are unremarkable.",No evidence of acute cardiopulmonary process.,external_data/IU-Xray/images/IU_577_frontal.jpg,external_data/IU-Xray/images/IU_577_lateral.jpg,577,IU_577,,,pneumothorax_absence,explicit_reference_polarity_contradiction,"no focal consolidation, pleural effusion, or pneumothorax identified",success,,100.0,100.0,0.0,0.0,1.0
IU_577,577,insufficient,VALID,Context is empty as required.,"Intermittent back pain x2-3 days, now right-sided chest pain under ribs.",,"The XXXX examination consists of frontal and lateral radiographs of the chest. The cardiomediastinal contours are within normal limits. Pulmonary vascularity is within normal limits. No focal consolidation, pleural effusion, or pneumothorax identified. The visualized osseous structures and upper abdomen are unremarkable.",No evidence of acute cardiopulmonary process.,external_data/IU-Xray/images/IU_577_frontal.jpg,external_data/IU-Xray/images/IU_577_lateral.jpg,577,IU_577,,,,,,success,,100.0,100.0,0.0,0.0,1.0
IU_581,581,sufficient,VALID,Original selected-study context is preserved exactly.,Dyspnea. Asthma.,Dyspnea. Asthma.,Frontal and lateral views of the chest show an unchanged cardiomediastinal silhouette. No XXXX focal airspace consolidation or pleural effusion.,"No acute or active cardiac, pulmonary or pleural disease.",external_data/IU-Xray/images/IU_581_frontal.jpg,external_data/IU-Xray/images/IU_581_lateral.jpg,581,IU_581,,,,,,success,,100.0,100.0,0.0,0.0,1.0
IU_581,581,syntactic_incomplete,VALID,Existing parser detects unfinished syntax (dangling_conjunction).,Dyspnea. Asthma.,Dyspnea. Asthma and,Frontal and lateral views of the chest show an unchanged cardiomediastinal silhouette. No XXXX focal airspace consolidation or pleural effusion.,"No acute or active cardiac, pulmonary or pleural disease.",external_data/IU-Xray/images/IU_581_frontal.jpg,external_data/IU-Xray/images/IU_581_lateral.jpg,581,IU_581,,appended_conjunction_fallback,,,,success,,100.0,100.0,0.0,0.0,1.0
IU_581,581,evidentiary_incomplete,VALID,"Readable evidence ""Dyspnea"" is removed by clause_clinical_removal; residual is defensible and parser-complete.",Dyspnea. Asthma.,Asthma.,Frontal and lateral views of the chest show an unchanged cardiomediastinal silhouette. No XXXX focal airspace consolidation or pleural effusion.,"No acute or active cardiac, pulmonary or pleural disease.",external_data/IU-Xray/images/IU_581_frontal.jpg,external_data/IU-Xray/images/IU_581_lateral.jpg,581,IU_581,Dyspnea,clause_clinical_removal,,,,success,,100.0,100.0,0.0,0.0,1.0
IU_581,581,irrelevant,VALID,Context provenance matches non-self donor UID 287; overlap screen passes.,Dyspnea. Asthma.,"Dyspnea, nausea and vomiting, XXXX",Frontal and lateral views of the chest show an unchanged cardiomediastinal silhouette. No XXXX focal airspace consolidation or pleural effusion.,"No acute or active cardiac, pulmonary or pleural disease.",external_data/IU-Xray/images/IU_581_frontal.jpg,external_data/IU-Xray/images/IU_581_lateral.jpg,287,IU_287,,deterministic_screened_donor_assignment,,,,success,,100.0,100.0,0.0,0.0,1.0
IU_581,581,conflicting,VALID,"Explicit opposite polarity: reference NEGATED, context AFFIRMED for pleural_effusion.",Dyspnea. Asthma.,The patient has a pleural effusion.,Frontal and lateral views of the chest show an unchanged cardiomediastinal silhouette. No XXXX focal airspace consolidation or pleural effusion.,"No acute or active cardiac, pulmonary or pleural disease.",external_data/IU-Xray/images/IU_581_frontal.jpg,external_data/IU-Xray/images/IU_581_lateral.jpg,581,IU_581,,,pleural_effusion_absence,explicit_reference_polarity_contradiction,no xxxx focal airspace consolidation or pleural effusion,success,,100.0,100.0,0.0,0.0,1.0
IU_581,581,insufficient,VALID,Context is empty as required.,Dyspnea. Asthma.,,Frontal and lateral views of the chest show an unchanged cardiomediastinal silhouette. No XXXX focal airspace consolidation or pleural effusion.,"No acute or active cardiac, pulmonary or pleural disease.",external_data/IU-Xray/images/IU_581_frontal.jpg,external_data/IU-Xray/images/IU_581_lateral.jpg,581,IU_581,,,,,,success,,100.0,100.0,0.0,0.0,1.0
IU_585,585,sufficient,VALID,Original selected-study context is preserved exactly.,",786.50 UNSPEC CHEST PAIN, pt states chronic lung infections, pt taking meds for rheumatoid arthritis, no hx ca, nonsmoker",",786.50 UNSPEC CHEST PAIN, pt states chronic lung infections, pt taking meds for rheumatoid arthritis, no hx ca, nonsmoker","There are prominent epicardial fat pads, unchanged from prior. The cardiomediastinal silhouette and pulmonary vasculature are within normal limits. There is no pneumothorax or pleural effusion. There are no focal areas of consolidation. There is atherosclerosis of the aortic XXXX. Unchanged streaky opacities in the bilateral costophrenic sulci XXXX represent chronic scarring or atelectasis.",No acute cardiopulmonary abnormality.,external_data/IU-Xray/images/IU_585_frontal.jpg,external_data/IU-Xray/images/IU_585_lateral.jpg,585,IU_585,,,,,,success,,100.0,100.0,0.0,0.0,1.0
IU_585,585,syntactic_incomplete,VALID,Existing parser detects unfinished syntax (dangling_preposition).,",786.50 UNSPEC CHEST PAIN, pt states chronic lung infections, pt taking meds for rheumatoid arthritis, no hx ca, nonsmoker",",786.50 UNSPEC CHEST PAIN, pt states chronic lung infections, pt taking meds for","There are prominent epicardial fat pads, unchanged from prior. The cardiomediastinal silhouette and pulmonary vasculature are within normal limits. There is no pneumothorax or pleural effusion. There are no focal areas of consolidation. There is atherosclerosis of the aortic XXXX. Unchanged streaky opacities in the bilateral costophrenic sulci XXXX represent chronic scarring or atelectasis.",No acute cardiopulmonary abnormality.,external_data/IU-Xray/images/IU_585_frontal.jpg,external_data/IU-Xray/images/IU_585_lateral.jpg,585,IU_585,,preposition_truncation,,,,success,,100.0,100.0,0.0,0.0,1.0
IU_585,585,evidentiary_incomplete,VALID,"Readable evidence ""50 UNSPEC CHEST PAIN"" is removed by clause_clinical_removal; residual is defensible and parser-complete.",",786.50 UNSPEC CHEST PAIN, pt states chronic lung infections, pt taking meds for rheumatoid arthritis, no hx ca, nonsmoker","786, pt states chronic lung infections, pt taking meds for rheumatoid arthritis, no hx ca, nonsmoker.","There are prominent epicardial fat pads, unchanged from prior. The cardiomediastinal silhouette and pulmonary vasculature are within normal limits. There is no pneumothorax or pleural effusion. There are no focal areas of consolidation. There is atherosclerosis of the aortic XXXX. Unchanged streaky opacities in the bilateral costophrenic sulci XXXX represent chronic scarring or atelectasis.",No acute cardiopulmonary abnormality.,external_data/IU-Xray/images/IU_585_frontal.jpg,external_data/IU-Xray/images/IU_585_lateral.jpg,585,IU_585,50 UNSPEC CHEST PAIN,clause_clinical_removal,,,,success,,100.0,100.0,0.0,0.0,1.0
IU_585,585,irrelevant,VALID,Context provenance matches non-self donor UID 53; overlap screen passes.,",786.50 UNSPEC CHEST PAIN, pt states chronic lung infections, pt taking meds for rheumatoid arthritis, no hx ca, nonsmoker","Dizziness, hypoxia.","There are prominent epicardial fat pads, unchanged from prior. The cardiomediastinal silhouette and pulmonary vasculature are within normal limits. There is no pneumothorax or pleural effusion. There are no focal areas of consolidation. There is atherosclerosis of the aortic XXXX. Unchanged streaky opacities in the bilateral costophrenic sulci XXXX represent chronic scarring or atelectasis.",No acute cardiopulmonary abnormality.,external_data/IU-Xray/images/IU_585_frontal.jpg,external_data/IU-Xray/images/IU_585_lateral.jpg,53,IU_53,,deterministic_screened_donor_assignment,,,,success,,100.0,100.0,0.0,0.0,1.0
IU_585,585,conflicting,VALID,"Explicit opposite polarity: reference NEGATED, context AFFIRMED for pneumothorax.",",786.50 UNSPEC CHEST PAIN, pt states chronic lung infections, pt taking meds for rheumatoid arthritis, no hx ca, nonsmoker",The patient has a pneumothorax.,"There are prominent epicardial fat pads, unchanged from prior. The cardiomediastinal silhouette and pulmonary vasculature are within normal limits. There is no pneumothorax or pleural effusion. There are no focal areas of consolidation. There is atherosclerosis of the aortic XXXX. Unchanged streaky opacities in the bilateral costophrenic sulci XXXX represent chronic scarring or atelectasis.",No acute cardiopulmonary abnormality.,external_data/IU-Xray/images/IU_585_frontal.jpg,external_data/IU-Xray/images/IU_585_lateral.jpg,585,IU_585,,,pneumothorax_absence,explicit_reference_polarity_contradiction,there is no pneumothorax or pleural effusion,success,,100.0,100.0,0.0,0.0,1.0
IU_585,585,insufficient,VALID,Context is empty as required.,",786.50 UNSPEC CHEST PAIN, pt states chronic lung infections, pt taking meds for rheumatoid arthritis, no hx ca, nonsmoker",,"There are prominent epicardial fat pads, unchanged from prior. The cardiomediastinal silhouette and pulmonary vasculature are within normal limits. There is no pneumothorax or pleural effusion. There are no focal areas of consolidation. There is atherosclerosis of the aortic XXXX. Unchanged streaky opacities in the bilateral costophrenic sulci XXXX represent chronic scarring or atelectasis.",No acute cardiopulmonary abnormality.,external_data/IU-Xray/images/IU_585_frontal.jpg,external_data/IU-Xray/images/IU_585_lateral.jpg,585,IU_585,,,,,,success,,100.0,100.0,0.0,0.0,1.0
IU_586,586,sufficient,VALID,Original selected-study context is preserved exactly.,XXXX-year-old with shortness of breath. Atelectasis versus infiltrate.,XXXX-year-old with shortness of breath. Atelectasis versus infiltrate.,The heart size is moderately enlarged. The pulmonary XXXX and mediastinum are within normal limits. There is no pleural effusion or pneumothorax. Again noted is XXXX and left midlung airspace opacity XXXX atelectasis. There is left basilar opacity XXXX atelectasis as well. There is improved right midlung opacity. There are mild degenerative changes of the spine. XXXX sternotomy XXXX are intact. Extensive atherosclerotic disease.,Probable left midlung and left basilar atelectasis. Cardiomegaly.,external_data/IU-Xray/images/IU_586_frontal.jpg,,586,IU_586,,,,,,success,,100.0,100.0,0.0,0.0,1.0
IU_586,586,syntactic_incomplete,VALID,Existing parser detects unfinished syntax (dangling_preposition).,XXXX-year-old with shortness of breath. Atelectasis versus infiltrate.,XXXX-year-old with,The heart size is moderately enlarged. The pulmonary XXXX and mediastinum are within normal limits. There is no pleural effusion or pneumothorax. Again noted is XXXX and left midlung airspace opacity XXXX atelectasis. There is left basilar opacity XXXX atelectasis as well. There is improved right midlung opacity. There are mild degenerative changes of the spine. XXXX sternotomy XXXX are intact. Extensive atherosclerotic disease.,Probable left midlung and left basilar atelectasis. Cardiomegaly.,external_data/IU-Xray/images/IU_586_frontal.jpg,,586,IU_586,,preposition_truncation,,,,success,,100.0,100.0,0.0,0.0,1.0
IU_586,586,evidentiary_incomplete,VALID,"Readable evidence ""shortness of breath"" is removed by clause_clinical_removal; residual is defensible and parser-complete.",XXXX-year-old with shortness of breath. Atelectasis versus infiltrate.,"XXXX-year-old, Atelectasis versus infiltrate.",The heart size is moderately enlarged. The pulmonary XXXX and mediastinum are within normal limits. There is no pleural effusion or pneumothorax. Again noted is XXXX and left midlung airspace opacity XXXX atelectasis. There is left basilar opacity XXXX atelectasis as well. There is improved right midlung opacity. There are mild degenerative changes of the spine. XXXX sternotomy XXXX are intact. Extensive atherosclerotic disease.,Probable left midlung and left basilar atelectasis. Cardiomegaly.,external_data/IU-Xray/images/IU_586_frontal.jpg,,586,IU_586,shortness of breath,clause_clinical_removal,,,,success,,100.0,100.0,0.0,0.0,1.0
IU_586,586,irrelevant,VALID,Context provenance matches non-self donor UID 590; overlap screen passes.,XXXX-year-old with shortness of breath. Atelectasis versus infiltrate.,Abdominal pain. Recent pneumonia.,The heart size is moderately enlarged. The pulmonary XXXX and mediastinum are within normal limits. There is no pleural effusion or pneumothorax. Again noted is XXXX and left midlung airspace opacity XXXX atelectasis. There is left basilar opacity XXXX atelectasis as well. There is improved right midlung opacity. There are mild degenerative changes of the spine. XXXX sternotomy XXXX are intact. Extensive atherosclerotic disease.,Probable left midlung and left basilar atelectasis. Cardiomegaly.,external_data/IU-Xray/images/IU_586_frontal.jpg,,590,IU_590,,deterministic_screened_donor_assignment,,,,success,,100.0,100.0,0.0,0.0,1.0
IU_586,586,conflicting,VALID,"Explicit opposite polarity: reference NEGATED, context AFFIRMED for pneumothorax.",XXXX-year-old with shortness of breath. Atelectasis versus infiltrate.,The patient has a pneumothorax.,The heart size is moderately enlarged. The pulmonary XXXX and mediastinum are within normal limits. There is no pleural effusion or pneumothorax. Again noted is XXXX and left midlung airspace opacity XXXX atelectasis. There is left basilar opacity XXXX atelectasis as well. There is improved right midlung opacity. There are mild degenerative changes of the spine. XXXX sternotomy XXXX are intact. Extensive atherosclerotic disease.,Probable left midlung and left basilar atelectasis. Cardiomegaly.,external_data/IU-Xray/images/IU_586_frontal.jpg,,586,IU_586,,,pneumothorax_absence,explicit_reference_polarity_contradiction,there is no pleural effusion or pneumothorax,success,,100.0,100.0,0.0,0.0,1.0
IU_586,586,insufficient,VALID,Context is empty as required.,XXXX-year-old with shortness of breath. Atelectasis versus infiltrate.,,The heart size is moderately enlarged. The pulmonary XXXX and mediastinum are within normal limits. There is no pleural effusion or pneumothorax. Again noted is XXXX and left midlung airspace opacity XXXX atelectasis. There is left basilar opacity XXXX atelectasis as well. There is improved right midlung opacity. There are mild degenerative changes of the spine. XXXX sternotomy XXXX are intact. Extensive atherosclerotic disease.,Probable left midlung and left basilar atelectasis. Cardiomegaly.,external_data/IU-Xray/images/IU_586_frontal.jpg,,586,IU_586,,,,,,success,,100.0,100.0,0.0,0.0,1.0
IU_590,590,sufficient,VALID,Original selected-study context is preserved exactly.,Abdominal pain. Recent pneumonia.,Abdominal pain. Recent pneumonia.,"The cardiomediastinal silhouette is normal size and configuration. Pulmonary vasculature within normal limits. There is right middle lobe airspace disease, may reflect atelectasis or pneumonia. No pleural effusion. No pneumothorax. Elevated right hemidiaphragm.",Right middle lobe airspace disease may reflect atelectasis or pneumonia. .,external_data/IU-Xray/images/IU_590_frontal.jpg,external_data/IU-Xray/images/IU_590_lateral.jpg,590,IU_590,,,,,,success,,100.0,100.0,0.0,0.0,1.0
IU_590,590,syntactic_incomplete,VALID,Existing parser detects unfinished syntax (dangling_conjunction).,Abdominal pain. Recent pneumonia.,Abdominal pain. Recent pneumonia and,"The cardiomediastinal silhouette is normal size and configuration. Pulmonary vasculature within normal limits. There is right middle lobe airspace disease, may reflect atelectasis or pneumonia. No pleural effusion. No pneumothorax. Elevated right hemidiaphragm.",Right middle lobe airspace disease may reflect atelectasis or pneumonia. .,external_data/IU-Xray/images/IU_590_frontal.jpg,external_data/IU-Xray/images/IU_590_lateral.jpg,590,IU_590,,appended_conjunction_fallback,,,,success,,100.0,100.0,0.0,0.0,1.0
IU_590,590,evidentiary_incomplete,VALID,"Readable evidence ""Abdominal pain"" is removed by clause_clinical_removal; residual is defensible and parser-complete.",Abdominal pain. Recent pneumonia.,Recent pneumonia.,"The cardiomediastinal silhouette is normal size and configuration. Pulmonary vasculature within normal limits. There is right middle lobe airspace disease, may reflect atelectasis or pneumonia. No pleural effusion. No pneumothorax. Elevated right hemidiaphragm.",Right middle lobe airspace disease may reflect atelectasis or pneumonia. .,external_data/IU-Xray/images/IU_590_frontal.jpg,external_data/IU-Xray/images/IU_590_lateral.jpg,590,IU_590,Abdominal pain,clause_clinical_removal,,,,success,,100.0,100.0,0.0,0.0,1.0
IU_590,590,irrelevant,VALID,Context provenance matches non-self donor UID 270; overlap screen passes.,Abdominal pain. Recent pneumonia.,"Chest pain, renal failure. Anterior chest pain. Dehydrated, EtOH.","The cardiomediastinal silhouette is normal size and configuration. Pulmonary vasculature within normal limits. There is right middle lobe airspace disease, may reflect atelectasis or pneumonia. No pleural effusion. No pneumothorax. Elevated right hemidiaphragm.",Right middle lobe airspace disease may reflect atelectasis or pneumonia. .,external_data/IU-Xray/images/IU_590_frontal.jpg,external_data/IU-Xray/images/IU_590_lateral.jpg,270,IU_270,,deterministic_screened_donor_assignment,,,,success,,100.0,100.0,0.0,0.0,1.0
IU_590,590,conflicting,VALID,"Explicit opposite polarity: reference NEGATED, context AFFIRMED for pneumothorax.",Abdominal pain. Recent pneumonia.,The patient has a pneumothorax.,"The cardiomediastinal silhouette is normal size and configuration. Pulmonary vasculature within normal limits. There is right middle lobe airspace disease, may reflect atelectasis or pneumonia. No pleural effusion. No pneumothorax. Elevated right hemidiaphragm.",Right middle lobe airspace disease may reflect atelectasis or pneumonia. .,external_data/IU-Xray/images/IU_590_frontal.jpg,external_data/IU-Xray/images/IU_590_lateral.jpg,590,IU_590,,,pneumothorax_absence,explicit_reference_polarity_contradiction,no pneumothorax,success,,100.0,100.0,0.0,0.0,1.0
IU_590,590,insufficient,VALID,Context is empty as required.,Abdominal pain. Recent pneumonia.,,"The cardiomediastinal silhouette is normal size and configuration. Pulmonary vasculature within normal limits. There is right middle lobe airspace disease, may reflect atelectasis or pneumonia. No pleural effusion. No pneumothorax. Elevated right hemidiaphragm.",Right middle lobe airspace disease may reflect atelectasis or pneumonia. .,external_data/IU-Xray/images/IU_590_frontal.jpg,external_data/IU-Xray/images/IU_590_lateral.jpg,590,IU_590,,,,,,success,,100.0,100.0,0.0,0.0,1.0
IU_594,594,sufficient,VALID,Original selected-study context is preserved exactly.,"Pain, weakness","Pain, weakness",There are T-spine osteophytes. There calcified costochondral cartilages. There is loss of disc XXXX of a midthoracic vertebral body. There are streaky opacities in both lung bases which may represent atelectasis or scarring. No pneumothorax. The heart is borderline enlarged.,"1. Borderline cardiomegaly. 2. Age-indeterminate, XXXX chronic, XXXX deformity in the midthoracic spine.",external_data/IU-Xray/images/IU_594_frontal.jpg,external_data/IU-Xray/images/IU_594_lateral.jpg,594,IU_594,,,,,,success,,100.0,100.0,0.0,0.0,1.0
IU_594,594,syntactic_incomplete,VALID,Existing parser detects unfinished syntax (dangling_conjunction).,"Pain, weakness","Pain, weakness and",There are T-spine osteophytes. There calcified costochondral cartilages. There is loss of disc XXXX of a midthoracic vertebral body. There are streaky opacities in both lung bases which may represent atelectasis or scarring. No pneumothorax. The heart is borderline enlarged.,"1. Borderline cardiomegaly. 2. Age-indeterminate, XXXX chronic, XXXX deformity in the midthoracic spine.",external_data/IU-Xray/images/IU_594_frontal.jpg,external_data/IU-Xray/images/IU_594_lateral.jpg,594,IU_594,,appended_conjunction_fallback,,,,success,,100.0,100.0,0.0,0.0,1.0
IU_594,594,evidentiary_incomplete,VALID,"Readable evidence ""Pain"" is removed by clause_clinical_removal; residual is defensible and parser-complete.","Pain, weakness",weakness.,There are T-spine osteophytes. There calcified costochondral cartilages. There is loss of disc XXXX of a midthoracic vertebral body. There are streaky opacities in both lung bases which may represent atelectasis or scarring. No pneumothorax. The heart is borderline enlarged.,"1. Borderline cardiomegaly. 2. Age-indeterminate, XXXX chronic, XXXX deformity in the midthoracic spine.",external_data/IU-Xray/images/IU_594_frontal.jpg,external_data/IU-Xray/images/IU_594_lateral.jpg,594,IU_594,Pain,clause_clinical_removal,,,,success,,100.0,100.0,0.0,0.0,1.0
IU_594,594,irrelevant,VALID,Context provenance matches non-self donor UID 400; overlap screen passes.,"Pain, weakness","XXXX-year-old woman with dyspnea and XXXX x3 days, history of asthma.",There are T-spine osteophytes. There calcified costochondral cartilages. There is loss of disc XXXX of a midthoracic vertebral body. There are streaky opacities in both lung bases which may represent atelectasis or scarring. No pneumothorax. The heart is borderline enlarged.,"1. Borderline cardiomegaly. 2. Age-indeterminate, XXXX chronic, XXXX deformity in the midthoracic spine.",external_data/IU-Xray/images/IU_594_frontal.jpg,external_data/IU-Xray/images/IU_594_lateral.jpg,400,IU_400,,deterministic_screened_donor_assignment,,,,success,,100.0,100.0,0.0,0.0,1.0
IU_594,594,conflicting,VALID,"Explicit opposite polarity: reference NEGATED, context AFFIRMED for pneumothorax.","Pain, weakness",The patient has a pneumothorax.,There are T-spine osteophytes. There calcified costochondral cartilages. There is loss of disc XXXX of a midthoracic vertebral body. There are streaky opacities in both lung bases which may represent atelectasis or scarring. No pneumothorax. The heart is borderline enlarged.,"1. Borderline cardiomegaly. 2. Age-indeterminate, XXXX chronic, XXXX deformity in the midthoracic spine.",external_data/IU-Xray/images/IU_594_frontal.jpg,external_data/IU-Xray/images/IU_594_lateral.jpg,594,IU_594,,,pneumothorax_absence,explicit_reference_polarity_contradiction,no pneumothorax,success,,100.0,100.0,0.0,0.0,1.0
IU_594,594,insufficient,VALID,Context is empty as required.,"Pain, weakness",,There are T-spine osteophytes. There calcified costochondral cartilages. There is loss of disc XXXX of a midthoracic vertebral body. There are streaky opacities in both lung bases which may represent atelectasis or scarring. No pneumothorax. The heart is borderline enlarged.,"1. Borderline cardiomegaly. 2. Age-indeterminate, XXXX chronic, XXXX deformity in the midthoracic spine.",external_data/IU-Xray/images/IU_594_frontal.jpg,external_data/IU-Xray/images/IU_594_lateral.jpg,594,IU_594,,,,,,success,,100.0,100.0,0.0,0.0,1.0
IU_595,595,sufficient,VALID,Original selected-study context is preserved exactly.,XXXX-year-old with hypoxia and shortness of breath. XXXX.,XXXX-year-old with hypoxia and shortness of breath. XXXX.,"The heart, pulmonary XXXX and mediastinum are within normal limits. There is no pleural effusion or pneumothorax. There is no focal air space opacity to suggest a pneumonia.",No acute cardiopulmonary disease.,external_data/IU-Xray/images/IU_595_frontal.jpg,external_data/IU-Xray/images/IU_595_lateral.jpg,595,IU_595,,,,,,success,,100.0,100.0,0.0,0.0,1.0
IU_595,595,syntactic_incomplete,VALID,Existing parser detects unfinished syntax (dangling_preposition).,XXXX-year-old with hypoxia and shortness of breath. XXXX.,XXXX-year-old with,"The heart, pulmonary XXXX and mediastinum are within normal limits. There is no pleural effusion or pneumothorax. There is no focal air space opacity to suggest a pneumonia.",No acute cardiopulmonary disease.,external_data/IU-Xray/images/IU_595_frontal.jpg,external_data/IU-Xray/images/IU_595_lateral.jpg,595,IU_595,,preposition_truncation,,,,success,,100.0,100.0,0.0,0.0,1.0
IU_595,595,evidentiary_incomplete,VALID,"Readable evidence ""hypoxia"" is removed by clause_clinical_removal; residual is defensible and parser-complete.",XXXX-year-old with hypoxia and shortness of breath. XXXX.,"XXXX-year-old, shortness of breath, XXXX.","The heart, pulmonary XXXX and mediastinum are within normal limits. There is no pleural effusion or pneumothorax. There is no focal air space opacity to suggest a pneumonia.",No acute cardiopulmonary disease.,external_data/IU-Xray/images/IU_595_frontal.jpg,external_data/IU-Xray/images/IU_595_lateral.jpg,595,IU_595,hypoxia,clause_clinical_removal,,,,success,,100.0,100.0,0.0,0.0,1.0
IU_595,595,irrelevant,VALID,Context provenance matches non-self donor UID 1205; overlap screen passes.,XXXX-year-old with hypoxia and shortness of breath. XXXX.,XXXX-year-old with dyspnea. Preop for bariatric studies.,"The heart, pulmonary XXXX and mediastinum are within normal limits. There is no pleural effusion or pneumothorax. There is no focal air space opacity to suggest a pneumonia.",No acute cardiopulmonary disease.,external_data/IU-Xray/images/IU_595_frontal.jpg,external_data/IU-Xray/images/IU_595_lateral.jpg,1205,IU_1205,,deterministic_screened_donor_assignment,,,,success,,100.0,100.0,0.0,0.0,1.0
IU_595,595,conflicting,VALID,"Explicit opposite polarity: reference NEGATED, context AFFIRMED for pneumothorax.",XXXX-year-old with hypoxia and shortness of breath. XXXX.,The patient has a pneumothorax.,"The heart, pulmonary XXXX and mediastinum are within normal limits. There is no pleural effusion or pneumothorax. There is no focal air space opacity to suggest a pneumonia.",No acute cardiopulmonary disease.,external_data/IU-Xray/images/IU_595_frontal.jpg,external_data/IU-Xray/images/IU_595_lateral.jpg,595,IU_595,,,pneumothorax_absence,explicit_reference_polarity_contradiction,there is no pleural effusion or pneumothorax,success,,100.0,100.0,0.0,0.0,1.0
IU_595,595,insufficient,VALID,Context is empty as required.,XXXX-year-old with hypoxia and shortness of breath. XXXX.,,"The heart, pulmonary XXXX and mediastinum are within normal limits. There is no pleural effusion or pneumothorax. There is no focal air space opacity to suggest a pneumonia.",No acute cardiopulmonary disease.,external_data/IU-Xray/images/IU_595_frontal.jpg,external_data/IU-Xray/images/IU_595_lateral.jpg,595,IU_595,,,,,,success,,100.0,100.0,0.0,0.0,1.0
IU_597,597,sufficient,VALID,Original selected-study context is preserved exactly.,XXXX-year-old female with right-sided pleuritic chest pain. Laparoscopic surgery yesterday.,XXXX-year-old female with right-sided pleuritic chest pain. Laparoscopic surgery yesterday.,"There are XXXX bilateral lower lobe opacities. No pleural effusion. No pneumothorax is identified. Heart size and mediastinal contour are within normal limits. There is lucency beneath the diaphragm, consistent with pneumoperitoneum. Cholecystectomy clips are noted in the right upper quadrant.","1. XXXX bilateral lower lobe opacities. The appearance XXXX subsegmental atelectasis. 2. Pneumoperitoneum, XXXX postoperative secondary to recent laparoscopic surgery.",,external_data/IU-Xray/images/IU_597_lateral.jpg,597,IU_597,,,,,,success,,100.0,100.0,0.0,0.0,1.0
IU_597,597,syntactic_incomplete,VALID,Existing parser detects unfinished syntax (dangling_preposition).,XXXX-year-old female with right-sided pleuritic chest pain. Laparoscopic surgery yesterday.,XXXX-year-old female with,"There are XXXX bilateral lower lobe opacities. No pleural effusion. No pneumothorax is identified. Heart size and mediastinal contour are within normal limits. There is lucency beneath the diaphragm, consistent with pneumoperitoneum. Cholecystectomy clips are noted in the right upper quadrant.","1. XXXX bilateral lower lobe opacities. The appearance XXXX subsegmental atelectasis. 2. Pneumoperitoneum, XXXX postoperative secondary to recent laparoscopic surgery.",,external_data/IU-Xray/images/IU_597_lateral.jpg,597,IU_597,,preposition_truncation,,,,success,,100.0,100.0,0.0,0.0,1.0
IU_597,597,evidentiary_incomplete,VALID,"Readable evidence ""right-sided pleuritic chest pain"" is removed by clause_clinical_removal; residual is defensible and parser-complete.",XXXX-year-old female with right-sided pleuritic chest pain. Laparoscopic surgery yesterday.,"XXXX-year-old female, Laparoscopic surgery yesterday.","There are XXXX bilateral lower lobe opacities. No pleural effusion. No pneumothorax is identified. Heart size and mediastinal contour are within normal limits. There is lucency beneath the diaphragm, consistent with pneumoperitoneum. Cholecystectomy clips are noted in the right upper quadrant.","1. XXXX bilateral lower lobe opacities. The appearance XXXX subsegmental atelectasis. 2. Pneumoperitoneum, XXXX postoperative secondary to recent laparoscopic surgery.",,external_data/IU-Xray/images/IU_597_lateral.jpg,597,IU_597,right-sided pleuritic chest pain,clause_clinical_removal,,,,success,,100.0,100.0,0.0,0.0,1.0
IU_597,597,irrelevant,VALID,Context provenance matches non-self donor UID 633; overlap screen passes.,XXXX-year-old female with right-sided pleuritic chest pain. Laparoscopic surgery yesterday.,"XXXX-year-old female with asthma, recent pneumonia","There are XXXX bilateral lower lobe opacities. No pleural effusion. No pneumothorax is identified. Heart size and mediastinal contour are within normal limits. There is lucency beneath the diaphragm, consistent with pneumoperitoneum. Cholecystectomy clips are noted in the right upper quadrant.","1. XXXX bilateral lower lobe opacities. The appearance XXXX subsegmental atelectasis. 2. Pneumoperitoneum, XXXX postoperative secondary to recent laparoscopic surgery.",,external_data/IU-Xray/images/IU_597_lateral.jpg,633,IU_633,,deterministic_screened_donor_assignment,,,,success,,100.0,100.0,0.0,0.0,1.0
IU_597,597,conflicting,VALID,"Explicit opposite polarity: reference NEGATED, context AFFIRMED for pneumothorax.",XXXX-year-old female with right-sided pleuritic chest pain. Laparoscopic surgery yesterday.,The patient has a pneumothorax.,"There are XXXX bilateral lower lobe opacities. No pleural effusion. No pneumothorax is identified. Heart size and mediastinal contour are within normal limits. There is lucency beneath the diaphragm, consistent with pneumoperitoneum. Cholecystectomy clips are noted in the right upper quadrant.","1. XXXX bilateral lower lobe opacities. The appearance XXXX subsegmental atelectasis. 2. Pneumoperitoneum, XXXX postoperative secondary to recent laparoscopic surgery.",,external_data/IU-Xray/images/IU_597_lateral.jpg,597,IU_597,,,pneumothorax_absence,explicit_reference_polarity_contradiction,no pneumothorax is identified,success,,100.0,100.0,0.0,0.0,1.0
IU_597,597,insufficient,VALID,Context is empty as required.,XXXX-year-old female with right-sided pleuritic chest pain. Laparoscopic surgery yesterday.,,"There are XXXX bilateral lower lobe opacities. No pleural effusion. No pneumothorax is identified. Heart size and mediastinal contour are within normal limits. There is lucency beneath the diaphragm, consistent with pneumoperitoneum. Cholecystectomy clips are noted in the right upper quadrant.","1. XXXX bilateral lower lobe opacities. The appearance XXXX subsegmental atelectasis. 2. Pneumoperitoneum, XXXX postoperative secondary to recent laparoscopic surgery.",,external_data/IU-Xray/images/IU_597_lateral.jpg,597,IU_597,,,,,,success,,100.0,100.0,0.0,0.0,1.0
IU_600,600,sufficient,VALID,Original selected-study context is preserved exactly.,XXXX-year-old male. Shortness of breath. Syncope. Seizure.,XXXX-year-old male. Shortness of breath. Syncope. Seizure.,"The cardiomediastinal silhouette is normal in size and contour. Calcified left hilar lymph XXXX/granulomas. No focal consolidation, pneumothorax or large pleural effusion. Old fracture, right mid clavicle.",Negative for acute abnormality.,external_data/IU-Xray/images/IU_600_frontal.jpg,external_data/IU-Xray/images/IU_600_lateral.jpg,600,IU_600,,,,,,success,,100.0,100.0,0.0,0.0,1.0
IU_600,600,syntactic_incomplete,VALID,Existing parser detects unfinished syntax (dangling_preposition).,XXXX-year-old male. Shortness of breath. Syncope. Seizure.,XXXX-year-old male. Shortness of,"The cardiomediastinal silhouette is normal in size and contour. Calcified left hilar lymph XXXX/granulomas. No focal consolidation, pneumothorax or large pleural effusion. Old fracture, right mid clavicle.",Negative for acute abnormality.,external_data/IU-Xray/images/IU_600_frontal.jpg,external_data/IU-Xray/images/IU_600_lateral.jpg,600,IU_600,,preposition_truncation,,,,success,,100.0,100.0,0.0,0.0,1.0
IU_600,600,evidentiary_incomplete,VALID,"Readable evidence ""Shortness of breath"" is removed by clause_clinical_removal; residual is defensible and parser-complete.",XXXX-year-old male. Shortness of breath. Syncope. Seizure.,"XXXX-year-old male, Syncope, Seizure.","The cardiomediastinal silhouette is normal in size and contour. Calcified left hilar lymph XXXX/granulomas. No focal consolidation, pneumothorax or large pleural effusion. Old fracture, right mid clavicle.",Negative for acute abnormality.,external_data/IU-Xray/images/IU_600_frontal.jpg,external_data/IU-Xray/images/IU_600_lateral.jpg,600,IU_600,Shortness of breath,clause_clinical_removal,,,,success,,100.0,100.0,0.0,0.0,1.0
IU_600,600,irrelevant,VALID,Context provenance matches non-self donor UID 702; overlap screen passes.,XXXX-year-old male. Shortness of breath. Syncope. Seizure.,"XXXX-year-old woman with lung cancer, shortness of breath..","The cardiomediastinal silhouette is normal in size and contour. Calcified left hilar lymph XXXX/granulomas. No focal consolidation, pneumothorax or large pleural effusion. Old fracture, right mid clavicle.",Negative for acute abnormality.,external_data/IU-Xray/images/IU_600_frontal.jpg,external_data/IU-Xray/images/IU_600_lateral.jpg,702,IU_702,,deterministic_screened_donor_assignment,,,,success,,100.0,100.0,0.0,0.0,1.0
IU_600,600,conflicting,VALID,"Explicit opposite polarity: reference NEGATED, context AFFIRMED for pneumothorax.",XXXX-year-old male. Shortness of breath. Syncope. Seizure.,The patient has a pneumothorax.,"The cardiomediastinal silhouette is normal in size and contour. Calcified left hilar lymph XXXX/granulomas. No focal consolidation, pneumothorax or large pleural effusion. Old fracture, right mid clavicle.",Negative for acute abnormality.,external_data/IU-Xray/images/IU_600_frontal.jpg,external_data/IU-Xray/images/IU_600_lateral.jpg,600,IU_600,,,pneumothorax_absence,explicit_reference_polarity_contradiction,"no focal consolidation, pneumothorax or large pleural effusion",success,,100.0,100.0,0.0,0.0,1.0
IU_600,600,insufficient,VALID,Context is empty as required.,XXXX-year-old male. Shortness of breath. Syncope. Seizure.,,"The cardiomediastinal silhouette is normal in size and contour. Calcified left hilar lymph XXXX/granulomas. No focal consolidation, pneumothorax or large pleural effusion. Old fracture, right mid clavicle.",Negative for acute abnormality.,external_data/IU-Xray/images/IU_600_frontal.jpg,external_data/IU-Xray/images/IU_600_lateral.jpg,600,IU_600,,,,,,success,,100.0,100.0,0.0,0.0,1.0
IU_604,604,sufficient,VALID,Original selected-study context is preserved exactly.,Bone marrow transplant evaluation. AML.,Bone marrow transplant evaluation. AML.,The heart size and pulmonary vascularity appear within normal limits. The lungs are free of focal airspace disease. No pleural effusion or pneumothorax is seen. PICC line is in XXXX. The tip is in the upper right atrium.,1. No evidence of active disease.,external_data/IU-Xray/images/IU_604_frontal.jpg,external_data/IU-Xray/images/IU_604_lateral.jpg,604,IU_604,,,,,,success,,100.0,100.0,0.0,0.0,1.0
IU_604,604,syntactic_incomplete,VALID,Existing parser detects unfinished syntax (dangling_conjunction).,Bone marrow transplant evaluation. AML.,Bone marrow transplant evaluation. AML and,The heart size and pulmonary vascularity appear within normal limits. The lungs are free of focal airspace disease. No pleural effusion or pneumothorax is seen. PICC line is in XXXX. The tip is in the upper right atrium.,1. No evidence of active disease.,external_data/IU-Xray/images/IU_604_frontal.jpg,external_data/IU-Xray/images/IU_604_lateral.jpg,604,IU_604,,appended_conjunction_fallback,,,,success,,100.0,100.0,0.0,0.0,1.0
IU_604,604,evidentiary_incomplete,VALID,"Readable evidence ""Bone marrow transplant evaluation"" is removed by clause_clinical_removal; residual is defensible and parser-complete.",Bone marrow transplant evaluation. AML.,AML.,The heart size and pulmonary vascularity appear within normal limits. The lungs are free of focal airspace disease. No pleural effusion or pneumothorax is seen. PICC line is in XXXX. The tip is in the upper right atrium.,1. No evidence of active disease.,external_data/IU-Xray/images/IU_604_frontal.jpg,external_data/IU-Xray/images/IU_604_lateral.jpg,604,IU_604,Bone marrow transplant evaluation,clause_clinical_removal,,,,success,,100.0,100.0,0.0,0.0,1.0
IU_604,604,irrelevant,VALID,Context provenance matches non-self donor UID 1114; overlap screen passes.,Bone marrow transplant evaluation. AML.,Low back pain and left chest pain,The heart size and pulmonary vascularity appear within normal limits. The lungs are free of focal airspace disease. No pleural effusion or pneumothorax is seen. PICC line is in XXXX. The tip is in the upper right atrium.,1. No evidence of active disease.,external_data/IU-Xray/images/IU_604_frontal.jpg,external_data/IU-Xray/images/IU_604_lateral.jpg,1114,IU_1114,,deterministic_screened_donor_assignment,,,,success,,100.0,100.0,0.0,0.0,1.0
IU_604,604,conflicting,VALID,"Explicit opposite polarity: reference NEGATED, context AFFIRMED for pneumothorax.",Bone marrow transplant evaluation. AML.,The patient has a pneumothorax.,The heart size and pulmonary vascularity appear within normal limits. The lungs are free of focal airspace disease. No pleural effusion or pneumothorax is seen. PICC line is in XXXX. The tip is in the upper right atrium.,1. No evidence of active disease.,external_data/IU-Xray/images/IU_604_frontal.jpg,external_data/IU-Xray/images/IU_604_lateral.jpg,604,IU_604,,,pneumothorax_absence,explicit_reference_polarity_contradiction,no pleural effusion or pneumothorax is seen,success,,100.0,100.0,0.0,0.0,1.0
IU_604,604,insufficient,VALID,Context is empty as required.,Bone marrow transplant evaluation. AML.,,The heart size and pulmonary vascularity appear within normal limits. The lungs are free of focal airspace disease. No pleural effusion or pneumothorax is seen. PICC line is in XXXX. The tip is in the upper right atrium.,1. No evidence of active disease.,external_data/IU-Xray/images/IU_604_frontal.jpg,external_data/IU-Xray/images/IU_604_lateral.jpg,604,IU_604,,,,,,success,,100.0,100.0,0.0,0.0,1.0
IU_628,628,sufficient,VALID,Original selected-study context is preserved exactly.,Shortness of breath with XXXX for 4 days. History of COPD.,Shortness of breath with XXXX for 4 days. History of COPD.,Frontal and lateral views of the chest with overlying external cardiac monitor leads show an unchanged cardiomediastinal silhouette. Cardiac silhouette at the upper limits of normal in size. Tortuous ectatic aorta. The aortic XXXX is near 5 cm in diameter. There is a retrocardiac left paraspinal bulge concerning for a descending thoracic aortic aneurysm. There is biapical scarring. No XXXX focal airspace consolidation or pleural effusion. XXXX spine spondylitic changes.,1. Stable aneurysmal enlargement of the XXXX and descending aorta. Chest CTA could be obtained as a XXXX. 2. Borderline heart size. 3. No acute pulmonary disease process.,external_data/IU-Xray/images/IU_628_frontal.jpg,external_data/IU-Xray/images/IU_628_lateral.jpg,628,IU_628,,,,,,success,,100.0,100.0,0.0,0.0,1.0
IU_628,628,syntactic_incomplete,VALID,Existing parser detects unfinished syntax (dangling_preposition).,Shortness of breath with XXXX for 4 days. History of COPD.,Shortness of breath with XXXX for 4 days. History of,Frontal and lateral views of the chest with overlying external cardiac monitor leads show an unchanged cardiomediastinal silhouette. Cardiac silhouette at the upper limits of normal in size. Tortuous ectatic aorta. The aortic XXXX is near 5 cm in diameter. There is a retrocardiac left paraspinal bulge concerning for a descending thoracic aortic aneurysm. There is biapical scarring. No XXXX focal airspace consolidation or pleural effusion. XXXX spine spondylitic changes.,1. Stable aneurysmal enlargement of the XXXX and descending aorta. Chest CTA could be obtained as a XXXX. 2. Borderline heart size. 3. No acute pulmonary disease process.,external_data/IU-Xray/images/IU_628_frontal.jpg,external_data/IU-Xray/images/IU_628_lateral.jpg,628,IU_628,,pattern_truncation,,,,success,,100.0,100.0,0.0,0.0,1.0
IU_628,628,evidentiary_incomplete,VALID,"Readable evidence ""Shortness of breath"" is removed by clause_clinical_removal; residual is defensible and parser-complete.",Shortness of breath with XXXX for 4 days. History of COPD.,"XXXX for 4 days, History of COPD.",Frontal and lateral views of the chest with overlying external cardiac monitor leads show an unchanged cardiomediastinal silhouette. Cardiac silhouette at the upper limits of normal in size. Tortuous ectatic aorta. The aortic XXXX is near 5 cm in diameter. There is a retrocardiac left paraspinal bulge concerning for a descending thoracic aortic aneurysm. There is biapical scarring. No XXXX focal airspace consolidation or pleural effusion. XXXX spine spondylitic changes.,1. Stable aneurysmal enlargement of the XXXX and descending aorta. Chest CTA could be obtained as a XXXX. 2. Borderline heart size. 3. No acute pulmonary disease process.,external_data/IU-Xray/images/IU_628_frontal.jpg,external_data/IU-Xray/images/IU_628_lateral.jpg,628,IU_628,Shortness of breath,clause_clinical_removal,,,,success,,100.0,100.0,0.0,0.0,1.0
IU_628,628,irrelevant,VALID,Context provenance matches non-self donor UID 784; overlap screen passes.,Shortness of breath with XXXX for 4 days. History of COPD.,Vomiting and right-sided abdominal pain,Frontal and lateral views of the chest with overlying external cardiac monitor leads show an unchanged cardiomediastinal silhouette. Cardiac silhouette at the upper limits of normal in size. Tortuous ectatic aorta. The aortic XXXX is near 5 cm in diameter. There is a retrocardiac left paraspinal bulge concerning for a descending thoracic aortic aneurysm. There is biapical scarring. No XXXX focal airspace consolidation or pleural effusion. XXXX spine spondylitic changes.,1. Stable aneurysmal enlargement of the XXXX and descending aorta. Chest CTA could be obtained as a XXXX. 2. Borderline heart size. 3. No acute pulmonary disease process.,external_data/IU-Xray/images/IU_628_frontal.jpg,external_data/IU-Xray/images/IU_628_lateral.jpg,784,IU_784,,deterministic_screened_donor_assignment,,,,success,,100.0,100.0,0.0,0.0,1.0
IU_628,628,conflicting,VALID,"Explicit opposite polarity: reference NEGATED, context AFFIRMED for pleural_effusion.",Shortness of breath with XXXX for 4 days. History of COPD.,The patient has a pleural effusion.,Frontal and lateral views of the chest with overlying external cardiac monitor leads show an unchanged cardiomediastinal silhouette. Cardiac silhouette at the upper limits of normal in size. Tortuous ectatic aorta. The aortic XXXX is near 5 cm in diameter. There is a retrocardiac left paraspinal bulge concerning for a descending thoracic aortic aneurysm. There is biapical scarring. No XXXX focal airspace consolidation or pleural effusion. XXXX spine spondylitic changes.,1. Stable aneurysmal enlargement of the XXXX and descending aorta. Chest CTA could be obtained as a XXXX. 2. Borderline heart size. 3. No acute pulmonary disease process.,external_data/IU-Xray/images/IU_628_frontal.jpg,external_data/IU-Xray/images/IU_628_lateral.jpg,628,IU_628,,,pleural_effusion_absence,explicit_reference_polarity_contradiction,no xxxx focal airspace consolidation or pleural effusion,success,,100.0,100.0,0.0,0.0,1.0
IU_628,628,insufficient,VALID,Context is empty as required.,Shortness of breath with XXXX for 4 days. History of COPD.,,Frontal and lateral views of the chest with overlying external cardiac monitor leads show an unchanged cardiomediastinal silhouette. Cardiac silhouette at the upper limits of normal in size. Tortuous ectatic aorta. The aortic XXXX is near 5 cm in diameter. There is a retrocardiac left paraspinal bulge concerning for a descending thoracic aortic aneurysm. There is biapical scarring. No XXXX focal airspace consolidation or pleural effusion. XXXX spine spondylitic changes.,1. Stable aneurysmal enlargement of the XXXX and descending aorta. Chest CTA could be obtained as a XXXX. 2. Borderline heart size. 3. No acute pulmonary disease process.,external_data/IU-Xray/images/IU_628_frontal.jpg,external_data/IU-Xray/images/IU_628_lateral.jpg,628,IU_628,,,,,,success,,100.0,100.0,0.0,0.0,1.0
IU_633,633,sufficient,VALID,Original selected-study context is preserved exactly.,"XXXX-year-old female with asthma, recent pneumonia","XXXX-year-old female with asthma, recent pneumonia",The lungs are clear. There is no focal airspace consolidation. No pleural effusion or pneumothorax. Heart size and mediastinal contour are within normal limits. There are multilevel degenerative changes of the spine.,No evidence of active disease.,external_data/IU-Xray/images/IU_633_frontal.jpg,external_data/IU-Xray/images/IU_633_lateral.jpg,633,IU_633,,,,,,success,,100.0,100.0,0.0,0.0,1.0
IU_633,633,syntactic_incomplete,VALID,Existing parser detects unfinished syntax (dangling_preposition).,"XXXX-year-old female with asthma, recent pneumonia",XXXX-year-old female with,The lungs are clear. There is no focal airspace consolidation. No pleural effusion or pneumothorax. Heart size and mediastinal contour are within normal limits. There are multilevel degenerative changes of the spine.,No evidence of active disease.,external_data/IU-Xray/images/IU_633_frontal.jpg,external_data/IU-Xray/images/IU_633_lateral.jpg,633,IU_633,,preposition_truncation,,,,success,,100.0,100.0,0.0,0.0,1.0
IU_633,633,evidentiary_incomplete,VALID,"Readable evidence ""asthma"" is removed by clause_clinical_removal; residual is defensible and parser-complete.","XXXX-year-old female with asthma, recent pneumonia","XXXX-year-old female, recent pneumonia.",The lungs are clear. There is no focal airspace consolidation. No pleural effusion or pneumothorax. Heart size and mediastinal contour are within normal limits. There are multilevel degenerative changes of the spine.,No evidence of active disease.,external_data/IU-Xray/images/IU_633_frontal.jpg,external_data/IU-Xray/images/IU_633_lateral.jpg,633,IU_633,asthma,clause_clinical_removal,,,,success,,100.0,100.0,0.0,0.0,1.0
IU_633,633,irrelevant,VALID,Context provenance matches non-self donor UID 963; overlap screen passes.,"XXXX-year-old female with asthma, recent pneumonia",XXXX-year-old with pain and shortness of breath. Low energy.,The lungs are clear. There is no focal airspace consolidation. No pleural effusion or pneumothorax. Heart size and mediastinal contour are within normal limits. There are multilevel degenerative changes of the spine.,No evidence of active disease.,external_data/IU-Xray/images/IU_633_frontal.jpg,external_data/IU-Xray/images/IU_633_lateral.jpg,963,IU_963,,deterministic_screened_donor_assignment,,,,success,,100.0,100.0,0.0,0.0,1.0
IU_633,633,conflicting,VALID,"Explicit opposite polarity: reference NEGATED, context AFFIRMED for pneumothorax.","XXXX-year-old female with asthma, recent pneumonia",The patient has a pneumothorax.,The lungs are clear. There is no focal airspace consolidation. No pleural effusion or pneumothorax. Heart size and mediastinal contour are within normal limits. There are multilevel degenerative changes of the spine.,No evidence of active disease.,external_data/IU-Xray/images/IU_633_frontal.jpg,external_data/IU-Xray/images/IU_633_lateral.jpg,633,IU_633,,,pneumothorax_absence,explicit_reference_polarity_contradiction,no pleural effusion or pneumothorax,success,,100.0,100.0,0.0,0.0,1.0
IU_633,633,insufficient,VALID,Context is empty as required.,"XXXX-year-old female with asthma, recent pneumonia",,The lungs are clear. There is no focal airspace consolidation. No pleural effusion or pneumothorax. Heart size and mediastinal contour are within normal limits. There are multilevel degenerative changes of the spine.,No evidence of active disease.,external_data/IU-Xray/images/IU_633_frontal.jpg,external_data/IU-Xray/images/IU_633_lateral.jpg,633,IU_633,,,,,,success,,100.0,100.0,0.0,0.0,1.0
IU_645,645,sufficient,VALID,Original selected-study context is preserved exactly.,"Weakness, vomiting, chest pain.","Weakness, vomiting, chest pain.","Heart size and mediastinal contours appear normal limits. No focal pulmonary opacity, pleural effusion or pneumothorax. No acute bony abnormality. Degenerative changes of the spine.",No acute cardiopulmonary abnormality.,external_data/IU-Xray/images/IU_645_frontal.jpg,external_data/IU-Xray/images/IU_645_lateral.jpg,645,IU_645,,,,,,success,,100.0,100.0,0.0,0.0,1.0
IU_645,645,syntactic_incomplete,VALID,Existing parser detects unfinished syntax (dangling_conjunction).,"Weakness, vomiting, chest pain.","Weakness, vomiting, chest pain and","Heart size and mediastinal contours appear normal limits. No focal pulmonary opacity, pleural effusion or pneumothorax. No acute bony abnormality. Degenerative changes of the spine.",No acute cardiopulmonary abnormality.,external_data/IU-Xray/images/IU_645_frontal.jpg,external_data/IU-Xray/images/IU_645_lateral.jpg,645,IU_645,,appended_conjunction_fallback,,,,success,,100.0,100.0,0.0,0.0,1.0
IU_645,645,evidentiary_incomplete,VALID,"Readable evidence ""Weakness"" is removed by clause_clinical_removal; residual is defensible and parser-complete.","Weakness, vomiting, chest pain.","vomiting, chest pain.","Heart size and mediastinal contours appear normal limits. No focal pulmonary opacity, pleural effusion or pneumothorax. No acute bony abnormality. Degenerative changes of the spine.",No acute cardiopulmonary abnormality.,external_data/IU-Xray/images/IU_645_frontal.jpg,external_data/IU-Xray/images/IU_645_lateral.jpg,645,IU_645,Weakness,clause_clinical_removal,,,,success,,100.0,100.0,0.0,0.0,1.0
IU_645,645,irrelevant,VALID,Context provenance matches non-self donor UID 772; overlap screen passes.,"Weakness, vomiting, chest pain.",The patient is a XXXX-year-old female with chest pain and XXXX onset right hand numbness and inability to XXXX. History of heart bypass surgery many years ago.,"Heart size and mediastinal contours appear normal limits. No focal pulmonary opacity, pleural effusion or pneumothorax. No acute bony abnormality. Degenerative changes of the spine.",No acute cardiopulmonary abnormality.,external_data/IU-Xray/images/IU_645_frontal.jpg,external_data/IU-Xray/images/IU_645_lateral.jpg,772,IU_772,,deterministic_screened_donor_assignment,,,,success,,100.0,100.0,0.0,0.0,1.0
IU_645,645,conflicting,VALID,"Explicit opposite polarity: reference NEGATED, context AFFIRMED for pneumothorax.","Weakness, vomiting, chest pain.",The patient has a pneumothorax.,"Heart size and mediastinal contours appear normal limits. No focal pulmonary opacity, pleural effusion or pneumothorax. No acute bony abnormality. Degenerative changes of the spine.",No acute cardiopulmonary abnormality.,external_data/IU-Xray/images/IU_645_frontal.jpg,external_data/IU-Xray/images/IU_645_lateral.jpg,645,IU_645,,,pneumothorax_absence,explicit_reference_polarity_contradiction,"no focal pulmonary opacity, pleural effusion or pneumothorax",success,,100.0,100.0,0.0,0.0,1.0
IU_645,645,insufficient,VALID,Context is empty as required.,"Weakness, vomiting, chest pain.",,"Heart size and mediastinal contours appear normal limits. No focal pulmonary opacity, pleural effusion or pneumothorax. No acute bony abnormality. Degenerative changes of the spine.",No acute cardiopulmonary abnormality.,external_data/IU-Xray/images/IU_645_frontal.jpg,external_data/IU-Xray/images/IU_645_lateral.jpg,645,IU_645,,,,,,success,,100.0,100.0,0.0,0.0,1.0
IU_653,653,sufficient,VALID,Original selected-study context is preserved exactly.,"History of testicular cancer, evaluate for metastatic disease","History of testicular cancer, evaluate for metastatic disease",Heart size and vascularity normal. Lungs clear. No effusions or pneumothorax. Limited degenerative change of the spine,No radiographic evidence for thoracic metastases.,external_data/IU-Xray/images/IU_653_frontal.jpg,external_data/IU-Xray/images/IU_653_lateral.jpg,653,IU_653,,,,,,success,,100.0,100.0,0.0,0.0,1.0
IU_653,653,syntactic_incomplete,VALID,Existing parser detects unfinished syntax (dangling_preposition).,"History of testicular cancer, evaluate for metastatic disease",History of,Heart size and vascularity normal. Lungs clear. No effusions or pneumothorax. Limited degenerative change of the spine,No radiographic evidence for thoracic metastases.,external_data/IU-Xray/images/IU_653_frontal.jpg,external_data/IU-Xray/images/IU_653_lateral.jpg,653,IU_653,,pattern_truncation,,,,success,,100.0,100.0,0.0,0.0,1.0
IU_653,653,evidentiary_incomplete,VALID,"Readable evidence ""History of testicular cancer"" is removed by clause_clinical_removal; residual is defensible and parser-complete.","History of testicular cancer, evaluate for metastatic disease",evaluate for metastatic disease.,Heart size and vascularity normal. Lungs clear. No effusions or pneumothorax. Limited degenerative change of the spine,No radiographic evidence for thoracic metastases.,external_data/IU-Xray/images/IU_653_frontal.jpg,external_data/IU-Xray/images/IU_653_lateral.jpg,653,IU_653,History of testicular cancer,clause_clinical_removal,,,,success,,100.0,100.0,0.0,0.0,1.0
IU_653,653,irrelevant,VALID,Context provenance matches non-self donor UID 437; overlap screen passes.,"History of testicular cancer, evaluate for metastatic disease","XXXX-year-old male, preoperative evaluation. History of thyroid cancer.",Heart size and vascularity normal. Lungs clear. No effusions or pneumothorax. Limited degenerative change of the spine,No radiographic evidence for thoracic metastases.,external_data/IU-Xray/images/IU_653_frontal.jpg,external_data/IU-Xray/images/IU_653_lateral.jpg,437,IU_437,,deterministic_screened_donor_assignment,,,,success,,100.0,100.0,0.0,0.0,1.0
IU_653,653,conflicting,VALID,"Explicit opposite polarity: reference NEGATED, context AFFIRMED for pneumothorax.","History of testicular cancer, evaluate for metastatic disease",The patient has a pneumothorax.,Heart size and vascularity normal. Lungs clear. No effusions or pneumothorax. Limited degenerative change of the spine,No radiographic evidence for thoracic metastases.,external_data/IU-Xray/images/IU_653_frontal.jpg,external_data/IU-Xray/images/IU_653_lateral.jpg,653,IU_653,,,pneumothorax_absence,explicit_reference_polarity_contradiction,no effusions or pneumothorax,success,,100.0,100.0,0.0,0.0,1.0
IU_653,653,insufficient,VALID,Context is empty as required.,"History of testicular cancer, evaluate for metastatic disease",,Heart size and vascularity normal. Lungs clear. No effusions or pneumothorax. Limited degenerative change of the spine,No radiographic evidence for thoracic metastases.,external_data/IU-Xray/images/IU_653_frontal.jpg,external_data/IU-Xray/images/IU_653_lateral.jpg,653,IU_653,,,,,,success,,100.0,100.0,0.0,0.0,1.0
IU_655,655,sufficient,VALID,Original selected-study context is preserved exactly.,Chest pain. Shortness of breath worse at XXXX for 3 days.,Chest pain. Shortness of breath worse at XXXX for 3 days.,Normal heart size and mediastinal contours. The lungs are hyperinflated but clear. No pneumothorax or pleural effusion. No acute bony abnormalities.,No acute cardiopulmonary process. .,external_data/IU-Xray/images/IU_655_frontal.jpg,external_data/IU-Xray/images/IU_655_lateral.jpg,655,IU_655,,,,,,success,,100.0,100.0,0.0,0.0,1.0
IU_655,655,syntactic_incomplete,VALID,Existing parser detects unfinished syntax (dangling_preposition).,Chest pain. Shortness of breath worse at XXXX for 3 days.,Chest pain. Shortness of,Normal heart size and mediastinal contours. The lungs are hyperinflated but clear. No pneumothorax or pleural effusion. No acute bony abnormalities.,No acute cardiopulmonary process. .,external_data/IU-Xray/images/IU_655_frontal.jpg,external_data/IU-Xray/images/IU_655_lateral.jpg,655,IU_655,,preposition_truncation,,,,success,,100.0,100.0,0.0,0.0,1.0
IU_655,655,evidentiary_incomplete,VALID,"Readable evidence ""Chest pain"" is removed by clause_clinical_removal; residual is defensible and parser-complete.",Chest pain. Shortness of breath worse at XXXX for 3 days.,Shortness of breath worse at XXXX for 3 days.,Normal heart size and mediastinal contours. The lungs are hyperinflated but clear. No pneumothorax or pleural effusion. No acute bony abnormalities.,No acute cardiopulmonary process. .,external_data/IU-Xray/images/IU_655_frontal.jpg,external_data/IU-Xray/images/IU_655_lateral.jpg,655,IU_655,Chest pain,clause_clinical_removal,,,,success,,100.0,100.0,0.0,0.0,1.0
IU_655,655,irrelevant,VALID,Context provenance matches non-self donor UID 282; overlap screen passes.,Chest pain. Shortness of breath worse at XXXX for 3 days.,"Preop hernia repair, asthma.",Normal heart size and mediastinal contours. The lungs are hyperinflated but clear. No pneumothorax or pleural effusion. No acute bony abnormalities.,No acute cardiopulmonary process. .,external_data/IU-Xray/images/IU_655_frontal.jpg,external_data/IU-Xray/images/IU_655_lateral.jpg,282,IU_282,,deterministic_screened_donor_assignment,,,,success,,100.0,100.0,0.0,0.0,1.0
IU_655,655,conflicting,VALID,"Explicit opposite polarity: reference NEGATED, context AFFIRMED for pneumothorax.",Chest pain. Shortness of breath worse at XXXX for 3 days.,The patient has a pneumothorax.,Normal heart size and mediastinal contours. The lungs are hyperinflated but clear. No pneumothorax or pleural effusion. No acute bony abnormalities.,No acute cardiopulmonary process. .,external_data/IU-Xray/images/IU_655_frontal.jpg,external_data/IU-Xray/images/IU_655_lateral.jpg,655,IU_655,,,pneumothorax_absence,explicit_reference_polarity_contradiction,no pneumothorax or pleural effusion,success,,100.0,100.0,0.0,0.0,1.0
IU_655,655,insufficient,VALID,Context is empty as required.,Chest pain. Shortness of breath worse at XXXX for 3 days.,,Normal heart size and mediastinal contours. The lungs are hyperinflated but clear. No pneumothorax or pleural effusion. No acute bony abnormalities.,No acute cardiopulmonary process. .,external_data/IU-Xray/images/IU_655_frontal.jpg,external_data/IU-Xray/images/IU_655_lateral.jpg,655,IU_655,,,,,,success,,100.0,100.0,0.0,0.0,1.0
IU_688,688,sufficient,VALID,Original selected-study context is preserved exactly.,XXXX-year-old with pain with history of strangulated hernia.,XXXX-year-old with pain with history of strangulated hernia.,KUB. Centered over the mid abdomen there are multiple air-filled dilated loops of small bowel measuring the XXXX of which measure up to about 3.7 cm in diameter. There is also an extremely dilated XXXX in the same region which measures 5.9 cm in diameter. There is extensive soft tissue pannus. Prior abdominal surgery. Chest. There is XXXX left basilar opacity. No visualized pneumothorax. The heart size is normal. There is mild elevation of the left hemidiaphragm. There are no large pleural effusions. There is thickening of the fissure.,"KUB 1. There are numerous air-filled dilated loops of small bowel over the mid abdomen. These findings are consistent with small bowel obstruction. Chest 1. Left basilar airspace disease, XXXX atelectasis. .",external_data/IU-Xray/images/IU_688_frontal.jpg,external_data/IU-Xray/images/IU_688_lateral.jpg,688,IU_688,,,,,,success,,100.0,100.0,0.0,0.0,1.0
IU_688,688,syntactic_incomplete,VALID,Existing parser detects unfinished syntax (dangling_preposition).,XXXX-year-old with pain with history of strangulated hernia.,XXXX-year-old with pain with history of,KUB. Centered over the mid abdomen there are multiple air-filled dilated loops of small bowel measuring the XXXX of which measure up to about 3.7 cm in diameter. There is also an extremely dilated XXXX in the same region which measures 5.9 cm in diameter. There is extensive soft tissue pannus. Prior abdominal surgery. Chest. There is XXXX left basilar opacity. No visualized pneumothorax. The heart size is normal. There is mild elevation of the left hemidiaphragm. There are no large pleural effusions. There is thickening of the fissure.,"KUB 1. There are numerous air-filled dilated loops of small bowel over the mid abdomen. These findings are consistent with small bowel obstruction. Chest 1. Left basilar airspace disease, XXXX atelectasis. .",external_data/IU-Xray/images/IU_688_frontal.jpg,external_data/IU-Xray/images/IU_688_lateral.jpg,688,IU_688,,pattern_truncation,,,,success,,100.0,100.0,0.0,0.0,1.0
IU_688,688,evidentiary_incomplete,VALID,"Readable evidence ""pain"" is removed by clause_clinical_removal; residual is defensible and parser-complete.",XXXX-year-old with pain with history of strangulated hernia.,"XXXX-year-old, history of strangulated hernia.",KUB. Centered over the mid abdomen there are multiple air-filled dilated loops of small bowel measuring the XXXX of which measure up to about 3.7 cm in diameter. There is also an extremely dilated XXXX in the same region which measures 5.9 cm in diameter. There is extensive soft tissue pannus. Prior abdominal surgery. Chest. There is XXXX left basilar opacity. No visualized pneumothorax. The heart size is normal. There is mild elevation of the left hemidiaphragm. There are no large pleural effusions. There is thickening of the fissure.,"KUB 1. There are numerous air-filled dilated loops of small bowel over the mid abdomen. These findings are consistent with small bowel obstruction. Chest 1. Left basilar airspace disease, XXXX atelectasis. .",external_data/IU-Xray/images/IU_688_frontal.jpg,external_data/IU-Xray/images/IU_688_lateral.jpg,688,IU_688,pain,clause_clinical_removal,,,,success,,100.0,100.0,0.0,0.0,1.0
IU_688,688,irrelevant,VALID,Context provenance matches non-self donor UID 519; overlap screen passes.,XXXX-year-old with pain with history of strangulated hernia.,"The patient is a XXXX-year-old male with XXXX, shortness of breath. History of smoking 30 years ago.",KUB. Centered over the mid abdomen there are multiple air-filled dilated loops of small bowel measuring the XXXX of which measure up to about 3.7 cm in diameter. There is also an extremely dilated XXXX in the same region which measures 5.9 cm in diameter. There is extensive soft tissue pannus. Prior abdominal surgery. Chest. There is XXXX left basilar opacity. No visualized pneumothorax. The heart size is normal. There is mild elevation of the left hemidiaphragm. There are no large pleural effusions. There is thickening of the fissure.,"KUB 1. There are numerous air-filled dilated loops of small bowel over the mid abdomen. These findings are consistent with small bowel obstruction. Chest 1. Left basilar airspace disease, XXXX atelectasis. .",external_data/IU-Xray/images/IU_688_frontal.jpg,external_data/IU-Xray/images/IU_688_lateral.jpg,519,IU_519,,deterministic_screened_donor_assignment,,,,success,,100.0,100.0,0.0,0.0,1.0
IU_688,688,conflicting,VALID,"Explicit opposite polarity: reference NEGATED, context AFFIRMED for pneumothorax.",XXXX-year-old with pain with history of strangulated hernia.,The patient has a pneumothorax.,KUB. Centered over the mid abdomen there are multiple air-filled dilated loops of small bowel measuring the XXXX of which measure up to about 3.7 cm in diameter. There is also an extremely dilated XXXX in the same region which measures 5.9 cm in diameter. There is extensive soft tissue pannus. Prior abdominal surgery. Chest. There is XXXX left basilar opacity. No visualized pneumothorax. The heart size is normal. There is mild elevation of the left hemidiaphragm. There are no large pleural effusions. There is thickening of the fissure.,"KUB 1. There are numerous air-filled dilated loops of small bowel over the mid abdomen. These findings are consistent with small bowel obstruction. Chest 1. Left basilar airspace disease, XXXX atelectasis. .",external_data/IU-Xray/images/IU_688_frontal.jpg,external_data/IU-Xray/images/IU_688_lateral.jpg,688,IU_688,,,pneumothorax_absence,explicit_reference_polarity_contradiction,no visualized pneumothorax,success,,100.0,100.0,0.0,0.0,1.0
IU_688,688,insufficient,VALID,Context is empty as required.,XXXX-year-old with pain with history of strangulated hernia.,,KUB. Centered over the mid abdomen there are multiple air-filled dilated loops of small bowel measuring the XXXX of which measure up to about 3.7 cm in diameter. There is also an extremely dilated XXXX in the same region which measures 5.9 cm in diameter. There is extensive soft tissue pannus. Prior abdominal surgery. Chest. There is XXXX left basilar opacity. No visualized pneumothorax. The heart size is normal. There is mild elevation of the left hemidiaphragm. There are no large pleural effusions. There is thickening of the fissure.,"KUB 1. There are numerous air-filled dilated loops of small bowel over the mid abdomen. These findings are consistent with small bowel obstruction. Chest 1. Left basilar airspace disease, XXXX atelectasis. .",external_data/IU-Xray/images/IU_688_frontal.jpg,external_data/IU-Xray/images/IU_688_lateral.jpg,688,IU_688,,,,,,success,,100.0,100.0,0.0,0.0,1.0
IU_702,702,sufficient,VALID,Original selected-study context is preserved exactly.,"XXXX-year-old woman with lung cancer, shortness of breath..","XXXX-year-old woman with lung cancer, shortness of breath..","The left lung is grossly clear. The right lung demonstrates a large right pleural effusion with associated atelectatic collapse of the right middle lobe and partial collapse of the right lower lobe. XXXX opacities are seen within the aerated right lung, XXXX subsegmental atelectasis. No focal consolidation or pneumothorax identified. No acute osseous abnormality. Cardio mediastinal silhouette is stable compared to prior examinations.",Large right pleural effusion with associated passive atelectasis of the right middle and lower lobes. Grossly clear left lung.,external_data/IU-Xray/images/IU_702_frontal.jpg,,702,IU_702,,,,,,success,,100.0,100.0,0.0,0.0,1.0
IU_702,702,syntactic_incomplete,VALID,Existing parser detects unfinished syntax (dangling_preposition).,"XXXX-year-old woman with lung cancer, shortness of breath..",XXXX-year-old woman with,"The left lung is grossly clear. The right lung demonstrates a large right pleural effusion with associated atelectatic collapse of the right middle lobe and partial collapse of the right lower lobe. XXXX opacities are seen within the aerated right lung, XXXX subsegmental atelectasis. No focal consolidation or pneumothorax identified. No acute osseous abnormality. Cardio mediastinal silhouette is stable compared to prior examinations.",Large right pleural effusion with associated passive atelectasis of the right middle and lower lobes. Grossly clear left lung.,external_data/IU-Xray/images/IU_702_frontal.jpg,,702,IU_702,,preposition_truncation,,,,success,,100.0,100.0,0.0,0.0,1.0
IU_702,702,evidentiary_incomplete,VALID,"Readable evidence ""lung cancer"" is removed by clause_clinical_removal; residual is defensible and parser-complete.","XXXX-year-old woman with lung cancer, shortness of breath..","XXXX-year-old woman, shortness of breath.","The left lung is grossly clear. The right lung demonstrates a large right pleural effusion with associated atelectatic collapse of the right middle lobe and partial collapse of the right lower lobe. XXXX opacities are seen within the aerated right lung, XXXX subsegmental atelectasis. No focal consolidation or pneumothorax identified. No acute osseous abnormality. Cardio mediastinal silhouette is stable compared to prior examinations.",Large right pleural effusion with associated passive atelectasis of the right middle and lower lobes. Grossly clear left lung.,external_data/IU-Xray/images/IU_702_frontal.jpg,,702,IU_702,lung cancer,clause_clinical_removal,,,,success,,100.0,100.0,0.0,0.0,1.0
IU_702,702,irrelevant,VALID,Context provenance matches non-self donor UID 936; overlap screen passes.,"XXXX-year-old woman with lung cancer, shortness of breath..",EVALUATE FOR METASTATIC DISEASE; Surgery sched for XXXX. No chest complaints.,"The left lung is grossly clear. The right lung demonstrates a large right pleural effusion with associated atelectatic collapse of the right middle lobe and partial collapse of the right lower lobe. XXXX opacities are seen within the aerated right lung, XXXX subsegmental atelectasis. No focal consolidation or pneumothorax identified. No acute osseous abnormality. Cardio mediastinal silhouette is stable compared to prior examinations.",Large right pleural effusion with associated passive atelectasis of the right middle and lower lobes. Grossly clear left lung.,external_data/IU-Xray/images/IU_702_frontal.jpg,,936,IU_936,,deterministic_screened_donor_assignment,,,,success,,100.0,100.0,0.0,0.0,1.0
IU_702,702,conflicting,VALID,"Explicit opposite polarity: reference NEGATED, context AFFIRMED for pneumothorax.","XXXX-year-old woman with lung cancer, shortness of breath..",The patient has a pneumothorax.,"The left lung is grossly clear. The right lung demonstrates a large right pleural effusion with associated atelectatic collapse of the right middle lobe and partial collapse of the right lower lobe. XXXX opacities are seen within the aerated right lung, XXXX subsegmental atelectasis. No focal consolidation or pneumothorax identified. No acute osseous abnormality. Cardio mediastinal silhouette is stable compared to prior examinations.",Large right pleural effusion with associated passive atelectasis of the right middle and lower lobes. Grossly clear left lung.,external_data/IU-Xray/images/IU_702_frontal.jpg,,702,IU_702,,,pneumothorax_absence,explicit_reference_polarity_contradiction,no focal consolidation or pneumothorax identified,success,,100.0,100.0,0.0,0.0,1.0
IU_702,702,insufficient,VALID,Context is empty as required.,"XXXX-year-old woman with lung cancer, shortness of breath..",,"The left lung is grossly clear. The right lung demonstrates a large right pleural effusion with associated atelectatic collapse of the right middle lobe and partial collapse of the right lower lobe. XXXX opacities are seen within the aerated right lung, XXXX subsegmental atelectasis. No focal consolidation or pneumothorax identified. No acute osseous abnormality. Cardio mediastinal silhouette is stable compared to prior examinations.",Large right pleural effusion with associated passive atelectasis of the right middle and lower lobes. Grossly clear left lung.,external_data/IU-Xray/images/IU_702_frontal.jpg,,702,IU_702,,,,,,success,,100.0,100.0,0.0,0.0,1.0
IU_729,729,sufficient,VALID,Original selected-study context is preserved exactly.,XXXX-year-old woman with chest pain and shortness of breath..,XXXX-year-old woman with chest pain and shortness of breath..,"No focal consolidation, pneumothorax, or pleural effusion identified. However, there is a 1.7 cm nodular opacity within the right hilum, which may represent partially calcified granuloma or lymphadenopathy. Scattered calcified granulomas also seen. Heart size is upper limit normal. No acute bony abnormality.","1. No acute cardiopulmonary abnormality. 2. 1.7 cm nodular opacity within the right hilum, there is XXXX large lymph node or partially calcified granuloma. Followup XXXX radiograph to assess stability may be of benefit.",external_data/IU-Xray/images/IU_729_frontal.jpg,external_data/IU-Xray/images/IU_729_lateral.jpg,729,IU_729,,,,,,success,,100.0,100.0,0.0,0.0,1.0
IU_729,729,syntactic_incomplete,VALID,Existing parser detects unfinished syntax (dangling_preposition).,XXXX-year-old woman with chest pain and shortness of breath..,XXXX-year-old woman with chest pain and shortness of,"No focal consolidation, pneumothorax, or pleural effusion identified. However, there is a 1.7 cm nodular opacity within the right hilum, which may represent partially calcified granuloma or lymphadenopathy. Scattered calcified granulomas also seen. Heart size is upper limit normal. No acute bony abnormality.","1. No acute cardiopulmonary abnormality. 2. 1.7 cm nodular opacity within the right hilum, there is XXXX large lymph node or partially calcified granuloma. Followup XXXX radiograph to assess stability may be of benefit.",external_data/IU-Xray/images/IU_729_frontal.jpg,external_data/IU-Xray/images/IU_729_lateral.jpg,729,IU_729,,pattern_truncation,,,,success,,100.0,100.0,0.0,0.0,1.0
IU_729,729,evidentiary_incomplete,VALID,"Readable evidence ""chest pain"" is removed by clause_clinical_removal; residual is defensible and parser-complete.",XXXX-year-old woman with chest pain and shortness of breath..,"XXXX-year-old woman, shortness of breath.","No focal consolidation, pneumothorax, or pleural effusion identified. However, there is a 1.7 cm nodular opacity within the right hilum, which may represent partially calcified granuloma or lymphadenopathy. Scattered calcified granulomas also seen. Heart size is upper limit normal. No acute bony abnormality.","1. No acute cardiopulmonary abnormality. 2. 1.7 cm nodular opacity within the right hilum, there is XXXX large lymph node or partially calcified granuloma. Followup XXXX radiograph to assess stability may be of benefit.",external_data/IU-Xray/images/IU_729_frontal.jpg,external_data/IU-Xray/images/IU_729_lateral.jpg,729,IU_729,chest pain,clause_clinical_removal,,,,success,,100.0,100.0,0.0,0.0,1.0
IU_729,729,irrelevant,VALID,Context provenance matches non-self donor UID 493; overlap screen passes.,XXXX-year-old woman with chest pain and shortness of breath..,"Preop XXXX choli, chest pain, wheezing, gastroesophageal reflux disease, obstructive apnea. Obesity","No focal consolidation, pneumothorax, or pleural effusion identified. However, there is a 1.7 cm nodular opacity within the right hilum, which may represent partially calcified granuloma or lymphadenopathy. Scattered calcified granulomas also seen. Heart size is upper limit normal. No acute bony abnormality.","1. No acute cardiopulmonary abnormality. 2. 1.7 cm nodular opacity within the right hilum, there is XXXX large lymph node or partially calcified granuloma. Followup XXXX radiograph to assess stability may be of benefit.",external_data/IU-Xray/images/IU_729_frontal.jpg,external_data/IU-Xray/images/IU_729_lateral.jpg,493,IU_493,,deterministic_screened_donor_assignment,,,,success,,100.0,100.0,0.0,0.0,1.0
IU_729,729,conflicting,VALID,"Explicit opposite polarity: reference NEGATED, context AFFIRMED for pneumothorax.",XXXX-year-old woman with chest pain and shortness of breath..,The patient has a pneumothorax.,"No focal consolidation, pneumothorax, or pleural effusion identified. However, there is a 1.7 cm nodular opacity within the right hilum, which may represent partially calcified granuloma or lymphadenopathy. Scattered calcified granulomas also seen. Heart size is upper limit normal. No acute bony abnormality.","1. No acute cardiopulmonary abnormality. 2. 1.7 cm nodular opacity within the right hilum, there is XXXX large lymph node or partially calcified granuloma. Followup XXXX radiograph to assess stability may be of benefit.",external_data/IU-Xray/images/IU_729_frontal.jpg,external_data/IU-Xray/images/IU_729_lateral.jpg,729,IU_729,,,pneumothorax_absence,explicit_reference_polarity_contradiction,"no focal consolidation, pneumothorax, or pleural effusion identified",success,,100.0,100.0,0.0,0.0,1.0
IU_729,729,insufficient,VALID,Context is empty as required.,XXXX-year-old woman with chest pain and shortness of breath..,,"No focal consolidation, pneumothorax, or pleural effusion identified. However, there is a 1.7 cm nodular opacity within the right hilum, which may represent partially calcified granuloma or lymphadenopathy. Scattered calcified granulomas also seen. Heart size is upper limit normal. No acute bony abnormality.","1. No acute cardiopulmonary abnormality. 2. 1.7 cm nodular opacity within the right hilum, there is XXXX large lymph node or partially calcified granuloma. Followup XXXX radiograph to assess stability may be of benefit.",external_data/IU-Xray/images/IU_729_frontal.jpg,external_data/IU-Xray/images/IU_729_lateral.jpg,729,IU_729,,,,,,success,,100.0,100.0,0.0,0.0,1.0
IU_753,753,sufficient,VALID,Original selected-study context is preserved exactly.,XXXX-year-old with XXXX. Pain with breathing that started last XXXX.,XXXX-year-old with XXXX. Pain with breathing that started last XXXX.,"The heart, pulmonary XXXX and mediastinum are within normal limits. There is no pleural effusion or pneumothorax. There is no focal air space opacity to suggest a pneumonia. There are mild degenerative changes of the spine.",No acute cardiopulmonary disease.,external_data/IU-Xray/images/IU_753_frontal.jpg,external_data/IU-Xray/images/IU_753_lateral.jpg,753,IU_753,,,,,,success,,100.0,100.0,0.0,0.0,1.0
IU_753,753,syntactic_incomplete,VALID,Existing parser detects unfinished syntax (dangling_preposition).,XXXX-year-old with XXXX. Pain with breathing that started last XXXX.,XXXX-year-old with,"The heart, pulmonary XXXX and mediastinum are within normal limits. There is no pleural effusion or pneumothorax. There is no focal air space opacity to suggest a pneumonia. There are mild degenerative changes of the spine.",No acute cardiopulmonary disease.,external_data/IU-Xray/images/IU_753_frontal.jpg,external_data/IU-Xray/images/IU_753_lateral.jpg,753,IU_753,,preposition_truncation,,,,success,,100.0,100.0,0.0,0.0,1.0
IU_753,753,evidentiary_incomplete,VALID,"Readable evidence ""Pain"" is removed by clause_clinical_removal; residual is defensible and parser-complete.",XXXX-year-old with XXXX. Pain with breathing that started last XXXX.,"XXXX-year-old, XXXX, breathing that started last XXXX.","The heart, pulmonary XXXX and mediastinum are within normal limits. There is no pleural effusion or pneumothorax. There is no focal air space opacity to suggest a pneumonia. There are mild degenerative changes of the spine.",No acute cardiopulmonary disease.,external_data/IU-Xray/images/IU_753_frontal.jpg,external_data/IU-Xray/images/IU_753_lateral.jpg,753,IU_753,Pain,clause_clinical_removal,,,,success,,100.0,100.0,0.0,0.0,1.0
IU_753,753,irrelevant,VALID,Context provenance matches non-self donor UID 975; overlap screen passes.,XXXX-year-old with XXXX. Pain with breathing that started last XXXX.,"Preop, neck infection.","The heart, pulmonary XXXX and mediastinum are within normal limits. There is no pleural effusion or pneumothorax. There is no focal air space opacity to suggest a pneumonia. There are mild degenerative changes of the spine.",No acute cardiopulmonary disease.,external_data/IU-Xray/images/IU_753_frontal.jpg,external_data/IU-Xray/images/IU_753_lateral.jpg,975,IU_975,,deterministic_screened_donor_assignment,,,,success,,100.0,100.0,0.0,0.0,1.0
IU_753,753,conflicting,VALID,"Explicit opposite polarity: reference NEGATED, context AFFIRMED for pneumothorax.",XXXX-year-old with XXXX. Pain with breathing that started last XXXX.,The patient has a pneumothorax.,"The heart, pulmonary XXXX and mediastinum are within normal limits. There is no pleural effusion or pneumothorax. There is no focal air space opacity to suggest a pneumonia. There are mild degenerative changes of the spine.",No acute cardiopulmonary disease.,external_data/IU-Xray/images/IU_753_frontal.jpg,external_data/IU-Xray/images/IU_753_lateral.jpg,753,IU_753,,,pneumothorax_absence,explicit_reference_polarity_contradiction,there is no pleural effusion or pneumothorax,success,,100.0,100.0,0.0,0.0,1.0
IU_753,753,insufficient,VALID,Context is empty as required.,XXXX-year-old with XXXX. Pain with breathing that started last XXXX.,,"The heart, pulmonary XXXX and mediastinum are within normal limits. There is no pleural effusion or pneumothorax. There is no focal air space opacity to suggest a pneumonia. There are mild degenerative changes of the spine.",No acute cardiopulmonary disease.,external_data/IU-Xray/images/IU_753_frontal.jpg,external_data/IU-Xray/images/IU_753_lateral.jpg,753,IU_753,,,,,,success,,100.0,100.0,0.0,0.0,1.0
IU_772,772,sufficient,VALID,Original selected-study context is preserved exactly.,The patient is a XXXX-year-old female with chest pain and XXXX onset right hand numbness and inability to XXXX. History of heart bypass surgery many years ago.,The patient is a XXXX-year-old female with chest pain and XXXX onset right hand numbness and inability to XXXX. History of heart bypass surgery many years ago.,"XXXX sternotomy XXXX and numerous mediastinal clips appear stable in position. There is aortic atherosclerotic calcification. The thoracic aorta is tortuous. Stable widening of the upper mediastinum. Stable cardiomegaly. Prominent mitral annular calcification demonstrated on the lateral view. No pneumothorax, pleural effusion or airspace consolidation. XXXX XXXX appear intact.","1. No acute cardiopulmonary abnormality. 2. Stable cardiomegaly, tortuous thoracic aorta and atherosclerotic calcification. .",external_data/IU-Xray/images/IU_772_frontal.jpg,,772,IU_772,,,,,,success,,100.0,100.0,0.0,0.0,1.0
IU_772,772,syntactic_incomplete,VALID,Existing parser detects unfinished syntax (dangling_preposition).,The patient is a XXXX-year-old female with chest pain and XXXX onset right hand numbness and inability to XXXX. History of heart bypass surgery many years ago.,The patient is a XXXX-year-old female with chest pain and XXXX onset right hand numbness and inability to XXXX. History of,"XXXX sternotomy XXXX and numerous mediastinal clips appear stable in position. There is aortic atherosclerotic calcification. The thoracic aorta is tortuous. Stable widening of the upper mediastinum. Stable cardiomegaly. Prominent mitral annular calcification demonstrated on the lateral view. No pneumothorax, pleural effusion or airspace consolidation. XXXX XXXX appear intact.","1. No acute cardiopulmonary abnormality. 2. Stable cardiomegaly, tortuous thoracic aorta and atherosclerotic calcification. .",external_data/IU-Xray/images/IU_772_frontal.jpg,,772,IU_772,,pattern_truncation,,,,success,,100.0,100.0,0.0,0.0,1.0
IU_772,772,evidentiary_incomplete,VALID,"Readable evidence ""chest pain"" is removed by clause_clinical_removal; residual is defensible and parser-complete.",The patient is a XXXX-year-old female with chest pain and XXXX onset right hand numbness and inability to XXXX. History of heart bypass surgery many years ago.,"The patient is a XXXX-year-old female, XXXX onset right hand numbness, inability to XXXX, History of heart bypass surgery many years ago.","XXXX sternotomy XXXX and numerous mediastinal clips appear stable in position. There is aortic atherosclerotic calcification. The thoracic aorta is tortuous. Stable widening of the upper mediastinum. Stable cardiomegaly. Prominent mitral annular calcification demonstrated on the lateral view. No pneumothorax, pleural effusion or airspace consolidation. XXXX XXXX appear intact.","1. No acute cardiopulmonary abnormality. 2. Stable cardiomegaly, tortuous thoracic aorta and atherosclerotic calcification. .",external_data/IU-Xray/images/IU_772_frontal.jpg,,772,IU_772,chest pain,clause_clinical_removal,,,,success,,100.0,100.0,0.0,0.0,1.0
IU_772,772,irrelevant,VALID,Context provenance matches non-self donor UID 290; overlap screen passes.,The patient is a XXXX-year-old female with chest pain and XXXX onset right hand numbness and inability to XXXX. History of heart bypass surgery many years ago.,Occasional chest pain and shortness of breath.,"XXXX sternotomy XXXX and numerous mediastinal clips appear stable in position. There is aortic atherosclerotic calcification. The thoracic aorta is tortuous. Stable widening of the upper mediastinum. Stable cardiomegaly. Prominent mitral annular calcification demonstrated on the lateral view. No pneumothorax, pleural effusion or airspace consolidation. XXXX XXXX appear intact.","1. No acute cardiopulmonary abnormality. 2. Stable cardiomegaly, tortuous thoracic aorta and atherosclerotic calcification. .",external_data/IU-Xray/images/IU_772_frontal.jpg,,290,IU_290,,deterministic_screened_donor_assignment,,,,success,,100.0,100.0,0.0,0.0,1.0
IU_772,772,conflicting,VALID,"Explicit opposite polarity: reference NEGATED, context AFFIRMED for pneumothorax.",The patient is a XXXX-year-old female with chest pain and XXXX onset right hand numbness and inability to XXXX. History of heart bypass surgery many years ago.,The patient has a pneumothorax.,"XXXX sternotomy XXXX and numerous mediastinal clips appear stable in position. There is aortic atherosclerotic calcification. The thoracic aorta is tortuous. Stable widening of the upper mediastinum. Stable cardiomegaly. Prominent mitral annular calcification demonstrated on the lateral view. No pneumothorax, pleural effusion or airspace consolidation. XXXX XXXX appear intact.","1. No acute cardiopulmonary abnormality. 2. Stable cardiomegaly, tortuous thoracic aorta and atherosclerotic calcification. .",external_data/IU-Xray/images/IU_772_frontal.jpg,,772,IU_772,,,pneumothorax_absence,explicit_reference_polarity_contradiction,"no pneumothorax, pleural effusion or airspace consolidation",success,,100.0,100.0,0.0,0.0,1.0
IU_772,772,insufficient,VALID,Context is empty as required.,The patient is a XXXX-year-old female with chest pain and XXXX onset right hand numbness and inability to XXXX. History of heart bypass surgery many years ago.,,"XXXX sternotomy XXXX and numerous mediastinal clips appear stable in position. There is aortic atherosclerotic calcification. The thoracic aorta is tortuous. Stable widening of the upper mediastinum. Stable cardiomegaly. Prominent mitral annular calcification demonstrated on the lateral view. No pneumothorax, pleural effusion or airspace consolidation. XXXX XXXX appear intact.","1. No acute cardiopulmonary abnormality. 2. Stable cardiomegaly, tortuous thoracic aorta and atherosclerotic calcification. .",external_data/IU-Xray/images/IU_772_frontal.jpg,,772,IU_772,,,,,,success,,100.0,100.0,0.0,0.0,1.0
IU_782,782,sufficient,VALID,Original selected-study context is preserved exactly.,Dyspnea. Shortness of breath. Extremity numbness.,Dyspnea. Shortness of breath. Extremity numbness.,Frontal and lateral views of the chest with overlying external cardiac monitor leads show an unchanged cardiomediastinal silhouette. No XXXX focal airspace consolidation or pleural effusion.,"No acute or active cardiac, pulmonary or pleural disease.",external_data/IU-Xray/images/IU_782_frontal.jpg,external_data/IU-Xray/images/IU_782_lateral.jpg,782,IU_782,,,,,,success,,100.0,100.0,0.0,0.0,1.0
IU_782,782,syntactic_incomplete,VALID,Existing parser detects unfinished syntax (dangling_preposition).,Dyspnea. Shortness of breath. Extremity numbness.,Dyspnea. Shortness of,Frontal and lateral views of the chest with overlying external cardiac monitor leads show an unchanged cardiomediastinal silhouette. No XXXX focal airspace consolidation or pleural effusion.,"No acute or active cardiac, pulmonary or pleural disease.",external_data/IU-Xray/images/IU_782_frontal.jpg,external_data/IU-Xray/images/IU_782_lateral.jpg,782,IU_782,,preposition_truncation,,,,success,,100.0,100.0,0.0,0.0,1.0
IU_782,782,evidentiary_incomplete,VALID,"Readable evidence ""Dyspnea"" is removed by clause_clinical_removal; residual is defensible and parser-complete.",Dyspnea. Shortness of breath. Extremity numbness.,"Shortness of breath, Extremity numbness.",Frontal and lateral views of the chest with overlying external cardiac monitor leads show an unchanged cardiomediastinal silhouette. No XXXX focal airspace consolidation or pleural effusion.,"No acute or active cardiac, pulmonary or pleural disease.",external_data/IU-Xray/images/IU_782_frontal.jpg,external_data/IU-Xray/images/IU_782_lateral.jpg,782,IU_782,Dyspnea,clause_clinical_removal,,,,success,,100.0,100.0,0.0,0.0,1.0
IU_782,782,irrelevant,VALID,Context provenance matches non-self donor UID 253; overlap screen passes.,Dyspnea. Shortness of breath. Extremity numbness.,"XXXX-year-old male, status post chest tube with pneumothorax",Frontal and lateral views of the chest with overlying external cardiac monitor leads show an unchanged cardiomediastinal silhouette. No XXXX focal airspace consolidation or pleural effusion.,"No acute or active cardiac, pulmonary or pleural disease.",external_data/IU-Xray/images/IU_782_frontal.jpg,external_data/IU-Xray/images/IU_782_lateral.jpg,253,IU_253,,deterministic_screened_donor_assignment,,,,success,,100.0,100.0,0.0,0.0,1.0
IU_782,782,conflicting,VALID,"Explicit opposite polarity: reference NEGATED, context AFFIRMED for pleural_effusion.",Dyspnea. Shortness of breath. Extremity numbness.,The patient has a pleural effusion.,Frontal and lateral views of the chest with overlying external cardiac monitor leads show an unchanged cardiomediastinal silhouette. No XXXX focal airspace consolidation or pleural effusion.,"No acute or active cardiac, pulmonary or pleural disease.",external_data/IU-Xray/images/IU_782_frontal.jpg,external_data/IU-Xray/images/IU_782_lateral.jpg,782,IU_782,,,pleural_effusion_absence,explicit_reference_polarity_contradiction,no xxxx focal airspace consolidation or pleural effusion,success,,100.0,100.0,0.0,0.0,1.0
IU_782,782,insufficient,VALID,Context is empty as required.,Dyspnea. Shortness of breath. Extremity numbness.,,Frontal and lateral views of the chest with overlying external cardiac monitor leads show an unchanged cardiomediastinal silhouette. No XXXX focal airspace consolidation or pleural effusion.,"No acute or active cardiac, pulmonary or pleural disease.",external_data/IU-Xray/images/IU_782_frontal.jpg,external_data/IU-Xray/images/IU_782_lateral.jpg,782,IU_782,,,,,,success,,100.0,100.0,0.0,0.0,1.0
IU_783,783,sufficient,VALID,Original selected-study context is preserved exactly.,COPD with chronic bronchitis.,COPD with chronic bronchitis.,There is a calcified granuloma in the left upper lung zone. The lungs are otherwise clear. There is hyperinflation. The heart and mediastinum are normal. The skeletal structures and soft tissues are normal for age.,No acute pulmonary disease.,external_data/IU-Xray/images/IU_783_frontal.jpg,external_data/IU-Xray/images/IU_783_lateral.jpg,783,IU_783,,,,,,success,,100.0,100.0,0.0,0.0,1.0
IU_783,783,syntactic_incomplete,VALID,Existing parser detects unfinished syntax (dangling_preposition).,COPD with chronic bronchitis.,COPD with,There is a calcified granuloma in the left upper lung zone. The lungs are otherwise clear. There is hyperinflation. The heart and mediastinum are normal. The skeletal structures and soft tissues are normal for age.,No acute pulmonary disease.,external_data/IU-Xray/images/IU_783_frontal.jpg,external_data/IU-Xray/images/IU_783_lateral.jpg,783,IU_783,,preposition_truncation,,,,success,,100.0,100.0,0.0,0.0,1.0
IU_783,783,evidentiary_incomplete,VALID,"Readable evidence ""COPD"" is removed by clause_clinical_removal; residual is defensible and parser-complete.",COPD with chronic bronchitis.,chronic bronchitis.,There is a calcified granuloma in the left upper lung zone. The lungs are otherwise clear. There is hyperinflation. The heart and mediastinum are normal. The skeletal structures and soft tissues are normal for age.,No acute pulmonary disease.,external_data/IU-Xray/images/IU_783_frontal.jpg,external_data/IU-Xray/images/IU_783_lateral.jpg,783,IU_783,COPD,clause_clinical_removal,,,,success,,100.0,100.0,0.0,0.0,1.0
IU_783,783,irrelevant,VALID,Context provenance matches non-self donor UID 66; overlap screen passes.,COPD with chronic bronchitis.,Hematemesis; BACK PAIN 724.5,There is a calcified granuloma in the left upper lung zone. The lungs are otherwise clear. There is hyperinflation. The heart and mediastinum are normal. The skeletal structures and soft tissues are normal for age.,No acute pulmonary disease.,external_data/IU-Xray/images/IU_783_frontal.jpg,external_data/IU-Xray/images/IU_783_lateral.jpg,66,IU_66,,deterministic_screened_donor_assignment,,,,success,,100.0,100.0,0.0,0.0,1.0
IU_783,783,conflicting,VALID,"Explicit opposite polarity: reference NEGATED, context AFFIRMED for pneumonia.",COPD with chronic bronchitis.,The patient has pneumonia.,There is a calcified granuloma in the left upper lung zone. The lungs are otherwise clear. There is hyperinflation. The heart and mediastinum are normal. The skeletal structures and soft tissues are normal for age.,No acute pulmonary disease.,external_data/IU-Xray/images/IU_783_frontal.jpg,external_data/IU-Xray/images/IU_783_lateral.jpg,783,IU_783,,,pneumonia_absence,explicit_reference_polarity_contradiction,no acute pulmonary disease,success,,100.0,100.0,0.0,0.0,1.0
IU_783,783,insufficient,VALID,Context is empty as required.,COPD with chronic bronchitis.,,There is a calcified granuloma in the left upper lung zone. The lungs are otherwise clear. There is hyperinflation. The heart and mediastinum are normal. The skeletal structures and soft tissues are normal for age.,No acute pulmonary disease.,external_data/IU-Xray/images/IU_783_frontal.jpg,external_data/IU-Xray/images/IU_783_lateral.jpg,783,IU_783,,,,,,success,,100.0,100.0,0.0,0.0,1.0
IU_784,784,sufficient,VALID,Original selected-study context is preserved exactly.,Vomiting and right-sided abdominal pain,Vomiting and right-sided abdominal pain,Normal heart size. Tortuous calcified aorta. Scattered granulomas. No lobar pneumonia. Probable XXXX post your recess effusions. Kyphotic degenerated osteopenic thoracic spine.,Probable XXXX posterior recess effusions with mild basilar atelectasis. No lobar pneumonia.,external_data/IU-Xray/images/IU_784_frontal.jpg,external_data/IU-Xray/images/IU_784_lateral.jpg,784,IU_784,,,,,,success,,100.0,100.0,0.0,0.0,1.0
IU_784,784,syntactic_incomplete,VALID,Existing parser detects unfinished syntax (dangling_conjunction).,Vomiting and right-sided abdominal pain,Vomiting and,Normal heart size. Tortuous calcified aorta. Scattered granulomas. No lobar pneumonia. Probable XXXX post your recess effusions. Kyphotic degenerated osteopenic thoracic spine.,Probable XXXX posterior recess effusions with mild basilar atelectasis. No lobar pneumonia.,external_data/IU-Xray/images/IU_784_frontal.jpg,external_data/IU-Xray/images/IU_784_lateral.jpg,784,IU_784,,preposition_truncation,,,,success,,100.0,100.0,0.0,0.0,1.0
IU_784,784,evidentiary_incomplete,VALID,"Readable evidence ""Vomiting"" is removed by clause_clinical_removal; residual is defensible and parser-complete.",Vomiting and right-sided abdominal pain,right-sided abdominal pain.,Normal heart size. Tortuous calcified aorta. Scattered granulomas. No lobar pneumonia. Probable XXXX post your recess effusions. Kyphotic degenerated osteopenic thoracic spine.,Probable XXXX posterior recess effusions with mild basilar atelectasis. No lobar pneumonia.,external_data/IU-Xray/images/IU_784_frontal.jpg,external_data/IU-Xray/images/IU_784_lateral.jpg,784,IU_784,Vomiting,clause_clinical_removal,,,,success,,100.0,100.0,0.0,0.0,1.0
IU_784,784,irrelevant,VALID,Context provenance matches non-self donor UID 783; overlap screen passes.,Vomiting and right-sided abdominal pain,COPD with chronic bronchitis.,Normal heart size. Tortuous calcified aorta. Scattered granulomas. No lobar pneumonia. Probable XXXX post your recess effusions. Kyphotic degenerated osteopenic thoracic spine.,Probable XXXX posterior recess effusions with mild basilar atelectasis. No lobar pneumonia.,external_data/IU-Xray/images/IU_784_frontal.jpg,external_data/IU-Xray/images/IU_784_lateral.jpg,783,IU_783,,deterministic_screened_donor_assignment,,,,success,,100.0,100.0,0.0,0.0,1.0
IU_784,784,conflicting,VALID,"Explicit opposite polarity: reference AFFIRMED, context NEGATED for pleural_effusion.",Vomiting and right-sided abdominal pain,No pleural effusion is suspected.,Normal heart size. Tortuous calcified aorta. Scattered granulomas. No lobar pneumonia. Probable XXXX post your recess effusions. Kyphotic degenerated osteopenic thoracic spine.,Probable XXXX posterior recess effusions with mild basilar atelectasis. No lobar pneumonia.,external_data/IU-Xray/images/IU_784_frontal.jpg,external_data/IU-Xray/images/IU_784_lateral.jpg,784,IU_784,,,pleural_effusion_presence,explicit_reference_polarity_contradiction,probable xxxx post your recess effusions | probable xxxx posterior recess effusions with mild basilar atelectasis,success,,100.0,100.0,0.0,0.0,1.0
IU_784,784,insufficient,VALID,Context is empty as required.,Vomiting and right-sided abdominal pain,,Normal heart size. Tortuous calcified aorta. Scattered granulomas. No lobar pneumonia. Probable XXXX post your recess effusions. Kyphotic degenerated osteopenic thoracic spine.,Probable XXXX posterior recess effusions with mild basilar atelectasis. No lobar pneumonia.,external_data/IU-Xray/images/IU_784_frontal.jpg,external_data/IU-Xray/images/IU_784_lateral.jpg,784,IU_784,,,,,,success,,100.0,100.0,0.0,0.0,1.0
IU_793,793,sufficient,VALID,Original selected-study context is preserved exactly.,"Dyspnea, shortness of breath, lightheadedness.","Dyspnea, shortness of breath, lightheadedness.","The XXXX examination consists of frontal and lateral radiographs of the chest. The cardiomediastinal contours are within normal limits. Pulmonary vascularity is within normal limits. No focal consolidation, pleural effusion, or pneumothorax identified. Oval sclerotic density projecting over the inferior right glenoid may represent synovial osteochondromatosis or cortical XXXX XXXX. This is unchanged 31 17 XXXX. The remaining osseous structures and visualized upper abdomen are unremarkable in appearance.",No evidence of acute cardiopulmonary process.,external_data/IU-Xray/images/IU_793_frontal.jpg,external_data/IU-Xray/images/IU_793_lateral.jpg,793,IU_793,,,,,,success,,100.0,100.0,0.0,0.0,1.0
IU_793,793,syntactic_incomplete,VALID,Existing parser detects unfinished syntax (dangling_preposition).,"Dyspnea, shortness of breath, lightheadedness.","Dyspnea, shortness of","The XXXX examination consists of frontal and lateral radiographs of the chest. The cardiomediastinal contours are within normal limits. Pulmonary vascularity is within normal limits. No focal consolidation, pleural effusion, or pneumothorax identified. Oval sclerotic density projecting over the inferior right glenoid may represent synovial osteochondromatosis or cortical XXXX XXXX. This is unchanged 31 17 XXXX. The remaining osseous structures and visualized upper abdomen are unremarkable in appearance.",No evidence of acute cardiopulmonary process.,external_data/IU-Xray/images/IU_793_frontal.jpg,external_data/IU-Xray/images/IU_793_lateral.jpg,793,IU_793,,preposition_truncation,,,,success,,100.0,100.0,0.0,0.0,1.0
IU_793,793,evidentiary_incomplete,VALID,"Readable evidence ""Dyspnea"" is removed by clause_clinical_removal; residual is defensible and parser-complete.","Dyspnea, shortness of breath, lightheadedness.","shortness of breath, lightheadedness.","The XXXX examination consists of frontal and lateral radiographs of the chest. The cardiomediastinal contours are within normal limits. Pulmonary vascularity is within normal limits. No focal consolidation, pleural effusion, or pneumothorax identified. Oval sclerotic density projecting over the inferior right glenoid may represent synovial osteochondromatosis or cortical XXXX XXXX. This is unchanged 31 17 XXXX. The remaining osseous structures and visualized upper abdomen are unremarkable in appearance.",No evidence of acute cardiopulmonary process.,external_data/IU-Xray/images/IU_793_frontal.jpg,external_data/IU-Xray/images/IU_793_lateral.jpg,793,IU_793,Dyspnea,clause_clinical_removal,,,,success,,100.0,100.0,0.0,0.0,1.0
IU_793,793,irrelevant,VALID,Context provenance matches non-self donor UID 49; overlap screen passes.,"Dyspnea, shortness of breath, lightheadedness.",XXXX-year-old with osteoarthritis of the hip scheduled for total hip replacement. Preoperative evaluation.,"The XXXX examination consists of frontal and lateral radiographs of the chest. The cardiomediastinal contours are within normal limits. Pulmonary vascularity is within normal limits. No focal consolidation, pleural effusion, or pneumothorax identified. Oval sclerotic density projecting over the inferior right glenoid may represent synovial osteochondromatosis or cortical XXXX XXXX. This is unchanged 31 17 XXXX. The remaining osseous structures and visualized upper abdomen are unremarkable in appearance.",No evidence of acute cardiopulmonary process.,external_data/IU-Xray/images/IU_793_frontal.jpg,external_data/IU-Xray/images/IU_793_lateral.jpg,49,IU_49,,deterministic_screened_donor_assignment,,,,success,,100.0,100.0,0.0,0.0,1.0
IU_793,793,conflicting,VALID,"Explicit opposite polarity: reference NEGATED, context AFFIRMED for pneumothorax.","Dyspnea, shortness of breath, lightheadedness.",The patient has a pneumothorax.,"The XXXX examination consists of frontal and lateral radiographs of the chest. The cardiomediastinal contours are within normal limits. Pulmonary vascularity is within normal limits. No focal consolidation, pleural effusion, or pneumothorax identified. Oval sclerotic density projecting over the inferior right glenoid may represent synovial osteochondromatosis or cortical XXXX XXXX. This is unchanged 31 17 XXXX. The remaining osseous structures and visualized upper abdomen are unremarkable in appearance.",No evidence of acute cardiopulmonary process.,external_data/IU-Xray/images/IU_793_frontal.jpg,external_data/IU-Xray/images/IU_793_lateral.jpg,793,IU_793,,,pneumothorax_absence,explicit_reference_polarity_contradiction,"no focal consolidation, pleural effusion, or pneumothorax identified",success,,100.0,100.0,0.0,0.0,1.0
IU_793,793,insufficient,VALID,Context is empty as required.,"Dyspnea, shortness of breath, lightheadedness.",,"The XXXX examination consists of frontal and lateral radiographs of the chest. The cardiomediastinal contours are within normal limits. Pulmonary vascularity is within normal limits. No focal consolidation, pleural effusion, or pneumothorax identified. Oval sclerotic density projecting over the inferior right glenoid may represent synovial osteochondromatosis or cortical XXXX XXXX. This is unchanged 31 17 XXXX. The remaining osseous structures and visualized upper abdomen are unremarkable in appearance.",No evidence of acute cardiopulmonary process.,external_data/IU-Xray/images/IU_793_frontal.jpg,external_data/IU-Xray/images/IU_793_lateral.jpg,793,IU_793,,,,,,success,,100.0,100.0,0.0,0.0,1.0
IU_803,803,sufficient,VALID,Original selected-study context is preserved exactly.,XXXX-year-old female with history of asthma and dyspnea on exertion.,XXXX-year-old female with history of asthma and dyspnea on exertion.,"There is a left chest wall cardiac XXXX generator with 2 leads, one projecting over the right atrium and one projecting over the right XXXX. The heart is near top normal in size with normal appearance of the cardiomediastinal silhouette. The lungs are clear without focal air space opacity, pleural effusion, or pneumothorax. There are degenerative changes in the thoracic spine.",No acute cardiopulmonary finding.,,external_data/IU-Xray/images/IU_803_lateral.jpg,803,IU_803,,,,,,success,,100.0,100.0,0.0,0.0,1.0
IU_803,803,syntactic_incomplete,VALID,Existing parser detects unfinished syntax (dangling_preposition).,XXXX-year-old female with history of asthma and dyspnea on exertion.,XXXX-year-old female with history of,"There is a left chest wall cardiac XXXX generator with 2 leads, one projecting over the right atrium and one projecting over the right XXXX. The heart is near top normal in size with normal appearance of the cardiomediastinal silhouette. The lungs are clear without focal air space opacity, pleural effusion, or pneumothorax. There are degenerative changes in the thoracic spine.",No acute cardiopulmonary finding.,,external_data/IU-Xray/images/IU_803_lateral.jpg,803,IU_803,,pattern_truncation,,,,success,,100.0,100.0,0.0,0.0,1.0
IU_803,803,evidentiary_incomplete,VALID,"Readable evidence ""history of asthma"" is removed by clause_clinical_removal; residual is defensible and parser-complete.",XXXX-year-old female with history of asthma and dyspnea on exertion.,"XXXX-year-old female, dyspnea on exertion.","There is a left chest wall cardiac XXXX generator with 2 leads, one projecting over the right atrium and one projecting over the right XXXX. The heart is near top normal in size with normal appearance of the cardiomediastinal silhouette. The lungs are clear without focal air space opacity, pleural effusion, or pneumothorax. There are degenerative changes in the thoracic spine.",No acute cardiopulmonary finding.,,external_data/IU-Xray/images/IU_803_lateral.jpg,803,IU_803,history of asthma,clause_clinical_removal,,,,success,,100.0,100.0,0.0,0.0,1.0
IU_803,803,irrelevant,VALID,Context provenance matches non-self donor UID 1034; overlap screen passes.,XXXX-year-old female with history of asthma and dyspnea on exertion.,"10 XXXX hx of XXXX, SOB, wheezing in XXXX XXXX","There is a left chest wall cardiac XXXX generator with 2 leads, one projecting over the right atrium and one projecting over the right XXXX. The heart is near top normal in size with normal appearance of the cardiomediastinal silhouette. The lungs are clear without focal air space opacity, pleural effusion, or pneumothorax. There are degenerative changes in the thoracic spine.",No acute cardiopulmonary finding.,,external_data/IU-Xray/images/IU_803_lateral.jpg,1034,IU_1034,,deterministic_screened_donor_assignment,,,,success,,100.0,100.0,0.0,0.0,1.0
IU_803,803,conflicting,VALID,"Explicit opposite polarity: reference NEGATED, context AFFIRMED for pneumothorax.",XXXX-year-old female with history of asthma and dyspnea on exertion.,The patient has a pneumothorax.,"There is a left chest wall cardiac XXXX generator with 2 leads, one projecting over the right atrium and one projecting over the right XXXX. The heart is near top normal in size with normal appearance of the cardiomediastinal silhouette. The lungs are clear without focal air space opacity, pleural effusion, or pneumothorax. There are degenerative changes in the thoracic spine.",No acute cardiopulmonary finding.,,external_data/IU-Xray/images/IU_803_lateral.jpg,803,IU_803,,,pneumothorax_absence,explicit_reference_polarity_contradiction,"the lungs are clear without focal air space opacity, pleural effusion, or pneumothorax",success,,100.0,100.0,0.0,0.0,1.0
IU_803,803,insufficient,VALID,Context is empty as required.,XXXX-year-old female with history of asthma and dyspnea on exertion.,,"There is a left chest wall cardiac XXXX generator with 2 leads, one projecting over the right atrium and one projecting over the right XXXX. The heart is near top normal in size with normal appearance of the cardiomediastinal silhouette. The lungs are clear without focal air space opacity, pleural effusion, or pneumothorax. There are degenerative changes in the thoracic spine.",No acute cardiopulmonary finding.,,external_data/IU-Xray/images/IU_803_lateral.jpg,803,IU_803,,,,,,success,,100.0,100.0,0.0,0.0,1.0
IU_806,806,sufficient,VALID,Original selected-study context is preserved exactly.,"Pain, productive XXXX, shortness of breath.","Pain, productive XXXX, shortness of breath.","The cardiac silhouette is borderline enlarged. Pulmonary vasculature is normal in caliber. Nipple shadows and dense breast tissue overlie the lung bases. The lungs are grossly clear of focal airspace disease, pneumothorax, or pleural effusion. There are no acute bony findings.",Borderline cardiomegaly. No acute findings. .,external_data/IU-Xray/images/IU_806_frontal.jpg,external_data/IU-Xray/images/IU_806_lateral.jpg,806,IU_806,,,,,,success,,100.0,100.0,0.0,0.0,1.0
IU_806,806,syntactic_incomplete,VALID,Existing parser detects unfinished syntax (dangling_preposition).,"Pain, productive XXXX, shortness of breath.","Pain, productive XXXX, shortness of","The cardiac silhouette is borderline enlarged. Pulmonary vasculature is normal in caliber. Nipple shadows and dense breast tissue overlie the lung bases. The lungs are grossly clear of focal airspace disease, pneumothorax, or pleural effusion. There are no acute bony findings.",Borderline cardiomegaly. No acute findings. .,external_data/IU-Xray/images/IU_806_frontal.jpg,external_data/IU-Xray/images/IU_806_lateral.jpg,806,IU_806,,preposition_truncation,,,,success,,100.0,100.0,0.0,0.0,1.0
IU_806,806,evidentiary_incomplete,VALID,"Readable evidence ""Pain"" is removed by clause_clinical_removal; residual is defensible and parser-complete.","Pain, productive XXXX, shortness of breath.","productive XXXX, shortness of breath.","The cardiac silhouette is borderline enlarged. Pulmonary vasculature is normal in caliber. Nipple shadows and dense breast tissue overlie the lung bases. The lungs are grossly clear of focal airspace disease, pneumothorax, or pleural effusion. There are no acute bony findings.",Borderline cardiomegaly. No acute findings. .,external_data/IU-Xray/images/IU_806_frontal.jpg,external_data/IU-Xray/images/IU_806_lateral.jpg,806,IU_806,Pain,clause_clinical_removal,,,,success,,100.0,100.0,0.0,0.0,1.0
IU_806,806,irrelevant,VALID,Context provenance matches non-self donor UID 190; overlap screen passes.,"Pain, productive XXXX, shortness of breath.",Right sided rib pain. Rule out infiltrate,"The cardiac silhouette is borderline enlarged. Pulmonary vasculature is normal in caliber. Nipple shadows and dense breast tissue overlie the lung bases. The lungs are grossly clear of focal airspace disease, pneumothorax, or pleural effusion. There are no acute bony findings.",Borderline cardiomegaly. No acute findings. .,external_data/IU-Xray/images/IU_806_frontal.jpg,external_data/IU-Xray/images/IU_806_lateral.jpg,190,IU_190,,deterministic_screened_donor_assignment,,,,success,,100.0,100.0,0.0,0.0,1.0
IU_806,806,conflicting,VALID,"Explicit opposite polarity: reference AFFIRMED, context NEGATED for pneumothorax.","Pain, productive XXXX, shortness of breath.",No pneumothorax is suspected.,"The cardiac silhouette is borderline enlarged. Pulmonary vasculature is normal in caliber. Nipple shadows and dense breast tissue overlie the lung bases. The lungs are grossly clear of focal airspace disease, pneumothorax, or pleural effusion. There are no acute bony findings.",Borderline cardiomegaly. No acute findings. .,external_data/IU-Xray/images/IU_806_frontal.jpg,external_data/IU-Xray/images/IU_806_lateral.jpg,806,IU_806,,,pneumothorax_presence,explicit_reference_polarity_contradiction,"the lungs are grossly clear of focal airspace disease, pneumothorax, or pleural effusion",success,,100.0,100.0,0.0,0.0,1.0
IU_806,806,insufficient,VALID,Context is empty as required.,"Pain, productive XXXX, shortness of breath.",,"The cardiac silhouette is borderline enlarged. Pulmonary vasculature is normal in caliber. Nipple shadows and dense breast tissue overlie the lung bases. The lungs are grossly clear of focal airspace disease, pneumothorax, or pleural effusion. There are no acute bony findings.",Borderline cardiomegaly. No acute findings. .,external_data/IU-Xray/images/IU_806_frontal.jpg,external_data/IU-Xray/images/IU_806_lateral.jpg,806,IU_806,,,,,,success,,100.0,100.0,0.0,0.0,1.0
IU_814,814,sufficient,VALID,Original selected-study context is preserved exactly.,Shortness of breath and chest pain for one XXXX,Shortness of breath and chest pain for one XXXX,There is a calcified granuloma in the lateral left base. There is no pleural effusion or pneumothorax. The heart is not significantly enlarged. There are calcified left hilar lymph XXXX. There are atherosclerotic changes of the aorta. Arthritic changes of the skeletal structures are noted as well as scoliosis and lumbar region.,Old granulomatous disease and senescent changes but no acute pulmonary disease.,external_data/IU-Xray/images/IU_814_frontal.jpg,external_data/IU-Xray/images/IU_814_lateral.jpg,814,IU_814,,,,,,success,,100.0,100.0,0.0,0.0,1.0
IU_814,814,syntactic_incomplete,VALID,Existing parser detects unfinished syntax (dangling_preposition).,Shortness of breath and chest pain for one XXXX,Shortness of,There is a calcified granuloma in the lateral left base. There is no pleural effusion or pneumothorax. The heart is not significantly enlarged. There are calcified left hilar lymph XXXX. There are atherosclerotic changes of the aorta. Arthritic changes of the skeletal structures are noted as well as scoliosis and lumbar region.,Old granulomatous disease and senescent changes but no acute pulmonary disease.,external_data/IU-Xray/images/IU_814_frontal.jpg,external_data/IU-Xray/images/IU_814_lateral.jpg,814,IU_814,,preposition_truncation,,,,success,,100.0,100.0,0.0,0.0,1.0
IU_814,814,evidentiary_incomplete,VALID,"Readable evidence ""Shortness of breath"" is removed by clause_clinical_removal; residual is defensible and parser-complete.",Shortness of breath and chest pain for one XXXX,chest pain for one XXXX.,There is a calcified granuloma in the lateral left base. There is no pleural effusion or pneumothorax. The heart is not significantly enlarged. There are calcified left hilar lymph XXXX. There are atherosclerotic changes of the aorta. Arthritic changes of the skeletal structures are noted as well as scoliosis and lumbar region.,Old granulomatous disease and senescent changes but no acute pulmonary disease.,external_data/IU-Xray/images/IU_814_frontal.jpg,external_data/IU-Xray/images/IU_814_lateral.jpg,814,IU_814,Shortness of breath,clause_clinical_removal,,,,success,,100.0,100.0,0.0,0.0,1.0
IU_814,814,irrelevant,VALID,Context provenance matches non-self donor UID 1172; overlap screen passes.,Shortness of breath and chest pain for one XXXX,Midsternal chest pain radiating to left arm. Shortness of breath.,There is a calcified granuloma in the lateral left base. There is no pleural effusion or pneumothorax. The heart is not significantly enlarged. There are calcified left hilar lymph XXXX. There are atherosclerotic changes of the aorta. Arthritic changes of the skeletal structures are noted as well as scoliosis and lumbar region.,Old granulomatous disease and senescent changes but no acute pulmonary disease.,external_data/IU-Xray/images/IU_814_frontal.jpg,external_data/IU-Xray/images/IU_814_lateral.jpg,1172,IU_1172,,deterministic_screened_donor_assignment,,,,success,,100.0,100.0,0.0,0.0,1.0
IU_814,814,conflicting,VALID,"Explicit opposite polarity: reference NEGATED, context AFFIRMED for pneumothorax.",Shortness of breath and chest pain for one XXXX,The patient has a pneumothorax.,There is a calcified granuloma in the lateral left base. There is no pleural effusion or pneumothorax. The heart is not significantly enlarged. There are calcified left hilar lymph XXXX. There are atherosclerotic changes of the aorta. Arthritic changes of the skeletal structures are noted as well as scoliosis and lumbar region.,Old granulomatous disease and senescent changes but no acute pulmonary disease.,external_data/IU-Xray/images/IU_814_frontal.jpg,external_data/IU-Xray/images/IU_814_lateral.jpg,814,IU_814,,,pneumothorax_absence,explicit_reference_polarity_contradiction,there is no pleural effusion or pneumothorax,success,,100.0,100.0,0.0,0.0,1.0
IU_814,814,insufficient,VALID,Context is empty as required.,Shortness of breath and chest pain for one XXXX,,There is a calcified granuloma in the lateral left base. There is no pleural effusion or pneumothorax. The heart is not significantly enlarged. There are calcified left hilar lymph XXXX. There are atherosclerotic changes of the aorta. Arthritic changes of the skeletal structures are noted as well as scoliosis and lumbar region.,Old granulomatous disease and senescent changes but no acute pulmonary disease.,external_data/IU-Xray/images/IU_814_frontal.jpg,external_data/IU-Xray/images/IU_814_lateral.jpg,814,IU_814,,,,,,success,,100.0,100.0,0.0,0.0,1.0
IU_827,827,sufficient,VALID,Original selected-study context is preserved exactly.,"Chest pain, XXXX with dyspnea","Chest pain, XXXX with dyspnea",The heart is normal in size. The mediastinum is unremarkable. XXXX scarring and emphysematous changes noted. The lungs are grossly clear.,No acute disease.,external_data/IU-Xray/images/IU_827_frontal.jpg,external_data/IU-Xray/images/IU_827_lateral.jpg,827,IU_827,,,,,,success,,100.0,100.0,0.0,0.0,1.0
IU_827,827,syntactic_incomplete,VALID,Existing parser detects unfinished syntax (dangling_preposition).,"Chest pain, XXXX with dyspnea","Chest pain, XXXX with",The heart is normal in size. The mediastinum is unremarkable. XXXX scarring and emphysematous changes noted. The lungs are grossly clear.,No acute disease.,external_data/IU-Xray/images/IU_827_frontal.jpg,external_data/IU-Xray/images/IU_827_lateral.jpg,827,IU_827,,preposition_truncation,,,,success,,100.0,100.0,0.0,0.0,1.0
IU_827,827,evidentiary_incomplete,VALID,"Readable evidence ""Chest pain"" is removed by clause_clinical_removal; residual is defensible and parser-complete.","Chest pain, XXXX with dyspnea","XXXX, dyspnea.",The heart is normal in size. The mediastinum is unremarkable. XXXX scarring and emphysematous changes noted. The lungs are grossly clear.,No acute disease.,external_data/IU-Xray/images/IU_827_frontal.jpg,external_data/IU-Xray/images/IU_827_lateral.jpg,827,IU_827,Chest pain,clause_clinical_removal,,,,success,,100.0,100.0,0.0,0.0,1.0
IU_827,827,irrelevant,VALID,Context provenance matches non-self donor UID 586; overlap screen passes.,"Chest pain, XXXX with dyspnea",XXXX-year-old with shortness of breath. Atelectasis versus infiltrate.,The heart is normal in size. The mediastinum is unremarkable. XXXX scarring and emphysematous changes noted. The lungs are grossly clear.,No acute disease.,external_data/IU-Xray/images/IU_827_frontal.jpg,external_data/IU-Xray/images/IU_827_lateral.jpg,586,IU_586,,deterministic_screened_donor_assignment,,,,success,,100.0,100.0,0.0,0.0,1.0
IU_827,827,conflicting,VALID,"Explicit opposite polarity: reference NEGATED, context AFFIRMED for cardiomegaly.","Chest pain, XXXX with dyspnea",Cardiomegaly is present.,The heart is normal in size. The mediastinum is unremarkable. XXXX scarring and emphysematous changes noted. The lungs are grossly clear.,No acute disease.,external_data/IU-Xray/images/IU_827_frontal.jpg,external_data/IU-Xray/images/IU_827_lateral.jpg,827,IU_827,,,cardiomegaly_absence,explicit_reference_polarity_contradiction,the heart is normal in size,success,,100.0,100.0,0.0,0.0,1.0
IU_827,827,insufficient,VALID,Context is empty as required.,"Chest pain, XXXX with dyspnea",,The heart is normal in size. The mediastinum is unremarkable. XXXX scarring and emphysematous changes noted. The lungs are grossly clear.,No acute disease.,external_data/IU-Xray/images/IU_827_frontal.jpg,external_data/IU-Xray/images/IU_827_lateral.jpg,827,IU_827,,,,,,success,,100.0,100.0,0.0,0.0,1.0
IU_854,854,sufficient,VALID,Original selected-study context is preserved exactly.,Preoperative evaluation prior to prostate cancer surgery. Evaluate for metastatic disease.,Preoperative evaluation prior to prostate cancer surgery. Evaluate for metastatic disease.,The lungs appear clear. The heart and pulmonary XXXX appear normal. The pleural spaces are clear. These XXXX't contours appear normal. There is a XXXX fracture of the midthoracic vertebral body. This vertebral body does not appear sclerotic. The age of this fracture is unknown. There are healed fractures of several left anterior ribs. There is a healed left clavicle fracture.,"1. No acute cardiopulmonary disease. No evidence of pulmonary nodules. 2. A single nonsclerotic mid thoracic vertebral XXXX fracture is present. Without a comparison study, the age of this fracture is unknown. Metastatic disease is possible, however given the nonsclerotic appearance, is not XXXX. 3. Healed left clavicle and left anterior rib fractures.",external_data/IU-Xray/images/IU_854_frontal.jpg,external_data/IU-Xray/images/IU_854_lateral.jpg,854,IU_854,,,,,,success,,100.0,100.0,0.0,0.0,1.0
IU_854,854,syntactic_incomplete,VALID,Existing parser detects unfinished syntax (dangling_preposition).,Preoperative evaluation prior to prostate cancer surgery. Evaluate for metastatic disease.,Preoperative evaluation prior to,The lungs appear clear. The heart and pulmonary XXXX appear normal. The pleural spaces are clear. These XXXX't contours appear normal. There is a XXXX fracture of the midthoracic vertebral body. This vertebral body does not appear sclerotic. The age of this fracture is unknown. There are healed fractures of several left anterior ribs. There is a healed left clavicle fracture.,"1. No acute cardiopulmonary disease. No evidence of pulmonary nodules. 2. A single nonsclerotic mid thoracic vertebral XXXX fracture is present. Without a comparison study, the age of this fracture is unknown. Metastatic disease is possible, however given the nonsclerotic appearance, is not XXXX. 3. Healed left clavicle and left anterior rib fractures.",external_data/IU-Xray/images/IU_854_frontal.jpg,external_data/IU-Xray/images/IU_854_lateral.jpg,854,IU_854,,preposition_truncation,,,,success,,100.0,100.0,0.0,0.0,1.0
IU_854,854,evidentiary_incomplete,VALID,"Readable evidence ""Preoperative evaluation prior to prostate cancer surgery"" is removed by clause_clinical_removal; residual is defensible and parser-complete.",Preoperative evaluation prior to prostate cancer surgery. Evaluate for metastatic disease.,Evaluate for metastatic disease.,The lungs appear clear. The heart and pulmonary XXXX appear normal. The pleural spaces are clear. These XXXX't contours appear normal. There is a XXXX fracture of the midthoracic vertebral body. This vertebral body does not appear sclerotic. The age of this fracture is unknown. There are healed fractures of several left anterior ribs. There is a healed left clavicle fracture.,"1. No acute cardiopulmonary disease. No evidence of pulmonary nodules. 2. A single nonsclerotic mid thoracic vertebral XXXX fracture is present. Without a comparison study, the age of this fracture is unknown. Metastatic disease is possible, however given the nonsclerotic appearance, is not XXXX. 3. Healed left clavicle and left anterior rib fractures.",external_data/IU-Xray/images/IU_854_frontal.jpg,external_data/IU-Xray/images/IU_854_lateral.jpg,854,IU_854,Preoperative evaluation prior to prostate cancer surgery,clause_clinical_removal,,,,success,,100.0,100.0,0.0,0.0,1.0
IU_854,854,irrelevant,VALID,Context provenance matches non-self donor UID 185; overlap screen passes.,Preoperative evaluation prior to prostate cancer surgery. Evaluate for metastatic disease.,HYPERTENSION; preop hernia repair,The lungs appear clear. The heart and pulmonary XXXX appear normal. The pleural spaces are clear. These XXXX't contours appear normal. There is a XXXX fracture of the midthoracic vertebral body. This vertebral body does not appear sclerotic. The age of this fracture is unknown. There are healed fractures of several left anterior ribs. There is a healed left clavicle fracture.,"1. No acute cardiopulmonary disease. No evidence of pulmonary nodules. 2. A single nonsclerotic mid thoracic vertebral XXXX fracture is present. Without a comparison study, the age of this fracture is unknown. Metastatic disease is possible, however given the nonsclerotic appearance, is not XXXX. 3. Healed left clavicle and left anterior rib fractures.",external_data/IU-Xray/images/IU_854_frontal.jpg,external_data/IU-Xray/images/IU_854_lateral.jpg,185,IU_185,,deterministic_screened_donor_assignment,,,,success,,100.0,100.0,0.0,0.0,1.0
IU_854,854,conflicting,VALID,"Explicit opposite polarity: reference NEGATED, context AFFIRMED for pneumonia.",Preoperative evaluation prior to prostate cancer surgery. Evaluate for metastatic disease.,The patient has pneumonia.,The lungs appear clear. The heart and pulmonary XXXX appear normal. The pleural spaces are clear. These XXXX't contours appear normal. There is a XXXX fracture of the midthoracic vertebral body. This vertebral body does not appear sclerotic. The age of this fracture is unknown. There are healed fractures of several left anterior ribs. There is a healed left clavicle fracture.,"1. No acute cardiopulmonary disease. No evidence of pulmonary nodules. 2. A single nonsclerotic mid thoracic vertebral XXXX fracture is present. Without a comparison study, the age of this fracture is unknown. Metastatic disease is possible, however given the nonsclerotic appearance, is not XXXX. 3. Healed left clavicle and left anterior rib fractures.",external_data/IU-Xray/images/IU_854_frontal.jpg,external_data/IU-Xray/images/IU_854_lateral.jpg,854,IU_854,,,pneumonia_absence,explicit_reference_polarity_contradiction,the lungs appear clear | no acute cardiopulmonary disease,success,,100.0,100.0,0.0,0.0,1.0
IU_854,854,insufficient,VALID,Context is empty as required.,Preoperative evaluation prior to prostate cancer surgery. Evaluate for metastatic disease.,,The lungs appear clear. The heart and pulmonary XXXX appear normal. The pleural spaces are clear. These XXXX't contours appear normal. There is a XXXX fracture of the midthoracic vertebral body. This vertebral body does not appear sclerotic. The age of this fracture is unknown. There are healed fractures of several left anterior ribs. There is a healed left clavicle fracture.,"1. No acute cardiopulmonary disease. No evidence of pulmonary nodules. 2. A single nonsclerotic mid thoracic vertebral XXXX fracture is present. Without a comparison study, the age of this fracture is unknown. Metastatic disease is possible, however given the nonsclerotic appearance, is not XXXX. 3. Healed left clavicle and left anterior rib fractures.",external_data/IU-Xray/images/IU_854_frontal.jpg,external_data/IU-Xray/images/IU_854_lateral.jpg,854,IU_854,,,,,,success,,100.0,100.0,0.0,0.0,1.0
IU_871,871,sufficient,VALID,Original selected-study context is preserved exactly.,XXXX-year-old female with chest pain and pelvic pain.,XXXX-year-old female with chest pain and pelvic pain.,Chest. Heart size within normal limits. No focal airspace disease. No pneumothorax or effusions. Pelvis. There are numerous clips overlying the pelvis and lower abdomen. Nonobstructive bowel XXXX pattern. No pathologic calcifications. Hip joint spaces are symmetric and normal. Sacroiliac joints are unremarkable. No fractures or dislocations.,1. Chest. No acute cardiopulmonary findings. 2. Pelvis. No acute osseous findings.,external_data/IU-Xray/images/IU_871_frontal.jpg,external_data/IU-Xray/images/IU_871_lateral.jpg,871,IU_871,,,,,,success,,100.0,100.0,0.0,0.0,1.0
IU_871,871,syntactic_incomplete,VALID,Existing parser detects unfinished syntax (dangling_preposition).,XXXX-year-old female with chest pain and pelvic pain.,XXXX-year-old female with,Chest. Heart size within normal limits. No focal airspace disease. No pneumothorax or effusions. Pelvis. There are numerous clips overlying the pelvis and lower abdomen. Nonobstructive bowel XXXX pattern. No pathologic calcifications. Hip joint spaces are symmetric and normal. Sacroiliac joints are unremarkable. No fractures or dislocations.,1. Chest. No acute cardiopulmonary findings. 2. Pelvis. No acute osseous findings.,external_data/IU-Xray/images/IU_871_frontal.jpg,external_data/IU-Xray/images/IU_871_lateral.jpg,871,IU_871,,preposition_truncation,,,,success,,100.0,100.0,0.0,0.0,1.0
IU_871,871,evidentiary_incomplete,VALID,"Readable evidence ""chest pain"" is removed by clause_clinical_removal; residual is defensible and parser-complete.",XXXX-year-old female with chest pain and pelvic pain.,"XXXX-year-old female, pelvic pain.",Chest. Heart size within normal limits. No focal airspace disease. No pneumothorax or effusions. Pelvis. There are numerous clips overlying the pelvis and lower abdomen. Nonobstructive bowel XXXX pattern. No pathologic calcifications. Hip joint spaces are symmetric and normal. Sacroiliac joints are unremarkable. No fractures or dislocations.,1. Chest. No acute cardiopulmonary findings. 2. Pelvis. No acute osseous findings.,external_data/IU-Xray/images/IU_871_frontal.jpg,external_data/IU-Xray/images/IU_871_lateral.jpg,871,IU_871,chest pain,clause_clinical_removal,,,,success,,100.0,100.0,0.0,0.0,1.0
IU_871,871,irrelevant,VALID,Context provenance matches non-self donor UID 1025; overlap screen passes.,XXXX-year-old female with chest pain and pelvic pain.,XXXX-year-old female. Pain. Emesis.,Chest. Heart size within normal limits. No focal airspace disease. No pneumothorax or effusions. Pelvis. There are numerous clips overlying the pelvis and lower abdomen. Nonobstructive bowel XXXX pattern. No pathologic calcifications. Hip joint spaces are symmetric and normal. Sacroiliac joints are unremarkable. No fractures or dislocations.,1. Chest. No acute cardiopulmonary findings. 2. Pelvis. No acute osseous findings.,external_data/IU-Xray/images/IU_871_frontal.jpg,external_data/IU-Xray/images/IU_871_lateral.jpg,1025,IU_1025,,deterministic_screened_donor_assignment,,,,success,,100.0,100.0,0.0,0.0,1.0
IU_871,871,conflicting,VALID,"Explicit opposite polarity: reference NEGATED, context AFFIRMED for pneumothorax.",XXXX-year-old female with chest pain and pelvic pain.,The patient has a pneumothorax.,Chest. Heart size within normal limits. No focal airspace disease. No pneumothorax or effusions. Pelvis. There are numerous clips overlying the pelvis and lower abdomen. Nonobstructive bowel XXXX pattern. No pathologic calcifications. Hip joint spaces are symmetric and normal. Sacroiliac joints are unremarkable. No fractures or dislocations.,1. Chest. No acute cardiopulmonary findings. 2. Pelvis. No acute osseous findings.,external_data/IU-Xray/images/IU_871_frontal.jpg,external_data/IU-Xray/images/IU_871_lateral.jpg,871,IU_871,,,pneumothorax_absence,explicit_reference_polarity_contradiction,no pneumothorax or effusions,success,,100.0,100.0,0.0,0.0,1.0
IU_871,871,insufficient,VALID,Context is empty as required.,XXXX-year-old female with chest pain and pelvic pain.,,Chest. Heart size within normal limits. No focal airspace disease. No pneumothorax or effusions. Pelvis. There are numerous clips overlying the pelvis and lower abdomen. Nonobstructive bowel XXXX pattern. No pathologic calcifications. Hip joint spaces are symmetric and normal. Sacroiliac joints are unremarkable. No fractures or dislocations.,1. Chest. No acute cardiopulmonary findings. 2. Pelvis. No acute osseous findings.,external_data/IU-Xray/images/IU_871_frontal.jpg,external_data/IU-Xray/images/IU_871_lateral.jpg,871,IU_871,,,,,,success,,100.0,100.0,0.0,0.0,1.0
IU_885,885,sufficient,VALID,Original selected-study context is preserved exactly.,"XXXX-year-old XXXX with ongoing shortness of breath and history of pneumonia. Additional history of myocardial infarction, pacemaker/defibrillator placement, coronary stents, and valve replacement. Smoking history of 50 years.","XXXX-year-old XXXX with ongoing shortness of breath and history of pneumonia. Additional history of myocardial infarction, pacemaker/defibrillator placement, coronary stents, and valve replacement. Smoking history of 50 years.","Heart size, mediastinal contour, and pulmonary vascularity are within normal limits. Postsurgical changes include left chest pacemaker/ICD with XXXX tips over the right atrium and right ventricle, sternotomy XXXX, and graft markers, and upper anterior mediastinal surgical clips. No focal consolidation, suspicious pulmonary opacity, large pleural effusion, or pneumothorax is identified. Specifically, no evidence of pneumonia. Visualized osseous structures appear intact.",No acute cardiopulmonary abnormality. Postsurgical changes as described above. .,,external_data/IU-Xray/images/IU_885_lateral.jpg,885,IU_885,,,,,,success,,100.0,100.0,0.0,0.0,1.0
IU_885,885,syntactic_incomplete,VALID,Existing parser detects unfinished syntax (dangling_preposition).,"XXXX-year-old XXXX with ongoing shortness of breath and history of pneumonia. Additional history of myocardial infarction, pacemaker/defibrillator placement, coronary stents, and valve replacement. Smoking history of 50 years.",XXXX-year-old XXXX with ongoing shortness of breath and history of,"Heart size, mediastinal contour, and pulmonary vascularity are within normal limits. Postsurgical changes include left chest pacemaker/ICD with XXXX tips over the right atrium and right ventricle, sternotomy XXXX, and graft markers, and upper anterior mediastinal surgical clips. No focal consolidation, suspicious pulmonary opacity, large pleural effusion, or pneumothorax is identified. Specifically, no evidence of pneumonia. Visualized osseous structures appear intact.",No acute cardiopulmonary abnormality. Postsurgical changes as described above. .,,external_data/IU-Xray/images/IU_885_lateral.jpg,885,IU_885,,pattern_truncation,,,,success,,100.0,100.0,0.0,0.0,1.0
IU_885,885,evidentiary_incomplete,VALID,"Readable evidence ""ongoing shortness of breath"" is removed by clause_clinical_removal; residual is defensible and parser-complete.","XXXX-year-old XXXX with ongoing shortness of breath and history of pneumonia. Additional history of myocardial infarction, pacemaker/defibrillator placement, coronary stents, and valve replacement. Smoking history of 50 years.","XXXX-year-old XXXX, history of pneumonia, Additional history of myocardial infarction, pacemaker/defibrillator placement, coronary stents, valve replacement, Smoking history of 50 years.","Heart size, mediastinal contour, and pulmonary vascularity are within normal limits. Postsurgical changes include left chest pacemaker/ICD with XXXX tips over the right atrium and right ventricle, sternotomy XXXX, and graft markers, and upper anterior mediastinal surgical clips. No focal consolidation, suspicious pulmonary opacity, large pleural effusion, or pneumothorax is identified. Specifically, no evidence of pneumonia. Visualized osseous structures appear intact.",No acute cardiopulmonary abnormality. Postsurgical changes as described above. .,,external_data/IU-Xray/images/IU_885_lateral.jpg,885,IU_885,ongoing shortness of breath,clause_clinical_removal,,,,success,,100.0,100.0,0.0,0.0,1.0
IU_885,885,irrelevant,VALID,Context provenance matches non-self donor UID 782; overlap screen passes.,"XXXX-year-old XXXX with ongoing shortness of breath and history of pneumonia. Additional history of myocardial infarction, pacemaker/defibrillator placement, coronary stents, and valve replacement. Smoking history of 50 years.",Dyspnea. Shortness of breath. Extremity numbness.,"Heart size, mediastinal contour, and pulmonary vascularity are within normal limits. Postsurgical changes include left chest pacemaker/ICD with XXXX tips over the right atrium and right ventricle, sternotomy XXXX, and graft markers, and upper anterior mediastinal surgical clips. No focal consolidation, suspicious pulmonary opacity, large pleural effusion, or pneumothorax is identified. Specifically, no evidence of pneumonia. Visualized osseous structures appear intact.",No acute cardiopulmonary abnormality. Postsurgical changes as described above. .,,external_data/IU-Xray/images/IU_885_lateral.jpg,782,IU_782,,deterministic_screened_donor_assignment,,,,success,,100.0,100.0,0.0,0.0,1.0
IU_885,885,conflicting,VALID,"Explicit opposite polarity: reference NEGATED, context AFFIRMED for pneumothorax.","XXXX-year-old XXXX with ongoing shortness of breath and history of pneumonia. Additional history of myocardial infarction, pacemaker/defibrillator placement, coronary stents, and valve replacement. Smoking history of 50 years.",The patient has a pneumothorax.,"Heart size, mediastinal contour, and pulmonary vascularity are within normal limits. Postsurgical changes include left chest pacemaker/ICD with XXXX tips over the right atrium and right ventricle, sternotomy XXXX, and graft markers, and upper anterior mediastinal surgical clips. No focal consolidation, suspicious pulmonary opacity, large pleural effusion, or pneumothorax is identified. Specifically, no evidence of pneumonia. Visualized osseous structures appear intact.",No acute cardiopulmonary abnormality. Postsurgical changes as described above. .,,external_data/IU-Xray/images/IU_885_lateral.jpg,885,IU_885,,,pneumothorax_absence,explicit_reference_polarity_contradiction,"no focal consolidation, suspicious pulmonary opacity, large pleural effusion, or pneumothorax is identified",success,,100.0,100.0,0.0,0.0,1.0
IU_885,885,insufficient,VALID,Context is empty as required.,"XXXX-year-old XXXX with ongoing shortness of breath and history of pneumonia. Additional history of myocardial infarction, pacemaker/defibrillator placement, coronary stents, and valve replacement. Smoking history of 50 years.",,"Heart size, mediastinal contour, and pulmonary vascularity are within normal limits. Postsurgical changes include left chest pacemaker/ICD with XXXX tips over the right atrium and right ventricle, sternotomy XXXX, and graft markers, and upper anterior mediastinal surgical clips. No focal consolidation, suspicious pulmonary opacity, large pleural effusion, or pneumothorax is identified. Specifically, no evidence of pneumonia. Visualized osseous structures appear intact.",No acute cardiopulmonary abnormality. Postsurgical changes as described above. .,,external_data/IU-Xray/images/IU_885_lateral.jpg,885,IU_885,,,,,,success,,100.0,100.0,0.0,0.0,1.0
IU_927,927,sufficient,VALID,Original selected-study context is preserved exactly.,"XXXX-year-old XXXX with abdominal pain, cramping, nausea, vomiting, diarrhea, dehydration. Chest pain and shortness of breath..","XXXX-year-old XXXX with abdominal pain, cramping, nausea, vomiting, diarrhea, dehydration. Chest pain and shortness of breath..","Heart size, mediastinal contour, and pulmonary vascularity are within normal limits. Stable tortuosity of the thoracic aorta. No focal consolidation, pleural effusion, or pneumothorax is identified. No acute osseous abnormality identified.",No acute cardiopulmonary abnormality. .,external_data/IU-Xray/images/IU_927_frontal.jpg,external_data/IU-Xray/images/IU_927_lateral.jpg,927,IU_927,,,,,,success,,100.0,100.0,0.0,0.0,1.0
IU_927,927,syntactic_incomplete,VALID,Existing parser detects unfinished syntax (dangling_preposition).,"XXXX-year-old XXXX with abdominal pain, cramping, nausea, vomiting, diarrhea, dehydration. Chest pain and shortness of breath..","XXXX-year-old XXXX with abdominal pain, cramping, nausea, vomiting, diarrhea, dehydration. Chest pain and shortness of","Heart size, mediastinal contour, and pulmonary vascularity are within normal limits. Stable tortuosity of the thoracic aorta. No focal consolidation, pleural effusion, or pneumothorax is identified. No acute osseous abnormality identified.",No acute cardiopulmonary abnormality. .,external_data/IU-Xray/images/IU_927_frontal.jpg,external_data/IU-Xray/images/IU_927_lateral.jpg,927,IU_927,,pattern_truncation,,,,success,,100.0,100.0,0.0,0.0,1.0
IU_927,927,evidentiary_incomplete,VALID,"Readable evidence ""abdominal pain"" is removed by clause_clinical_removal; residual is defensible and parser-complete.","XXXX-year-old XXXX with abdominal pain, cramping, nausea, vomiting, diarrhea, dehydration. Chest pain and shortness of breath..","XXXX-year-old XXXX, cramping, nausea, vomiting, diarrhea, dehydration, Chest pain, shortness of breath.","Heart size, mediastinal contour, and pulmonary vascularity are within normal limits. Stable tortuosity of the thoracic aorta. No focal consolidation, pleural effusion, or pneumothorax is identified. No acute osseous abnormality identified.",No acute cardiopulmonary abnormality. .,external_data/IU-Xray/images/IU_927_frontal.jpg,external_data/IU-Xray/images/IU_927_lateral.jpg,927,IU_927,abdominal pain,clause_clinical_removal,,,,success,,100.0,100.0,0.0,0.0,1.0
IU_927,927,irrelevant,VALID,Context provenance matches non-self donor UID 655; overlap screen passes.,"XXXX-year-old XXXX with abdominal pain, cramping, nausea, vomiting, diarrhea, dehydration. Chest pain and shortness of breath..",Chest pain. Shortness of breath worse at XXXX for 3 days.,"Heart size, mediastinal contour, and pulmonary vascularity are within normal limits. Stable tortuosity of the thoracic aorta. No focal consolidation, pleural effusion, or pneumothorax is identified. No acute osseous abnormality identified.",No acute cardiopulmonary abnormality. .,external_data/IU-Xray/images/IU_927_frontal.jpg,external_data/IU-Xray/images/IU_927_lateral.jpg,655,IU_655,,deterministic_screened_donor_assignment,,,,success,,100.0,100.0,0.0,0.0,1.0
IU_927,927,conflicting,VALID,"Explicit opposite polarity: reference NEGATED, context AFFIRMED for pneumothorax.","XXXX-year-old XXXX with abdominal pain, cramping, nausea, vomiting, diarrhea, dehydration. Chest pain and shortness of breath..",The patient has a pneumothorax.,"Heart size, mediastinal contour, and pulmonary vascularity are within normal limits. Stable tortuosity of the thoracic aorta. No focal consolidation, pleural effusion, or pneumothorax is identified. No acute osseous abnormality identified.",No acute cardiopulmonary abnormality. .,external_data/IU-Xray/images/IU_927_frontal.jpg,external_data/IU-Xray/images/IU_927_lateral.jpg,927,IU_927,,,pneumothorax_absence,explicit_reference_polarity_contradiction,"no focal consolidation, pleural effusion, or pneumothorax is identified",success,,100.0,100.0,0.0,0.0,1.0
IU_927,927,insufficient,VALID,Context is empty as required.,"XXXX-year-old XXXX with abdominal pain, cramping, nausea, vomiting, diarrhea, dehydration. Chest pain and shortness of breath..",,"Heart size, mediastinal contour, and pulmonary vascularity are within normal limits. Stable tortuosity of the thoracic aorta. No focal consolidation, pleural effusion, or pneumothorax is identified. No acute osseous abnormality identified.",No acute cardiopulmonary abnormality. .,external_data/IU-Xray/images/IU_927_frontal.jpg,external_data/IU-Xray/images/IU_927_lateral.jpg,927,IU_927,,,,,,success,,100.0,100.0,0.0,0.0,1.0
IU_936,936,sufficient,VALID,Original selected-study context is preserved exactly.,EVALUATE FOR METASTATIC DISEASE; Surgery sched for XXXX. No chest complaints.,EVALUATE FOR METASTATIC DISEASE; Surgery sched for XXXX. No chest complaints.,The heart is normal in size. The mediastinum is unremarkable. The lungs are clear.,No acute disease.,external_data/IU-Xray/images/IU_936_frontal.jpg,,936,IU_936,,,,,,success,,100.0,100.0,0.0,0.0,1.0
IU_936,936,syntactic_incomplete,VALID,Existing parser detects unfinished syntax (dangling_preposition).,EVALUATE FOR METASTATIC DISEASE; Surgery sched for XXXX. No chest complaints.,EVALUATE FOR,The heart is normal in size. The mediastinum is unremarkable. The lungs are clear.,No acute disease.,external_data/IU-Xray/images/IU_936_frontal.jpg,,936,IU_936,,preposition_truncation,,,,success,,100.0,100.0,0.0,0.0,1.0
IU_936,936,evidentiary_incomplete,VALID,"Readable evidence ""EVALUATE FOR METASTATIC DISEASE"" is removed by clause_clinical_removal; residual is defensible and parser-complete.",EVALUATE FOR METASTATIC DISEASE; Surgery sched for XXXX. No chest complaints.,"Surgery sched for XXXX, No chest complaints.",The heart is normal in size. The mediastinum is unremarkable. The lungs are clear.,No acute disease.,external_data/IU-Xray/images/IU_936_frontal.jpg,,936,IU_936,EVALUATE FOR METASTATIC DISEASE,clause_clinical_removal,,,,success,,100.0,100.0,0.0,0.0,1.0
IU_936,936,irrelevant,VALID,Context provenance matches non-self donor UID 1008; overlap screen passes.,EVALUATE FOR METASTATIC DISEASE; Surgery sched for XXXX. No chest complaints.,"XXXX-year-old male, abdominal pain and vomiting.",The heart is normal in size. The mediastinum is unremarkable. The lungs are clear.,No acute disease.,external_data/IU-Xray/images/IU_936_frontal.jpg,,1008,IU_1008,,deterministic_screened_donor_assignment,,,,success,,100.0,100.0,0.0,0.0,1.0
IU_936,936,conflicting,VALID,"Explicit opposite polarity: reference NEGATED, context AFFIRMED for cardiomegaly.",EVALUATE FOR METASTATIC DISEASE; Surgery sched for XXXX. No chest complaints.,Cardiomegaly is present.,The heart is normal in size. The mediastinum is unremarkable. The lungs are clear.,No acute disease.,external_data/IU-Xray/images/IU_936_frontal.jpg,,936,IU_936,,,cardiomegaly_absence,explicit_reference_polarity_contradiction,the heart is normal in size,success,,100.0,100.0,0.0,0.0,1.0
IU_936,936,insufficient,VALID,Context is empty as required.,EVALUATE FOR METASTATIC DISEASE; Surgery sched for XXXX. No chest complaints.,,The heart is normal in size. The mediastinum is unremarkable. The lungs are clear.,No acute disease.,external_data/IU-Xray/images/IU_936_frontal.jpg,,936,IU_936,,,,,,success,,100.0,100.0,0.0,0.0,1.0
IU_960,960,sufficient,VALID,Original selected-study context is preserved exactly.,"XXXX-year-old female, MVA, chest pain","XXXX-year-old female, MVA, chest pain","No focal consolidation, pneumothorax or definite pleural effusion. Heart size within normal limits for technique, no mediastinal widening seen. No acute osseous injury XXXX demonstrated. Dextroscoliosis noted.",No acute findings. Please note that fractures may not be demonstrated and consider additional imaging as clinically warranted.,external_data/IU-Xray/images/IU_960_frontal.jpg,external_data/IU-Xray/images/IU_960_lateral.jpg,960,IU_960,,,,,,success,,100.0,100.0,0.0,0.0,1.0
IU_960,960,syntactic_incomplete,VALID,Existing parser detects unfinished syntax (dangling_conjunction).,"XXXX-year-old female, MVA, chest pain","XXXX-year-old female, MVA, chest pain and","No focal consolidation, pneumothorax or definite pleural effusion. Heart size within normal limits for technique, no mediastinal widening seen. No acute osseous injury XXXX demonstrated. Dextroscoliosis noted.",No acute findings. Please note that fractures may not be demonstrated and consider additional imaging as clinically warranted.,external_data/IU-Xray/images/IU_960_frontal.jpg,external_data/IU-Xray/images/IU_960_lateral.jpg,960,IU_960,,appended_conjunction_fallback,,,,success,,100.0,100.0,0.0,0.0,1.0
IU_960,960,evidentiary_incomplete,VALID,"Readable evidence ""MVA"" is removed by clause_clinical_removal; residual is defensible and parser-complete.","XXXX-year-old female, MVA, chest pain","XXXX-year-old female, chest pain.","No focal consolidation, pneumothorax or definite pleural effusion. Heart size within normal limits for technique, no mediastinal widening seen. No acute osseous injury XXXX demonstrated. Dextroscoliosis noted.",No acute findings. Please note that fractures may not be demonstrated and consider additional imaging as clinically warranted.,external_data/IU-Xray/images/IU_960_frontal.jpg,external_data/IU-Xray/images/IU_960_lateral.jpg,960,IU_960,MVA,clause_clinical_removal,,,,success,,100.0,100.0,0.0,0.0,1.0
IU_960,960,irrelevant,VALID,Context provenance matches non-self donor UID 372; overlap screen passes.,"XXXX-year-old female, MVA, chest pain",XXXX-year-old male with chest pain. History of cancer.,"No focal consolidation, pneumothorax or definite pleural effusion. Heart size within normal limits for technique, no mediastinal widening seen. No acute osseous injury XXXX demonstrated. Dextroscoliosis noted.",No acute findings. Please note that fractures may not be demonstrated and consider additional imaging as clinically warranted.,external_data/IU-Xray/images/IU_960_frontal.jpg,external_data/IU-Xray/images/IU_960_lateral.jpg,372,IU_372,,deterministic_screened_donor_assignment,,,,success,,100.0,100.0,0.0,0.0,1.0
IU_960,960,conflicting,VALID,"Explicit opposite polarity: reference NEGATED, context AFFIRMED for pneumothorax.","XXXX-year-old female, MVA, chest pain",The patient has a pneumothorax.,"No focal consolidation, pneumothorax or definite pleural effusion. Heart size within normal limits for technique, no mediastinal widening seen. No acute osseous injury XXXX demonstrated. Dextroscoliosis noted.",No acute findings. Please note that fractures may not be demonstrated and consider additional imaging as clinically warranted.,external_data/IU-Xray/images/IU_960_frontal.jpg,external_data/IU-Xray/images/IU_960_lateral.jpg,960,IU_960,,,pneumothorax_absence,explicit_reference_polarity_contradiction,"no focal consolidation, pneumothorax or definite pleural effusion",success,,100.0,100.0,0.0,0.0,1.0
IU_960,960,insufficient,VALID,Context is empty as required.,"XXXX-year-old female, MVA, chest pain",,"No focal consolidation, pneumothorax or definite pleural effusion. Heart size within normal limits for technique, no mediastinal widening seen. No acute osseous injury XXXX demonstrated. Dextroscoliosis noted.",No acute findings. Please note that fractures may not be demonstrated and consider additional imaging as clinically warranted.,external_data/IU-Xray/images/IU_960_frontal.jpg,external_data/IU-Xray/images/IU_960_lateral.jpg,960,IU_960,,,,,,success,,100.0,100.0,0.0,0.0,1.0
IU_963,963,sufficient,VALID,Original selected-study context is preserved exactly.,XXXX-year-old with pain and shortness of breath. Low energy.,XXXX-year-old with pain and shortness of breath. Low energy.,"The heart, pulmonary XXXX and mediastinum are within normal limits. There is no pleural effusion or pneumothorax. There is no focal air space opacity to suggest a pneumonia. There are minimal degenerative changes of the spine.",No acute cardiopulmonary disease.,external_data/IU-Xray/images/IU_963_frontal.jpg,external_data/IU-Xray/images/IU_963_lateral.jpg,963,IU_963,,,,,,success,,100.0,100.0,0.0,0.0,1.0
IU_963,963,syntactic_incomplete,VALID,Existing parser detects unfinished syntax (dangling_preposition).,XXXX-year-old with pain and shortness of breath. Low energy.,XXXX-year-old with,"The heart, pulmonary XXXX and mediastinum are within normal limits. There is no pleural effusion or pneumothorax. There is no focal air space opacity to suggest a pneumonia. There are minimal degenerative changes of the spine.",No acute cardiopulmonary disease.,external_data/IU-Xray/images/IU_963_frontal.jpg,external_data/IU-Xray/images/IU_963_lateral.jpg,963,IU_963,,preposition_truncation,,,,success,,100.0,100.0,0.0,0.0,1.0
IU_963,963,evidentiary_incomplete,VALID,"Readable evidence ""pain"" is removed by clause_clinical_removal; residual is defensible and parser-complete.",XXXX-year-old with pain and shortness of breath. Low energy.,"XXXX-year-old, shortness of breath, Low energy.","The heart, pulmonary XXXX and mediastinum are within normal limits. There is no pleural effusion or pneumothorax. There is no focal air space opacity to suggest a pneumonia. There are minimal degenerative changes of the spine.",No acute cardiopulmonary disease.,external_data/IU-Xray/images/IU_963_frontal.jpg,external_data/IU-Xray/images/IU_963_lateral.jpg,963,IU_963,pain,clause_clinical_removal,,,,success,,100.0,100.0,0.0,0.0,1.0
IU_963,963,irrelevant,VALID,Context provenance matches non-self donor UID 303; overlap screen passes.,XXXX-year-old with pain and shortness of breath. Low energy.,"XXXX, asthma, preop hip replacement","The heart, pulmonary XXXX and mediastinum are within normal limits. There is no pleural effusion or pneumothorax. There is no focal air space opacity to suggest a pneumonia. There are minimal degenerative changes of the spine.",No acute cardiopulmonary disease.,external_data/IU-Xray/images/IU_963_frontal.jpg,external_data/IU-Xray/images/IU_963_lateral.jpg,303,IU_303,,deterministic_screened_donor_assignment,,,,success,,100.0,100.0,0.0,0.0,1.0
IU_963,963,conflicting,VALID,"Explicit opposite polarity: reference NEGATED, context AFFIRMED for pneumothorax.",XXXX-year-old with pain and shortness of breath. Low energy.,The patient has a pneumothorax.,"The heart, pulmonary XXXX and mediastinum are within normal limits. There is no pleural effusion or pneumothorax. There is no focal air space opacity to suggest a pneumonia. There are minimal degenerative changes of the spine.",No acute cardiopulmonary disease.,external_data/IU-Xray/images/IU_963_frontal.jpg,external_data/IU-Xray/images/IU_963_lateral.jpg,963,IU_963,,,pneumothorax_absence,explicit_reference_polarity_contradiction,there is no pleural effusion or pneumothorax,success,,100.0,100.0,0.0,0.0,1.0
IU_963,963,insufficient,VALID,Context is empty as required.,XXXX-year-old with pain and shortness of breath. Low energy.,,"The heart, pulmonary XXXX and mediastinum are within normal limits. There is no pleural effusion or pneumothorax. There is no focal air space opacity to suggest a pneumonia. There are minimal degenerative changes of the spine.",No acute cardiopulmonary disease.,external_data/IU-Xray/images/IU_963_frontal.jpg,external_data/IU-Xray/images/IU_963_lateral.jpg,963,IU_963,,,,,,success,,100.0,100.0,0.0,0.0,1.0
IU_965,965,sufficient,VALID,Original selected-study context is preserved exactly.,"Patient with ampullary adenocarcinoma, preoperative evaluation","Patient with ampullary adenocarcinoma, preoperative evaluation",The lungs appear clear. Heart and pulmonary XXXX appear normal. Mediastinal contours are normal. Pleural spaces are clear. There appears to the contrast XXXX within small colonic diverticula in the splenic flexure region.,1. No acute cardiopulmonary disease,external_data/IU-Xray/images/IU_965_frontal.jpg,external_data/IU-Xray/images/IU_965_lateral.jpg,965,IU_965,,,,,,success,,100.0,100.0,0.0,0.0,1.0
IU_965,965,syntactic_incomplete,VALID,Existing parser detects unfinished syntax (dangling_preposition).,"Patient with ampullary adenocarcinoma, preoperative evaluation",Patient with,The lungs appear clear. Heart and pulmonary XXXX appear normal. Mediastinal contours are normal. Pleural spaces are clear. There appears to the contrast XXXX within small colonic diverticula in the splenic flexure region.,1. No acute cardiopulmonary disease,external_data/IU-Xray/images/IU_965_frontal.jpg,external_data/IU-Xray/images/IU_965_lateral.jpg,965,IU_965,,preposition_truncation,,,,success,,100.0,100.0,0.0,0.0,1.0
IU_965,965,evidentiary_incomplete,VALID,"Readable evidence ""ampullary adenocarcinoma"" is removed by clause_clinical_removal; residual is defensible and parser-complete.","Patient with ampullary adenocarcinoma, preoperative evaluation","Patient, preoperative evaluation.",The lungs appear clear. Heart and pulmonary XXXX appear normal. Mediastinal contours are normal. Pleural spaces are clear. There appears to the contrast XXXX within small colonic diverticula in the splenic flexure region.,1. No acute cardiopulmonary disease,external_data/IU-Xray/images/IU_965_frontal.jpg,external_data/IU-Xray/images/IU_965_lateral.jpg,965,IU_965,ampullary adenocarcinoma,clause_clinical_removal,,,,success,,100.0,100.0,0.0,0.0,1.0
IU_965,965,irrelevant,VALID,Context provenance matches non-self donor UID 341; overlap screen passes.,"Patient with ampullary adenocarcinoma, preoperative evaluation","hx of smoking, not feeling well ; right foot XXXX.",The lungs appear clear. Heart and pulmonary XXXX appear normal. Mediastinal contours are normal. Pleural spaces are clear. There appears to the contrast XXXX within small colonic diverticula in the splenic flexure region.,1. No acute cardiopulmonary disease,external_data/IU-Xray/images/IU_965_frontal.jpg,external_data/IU-Xray/images/IU_965_lateral.jpg,341,IU_341,,deterministic_screened_donor_assignment,,,,success,,100.0,100.0,0.0,0.0,1.0
IU_965,965,conflicting,VALID,"Explicit opposite polarity: reference NEGATED, context AFFIRMED for pneumonia.","Patient with ampullary adenocarcinoma, preoperative evaluation",The patient has pneumonia.,The lungs appear clear. Heart and pulmonary XXXX appear normal. Mediastinal contours are normal. Pleural spaces are clear. There appears to the contrast XXXX within small colonic diverticula in the splenic flexure region.,1. No acute cardiopulmonary disease,external_data/IU-Xray/images/IU_965_frontal.jpg,external_data/IU-Xray/images/IU_965_lateral.jpg,965,IU_965,,,pneumonia_absence,explicit_reference_polarity_contradiction,the lungs appear clear | no acute cardiopulmonary disease,success,,100.0,100.0,0.0,0.0,1.0
IU_965,965,insufficient,VALID,Context is empty as required.,"Patient with ampullary adenocarcinoma, preoperative evaluation",,The lungs appear clear. Heart and pulmonary XXXX appear normal. Mediastinal contours are normal. Pleural spaces are clear. There appears to the contrast XXXX within small colonic diverticula in the splenic flexure region.,1. No acute cardiopulmonary disease,external_data/IU-Xray/images/IU_965_frontal.jpg,external_data/IU-Xray/images/IU_965_lateral.jpg,965,IU_965,,,,,,success,,100.0,100.0,0.0,0.0,1.0
IU_975,975,sufficient,VALID,Original selected-study context is preserved exactly.,"Preop, neck infection.","Preop, neck infection.",Cardiac silhouette and mediastinal contours are within this. There is no opacity. There is no pneumothorax. No large pleural effusion. Hyperlucent right apex with hyperinflation consistent with emphysematous changes.,Emphysematous changes without acute cardiopulmonary disease.,external_data/IU-Xray/images/IU_975_frontal.jpg,external_data/IU-Xray/images/IU_975_lateral.jpg,975,IU_975,,,,,,success,,100.0,100.0,0.0,0.0,1.0
IU_975,975,syntactic_incomplete,VALID,Existing parser detects unfinished syntax (dangling_conjunction).,"Preop, neck infection.","Preop, neck infection and",Cardiac silhouette and mediastinal contours are within this. There is no opacity. There is no pneumothorax. No large pleural effusion. Hyperlucent right apex with hyperinflation consistent with emphysematous changes.,Emphysematous changes without acute cardiopulmonary disease.,external_data/IU-Xray/images/IU_975_frontal.jpg,external_data/IU-Xray/images/IU_975_lateral.jpg,975,IU_975,,appended_conjunction_fallback,,,,success,,100.0,100.0,0.0,0.0,1.0
IU_975,975,evidentiary_incomplete,VALID,"Readable evidence ""Preop"" is removed by clause_clinical_removal; residual is defensible and parser-complete.","Preop, neck infection.",neck infection.,Cardiac silhouette and mediastinal contours are within this. There is no opacity. There is no pneumothorax. No large pleural effusion. Hyperlucent right apex with hyperinflation consistent with emphysematous changes.,Emphysematous changes without acute cardiopulmonary disease.,external_data/IU-Xray/images/IU_975_frontal.jpg,external_data/IU-Xray/images/IU_975_lateral.jpg,975,IU_975,Preop,clause_clinical_removal,,,,success,,100.0,100.0,0.0,0.0,1.0
IU_975,975,irrelevant,VALID,Context provenance matches non-self donor UID 195; overlap screen passes.,"Preop, neck infection.",XXXX-year-old female with coughing and wheezing.,Cardiac silhouette and mediastinal contours are within this. There is no opacity. There is no pneumothorax. No large pleural effusion. Hyperlucent right apex with hyperinflation consistent with emphysematous changes.,Emphysematous changes without acute cardiopulmonary disease.,external_data/IU-Xray/images/IU_975_frontal.jpg,external_data/IU-Xray/images/IU_975_lateral.jpg,195,IU_195,,deterministic_screened_donor_assignment,,,,success,,100.0,100.0,0.0,0.0,1.0
IU_975,975,conflicting,VALID,"Explicit opposite polarity: reference NEGATED, context AFFIRMED for pneumothorax.","Preop, neck infection.",The patient has a pneumothorax.,Cardiac silhouette and mediastinal contours are within this. There is no opacity. There is no pneumothorax. No large pleural effusion. Hyperlucent right apex with hyperinflation consistent with emphysematous changes.,Emphysematous changes without acute cardiopulmonary disease.,external_data/IU-Xray/images/IU_975_frontal.jpg,external_data/IU-Xray/images/IU_975_lateral.jpg,975,IU_975,,,pneumothorax_absence,explicit_reference_polarity_contradiction,there is no pneumothorax,success,,100.0,100.0,0.0,0.0,1.0
IU_975,975,insufficient,VALID,Context is empty as required.,"Preop, neck infection.",,Cardiac silhouette and mediastinal contours are within this. There is no opacity. There is no pneumothorax. No large pleural effusion. Hyperlucent right apex with hyperinflation consistent with emphysematous changes.,Emphysematous changes without acute cardiopulmonary disease.,external_data/IU-Xray/images/IU_975_frontal.jpg,external_data/IU-Xray/images/IU_975_lateral.jpg,975,IU_975,,,,,,success,,100.0,100.0,0.0,0.0,1.0
IU_989,989,sufficient,VALID,Original selected-study context is preserved exactly.,Nausea and vomiting,Nausea and vomiting,The cardiac contours are normal. The lungs are clear. Thoracic spondylosis. Prior cholecystectomy,No acute process.,external_data/IU-Xray/images/IU_989_frontal.jpg,external_data/IU-Xray/images/IU_989_lateral.jpg,989,IU_989,,,,,,success,,100.0,100.0,0.0,0.0,1.0
IU_989,989,syntactic_incomplete,VALID,Existing parser detects unfinished syntax (dangling_conjunction).,Nausea and vomiting,Nausea and,The cardiac contours are normal. The lungs are clear. Thoracic spondylosis. Prior cholecystectomy,No acute process.,external_data/IU-Xray/images/IU_989_frontal.jpg,external_data/IU-Xray/images/IU_989_lateral.jpg,989,IU_989,,preposition_truncation,,,,success,,100.0,100.0,0.0,0.0,1.0
IU_989,989,evidentiary_incomplete,VALID,"Readable evidence ""Nausea"" is removed by clause_clinical_removal; residual is defensible and parser-complete.",Nausea and vomiting,vomiting.,The cardiac contours are normal. The lungs are clear. Thoracic spondylosis. Prior cholecystectomy,No acute process.,external_data/IU-Xray/images/IU_989_frontal.jpg,external_data/IU-Xray/images/IU_989_lateral.jpg,989,IU_989,Nausea,clause_clinical_removal,,,,success,,100.0,100.0,0.0,0.0,1.0
IU_989,989,irrelevant,VALID,Context provenance matches non-self donor UID 885; overlap screen passes.,Nausea and vomiting,"XXXX-year-old XXXX with ongoing shortness of breath and history of pneumonia. Additional history of myocardial infarction, pacemaker/defibrillator placement, coronary stents, and valve replacement. Smoking history of 50 years.",The cardiac contours are normal. The lungs are clear. Thoracic spondylosis. Prior cholecystectomy,No acute process.,external_data/IU-Xray/images/IU_989_frontal.jpg,external_data/IU-Xray/images/IU_989_lateral.jpg,885,IU_885,,deterministic_screened_donor_assignment,,,,success,,100.0,100.0,0.0,0.0,1.0
IU_989,989,conflicting,VALID,"Explicit opposite polarity: reference NEGATED, context AFFIRMED for pneumonia.",Nausea and vomiting,The patient has pneumonia.,The cardiac contours are normal. The lungs are clear. Thoracic spondylosis. Prior cholecystectomy,No acute process.,external_data/IU-Xray/images/IU_989_frontal.jpg,external_data/IU-Xray/images/IU_989_lateral.jpg,989,IU_989,,,pneumonia_absence,explicit_reference_polarity_contradiction,the lungs are clear,success,,100.0,100.0,0.0,0.0,1.0
IU_989,989,insufficient,VALID,Context is empty as required.,Nausea and vomiting,,The cardiac contours are normal. The lungs are clear. Thoracic spondylosis. Prior cholecystectomy,No acute process.,external_data/IU-Xray/images/IU_989_frontal.jpg,external_data/IU-Xray/images/IU_989_lateral.jpg,989,IU_989,,,,,,success,,100.0,100.0,0.0,0.0,1.0
IU_991,991,sufficient,VALID,Original selected-study context is preserved exactly.,XXXX-year-old with pneumonia. Shortness of breath and XXXX.,XXXX-year-old with pneumonia. Shortness of breath and XXXX.,The heart size is upper limits of normal. The pulmonary XXXX and mediastinum are within normal limits. There is no pleural effusion or pneumothorax. There is mild streaky perihilar opacity without confluent airspace opacity to suggest a bacterial pneumonia.,Minimal perihilar opacity which could indicate an atypical pneumonia.,external_data/IU-Xray/images/IU_991_frontal.jpg,external_data/IU-Xray/images/IU_991_lateral.jpg,991,IU_991,,,,,,success,,100.0,100.0,0.0,0.0,1.0
IU_991,991,syntactic_incomplete,VALID,Existing parser detects unfinished syntax (dangling_preposition).,XXXX-year-old with pneumonia. Shortness of breath and XXXX.,XXXX-year-old with,The heart size is upper limits of normal. The pulmonary XXXX and mediastinum are within normal limits. There is no pleural effusion or pneumothorax. There is mild streaky perihilar opacity without confluent airspace opacity to suggest a bacterial pneumonia.,Minimal perihilar opacity which could indicate an atypical pneumonia.,external_data/IU-Xray/images/IU_991_frontal.jpg,external_data/IU-Xray/images/IU_991_lateral.jpg,991,IU_991,,preposition_truncation,,,,success,,100.0,100.0,0.0,0.0,1.0
IU_991,991,evidentiary_incomplete,VALID,"Readable evidence ""pneumonia"" is removed by clause_clinical_removal; residual is defensible and parser-complete.",XXXX-year-old with pneumonia. Shortness of breath and XXXX.,"XXXX-year-old, Shortness of breath, XXXX.",The heart size is upper limits of normal. The pulmonary XXXX and mediastinum are within normal limits. There is no pleural effusion or pneumothorax. There is mild streaky perihilar opacity without confluent airspace opacity to suggest a bacterial pneumonia.,Minimal perihilar opacity which could indicate an atypical pneumonia.,external_data/IU-Xray/images/IU_991_frontal.jpg,external_data/IU-Xray/images/IU_991_lateral.jpg,991,IU_991,pneumonia,clause_clinical_removal,,,,success,,100.0,100.0,0.0,0.0,1.0
IU_991,991,irrelevant,VALID,Context provenance matches non-self donor UID 927; overlap screen passes.,XXXX-year-old with pneumonia. Shortness of breath and XXXX.,"XXXX-year-old XXXX with abdominal pain, cramping, nausea, vomiting, diarrhea, dehydration. Chest pain and shortness of breath..",The heart size is upper limits of normal. The pulmonary XXXX and mediastinum are within normal limits. There is no pleural effusion or pneumothorax. There is mild streaky perihilar opacity without confluent airspace opacity to suggest a bacterial pneumonia.,Minimal perihilar opacity which could indicate an atypical pneumonia.,external_data/IU-Xray/images/IU_991_frontal.jpg,external_data/IU-Xray/images/IU_991_lateral.jpg,927,IU_927,,deterministic_screened_donor_assignment,,,,success,,100.0,100.0,0.0,0.0,1.0
IU_991,991,conflicting,VALID,"Explicit opposite polarity: reference NEGATED, context AFFIRMED for pneumothorax.",XXXX-year-old with pneumonia. Shortness of breath and XXXX.,The patient has a pneumothorax.,The heart size is upper limits of normal. The pulmonary XXXX and mediastinum are within normal limits. There is no pleural effusion or pneumothorax. There is mild streaky perihilar opacity without confluent airspace opacity to suggest a bacterial pneumonia.,Minimal perihilar opacity which could indicate an atypical pneumonia.,external_data/IU-Xray/images/IU_991_frontal.jpg,external_data/IU-Xray/images/IU_991_lateral.jpg,991,IU_991,,,pneumothorax_absence,explicit_reference_polarity_contradiction,there is no pleural effusion or pneumothorax,success,,100.0,100.0,0.0,0.0,1.0
IU_991,991,insufficient,VALID,Context is empty as required.,XXXX-year-old with pneumonia. Shortness of breath and XXXX.,,The heart size is upper limits of normal. The pulmonary XXXX and mediastinum are within normal limits. There is no pleural effusion or pneumothorax. There is mild streaky perihilar opacity without confluent airspace opacity to suggest a bacterial pneumonia.,Minimal perihilar opacity which could indicate an atypical pneumonia.,external_data/IU-Xray/images/IU_991_frontal.jpg,external_data/IU-Xray/images/IU_991_lateral.jpg,991,IU_991,,,,,,success,,100.0,100.0,0.0,0.0,1.0
IU_1001,1001,sufficient,VALID,Original selected-study context is preserved exactly.,"dyspnea, subjective fevers, arthritis, immigrant from Bangladesh","dyspnea, subjective fevers, arthritis, immigrant from Bangladesh",Interstitial markings are diffusely prominent throughout both lungs. Heart size is normal. Pulmonary XXXX normal.,Diffuse fibrosis. No visible focal acute disease.,external_data/IU-Xray/images/IU_1001_frontal.jpg,external_data/IU-Xray/images/IU_1001_lateral.jpg,1001,IU_1001,,,,,,success,,100.0,100.0,0.0,0.0,1.0
IU_1001,1001,syntactic_incomplete,VALID,Existing parser detects unfinished syntax (dangling_preposition).,"dyspnea, subjective fevers, arthritis, immigrant from Bangladesh","dyspnea, subjective fevers, arthritis, immigrant from",Interstitial markings are diffusely prominent throughout both lungs. Heart size is normal. Pulmonary XXXX normal.,Diffuse fibrosis. No visible focal acute disease.,external_data/IU-Xray/images/IU_1001_frontal.jpg,external_data/IU-Xray/images/IU_1001_lateral.jpg,1001,IU_1001,,preposition_truncation,,,,success,,100.0,100.0,0.0,0.0,1.0
IU_1001,1001,evidentiary_incomplete,VALID,"Readable evidence ""dyspnea"" is removed by clause_clinical_removal; residual is defensible and parser-complete.","dyspnea, subjective fevers, arthritis, immigrant from Bangladesh","subjective fevers, arthritis, immigrant from Bangladesh.",Interstitial markings are diffusely prominent throughout both lungs. Heart size is normal. Pulmonary XXXX normal.,Diffuse fibrosis. No visible focal acute disease.,external_data/IU-Xray/images/IU_1001_frontal.jpg,external_data/IU-Xray/images/IU_1001_lateral.jpg,1001,IU_1001,dyspnea,clause_clinical_removal,,,,success,,100.0,100.0,0.0,0.0,1.0
IU_1001,1001,irrelevant,VALID,Context provenance matches non-self donor UID 645; overlap screen passes.,"dyspnea, subjective fevers, arthritis, immigrant from Bangladesh","Weakness, vomiting, chest pain.",Interstitial markings are diffusely prominent throughout both lungs. Heart size is normal. Pulmonary XXXX normal.,Diffuse fibrosis. No visible focal acute disease.,external_data/IU-Xray/images/IU_1001_frontal.jpg,external_data/IU-Xray/images/IU_1001_lateral.jpg,645,IU_645,,deterministic_screened_donor_assignment,,,,success,,100.0,100.0,0.0,0.0,1.0
IU_1001,1001,conflicting,VALID,"Explicit opposite polarity: reference NEGATED, context AFFIRMED for cardiomegaly.","dyspnea, subjective fevers, arthritis, immigrant from Bangladesh",Cardiomegaly is present.,Interstitial markings are diffusely prominent throughout both lungs. Heart size is normal. Pulmonary XXXX normal.,Diffuse fibrosis. No visible focal acute disease.,external_data/IU-Xray/images/IU_1001_frontal.jpg,external_data/IU-Xray/images/IU_1001_lateral.jpg,1001,IU_1001,,,cardiomegaly_absence,explicit_reference_polarity_contradiction,heart size is normal,success,,100.0,100.0,0.0,0.0,1.0
IU_1001,1001,insufficient,VALID,Context is empty as required.,"dyspnea, subjective fevers, arthritis, immigrant from Bangladesh",,Interstitial markings are diffusely prominent throughout both lungs. Heart size is normal. Pulmonary XXXX normal.,Diffuse fibrosis. No visible focal acute disease.,external_data/IU-Xray/images/IU_1001_frontal.jpg,external_data/IU-Xray/images/IU_1001_lateral.jpg,1001,IU_1001,,,,,,success,,100.0,100.0,0.0,0.0,1.0
IU_1008,1008,sufficient,VALID,Original selected-study context is preserved exactly.,"XXXX-year-old male, abdominal pain and vomiting.","XXXX-year-old male, abdominal pain and vomiting.",Heart size and mediastinal contours are normal in appearance. No consolidative airspace opacities. No radiographic evidence of pleural effusion or pneumothorax. Visualized osseous structures appear intact.,No acute cardiopulmonary abnormality.,external_data/IU-Xray/images/IU_1008_frontal.jpg,external_data/IU-Xray/images/IU_1008_lateral.jpg,1008,IU_1008,,,,,,success,,100.0,100.0,0.0,0.0,1.0
IU_1008,1008,syntactic_incomplete,VALID,Existing parser detects unfinished syntax (dangling_conjunction).,"XXXX-year-old male, abdominal pain and vomiting.","XXXX-year-old male, abdominal pain and",Heart size and mediastinal contours are normal in appearance. No consolidative airspace opacities. No radiographic evidence of pleural effusion or pneumothorax. Visualized osseous structures appear intact.,No acute cardiopulmonary abnormality.,external_data/IU-Xray/images/IU_1008_frontal.jpg,external_data/IU-Xray/images/IU_1008_lateral.jpg,1008,IU_1008,,preposition_truncation,,,,success,,100.0,100.0,0.0,0.0,1.0
IU_1008,1008,evidentiary_incomplete,VALID,"Readable evidence ""abdominal pain"" is removed by clause_clinical_removal; residual is defensible and parser-complete.","XXXX-year-old male, abdominal pain and vomiting.","XXXX-year-old male, vomiting.",Heart size and mediastinal contours are normal in appearance. No consolidative airspace opacities. No radiographic evidence of pleural effusion or pneumothorax. Visualized osseous structures appear intact.,No acute cardiopulmonary abnormality.,external_data/IU-Xray/images/IU_1008_frontal.jpg,external_data/IU-Xray/images/IU_1008_lateral.jpg,1008,IU_1008,abdominal pain,clause_clinical_removal,,,,success,,100.0,100.0,0.0,0.0,1.0
IU_1008,1008,irrelevant,VALID,Context provenance matches non-self donor UID 254; overlap screen passes.,"XXXX-year-old male, abdominal pain and vomiting.","XXXX-year-old female MVA, chest pain",Heart size and mediastinal contours are normal in appearance. No consolidative airspace opacities. No radiographic evidence of pleural effusion or pneumothorax. Visualized osseous structures appear intact.,No acute cardiopulmonary abnormality.,external_data/IU-Xray/images/IU_1008_frontal.jpg,external_data/IU-Xray/images/IU_1008_lateral.jpg,254,IU_254,,deterministic_screened_donor_assignment,,,,success,,100.0,100.0,0.0,0.0,1.0
IU_1008,1008,conflicting,VALID,"Explicit opposite polarity: reference NEGATED, context AFFIRMED for pneumothorax.","XXXX-year-old male, abdominal pain and vomiting.",The patient has a pneumothorax.,Heart size and mediastinal contours are normal in appearance. No consolidative airspace opacities. No radiographic evidence of pleural effusion or pneumothorax. Visualized osseous structures appear intact.,No acute cardiopulmonary abnormality.,external_data/IU-Xray/images/IU_1008_frontal.jpg,external_data/IU-Xray/images/IU_1008_lateral.jpg,1008,IU_1008,,,pneumothorax_absence,explicit_reference_polarity_contradiction,no radiographic evidence of pleural effusion or pneumothorax,success,,100.0,100.0,0.0,0.0,1.0
IU_1008,1008,insufficient,VALID,Context is empty as required.,"XXXX-year-old male, abdominal pain and vomiting.",,Heart size and mediastinal contours are normal in appearance. No consolidative airspace opacities. No radiographic evidence of pleural effusion or pneumothorax. Visualized osseous structures appear intact.,No acute cardiopulmonary abnormality.,external_data/IU-Xray/images/IU_1008_frontal.jpg,external_data/IU-Xray/images/IU_1008_lateral.jpg,1008,IU_1008,,,,,,success,,100.0,100.0,0.0,0.0,1.0
IU_1025,1025,sufficient,VALID,Original selected-study context is preserved exactly.,XXXX-year-old female. Pain. Emesis.,XXXX-year-old female. Pain. Emesis.,"The cardiomediastinal silhouette is normal in size and contour. No focal consolidation, pneumothorax or large pleural effusion. Calcified granuloma, right base. Normal XXXX.",Negative for acute abnormality.,external_data/IU-Xray/images/IU_1025_frontal.jpg,external_data/IU-Xray/images/IU_1025_lateral.jpg,1025,IU_1025,,,,,,success,,100.0,100.0,0.0,0.0,1.0
IU_1025,1025,syntactic_incomplete,VALID,Existing parser detects unfinished syntax (dangling_conjunction).,XXXX-year-old female. Pain. Emesis.,XXXX-year-old female. Pain. Emesis and,"The cardiomediastinal silhouette is normal in size and contour. No focal consolidation, pneumothorax or large pleural effusion. Calcified granuloma, right base. Normal XXXX.",Negative for acute abnormality.,external_data/IU-Xray/images/IU_1025_frontal.jpg,external_data/IU-Xray/images/IU_1025_lateral.jpg,1025,IU_1025,,appended_conjunction_fallback,,,,success,,100.0,100.0,0.0,0.0,1.0
IU_1025,1025,evidentiary_incomplete,VALID,"Readable evidence ""Pain"" is removed by clause_clinical_removal; residual is defensible and parser-complete.",XXXX-year-old female. Pain. Emesis.,"XXXX-year-old female, Emesis.","The cardiomediastinal silhouette is normal in size and contour. No focal consolidation, pneumothorax or large pleural effusion. Calcified granuloma, right base. Normal XXXX.",Negative for acute abnormality.,external_data/IU-Xray/images/IU_1025_frontal.jpg,external_data/IU-Xray/images/IU_1025_lateral.jpg,1025,IU_1025,Pain,clause_clinical_removal,,,,success,,100.0,100.0,0.0,0.0,1.0
IU_1025,1025,irrelevant,VALID,Context provenance matches non-self donor UID 806; overlap screen passes.,XXXX-year-old female. Pain. Emesis.,"Pain, productive XXXX, shortness of breath.","The cardiomediastinal silhouette is normal in size and contour. No focal consolidation, pneumothorax or large pleural effusion. Calcified granuloma, right base. Normal XXXX.",Negative for acute abnormality.,external_data/IU-Xray/images/IU_1025_frontal.jpg,external_data/IU-Xray/images/IU_1025_lateral.jpg,806,IU_806,,deterministic_screened_donor_assignment,,,,success,,100.0,100.0,0.0,0.0,1.0
IU_1025,1025,conflicting,VALID,"Explicit opposite polarity: reference NEGATED, context AFFIRMED for pneumothorax.",XXXX-year-old female. Pain. Emesis.,The patient has a pneumothorax.,"The cardiomediastinal silhouette is normal in size and contour. No focal consolidation, pneumothorax or large pleural effusion. Calcified granuloma, right base. Normal XXXX.",Negative for acute abnormality.,external_data/IU-Xray/images/IU_1025_frontal.jpg,external_data/IU-Xray/images/IU_1025_lateral.jpg,1025,IU_1025,,,pneumothorax_absence,explicit_reference_polarity_contradiction,"no focal consolidation, pneumothorax or large pleural effusion",success,,100.0,100.0,0.0,0.0,1.0
IU_1025,1025,insufficient,VALID,Context is empty as required.,XXXX-year-old female. Pain. Emesis.,,"The cardiomediastinal silhouette is normal in size and contour. No focal consolidation, pneumothorax or large pleural effusion. Calcified granuloma, right base. Normal XXXX.",Negative for acute abnormality.,external_data/IU-Xray/images/IU_1025_frontal.jpg,external_data/IU-Xray/images/IU_1025_lateral.jpg,1025,IU_1025,,,,,,success,,100.0,100.0,0.0,0.0,1.0
IU_1034,1034,sufficient,VALID,Original selected-study context is preserved exactly.,"10 XXXX hx of XXXX, SOB, wheezing in XXXX XXXX","10 XXXX hx of XXXX, SOB, wheezing in XXXX XXXX",The heart and lungs have XXXX XXXX in the interval. Both lungs are clear and expanded. Right middle lobe calcified granuloma is unchanged. Heart and mediastinum unchanged. No change hiatus hernia.,No active disease.,external_data/IU-Xray/images/IU_1034_frontal.jpg,external_data/IU-Xray/images/IU_1034_lateral.jpg,1034,IU_1034,,,,,,success,,100.0,100.0,0.0,0.0,1.0
IU_1034,1034,syntactic_incomplete,VALID,Existing parser detects unfinished syntax (dangling_preposition).,"10 XXXX hx of XXXX, SOB, wheezing in XXXX XXXX",10 XXXX hx of,The heart and lungs have XXXX XXXX in the interval. Both lungs are clear and expanded. Right middle lobe calcified granuloma is unchanged. Heart and mediastinum unchanged. No change hiatus hernia.,No active disease.,external_data/IU-Xray/images/IU_1034_frontal.jpg,external_data/IU-Xray/images/IU_1034_lateral.jpg,1034,IU_1034,,pattern_truncation,,,,success,,100.0,100.0,0.0,0.0,1.0
IU_1034,1034,evidentiary_incomplete,VALID,"Readable evidence ""SOB"" is removed by clause_clinical_removal; residual is defensible and parser-complete.","10 XXXX hx of XXXX, SOB, wheezing in XXXX XXXX","10 XXXX hx of XXXX, wheezing in XXXX XXXX.",The heart and lungs have XXXX XXXX in the interval. Both lungs are clear and expanded. Right middle lobe calcified granuloma is unchanged. Heart and mediastinum unchanged. No change hiatus hernia.,No active disease.,external_data/IU-Xray/images/IU_1034_frontal.jpg,external_data/IU-Xray/images/IU_1034_lateral.jpg,1034,IU_1034,SOB,clause_clinical_removal,,,,success,,100.0,100.0,0.0,0.0,1.0
IU_1034,1034,irrelevant,VALID,Context provenance matches non-self donor UID 494; overlap screen passes.,"10 XXXX hx of XXXX, SOB, wheezing in XXXX XXXX","XXXX-year-old female, breast cancer, preoperative evaluation.",The heart and lungs have XXXX XXXX in the interval. Both lungs are clear and expanded. Right middle lobe calcified granuloma is unchanged. Heart and mediastinum unchanged. No change hiatus hernia.,No active disease.,external_data/IU-Xray/images/IU_1034_frontal.jpg,external_data/IU-Xray/images/IU_1034_lateral.jpg,494,IU_494,,deterministic_screened_donor_assignment,,,,success,,100.0,100.0,0.0,0.0,1.0
IU_1034,1034,conflicting,VALID,"Explicit opposite polarity: reference NEGATED, context AFFIRMED for pneumonia.","10 XXXX hx of XXXX, SOB, wheezing in XXXX XXXX",The patient has pneumonia.,The heart and lungs have XXXX XXXX in the interval. Both lungs are clear and expanded. Right middle lobe calcified granuloma is unchanged. Heart and mediastinum unchanged. No change hiatus hernia.,No active disease.,external_data/IU-Xray/images/IU_1034_frontal.jpg,external_data/IU-Xray/images/IU_1034_lateral.jpg,1034,IU_1034,,,pneumonia_absence,explicit_reference_polarity_contradiction,both lungs are clear and expanded,success,,100.0,100.0,0.0,0.0,1.0
IU_1034,1034,insufficient,VALID,Context is empty as required.,"10 XXXX hx of XXXX, SOB, wheezing in XXXX XXXX",,The heart and lungs have XXXX XXXX in the interval. Both lungs are clear and expanded. Right middle lobe calcified granuloma is unchanged. Heart and mediastinum unchanged. No change hiatus hernia.,No active disease.,external_data/IU-Xray/images/IU_1034_frontal.jpg,external_data/IU-Xray/images/IU_1034_lateral.jpg,1034,IU_1034,,,,,,success,,100.0,100.0,0.0,0.0,1.0
IU_1059,1059,sufficient,VALID,Original selected-study context is preserved exactly.,History of pneumonia. Hemoptysis.,History of pneumonia. Hemoptysis.,Stable cardiomediastinal silhouette with tortuous aorta. Prior granulomatous disease. No pneumothorax or pleural effusion. Stable retrocardiac airspace opacity.,Stable retrocardiac airspace opacity.,external_data/IU-Xray/images/IU_1059_frontal.jpg,,1059,IU_1059,,,,,,success,,100.0,100.0,0.0,0.0,1.0
IU_1059,1059,syntactic_incomplete,VALID,Existing parser detects unfinished syntax (dangling_preposition).,History of pneumonia. Hemoptysis.,History of,Stable cardiomediastinal silhouette with tortuous aorta. Prior granulomatous disease. No pneumothorax or pleural effusion. Stable retrocardiac airspace opacity.,Stable retrocardiac airspace opacity.,external_data/IU-Xray/images/IU_1059_frontal.jpg,,1059,IU_1059,,pattern_truncation,,,,success,,100.0,100.0,0.0,0.0,1.0
IU_1059,1059,evidentiary_incomplete,VALID,"Readable evidence ""History of pneumonia"" is removed by clause_clinical_removal; residual is defensible and parser-complete.",History of pneumonia. Hemoptysis.,Hemoptysis.,Stable cardiomediastinal silhouette with tortuous aorta. Prior granulomatous disease. No pneumothorax or pleural effusion. Stable retrocardiac airspace opacity.,Stable retrocardiac airspace opacity.,external_data/IU-Xray/images/IU_1059_frontal.jpg,,1059,IU_1059,History of pneumonia,clause_clinical_removal,,,,success,,100.0,100.0,0.0,0.0,1.0
IU_1059,1059,irrelevant,VALID,Context provenance matches non-self donor UID 597; overlap screen passes.,History of pneumonia. Hemoptysis.,XXXX-year-old female with right-sided pleuritic chest pain. Laparoscopic surgery yesterday.,Stable cardiomediastinal silhouette with tortuous aorta. Prior granulomatous disease. No pneumothorax or pleural effusion. Stable retrocardiac airspace opacity.,Stable retrocardiac airspace opacity.,external_data/IU-Xray/images/IU_1059_frontal.jpg,,597,IU_597,,deterministic_screened_donor_assignment,,,,success,,100.0,100.0,0.0,0.0,1.0
IU_1059,1059,conflicting,VALID,"Explicit opposite polarity: reference NEGATED, context AFFIRMED for pneumothorax.",History of pneumonia. Hemoptysis.,The patient has a pneumothorax.,Stable cardiomediastinal silhouette with tortuous aorta. Prior granulomatous disease. No pneumothorax or pleural effusion. Stable retrocardiac airspace opacity.,Stable retrocardiac airspace opacity.,external_data/IU-Xray/images/IU_1059_frontal.jpg,,1059,IU_1059,,,pneumothorax_absence,explicit_reference_polarity_contradiction,no pneumothorax or pleural effusion,success,,100.0,100.0,0.0,0.0,1.0
IU_1059,1059,insufficient,VALID,Context is empty as required.,History of pneumonia. Hemoptysis.,,Stable cardiomediastinal silhouette with tortuous aorta. Prior granulomatous disease. No pneumothorax or pleural effusion. Stable retrocardiac airspace opacity.,Stable retrocardiac airspace opacity.,external_data/IU-Xray/images/IU_1059_frontal.jpg,,1059,IU_1059,,,,,,success,,100.0,100.0,0.0,0.0,1.0
IU_1097,1097,sufficient,VALID,Original selected-study context is preserved exactly.,XXXX onset shortness of breath. Hypoxia with oxygen saturation at 79% on room air. 98% on 6 liters.,XXXX onset shortness of breath. Hypoxia with oxygen saturation at 79% on room air. 98% on 6 liters.,"Heart size and mediastinal contours are within normal limits. Diffuse bilateral calcified sequelae of prior granulomatous infection. No pulmonary vascular congestion. No XXXX edema. No focal consolidation. There is no visible pleural effusion or pneumothorax. There is mild anterior wedging of a lower thoracic vertebral body, approximately T11 level.",1. No acute cardiopulmonary abnormality. 2. Mild age indeterminate anterior wedging at the T11 level.,external_data/IU-Xray/images/IU_1097_frontal.jpg,external_data/IU-Xray/images/IU_1097_lateral.jpg,1097,IU_1097,,,,,,success,,100.0,100.0,0.0,0.0,1.0
IU_1097,1097,syntactic_incomplete,VALID,Existing parser detects unfinished syntax (dangling_preposition).,XXXX onset shortness of breath. Hypoxia with oxygen saturation at 79% on room air. 98% on 6 liters.,XXXX onset shortness of,"Heart size and mediastinal contours are within normal limits. Diffuse bilateral calcified sequelae of prior granulomatous infection. No pulmonary vascular congestion. No XXXX edema. No focal consolidation. There is no visible pleural effusion or pneumothorax. There is mild anterior wedging of a lower thoracic vertebral body, approximately T11 level.",1. No acute cardiopulmonary abnormality. 2. Mild age indeterminate anterior wedging at the T11 level.,external_data/IU-Xray/images/IU_1097_frontal.jpg,external_data/IU-Xray/images/IU_1097_lateral.jpg,1097,IU_1097,,preposition_truncation,,,,success,,100.0,100.0,0.0,0.0,1.0
IU_1097,1097,evidentiary_incomplete,VALID,"Readable evidence ""XXXX onset shortness of breath"" is removed by clause_clinical_removal; residual is defensible and parser-complete.",XXXX onset shortness of breath. Hypoxia with oxygen saturation at 79% on room air. 98% on 6 liters.,"Hypoxia, oxygen saturation at 79% on room air, 98% on 6 liters.","Heart size and mediastinal contours are within normal limits. Diffuse bilateral calcified sequelae of prior granulomatous infection. No pulmonary vascular congestion. No XXXX edema. No focal consolidation. There is no visible pleural effusion or pneumothorax. There is mild anterior wedging of a lower thoracic vertebral body, approximately T11 level.",1. No acute cardiopulmonary abnormality. 2. Mild age indeterminate anterior wedging at the T11 level.,external_data/IU-Xray/images/IU_1097_frontal.jpg,external_data/IU-Xray/images/IU_1097_lateral.jpg,1097,IU_1097,XXXX onset shortness of breath,clause_clinical_removal,,,,success,,100.0,100.0,0.0,0.0,1.0
IU_1097,1097,irrelevant,VALID,Context provenance matches non-self donor UID 451; overlap screen passes.,XXXX onset shortness of breath. Hypoxia with oxygen saturation at 79% on room air. 98% on 6 liters.,Bilateral hip pain with osteoarthritis. Possible hip replacement.,"Heart size and mediastinal contours are within normal limits. Diffuse bilateral calcified sequelae of prior granulomatous infection. No pulmonary vascular congestion. No XXXX edema. No focal consolidation. There is no visible pleural effusion or pneumothorax. There is mild anterior wedging of a lower thoracic vertebral body, approximately T11 level.",1. No acute cardiopulmonary abnormality. 2. Mild age indeterminate anterior wedging at the T11 level.,external_data/IU-Xray/images/IU_1097_frontal.jpg,external_data/IU-Xray/images/IU_1097_lateral.jpg,451,IU_451,,deterministic_screened_donor_assignment,,,,success,,100.0,100.0,0.0,0.0,1.0
IU_1097,1097,conflicting,VALID,"Explicit opposite polarity: reference NEGATED, context AFFIRMED for pneumothorax.",XXXX onset shortness of breath. Hypoxia with oxygen saturation at 79% on room air. 98% on 6 liters.,The patient has a pneumothorax.,"Heart size and mediastinal contours are within normal limits. Diffuse bilateral calcified sequelae of prior granulomatous infection. No pulmonary vascular congestion. No XXXX edema. No focal consolidation. There is no visible pleural effusion or pneumothorax. There is mild anterior wedging of a lower thoracic vertebral body, approximately T11 level.",1. No acute cardiopulmonary abnormality. 2. Mild age indeterminate anterior wedging at the T11 level.,external_data/IU-Xray/images/IU_1097_frontal.jpg,external_data/IU-Xray/images/IU_1097_lateral.jpg,1097,IU_1097,,,pneumothorax_absence,explicit_reference_polarity_contradiction,there is no visible pleural effusion or pneumothorax,success,,100.0,100.0,0.0,0.0,1.0
IU_1097,1097,insufficient,VALID,Context is empty as required.,XXXX onset shortness of breath. Hypoxia with oxygen saturation at 79% on room air. 98% on 6 liters.,,"Heart size and mediastinal contours are within normal limits. Diffuse bilateral calcified sequelae of prior granulomatous infection. No pulmonary vascular congestion. No XXXX edema. No focal consolidation. There is no visible pleural effusion or pneumothorax. There is mild anterior wedging of a lower thoracic vertebral body, approximately T11 level.",1. No acute cardiopulmonary abnormality. 2. Mild age indeterminate anterior wedging at the T11 level.,external_data/IU-Xray/images/IU_1097_frontal.jpg,external_data/IU-Xray/images/IU_1097_lateral.jpg,1097,IU_1097,,,,,,success,,100.0,100.0,0.0,0.0,1.0
IU_1114,1114,sufficient,VALID,Original selected-study context is preserved exactly.,Low back pain and left chest pain,Low back pain and left chest pain,The heart is normal in size. The mediastinum is unremarkable. The lungs are clear.,No acute disease.,external_data/IU-Xray/images/IU_1114_frontal.jpg,external_data/IU-Xray/images/IU_1114_lateral.jpg,1114,IU_1114,,,,,,success,,100.0,100.0,0.0,0.0,1.0
IU_1114,1114,syntactic_incomplete,VALID,Existing parser detects unfinished syntax (dangling_conjunction).,Low back pain and left chest pain,Low back pain and,The heart is normal in size. The mediastinum is unremarkable. The lungs are clear.,No acute disease.,external_data/IU-Xray/images/IU_1114_frontal.jpg,external_data/IU-Xray/images/IU_1114_lateral.jpg,1114,IU_1114,,preposition_truncation,,,,success,,100.0,100.0,0.0,0.0,1.0
IU_1114,1114,evidentiary_incomplete,VALID,"Readable evidence ""Low back pain"" is removed by clause_clinical_removal; residual is defensible and parser-complete.",Low back pain and left chest pain,left chest pain.,The heart is normal in size. The mediastinum is unremarkable. The lungs are clear.,No acute disease.,external_data/IU-Xray/images/IU_1114_frontal.jpg,external_data/IU-Xray/images/IU_1114_lateral.jpg,1114,IU_1114,Low back pain,clause_clinical_removal,,,,success,,100.0,100.0,0.0,0.0,1.0
IU_1114,1114,irrelevant,VALID,Context provenance matches non-self donor UID 304; overlap screen passes.,Low back pain and left chest pain,Chest pain and shortness of breath x1 hour.,The heart is normal in size. The mediastinum is unremarkable. The lungs are clear.,No acute disease.,external_data/IU-Xray/images/IU_1114_frontal.jpg,external_data/IU-Xray/images/IU_1114_lateral.jpg,304,IU_304,,deterministic_screened_donor_assignment,,,,success,,100.0,100.0,0.0,0.0,1.0
IU_1114,1114,conflicting,VALID,"Explicit opposite polarity: reference NEGATED, context AFFIRMED for cardiomegaly.",Low back pain and left chest pain,Cardiomegaly is present.,The heart is normal in size. The mediastinum is unremarkable. The lungs are clear.,No acute disease.,external_data/IU-Xray/images/IU_1114_frontal.jpg,external_data/IU-Xray/images/IU_1114_lateral.jpg,1114,IU_1114,,,cardiomegaly_absence,explicit_reference_polarity_contradiction,the heart is normal in size,success,,100.0,100.0,0.0,0.0,1.0
IU_1114,1114,insufficient,VALID,Context is empty as required.,Low back pain and left chest pain,,The heart is normal in size. The mediastinum is unremarkable. The lungs are clear.,No acute disease.,external_data/IU-Xray/images/IU_1114_frontal.jpg,external_data/IU-Xray/images/IU_1114_lateral.jpg,1114,IU_1114,,,,,,success,,100.0,100.0,0.0,0.0,1.0
IU_1165,1165,sufficient,VALID,Original selected-study context is preserved exactly.,Chest pain. Shortness of breath. The patient's lower abdomen was shielded for this exam.,Chest pain. Shortness of breath. The patient's lower abdomen was shielded for this exam.,"Frontal and lateral views of the chest show normal size and configuration of the cardiac silhouette. Normal mediastinal contour, pulmonary XXXX and vasculature, central airways and lung volumes. No pleural effusion.","No acute or active cardiac, pulmonary or pleural disease.",external_data/IU-Xray/images/IU_1165_frontal.jpg,,1165,IU_1165,,,,,,success,,100.0,100.0,0.0,0.0,1.0
IU_1165,1165,syntactic_incomplete,VALID,Existing parser detects unfinished syntax (dangling_preposition).,Chest pain. Shortness of breath. The patient's lower abdomen was shielded for this exam.,Chest pain. Shortness of,"Frontal and lateral views of the chest show normal size and configuration of the cardiac silhouette. Normal mediastinal contour, pulmonary XXXX and vasculature, central airways and lung volumes. No pleural effusion.","No acute or active cardiac, pulmonary or pleural disease.",external_data/IU-Xray/images/IU_1165_frontal.jpg,,1165,IU_1165,,preposition_truncation,,,,success,,100.0,100.0,0.0,0.0,1.0
IU_1165,1165,evidentiary_incomplete,VALID,"Readable evidence ""Chest pain"" is removed by clause_clinical_removal; residual is defensible and parser-complete.",Chest pain. Shortness of breath. The patient's lower abdomen was shielded for this exam.,"Shortness of breath, The patient's lower abdomen was shielded for this exam.","Frontal and lateral views of the chest show normal size and configuration of the cardiac silhouette. Normal mediastinal contour, pulmonary XXXX and vasculature, central airways and lung volumes. No pleural effusion.","No acute or active cardiac, pulmonary or pleural disease.",external_data/IU-Xray/images/IU_1165_frontal.jpg,,1165,IU_1165,Chest pain,clause_clinical_removal,,,,success,,100.0,100.0,0.0,0.0,1.0
IU_1165,1165,irrelevant,VALID,Context provenance matches non-self donor UID 417; overlap screen passes.,Chest pain. Shortness of breath. The patient's lower abdomen was shielded for this exam.,"The patient is a XXXX-year-old female scheduled for right breast surgery, for XXXX cancer diagnosis. History of XXXX.","Frontal and lateral views of the chest show normal size and configuration of the cardiac silhouette. Normal mediastinal contour, pulmonary XXXX and vasculature, central airways and lung volumes. No pleural effusion.","No acute or active cardiac, pulmonary or pleural disease.",external_data/IU-Xray/images/IU_1165_frontal.jpg,,417,IU_417,,deterministic_screened_donor_assignment,,,,success,,100.0,100.0,0.0,0.0,1.0
IU_1165,1165,conflicting,VALID,"Explicit opposite polarity: reference NEGATED, context AFFIRMED for pleural_effusion.",Chest pain. Shortness of breath. The patient's lower abdomen was shielded for this exam.,The patient has a pleural effusion.,"Frontal and lateral views of the chest show normal size and configuration of the cardiac silhouette. Normal mediastinal contour, pulmonary XXXX and vasculature, central airways and lung volumes. No pleural effusion.","No acute or active cardiac, pulmonary or pleural disease.",external_data/IU-Xray/images/IU_1165_frontal.jpg,,1165,IU_1165,,,pleural_effusion_absence,explicit_reference_polarity_contradiction,no pleural effusion,success,,100.0,100.0,0.0,0.0,1.0
IU_1165,1165,insufficient,VALID,Context is empty as required.,Chest pain. Shortness of breath. The patient's lower abdomen was shielded for this exam.,,"Frontal and lateral views of the chest show normal size and configuration of the cardiac silhouette. Normal mediastinal contour, pulmonary XXXX and vasculature, central airways and lung volumes. No pleural effusion.","No acute or active cardiac, pulmonary or pleural disease.",external_data/IU-Xray/images/IU_1165_frontal.jpg,,1165,IU_1165,,,,,,success,,100.0,100.0,0.0,0.0,1.0
IU_1172,1172,sufficient,VALID,Original selected-study context is preserved exactly.,Midsternal chest pain radiating to left arm. Shortness of breath.,Midsternal chest pain radiating to left arm. Shortness of breath.,"The cardiomediastinal silhouette and pulmonary vasculature are within normal limits in size. The lungs are clear of focal airspace disease, pneumothorax, or pleural effusion. There are no acute bony findings.",No acute cardiopulmonary findings.,external_data/IU-Xray/images/IU_1172_frontal.jpg,,1172,IU_1172,,,,,,success,,100.0,100.0,0.0,0.0,1.0
IU_1172,1172,syntactic_incomplete,VALID,Existing parser detects unfinished syntax (dangling_preposition).,Midsternal chest pain radiating to left arm. Shortness of breath.,Midsternal chest pain radiating to,"The cardiomediastinal silhouette and pulmonary vasculature are within normal limits in size. The lungs are clear of focal airspace disease, pneumothorax, or pleural effusion. There are no acute bony findings.",No acute cardiopulmonary findings.,external_data/IU-Xray/images/IU_1172_frontal.jpg,,1172,IU_1172,,preposition_truncation,,,,success,,100.0,100.0,0.0,0.0,1.0
IU_1172,1172,evidentiary_incomplete,VALID,"Readable evidence ""Midsternal chest pain radiating to left arm"" is removed by clause_clinical_removal; residual is defensible and parser-complete.",Midsternal chest pain radiating to left arm. Shortness of breath.,Shortness of breath.,"The cardiomediastinal silhouette and pulmonary vasculature are within normal limits in size. The lungs are clear of focal airspace disease, pneumothorax, or pleural effusion. There are no acute bony findings.",No acute cardiopulmonary findings.,external_data/IU-Xray/images/IU_1172_frontal.jpg,,1172,IU_1172,Midsternal chest pain radiating to left arm,clause_clinical_removal,,,,success,,100.0,100.0,0.0,0.0,1.0
IU_1172,1172,irrelevant,VALID,Context provenance matches non-self donor UID 486; overlap screen passes.,Midsternal chest pain radiating to left arm. Shortness of breath.,"Infection, XXXX, shortness of breath","The cardiomediastinal silhouette and pulmonary vasculature are within normal limits in size. The lungs are clear of focal airspace disease, pneumothorax, or pleural effusion. There are no acute bony findings.",No acute cardiopulmonary findings.,external_data/IU-Xray/images/IU_1172_frontal.jpg,,486,IU_486,,deterministic_screened_donor_assignment,,,,success,,100.0,100.0,0.0,0.0,1.0
IU_1172,1172,conflicting,VALID,"Explicit opposite polarity: reference AFFIRMED, context NEGATED for pneumothorax.",Midsternal chest pain radiating to left arm. Shortness of breath.,No pneumothorax is suspected.,"The cardiomediastinal silhouette and pulmonary vasculature are within normal limits in size. The lungs are clear of focal airspace disease, pneumothorax, or pleural effusion. There are no acute bony findings.",No acute cardiopulmonary findings.,external_data/IU-Xray/images/IU_1172_frontal.jpg,,1172,IU_1172,,,pneumothorax_presence,explicit_reference_polarity_contradiction,"the lungs are clear of focal airspace disease, pneumothorax, or pleural effusion",success,,100.0,100.0,0.0,0.0,1.0
IU_1172,1172,insufficient,VALID,Context is empty as required.,Midsternal chest pain radiating to left arm. Shortness of breath.,,"The cardiomediastinal silhouette and pulmonary vasculature are within normal limits in size. The lungs are clear of focal airspace disease, pneumothorax, or pleural effusion. There are no acute bony findings.",No acute cardiopulmonary findings.,external_data/IU-Xray/images/IU_1172_frontal.jpg,,1172,IU_1172,,,,,,success,,100.0,100.0,0.0,0.0,1.0
IU_1173,1173,sufficient,VALID,Original selected-study context is preserved exactly.,XXXX-year-old female with shortness of breath. History of COPD.,XXXX-year-old female with shortness of breath. History of COPD.,"PA and moderate loss of the chest demonstrate stable moderate cardiomediastinal silhouette with atherosclerotic calcifications of the aortic XXXX and mild aortic ectasia. Emphysematous changes with flattening of the hemidiaphragms. Blunting of the costophrenic XXXX, and XXXX secondary to scarring/emphysematous changes. No evidence of focal airspace consolidation large pleural effusion or pneumothorax. Visualized osseous structures appear intact.",Emphysematous changes without evidence of focal airspace disease or pulmonary edema.,external_data/IU-Xray/images/IU_1173_frontal.jpg,external_data/IU-Xray/images/IU_1173_lateral.jpg,1173,IU_1173,,,,,,success,,100.0,100.0,0.0,0.0,1.0
IU_1173,1173,syntactic_incomplete,VALID,Existing parser detects unfinished syntax (dangling_preposition).,XXXX-year-old female with shortness of breath. History of COPD.,XXXX-year-old female with shortness of breath. History of,"PA and moderate loss of the chest demonstrate stable moderate cardiomediastinal silhouette with atherosclerotic calcifications of the aortic XXXX and mild aortic ectasia. Emphysematous changes with flattening of the hemidiaphragms. Blunting of the costophrenic XXXX, and XXXX secondary to scarring/emphysematous changes. No evidence of focal airspace consolidation large pleural effusion or pneumothorax. Visualized osseous structures appear intact.",Emphysematous changes without evidence of focal airspace disease or pulmonary edema.,external_data/IU-Xray/images/IU_1173_frontal.jpg,external_data/IU-Xray/images/IU_1173_lateral.jpg,1173,IU_1173,,pattern_truncation,,,,success,,100.0,100.0,0.0,0.0,1.0
IU_1173,1173,evidentiary_incomplete,VALID,"Readable evidence ""shortness of breath"" is removed by clause_clinical_removal; residual is defensible and parser-complete.",XXXX-year-old female with shortness of breath. History of COPD.,"XXXX-year-old female, History of COPD.","PA and moderate loss of the chest demonstrate stable moderate cardiomediastinal silhouette with atherosclerotic calcifications of the aortic XXXX and mild aortic ectasia. Emphysematous changes with flattening of the hemidiaphragms. Blunting of the costophrenic XXXX, and XXXX secondary to scarring/emphysematous changes. No evidence of focal airspace consolidation large pleural effusion or pneumothorax. Visualized osseous structures appear intact.",Emphysematous changes without evidence of focal airspace disease or pulmonary edema.,external_data/IU-Xray/images/IU_1173_frontal.jpg,external_data/IU-Xray/images/IU_1173_lateral.jpg,1173,IU_1173,shortness of breath,clause_clinical_removal,,,,success,,100.0,100.0,0.0,0.0,1.0
IU_1173,1173,irrelevant,VALID,Context provenance matches non-self donor UID 854; overlap screen passes.,XXXX-year-old female with shortness of breath. History of COPD.,Preoperative evaluation prior to prostate cancer surgery. Evaluate for metastatic disease.,"PA and moderate loss of the chest demonstrate stable moderate cardiomediastinal silhouette with atherosclerotic calcifications of the aortic XXXX and mild aortic ectasia. Emphysematous changes with flattening of the hemidiaphragms. Blunting of the costophrenic XXXX, and XXXX secondary to scarring/emphysematous changes. No evidence of focal airspace consolidation large pleural effusion or pneumothorax. Visualized osseous structures appear intact.",Emphysematous changes without evidence of focal airspace disease or pulmonary edema.,external_data/IU-Xray/images/IU_1173_frontal.jpg,external_data/IU-Xray/images/IU_1173_lateral.jpg,854,IU_854,,deterministic_screened_donor_assignment,,,,success,,100.0,100.0,0.0,0.0,1.0
IU_1173,1173,conflicting,VALID,"Explicit opposite polarity: reference NEGATED, context AFFIRMED for pneumothorax.",XXXX-year-old female with shortness of breath. History of COPD.,The patient has a pneumothorax.,"PA and moderate loss of the chest demonstrate stable moderate cardiomediastinal silhouette with atherosclerotic calcifications of the aortic XXXX and mild aortic ectasia. Emphysematous changes with flattening of the hemidiaphragms. Blunting of the costophrenic XXXX, and XXXX secondary to scarring/emphysematous changes. No evidence of focal airspace consolidation large pleural effusion or pneumothorax. Visualized osseous structures appear intact.",Emphysematous changes without evidence of focal airspace disease or pulmonary edema.,external_data/IU-Xray/images/IU_1173_frontal.jpg,external_data/IU-Xray/images/IU_1173_lateral.jpg,1173,IU_1173,,,pneumothorax_absence,explicit_reference_polarity_contradiction,no evidence of focal airspace consolidation large pleural effusion or pneumothorax,success,,100.0,100.0,0.0,0.0,1.0
IU_1173,1173,insufficient,VALID,Context is empty as required.,XXXX-year-old female with shortness of breath. History of COPD.,,"PA and moderate loss of the chest demonstrate stable moderate cardiomediastinal silhouette with atherosclerotic calcifications of the aortic XXXX and mild aortic ectasia. Emphysematous changes with flattening of the hemidiaphragms. Blunting of the costophrenic XXXX, and XXXX secondary to scarring/emphysematous changes. No evidence of focal airspace consolidation large pleural effusion or pneumothorax. Visualized osseous structures appear intact.",Emphysematous changes without evidence of focal airspace disease or pulmonary edema.,external_data/IU-Xray/images/IU_1173_frontal.jpg,external_data/IU-Xray/images/IU_1173_lateral.jpg,1173,IU_1173,,,,,,success,,100.0,100.0,0.0,0.0,1.0
IU_1205,1205,sufficient,VALID,Original selected-study context is preserved exactly.,XXXX-year-old with dyspnea. Preop for bariatric studies.,XXXX-year-old with dyspnea. Preop for bariatric studies.,Normal heart size. Clear lungs without pneumothorax or pleural effusion.,Normal chest exam.,external_data/IU-Xray/images/IU_1205_frontal.jpg,external_data/IU-Xray/images/IU_1205_lateral.jpg,1205,IU_1205,,,,,,success,,100.0,100.0,0.0,0.0,1.0
IU_1205,1205,syntactic_incomplete,VALID,Existing parser detects unfinished syntax (dangling_preposition).,XXXX-year-old with dyspnea. Preop for bariatric studies.,XXXX-year-old with,Normal heart size. Clear lungs without pneumothorax or pleural effusion.,Normal chest exam.,external_data/IU-Xray/images/IU_1205_frontal.jpg,external_data/IU-Xray/images/IU_1205_lateral.jpg,1205,IU_1205,,preposition_truncation,,,,success,,100.0,100.0,0.0,0.0,1.0
IU_1205,1205,evidentiary_incomplete,VALID,"Readable evidence ""dyspnea"" is removed by clause_clinical_removal; residual is defensible and parser-complete.",XXXX-year-old with dyspnea. Preop for bariatric studies.,"XXXX-year-old, Preop for bariatric studies.",Normal heart size. Clear lungs without pneumothorax or pleural effusion.,Normal chest exam.,external_data/IU-Xray/images/IU_1205_frontal.jpg,external_data/IU-Xray/images/IU_1205_lateral.jpg,1205,IU_1205,dyspnea,clause_clinical_removal,,,,success,,100.0,100.0,0.0,0.0,1.0
IU_1205,1205,irrelevant,VALID,Context provenance matches non-self donor UID 502; overlap screen passes.,XXXX-year-old with dyspnea. Preop for bariatric studies.,"The patient is a XXXX-year-old male with abdominal pain, question of small bowel obstruction. XXXX onset XXXX and wheezing in bilateral lung XXXX.",Normal heart size. Clear lungs without pneumothorax or pleural effusion.,Normal chest exam.,external_data/IU-Xray/images/IU_1205_frontal.jpg,external_data/IU-Xray/images/IU_1205_lateral.jpg,502,IU_502,,deterministic_screened_donor_assignment,,,,success,,100.0,100.0,0.0,0.0,1.0
IU_1205,1205,conflicting,VALID,"Explicit opposite polarity: reference NEGATED, context AFFIRMED for pneumothorax.",XXXX-year-old with dyspnea. Preop for bariatric studies.,The patient has a pneumothorax.,Normal heart size. Clear lungs without pneumothorax or pleural effusion.,Normal chest exam.,external_data/IU-Xray/images/IU_1205_frontal.jpg,external_data/IU-Xray/images/IU_1205_lateral.jpg,1205,IU_1205,,,pneumothorax_absence,explicit_reference_polarity_contradiction,clear lungs without pneumothorax or pleural effusion,success,,100.0,100.0,0.0,0.0,1.0
IU_1205,1205,insufficient,VALID,Context is empty as required.,XXXX-year-old with dyspnea. Preop for bariatric studies.,,Normal heart size. Clear lungs without pneumothorax or pleural effusion.,Normal chest exam.,external_data/IU-Xray/images/IU_1205_frontal.jpg,external_data/IU-Xray/images/IU_1205_lateral.jpg,1205,IU_1205,,,,,,success,,100.0,100.0,0.0,0.0,1.0
