sample_id,uid,condition,image_path,benchmark_frontal_image,lateral_image_path,image_available,file_size_bytes,image_readable,image_verify_ok,width,height,eligible_for_vlm,exclusion_reason
IU_32,32,sufficient,external_data/IU-Xray/images/IU_32_frontal.jpg,external_data/IU-Xray/images/IU_32_frontal.jpg,external_data/IU-Xray/images/IU_32_lateral.jpg,True,214452,True,True,2051,2048,True,
IU_32,32,syntactic_incomplete,external_data/IU-Xray/images/IU_32_frontal.jpg,external_data/IU-Xray/images/IU_32_frontal.jpg,external_data/IU-Xray/images/IU_32_lateral.jpg,True,214452,True,True,2051,2048,True,
IU_32,32,evidentiary_incomplete,external_data/IU-Xray/images/IU_32_frontal.jpg,external_data/IU-Xray/images/IU_32_frontal.jpg,external_data/IU-Xray/images/IU_32_lateral.jpg,True,214452,True,True,2051,2048,True,
IU_32,32,irrelevant,external_data/IU-Xray/images/IU_32_frontal.jpg,external_data/IU-Xray/images/IU_32_frontal.jpg,external_data/IU-Xray/images/IU_32_lateral.jpg,True,214452,True,True,2051,2048,True,
IU_32,32,conflicting,external_data/IU-Xray/images/IU_32_frontal.jpg,external_data/IU-Xray/images/IU_32_frontal.jpg,external_data/IU-Xray/images/IU_32_lateral.jpg,True,214452,True,True,2051,2048,True,
IU_32,32,insufficient,external_data/IU-Xray/images/IU_32_frontal.jpg,external_data/IU-Xray/images/IU_32_frontal.jpg,external_data/IU-Xray/images/IU_32_lateral.jpg,True,214452,True,True,2051,2048,True,
IU_36,36,sufficient,external_data/IU-Xray/images/IU_36_frontal.jpg,external_data/IU-Xray/images/IU_36_frontal.jpg,external_data/IU-Xray/images/IU_36_lateral.jpg,True,300010,True,True,2048,2496,True,
IU_36,36,syntactic_incomplete,external_data/IU-Xray/images/IU_36_frontal.jpg,external_data/IU-Xray/images/IU_36_frontal.jpg,external_data/IU-Xray/images/IU_36_lateral.jpg,True,300010,True,True,2048,2496,True,
IU_36,36,evidentiary_incomplete,external_data/IU-Xray/images/IU_36_frontal.jpg,external_data/IU-Xray/images/IU_36_frontal.jpg,external_data/IU-Xray/images/IU_36_lateral.jpg,True,300010,True,True,2048,2496,True,
IU_36,36,irrelevant,external_data/IU-Xray/images/IU_36_frontal.jpg,external_data/IU-Xray/images/IU_36_frontal.jpg,external_data/IU-Xray/images/IU_36_lateral.jpg,True,300010,True,True,2048,2496,True,
IU_36,36,conflicting,external_data/IU-Xray/images/IU_36_frontal.jpg,external_data/IU-Xray/images/IU_36_frontal.jpg,external_data/IU-Xray/images/IU_36_lateral.jpg,True,300010,True,True,2048,2496,True,
IU_36,36,insufficient,external_data/IU-Xray/images/IU_36_frontal.jpg,external_data/IU-Xray/images/IU_36_frontal.jpg,external_data/IU-Xray/images/IU_36_lateral.jpg,True,300010,True,True,2048,2496,True,
IU_44,44,sufficient,external_data/IU-Xray/images/IU_44_frontal.jpg,external_data/IU-Xray/images/IU_44_frontal.jpg,,True,268500,True,True,2048,2070,True,
IU_44,44,syntactic_incomplete,external_data/IU-Xray/images/IU_44_frontal.jpg,external_data/IU-Xray/images/IU_44_frontal.jpg,,True,268500,True,True,2048,2070,True,
IU_44,44,evidentiary_incomplete,external_data/IU-Xray/images/IU_44_frontal.jpg,external_data/IU-Xray/images/IU_44_frontal.jpg,,True,268500,True,True,2048,2070,True,
IU_44,44,irrelevant,external_data/IU-Xray/images/IU_44_frontal.jpg,external_data/IU-Xray/images/IU_44_frontal.jpg,,True,268500,True,True,2048,2070,True,
IU_44,44,conflicting,external_data/IU-Xray/images/IU_44_frontal.jpg,external_data/IU-Xray/images/IU_44_frontal.jpg,,True,268500,True,True,2048,2070,True,
IU_44,44,insufficient,external_data/IU-Xray/images/IU_44_frontal.jpg,external_data/IU-Xray/images/IU_44_frontal.jpg,,True,268500,True,True,2048,2070,True,
IU_49,49,sufficient,external_data/IU-Xray/images/IU_49_frontal.jpg,external_data/IU-Xray/images/IU_49_frontal.jpg,external_data/IU-Xray/images/IU_49_lateral.jpg,True,302387,True,True,2496,2048,True,
IU_49,49,syntactic_incomplete,external_data/IU-Xray/images/IU_49_frontal.jpg,external_data/IU-Xray/images/IU_49_frontal.jpg,external_data/IU-Xray/images/IU_49_lateral.jpg,True,302387,True,True,2496,2048,True,
IU_49,49,evidentiary_incomplete,external_data/IU-Xray/images/IU_49_frontal.jpg,external_data/IU-Xray/images/IU_49_frontal.jpg,external_data/IU-Xray/images/IU_49_lateral.jpg,True,302387,True,True,2496,2048,True,
IU_49,49,irrelevant,external_data/IU-Xray/images/IU_49_frontal.jpg,external_data/IU-Xray/images/IU_49_frontal.jpg,external_data/IU-Xray/images/IU_49_lateral.jpg,True,302387,True,True,2496,2048,True,
IU_49,49,conflicting,external_data/IU-Xray/images/IU_49_frontal.jpg,external_data/IU-Xray/images/IU_49_frontal.jpg,external_data/IU-Xray/images/IU_49_lateral.jpg,True,302387,True,True,2496,2048,True,
IU_49,49,insufficient,external_data/IU-Xray/images/IU_49_frontal.jpg,external_data/IU-Xray/images/IU_49_frontal.jpg,external_data/IU-Xray/images/IU_49_lateral.jpg,True,302387,True,True,2496,2048,True,
IU_53,53,sufficient,external_data/IU-Xray/images/IU_53_frontal.jpg,external_data/IU-Xray/images/IU_53_frontal.jpg,external_data/IU-Xray/images/IU_53_lateral.jpg,True,211711,True,True,2048,2048,True,
IU_53,53,syntactic_incomplete,external_data/IU-Xray/images/IU_53_frontal.jpg,external_data/IU-Xray/images/IU_53_frontal.jpg,external_data/IU-Xray/images/IU_53_lateral.jpg,True,211711,True,True,2048,2048,True,
IU_53,53,evidentiary_incomplete,external_data/IU-Xray/images/IU_53_frontal.jpg,external_data/IU-Xray/images/IU_53_frontal.jpg,external_data/IU-Xray/images/IU_53_lateral.jpg,True,211711,True,True,2048,2048,True,
IU_53,53,irrelevant,external_data/IU-Xray/images/IU_53_frontal.jpg,external_data/IU-Xray/images/IU_53_frontal.jpg,external_data/IU-Xray/images/IU_53_lateral.jpg,True,211711,True,True,2048,2048,True,
IU_53,53,conflicting,external_data/IU-Xray/images/IU_53_frontal.jpg,external_data/IU-Xray/images/IU_53_frontal.jpg,external_data/IU-Xray/images/IU_53_lateral.jpg,True,211711,True,True,2048,2048,True,
IU_53,53,insufficient,external_data/IU-Xray/images/IU_53_frontal.jpg,external_data/IU-Xray/images/IU_53_frontal.jpg,external_data/IU-Xray/images/IU_53_lateral.jpg,True,211711,True,True,2048,2048,True,
IU_66,66,sufficient,external_data/IU-Xray/images/IU_66_frontal.jpg,external_data/IU-Xray/images/IU_66_frontal.jpg,external_data/IU-Xray/images/IU_66_lateral.jpg,True,343193,True,True,2121,2048,True,
IU_66,66,syntactic_incomplete,external_data/IU-Xray/images/IU_66_frontal.jpg,external_data/IU-Xray/images/IU_66_frontal.jpg,external_data/IU-Xray/images/IU_66_lateral.jpg,True,343193,True,True,2121,2048,True,
IU_66,66,evidentiary_incomplete,external_data/IU-Xray/images/IU_66_frontal.jpg,external_data/IU-Xray/images/IU_66_frontal.jpg,external_data/IU-Xray/images/IU_66_lateral.jpg,True,343193,True,True,2121,2048,True,
IU_66,66,irrelevant,external_data/IU-Xray/images/IU_66_frontal.jpg,external_data/IU-Xray/images/IU_66_frontal.jpg,external_data/IU-Xray/images/IU_66_lateral.jpg,True,343193,True,True,2121,2048,True,
IU_66,66,conflicting,external_data/IU-Xray/images/IU_66_frontal.jpg,external_data/IU-Xray/images/IU_66_frontal.jpg,external_data/IU-Xray/images/IU_66_lateral.jpg,True,343193,True,True,2121,2048,True,
IU_66,66,insufficient,external_data/IU-Xray/images/IU_66_frontal.jpg,external_data/IU-Xray/images/IU_66_frontal.jpg,external_data/IU-Xray/images/IU_66_lateral.jpg,True,343193,True,True,2121,2048,True,
IU_67,67,sufficient,external_data/IU-Xray/images/IU_67_frontal.jpg,external_data/IU-Xray/images/IU_67_frontal.jpg,external_data/IU-Xray/images/IU_67_lateral.jpg,True,298940,True,True,2048,2048,True,
IU_67,67,syntactic_incomplete,external_data/IU-Xray/images/IU_67_frontal.jpg,external_data/IU-Xray/images/IU_67_frontal.jpg,external_data/IU-Xray/images/IU_67_lateral.jpg,True,298940,True,True,2048,2048,True,
IU_67,67,evidentiary_incomplete,external_data/IU-Xray/images/IU_67_frontal.jpg,external_data/IU-Xray/images/IU_67_frontal.jpg,external_data/IU-Xray/images/IU_67_lateral.jpg,True,298940,True,True,2048,2048,True,
IU_67,67,irrelevant,external_data/IU-Xray/images/IU_67_frontal.jpg,external_data/IU-Xray/images/IU_67_frontal.jpg,external_data/IU-Xray/images/IU_67_lateral.jpg,True,298940,True,True,2048,2048,True,
IU_67,67,conflicting,external_data/IU-Xray/images/IU_67_frontal.jpg,external_data/IU-Xray/images/IU_67_frontal.jpg,external_data/IU-Xray/images/IU_67_lateral.jpg,True,298940,True,True,2048,2048,True,
IU_67,67,insufficient,external_data/IU-Xray/images/IU_67_frontal.jpg,external_data/IU-Xray/images/IU_67_frontal.jpg,external_data/IU-Xray/images/IU_67_lateral.jpg,True,298940,True,True,2048,2048,True,
IU_74,74,sufficient,external_data/IU-Xray/images/IU_74_frontal.jpg,,external_data/IU-Xray/images/IU_74_lateral.jpg,False,0,False,False,0,0,False,frontal_image_unavailable
IU_74,74,syntactic_incomplete,external_data/IU-Xray/images/IU_74_frontal.jpg,,external_data/IU-Xray/images/IU_74_lateral.jpg,False,0,False,False,0,0,False,frontal_image_unavailable
IU_74,74,evidentiary_incomplete,external_data/IU-Xray/images/IU_74_frontal.jpg,,external_data/IU-Xray/images/IU_74_lateral.jpg,False,0,False,False,0,0,False,frontal_image_unavailable
IU_74,74,irrelevant,external_data/IU-Xray/images/IU_74_frontal.jpg,,external_data/IU-Xray/images/IU_74_lateral.jpg,False,0,False,False,0,0,False,frontal_image_unavailable
IU_74,74,conflicting,external_data/IU-Xray/images/IU_74_frontal.jpg,,external_data/IU-Xray/images/IU_74_lateral.jpg,False,0,False,False,0,0,False,frontal_image_unavailable
IU_74,74,insufficient,external_data/IU-Xray/images/IU_74_frontal.jpg,,external_data/IU-Xray/images/IU_74_lateral.jpg,False,0,False,False,0,0,False,frontal_image_unavailable
IU_175,175,sufficient,external_data/IU-Xray/images/IU_175_frontal.jpg,external_data/IU-Xray/images/IU_175_frontal.jpg,,True,237941,True,True,2075,2048,True,
IU_175,175,syntactic_incomplete,external_data/IU-Xray/images/IU_175_frontal.jpg,external_data/IU-Xray/images/IU_175_frontal.jpg,,True,237941,True,True,2075,2048,True,
IU_175,175,evidentiary_incomplete,external_data/IU-Xray/images/IU_175_frontal.jpg,external_data/IU-Xray/images/IU_175_frontal.jpg,,True,237941,True,True,2075,2048,True,
IU_175,175,irrelevant,external_data/IU-Xray/images/IU_175_frontal.jpg,external_data/IU-Xray/images/IU_175_frontal.jpg,,True,237941,True,True,2075,2048,True,
IU_175,175,conflicting,external_data/IU-Xray/images/IU_175_frontal.jpg,external_data/IU-Xray/images/IU_175_frontal.jpg,,True,237941,True,True,2075,2048,True,
IU_175,175,insufficient,external_data/IU-Xray/images/IU_175_frontal.jpg,external_data/IU-Xray/images/IU_175_frontal.jpg,,True,237941,True,True,2075,2048,True,
IU_185,185,sufficient,external_data/IU-Xray/images/IU_185_frontal.jpg,external_data/IU-Xray/images/IU_185_frontal.jpg,external_data/IU-Xray/images/IU_185_lateral.jpg,True,268012,True,True,2048,2048,True,
IU_185,185,syntactic_incomplete,external_data/IU-Xray/images/IU_185_frontal.jpg,external_data/IU-Xray/images/IU_185_frontal.jpg,external_data/IU-Xray/images/IU_185_lateral.jpg,True,268012,True,True,2048,2048,True,
IU_185,185,evidentiary_incomplete,external_data/IU-Xray/images/IU_185_frontal.jpg,external_data/IU-Xray/images/IU_185_frontal.jpg,external_data/IU-Xray/images/IU_185_lateral.jpg,True,268012,True,True,2048,2048,True,
IU_185,185,irrelevant,external_data/IU-Xray/images/IU_185_frontal.jpg,external_data/IU-Xray/images/IU_185_frontal.jpg,external_data/IU-Xray/images/IU_185_lateral.jpg,True,268012,True,True,2048,2048,True,
IU_185,185,conflicting,external_data/IU-Xray/images/IU_185_frontal.jpg,external_data/IU-Xray/images/IU_185_frontal.jpg,external_data/IU-Xray/images/IU_185_lateral.jpg,True,268012,True,True,2048,2048,True,
IU_185,185,insufficient,external_data/IU-Xray/images/IU_185_frontal.jpg,external_data/IU-Xray/images/IU_185_frontal.jpg,external_data/IU-Xray/images/IU_185_lateral.jpg,True,268012,True,True,2048,2048,True,
IU_190,190,sufficient,external_data/IU-Xray/images/IU_190_frontal.jpg,external_data/IU-Xray/images/IU_190_frontal.jpg,external_data/IU-Xray/images/IU_190_lateral.jpg,True,244610,True,True,2326,2048,True,
IU_190,190,syntactic_incomplete,external_data/IU-Xray/images/IU_190_frontal.jpg,external_data/IU-Xray/images/IU_190_frontal.jpg,external_data/IU-Xray/images/IU_190_lateral.jpg,True,244610,True,True,2326,2048,True,
IU_190,190,evidentiary_incomplete,external_data/IU-Xray/images/IU_190_frontal.jpg,external_data/IU-Xray/images/IU_190_frontal.jpg,external_data/IU-Xray/images/IU_190_lateral.jpg,True,244610,True,True,2326,2048,True,
IU_190,190,irrelevant,external_data/IU-Xray/images/IU_190_frontal.jpg,external_data/IU-Xray/images/IU_190_frontal.jpg,external_data/IU-Xray/images/IU_190_lateral.jpg,True,244610,True,True,2326,2048,True,
IU_190,190,conflicting,external_data/IU-Xray/images/IU_190_frontal.jpg,external_data/IU-Xray/images/IU_190_frontal.jpg,external_data/IU-Xray/images/IU_190_lateral.jpg,True,244610,True,True,2326,2048,True,
IU_190,190,insufficient,external_data/IU-Xray/images/IU_190_frontal.jpg,external_data/IU-Xray/images/IU_190_frontal.jpg,external_data/IU-Xray/images/IU_190_lateral.jpg,True,244610,True,True,2326,2048,True,
IU_195,195,sufficient,external_data/IU-Xray/images/IU_195_frontal.jpg,external_data/IU-Xray/images/IU_195_frontal.jpg,external_data/IU-Xray/images/IU_195_lateral.jpg,True,382593,True,True,2048,2059,True,
IU_195,195,syntactic_incomplete,external_data/IU-Xray/images/IU_195_frontal.jpg,external_data/IU-Xray/images/IU_195_frontal.jpg,external_data/IU-Xray/images/IU_195_lateral.jpg,True,382593,True,True,2048,2059,True,
IU_195,195,evidentiary_incomplete,external_data/IU-Xray/images/IU_195_frontal.jpg,external_data/IU-Xray/images/IU_195_frontal.jpg,external_data/IU-Xray/images/IU_195_lateral.jpg,True,382593,True,True,2048,2059,True,
IU_195,195,irrelevant,external_data/IU-Xray/images/IU_195_frontal.jpg,external_data/IU-Xray/images/IU_195_frontal.jpg,external_data/IU-Xray/images/IU_195_lateral.jpg,True,382593,True,True,2048,2059,True,
IU_195,195,conflicting,external_data/IU-Xray/images/IU_195_frontal.jpg,external_data/IU-Xray/images/IU_195_frontal.jpg,external_data/IU-Xray/images/IU_195_lateral.jpg,True,382593,True,True,2048,2059,True,
IU_195,195,insufficient,external_data/IU-Xray/images/IU_195_frontal.jpg,external_data/IU-Xray/images/IU_195_frontal.jpg,external_data/IU-Xray/images/IU_195_lateral.jpg,True,382593,True,True,2048,2059,True,
IU_227,227,sufficient,external_data/IU-Xray/images/IU_227_frontal.jpg,external_data/IU-Xray/images/IU_227_frontal.jpg,external_data/IU-Xray/images/IU_227_lateral.jpg,True,491222,True,True,2494,2048,True,
IU_227,227,syntactic_incomplete,external_data/IU-Xray/images/IU_227_frontal.jpg,external_data/IU-Xray/images/IU_227_frontal.jpg,external_data/IU-Xray/images/IU_227_lateral.jpg,True,491222,True,True,2494,2048,True,
IU_227,227,evidentiary_incomplete,external_data/IU-Xray/images/IU_227_frontal.jpg,external_data/IU-Xray/images/IU_227_frontal.jpg,external_data/IU-Xray/images/IU_227_lateral.jpg,True,491222,True,True,2494,2048,True,
IU_227,227,irrelevant,external_data/IU-Xray/images/IU_227_frontal.jpg,external_data/IU-Xray/images/IU_227_frontal.jpg,external_data/IU-Xray/images/IU_227_lateral.jpg,True,491222,True,True,2494,2048,True,
IU_227,227,conflicting,external_data/IU-Xray/images/IU_227_frontal.jpg,external_data/IU-Xray/images/IU_227_frontal.jpg,external_data/IU-Xray/images/IU_227_lateral.jpg,True,491222,True,True,2494,2048,True,
IU_227,227,insufficient,external_data/IU-Xray/images/IU_227_frontal.jpg,external_data/IU-Xray/images/IU_227_frontal.jpg,external_data/IU-Xray/images/IU_227_lateral.jpg,True,491222,True,True,2494,2048,True,
IU_247,247,sufficient,external_data/IU-Xray/images/IU_247_frontal.jpg,external_data/IU-Xray/images/IU_247_frontal.jpg,external_data/IU-Xray/images/IU_247_lateral.jpg,True,269477,True,True,2048,2050,True,
IU_247,247,syntactic_incomplete,external_data/IU-Xray/images/IU_247_frontal.jpg,external_data/IU-Xray/images/IU_247_frontal.jpg,external_data/IU-Xray/images/IU_247_lateral.jpg,True,269477,True,True,2048,2050,True,
IU_247,247,evidentiary_incomplete,external_data/IU-Xray/images/IU_247_frontal.jpg,external_data/IU-Xray/images/IU_247_frontal.jpg,external_data/IU-Xray/images/IU_247_lateral.jpg,True,269477,True,True,2048,2050,True,
IU_247,247,irrelevant,external_data/IU-Xray/images/IU_247_frontal.jpg,external_data/IU-Xray/images/IU_247_frontal.jpg,external_data/IU-Xray/images/IU_247_lateral.jpg,True,269477,True,True,2048,2050,True,
IU_247,247,conflicting,external_data/IU-Xray/images/IU_247_frontal.jpg,external_data/IU-Xray/images/IU_247_frontal.jpg,external_data/IU-Xray/images/IU_247_lateral.jpg,True,269477,True,True,2048,2050,True,
IU_247,247,insufficient,external_data/IU-Xray/images/IU_247_frontal.jpg,external_data/IU-Xray/images/IU_247_frontal.jpg,external_data/IU-Xray/images/IU_247_lateral.jpg,True,269477,True,True,2048,2050,True,
IU_253,253,sufficient,external_data/IU-Xray/images/IU_253_frontal.jpg,external_data/IU-Xray/images/IU_253_frontal.jpg,external_data/IU-Xray/images/IU_253_lateral.jpg,True,313322,True,True,2048,2496,True,
IU_253,253,syntactic_incomplete,external_data/IU-Xray/images/IU_253_frontal.jpg,external_data/IU-Xray/images/IU_253_frontal.jpg,external_data/IU-Xray/images/IU_253_lateral.jpg,True,313322,True,True,2048,2496,True,
IU_253,253,evidentiary_incomplete,external_data/IU-Xray/images/IU_253_frontal.jpg,external_data/IU-Xray/images/IU_253_frontal.jpg,external_data/IU-Xray/images/IU_253_lateral.jpg,True,313322,True,True,2048,2496,True,
IU_253,253,irrelevant,external_data/IU-Xray/images/IU_253_frontal.jpg,external_data/IU-Xray/images/IU_253_frontal.jpg,external_data/IU-Xray/images/IU_253_lateral.jpg,True,313322,True,True,2048,2496,True,
IU_253,253,conflicting,external_data/IU-Xray/images/IU_253_frontal.jpg,external_data/IU-Xray/images/IU_253_frontal.jpg,external_data/IU-Xray/images/IU_253_lateral.jpg,True,313322,True,True,2048,2496,True,
IU_253,253,insufficient,external_data/IU-Xray/images/IU_253_frontal.jpg,external_data/IU-Xray/images/IU_253_frontal.jpg,external_data/IU-Xray/images/IU_253_lateral.jpg,True,313322,True,True,2048,2496,True,
IU_254,254,sufficient,external_data/IU-Xray/images/IU_254_frontal.jpg,external_data/IU-Xray/images/IU_254_frontal.jpg,external_data/IU-Xray/images/IU_254_lateral.jpg,True,346080,True,True,2048,2496,True,
IU_254,254,syntactic_incomplete,external_data/IU-Xray/images/IU_254_frontal.jpg,external_data/IU-Xray/images/IU_254_frontal.jpg,external_data/IU-Xray/images/IU_254_lateral.jpg,True,346080,True,True,2048,2496,True,
IU_254,254,evidentiary_incomplete,external_data/IU-Xray/images/IU_254_frontal.jpg,external_data/IU-Xray/images/IU_254_frontal.jpg,external_data/IU-Xray/images/IU_254_lateral.jpg,True,346080,True,True,2048,2496,True,
IU_254,254,irrelevant,external_data/IU-Xray/images/IU_254_frontal.jpg,external_data/IU-Xray/images/IU_254_frontal.jpg,external_data/IU-Xray/images/IU_254_lateral.jpg,True,346080,True,True,2048,2496,True,
IU_254,254,conflicting,external_data/IU-Xray/images/IU_254_frontal.jpg,external_data/IU-Xray/images/IU_254_frontal.jpg,external_data/IU-Xray/images/IU_254_lateral.jpg,True,346080,True,True,2048,2496,True,
IU_254,254,insufficient,external_data/IU-Xray/images/IU_254_frontal.jpg,external_data/IU-Xray/images/IU_254_frontal.jpg,external_data/IU-Xray/images/IU_254_lateral.jpg,True,346080,True,True,2048,2496,True,
IU_270,270,sufficient,external_data/IU-Xray/images/IU_270_frontal.jpg,external_data/IU-Xray/images/IU_270_frontal.jpg,external_data/IU-Xray/images/IU_270_lateral.jpg,True,328510,True,True,2048,2051,True,
IU_270,270,syntactic_incomplete,external_data/IU-Xray/images/IU_270_frontal.jpg,external_data/IU-Xray/images/IU_270_frontal.jpg,external_data/IU-Xray/images/IU_270_lateral.jpg,True,328510,True,True,2048,2051,True,
IU_270,270,evidentiary_incomplete,external_data/IU-Xray/images/IU_270_frontal.jpg,external_data/IU-Xray/images/IU_270_frontal.jpg,external_data/IU-Xray/images/IU_270_lateral.jpg,True,328510,True,True,2048,2051,True,
IU_270,270,irrelevant,external_data/IU-Xray/images/IU_270_frontal.jpg,external_data/IU-Xray/images/IU_270_frontal.jpg,external_data/IU-Xray/images/IU_270_lateral.jpg,True,328510,True,True,2048,2051,True,
IU_270,270,conflicting,external_data/IU-Xray/images/IU_270_frontal.jpg,external_data/IU-Xray/images/IU_270_frontal.jpg,external_data/IU-Xray/images/IU_270_lateral.jpg,True,328510,True,True,2048,2051,True,
IU_270,270,insufficient,external_data/IU-Xray/images/IU_270_frontal.jpg,external_data/IU-Xray/images/IU_270_frontal.jpg,external_data/IU-Xray/images/IU_270_lateral.jpg,True,328510,True,True,2048,2051,True,
IU_275,275,sufficient,external_data/IU-Xray/images/IU_275_frontal.jpg,external_data/IU-Xray/images/IU_275_frontal.jpg,external_data/IU-Xray/images/IU_275_lateral.jpg,True,314403,True,True,2048,2496,True,
IU_275,275,syntactic_incomplete,external_data/IU-Xray/images/IU_275_frontal.jpg,external_data/IU-Xray/images/IU_275_frontal.jpg,external_data/IU-Xray/images/IU_275_lateral.jpg,True,314403,True,True,2048,2496,True,
IU_275,275,evidentiary_incomplete,external_data/IU-Xray/images/IU_275_frontal.jpg,external_data/IU-Xray/images/IU_275_frontal.jpg,external_data/IU-Xray/images/IU_275_lateral.jpg,True,314403,True,True,2048,2496,True,
IU_275,275,irrelevant,external_data/IU-Xray/images/IU_275_frontal.jpg,external_data/IU-Xray/images/IU_275_frontal.jpg,external_data/IU-Xray/images/IU_275_lateral.jpg,True,314403,True,True,2048,2496,True,
IU_275,275,conflicting,external_data/IU-Xray/images/IU_275_frontal.jpg,external_data/IU-Xray/images/IU_275_frontal.jpg,external_data/IU-Xray/images/IU_275_lateral.jpg,True,314403,True,True,2048,2496,True,
IU_275,275,insufficient,external_data/IU-Xray/images/IU_275_frontal.jpg,external_data/IU-Xray/images/IU_275_frontal.jpg,external_data/IU-Xray/images/IU_275_lateral.jpg,True,314403,True,True,2048,2496,True,
IU_282,282,sufficient,external_data/IU-Xray/images/IU_282_frontal.jpg,external_data/IU-Xray/images/IU_282_frontal.jpg,external_data/IU-Xray/images/IU_282_lateral.jpg,True,327031,True,True,2061,2048,True,
IU_282,282,syntactic_incomplete,external_data/IU-Xray/images/IU_282_frontal.jpg,external_data/IU-Xray/images/IU_282_frontal.jpg,external_data/IU-Xray/images/IU_282_lateral.jpg,True,327031,True,True,2061,2048,True,
IU_282,282,evidentiary_incomplete,external_data/IU-Xray/images/IU_282_frontal.jpg,external_data/IU-Xray/images/IU_282_frontal.jpg,external_data/IU-Xray/images/IU_282_lateral.jpg,True,327031,True,True,2061,2048,True,
IU_282,282,irrelevant,external_data/IU-Xray/images/IU_282_frontal.jpg,external_data/IU-Xray/images/IU_282_frontal.jpg,external_data/IU-Xray/images/IU_282_lateral.jpg,True,327031,True,True,2061,2048,True,
IU_282,282,conflicting,external_data/IU-Xray/images/IU_282_frontal.jpg,external_data/IU-Xray/images/IU_282_frontal.jpg,external_data/IU-Xray/images/IU_282_lateral.jpg,True,327031,True,True,2061,2048,True,
IU_282,282,insufficient,external_data/IU-Xray/images/IU_282_frontal.jpg,external_data/IU-Xray/images/IU_282_frontal.jpg,external_data/IU-Xray/images/IU_282_lateral.jpg,True,327031,True,True,2061,2048,True,
IU_287,287,sufficient,external_data/IU-Xray/images/IU_287_frontal.jpg,external_data/IU-Xray/images/IU_287_frontal.jpg,external_data/IU-Xray/images/IU_287_lateral.jpg,True,460847,True,True,2494,2048,True,
IU_287,287,syntactic_incomplete,external_data/IU-Xray/images/IU_287_frontal.jpg,external_data/IU-Xray/images/IU_287_frontal.jpg,external_data/IU-Xray/images/IU_287_lateral.jpg,True,460847,True,True,2494,2048,True,
IU_287,287,evidentiary_incomplete,external_data/IU-Xray/images/IU_287_frontal.jpg,external_data/IU-Xray/images/IU_287_frontal.jpg,external_data/IU-Xray/images/IU_287_lateral.jpg,True,460847,True,True,2494,2048,True,
IU_287,287,irrelevant,external_data/IU-Xray/images/IU_287_frontal.jpg,external_data/IU-Xray/images/IU_287_frontal.jpg,external_data/IU-Xray/images/IU_287_lateral.jpg,True,460847,True,True,2494,2048,True,
IU_287,287,conflicting,external_data/IU-Xray/images/IU_287_frontal.jpg,external_data/IU-Xray/images/IU_287_frontal.jpg,external_data/IU-Xray/images/IU_287_lateral.jpg,True,460847,True,True,2494,2048,True,
IU_287,287,insufficient,external_data/IU-Xray/images/IU_287_frontal.jpg,external_data/IU-Xray/images/IU_287_frontal.jpg,external_data/IU-Xray/images/IU_287_lateral.jpg,True,460847,True,True,2494,2048,True,
IU_290,290,sufficient,external_data/IU-Xray/images/IU_290_frontal.jpg,external_data/IU-Xray/images/IU_290_frontal.jpg,external_data/IU-Xray/images/IU_290_lateral.jpg,True,303807,True,True,2048,2048,True,
IU_290,290,syntactic_incomplete,external_data/IU-Xray/images/IU_290_frontal.jpg,external_data/IU-Xray/images/IU_290_frontal.jpg,external_data/IU-Xray/images/IU_290_lateral.jpg,True,303807,True,True,2048,2048,True,
IU_290,290,evidentiary_incomplete,external_data/IU-Xray/images/IU_290_frontal.jpg,external_data/IU-Xray/images/IU_290_frontal.jpg,external_data/IU-Xray/images/IU_290_lateral.jpg,True,303807,True,True,2048,2048,True,
IU_290,290,irrelevant,external_data/IU-Xray/images/IU_290_frontal.jpg,external_data/IU-Xray/images/IU_290_frontal.jpg,external_data/IU-Xray/images/IU_290_lateral.jpg,True,303807,True,True,2048,2048,True,
IU_290,290,conflicting,external_data/IU-Xray/images/IU_290_frontal.jpg,external_data/IU-Xray/images/IU_290_frontal.jpg,external_data/IU-Xray/images/IU_290_lateral.jpg,True,303807,True,True,2048,2048,True,
IU_290,290,insufficient,external_data/IU-Xray/images/IU_290_frontal.jpg,external_data/IU-Xray/images/IU_290_frontal.jpg,external_data/IU-Xray/images/IU_290_lateral.jpg,True,303807,True,True,2048,2048,True,
IU_297,297,sufficient,external_data/IU-Xray/images/IU_297_frontal.jpg,external_data/IU-Xray/images/IU_297_frontal.jpg,external_data/IU-Xray/images/IU_297_lateral.jpg,True,379094,True,True,2494,2048,True,
IU_297,297,syntactic_incomplete,external_data/IU-Xray/images/IU_297_frontal.jpg,external_data/IU-Xray/images/IU_297_frontal.jpg,external_data/IU-Xray/images/IU_297_lateral.jpg,True,379094,True,True,2494,2048,True,
IU_297,297,evidentiary_incomplete,external_data/IU-Xray/images/IU_297_frontal.jpg,external_data/IU-Xray/images/IU_297_frontal.jpg,external_data/IU-Xray/images/IU_297_lateral.jpg,True,379094,True,True,2494,2048,True,
IU_297,297,irrelevant,external_data/IU-Xray/images/IU_297_frontal.jpg,external_data/IU-Xray/images/IU_297_frontal.jpg,external_data/IU-Xray/images/IU_297_lateral.jpg,True,379094,True,True,2494,2048,True,
IU_297,297,conflicting,external_data/IU-Xray/images/IU_297_frontal.jpg,external_data/IU-Xray/images/IU_297_frontal.jpg,external_data/IU-Xray/images/IU_297_lateral.jpg,True,379094,True,True,2494,2048,True,
IU_297,297,insufficient,external_data/IU-Xray/images/IU_297_frontal.jpg,external_data/IU-Xray/images/IU_297_frontal.jpg,external_data/IU-Xray/images/IU_297_lateral.jpg,True,379094,True,True,2494,2048,True,
IU_303,303,sufficient,external_data/IU-Xray/images/IU_303_frontal.jpg,external_data/IU-Xray/images/IU_303_frontal.jpg,,True,362519,True,True,2131,2048,True,
IU_303,303,syntactic_incomplete,external_data/IU-Xray/images/IU_303_frontal.jpg,external_data/IU-Xray/images/IU_303_frontal.jpg,,True,362519,True,True,2131,2048,True,
IU_303,303,evidentiary_incomplete,external_data/IU-Xray/images/IU_303_frontal.jpg,external_data/IU-Xray/images/IU_303_frontal.jpg,,True,362519,True,True,2131,2048,True,
IU_303,303,irrelevant,external_data/IU-Xray/images/IU_303_frontal.jpg,external_data/IU-Xray/images/IU_303_frontal.jpg,,True,362519,True,True,2131,2048,True,
IU_303,303,conflicting,external_data/IU-Xray/images/IU_303_frontal.jpg,external_data/IU-Xray/images/IU_303_frontal.jpg,,True,362519,True,True,2131,2048,True,
IU_303,303,insufficient,external_data/IU-Xray/images/IU_303_frontal.jpg,external_data/IU-Xray/images/IU_303_frontal.jpg,,True,362519,True,True,2131,2048,True,
IU_304,304,sufficient,external_data/IU-Xray/images/IU_304_frontal.jpg,external_data/IU-Xray/images/IU_304_frontal.jpg,external_data/IU-Xray/images/IU_304_lateral.jpg,True,459107,True,True,2494,2048,True,
IU_304,304,syntactic_incomplete,external_data/IU-Xray/images/IU_304_frontal.jpg,external_data/IU-Xray/images/IU_304_frontal.jpg,external_data/IU-Xray/images/IU_304_lateral.jpg,True,459107,True,True,2494,2048,True,
IU_304,304,evidentiary_incomplete,external_data/IU-Xray/images/IU_304_frontal.jpg,external_data/IU-Xray/images/IU_304_frontal.jpg,external_data/IU-Xray/images/IU_304_lateral.jpg,True,459107,True,True,2494,2048,True,
IU_304,304,irrelevant,external_data/IU-Xray/images/IU_304_frontal.jpg,external_data/IU-Xray/images/IU_304_frontal.jpg,external_data/IU-Xray/images/IU_304_lateral.jpg,True,459107,True,True,2494,2048,True,
IU_304,304,conflicting,external_data/IU-Xray/images/IU_304_frontal.jpg,external_data/IU-Xray/images/IU_304_frontal.jpg,external_data/IU-Xray/images/IU_304_lateral.jpg,True,459107,True,True,2494,2048,True,
IU_304,304,insufficient,external_data/IU-Xray/images/IU_304_frontal.jpg,external_data/IU-Xray/images/IU_304_frontal.jpg,external_data/IU-Xray/images/IU_304_lateral.jpg,True,459107,True,True,2494,2048,True,
IU_313,313,sufficient,external_data/IU-Xray/images/IU_313_frontal.jpg,external_data/IU-Xray/images/IU_313_frontal.jpg,,True,269016,True,True,2048,2048,True,
IU_313,313,syntactic_incomplete,external_data/IU-Xray/images/IU_313_frontal.jpg,external_data/IU-Xray/images/IU_313_frontal.jpg,,True,269016,True,True,2048,2048,True,
IU_313,313,evidentiary_incomplete,external_data/IU-Xray/images/IU_313_frontal.jpg,external_data/IU-Xray/images/IU_313_frontal.jpg,,True,269016,True,True,2048,2048,True,
IU_313,313,irrelevant,external_data/IU-Xray/images/IU_313_frontal.jpg,external_data/IU-Xray/images/IU_313_frontal.jpg,,True,269016,True,True,2048,2048,True,
IU_313,313,conflicting,external_data/IU-Xray/images/IU_313_frontal.jpg,external_data/IU-Xray/images/IU_313_frontal.jpg,,True,269016,True,True,2048,2048,True,
IU_313,313,insufficient,external_data/IU-Xray/images/IU_313_frontal.jpg,external_data/IU-Xray/images/IU_313_frontal.jpg,,True,269016,True,True,2048,2048,True,
IU_317,317,sufficient,external_data/IU-Xray/images/IU_317_frontal.jpg,external_data/IU-Xray/images/IU_317_frontal.jpg,external_data/IU-Xray/images/IU_317_lateral.jpg,True,277942,True,True,2048,2048,True,
IU_317,317,syntactic_incomplete,external_data/IU-Xray/images/IU_317_frontal.jpg,external_data/IU-Xray/images/IU_317_frontal.jpg,external_data/IU-Xray/images/IU_317_lateral.jpg,True,277942,True,True,2048,2048,True,
IU_317,317,evidentiary_incomplete,external_data/IU-Xray/images/IU_317_frontal.jpg,external_data/IU-Xray/images/IU_317_frontal.jpg,external_data/IU-Xray/images/IU_317_lateral.jpg,True,277942,True,True,2048,2048,True,
IU_317,317,irrelevant,external_data/IU-Xray/images/IU_317_frontal.jpg,external_data/IU-Xray/images/IU_317_frontal.jpg,external_data/IU-Xray/images/IU_317_lateral.jpg,True,277942,True,True,2048,2048,True,
IU_317,317,conflicting,external_data/IU-Xray/images/IU_317_frontal.jpg,external_data/IU-Xray/images/IU_317_frontal.jpg,external_data/IU-Xray/images/IU_317_lateral.jpg,True,277942,True,True,2048,2048,True,
IU_317,317,insufficient,external_data/IU-Xray/images/IU_317_frontal.jpg,external_data/IU-Xray/images/IU_317_frontal.jpg,external_data/IU-Xray/images/IU_317_lateral.jpg,True,277942,True,True,2048,2048,True,
IU_329,329,sufficient,external_data/IU-Xray/images/IU_329_frontal.jpg,external_data/IU-Xray/images/IU_329_frontal.jpg,external_data/IU-Xray/images/IU_329_lateral.jpg,True,276666,True,True,2486,2048,True,
IU_329,329,syntactic_incomplete,external_data/IU-Xray/images/IU_329_frontal.jpg,external_data/IU-Xray/images/IU_329_frontal.jpg,external_data/IU-Xray/images/IU_329_lateral.jpg,True,276666,True,True,2486,2048,True,
IU_329,329,evidentiary_incomplete,external_data/IU-Xray/images/IU_329_frontal.jpg,external_data/IU-Xray/images/IU_329_frontal.jpg,external_data/IU-Xray/images/IU_329_lateral.jpg,True,276666,True,True,2486,2048,True,
IU_329,329,irrelevant,external_data/IU-Xray/images/IU_329_frontal.jpg,external_data/IU-Xray/images/IU_329_frontal.jpg,external_data/IU-Xray/images/IU_329_lateral.jpg,True,276666,True,True,2486,2048,True,
IU_329,329,conflicting,external_data/IU-Xray/images/IU_329_frontal.jpg,external_data/IU-Xray/images/IU_329_frontal.jpg,external_data/IU-Xray/images/IU_329_lateral.jpg,True,276666,True,True,2486,2048,True,
IU_329,329,insufficient,external_data/IU-Xray/images/IU_329_frontal.jpg,external_data/IU-Xray/images/IU_329_frontal.jpg,external_data/IU-Xray/images/IU_329_lateral.jpg,True,276666,True,True,2486,2048,True,
IU_340,340,sufficient,external_data/IU-Xray/images/IU_340_frontal.jpg,external_data/IU-Xray/images/IU_340_frontal.jpg,external_data/IU-Xray/images/IU_340_lateral.jpg,True,422374,True,True,2494,2048,True,
IU_340,340,syntactic_incomplete,external_data/IU-Xray/images/IU_340_frontal.jpg,external_data/IU-Xray/images/IU_340_frontal.jpg,external_data/IU-Xray/images/IU_340_lateral.jpg,True,422374,True,True,2494,2048,True,
IU_340,340,evidentiary_incomplete,external_data/IU-Xray/images/IU_340_frontal.jpg,external_data/IU-Xray/images/IU_340_frontal.jpg,external_data/IU-Xray/images/IU_340_lateral.jpg,True,422374,True,True,2494,2048,True,
IU_340,340,irrelevant,external_data/IU-Xray/images/IU_340_frontal.jpg,external_data/IU-Xray/images/IU_340_frontal.jpg,external_data/IU-Xray/images/IU_340_lateral.jpg,True,422374,True,True,2494,2048,True,
IU_340,340,conflicting,external_data/IU-Xray/images/IU_340_frontal.jpg,external_data/IU-Xray/images/IU_340_frontal.jpg,external_data/IU-Xray/images/IU_340_lateral.jpg,True,422374,True,True,2494,2048,True,
IU_340,340,insufficient,external_data/IU-Xray/images/IU_340_frontal.jpg,external_data/IU-Xray/images/IU_340_frontal.jpg,external_data/IU-Xray/images/IU_340_lateral.jpg,True,422374,True,True,2494,2048,True,
IU_341,341,sufficient,external_data/IU-Xray/images/IU_341_frontal.jpg,external_data/IU-Xray/images/IU_341_frontal.jpg,external_data/IU-Xray/images/IU_341_lateral.jpg,True,353696,True,True,2048,2157,True,
IU_341,341,syntactic_incomplete,external_data/IU-Xray/images/IU_341_frontal.jpg,external_data/IU-Xray/images/IU_341_frontal.jpg,external_data/IU-Xray/images/IU_341_lateral.jpg,True,353696,True,True,2048,2157,True,
IU_341,341,evidentiary_incomplete,external_data/IU-Xray/images/IU_341_frontal.jpg,external_data/IU-Xray/images/IU_341_frontal.jpg,external_data/IU-Xray/images/IU_341_lateral.jpg,True,353696,True,True,2048,2157,True,
IU_341,341,irrelevant,external_data/IU-Xray/images/IU_341_frontal.jpg,external_data/IU-Xray/images/IU_341_frontal.jpg,external_data/IU-Xray/images/IU_341_lateral.jpg,True,353696,True,True,2048,2157,True,
IU_341,341,conflicting,external_data/IU-Xray/images/IU_341_frontal.jpg,external_data/IU-Xray/images/IU_341_frontal.jpg,external_data/IU-Xray/images/IU_341_lateral.jpg,True,353696,True,True,2048,2157,True,
IU_341,341,insufficient,external_data/IU-Xray/images/IU_341_frontal.jpg,external_data/IU-Xray/images/IU_341_frontal.jpg,external_data/IU-Xray/images/IU_341_lateral.jpg,True,353696,True,True,2048,2157,True,
IU_372,372,sufficient,external_data/IU-Xray/images/IU_372_frontal.jpg,external_data/IU-Xray/images/IU_372_frontal.jpg,external_data/IU-Xray/images/IU_372_lateral.jpg,True,547110,True,True,2494,2048,True,
IU_372,372,syntactic_incomplete,external_data/IU-Xray/images/IU_372_frontal.jpg,external_data/IU-Xray/images/IU_372_frontal.jpg,external_data/IU-Xray/images/IU_372_lateral.jpg,True,547110,True,True,2494,2048,True,
IU_372,372,evidentiary_incomplete,external_data/IU-Xray/images/IU_372_frontal.jpg,external_data/IU-Xray/images/IU_372_frontal.jpg,external_data/IU-Xray/images/IU_372_lateral.jpg,True,547110,True,True,2494,2048,True,
IU_372,372,irrelevant,external_data/IU-Xray/images/IU_372_frontal.jpg,external_data/IU-Xray/images/IU_372_frontal.jpg,external_data/IU-Xray/images/IU_372_lateral.jpg,True,547110,True,True,2494,2048,True,
IU_372,372,conflicting,external_data/IU-Xray/images/IU_372_frontal.jpg,external_data/IU-Xray/images/IU_372_frontal.jpg,external_data/IU-Xray/images/IU_372_lateral.jpg,True,547110,True,True,2494,2048,True,
IU_372,372,insufficient,external_data/IU-Xray/images/IU_372_frontal.jpg,external_data/IU-Xray/images/IU_372_frontal.jpg,external_data/IU-Xray/images/IU_372_lateral.jpg,True,547110,True,True,2494,2048,True,
IU_382,382,sufficient,external_data/IU-Xray/images/IU_382_frontal.jpg,external_data/IU-Xray/images/IU_382_frontal.jpg,external_data/IU-Xray/images/IU_382_lateral.jpg,True,301044,True,True,2048,2496,True,
IU_382,382,syntactic_incomplete,external_data/IU-Xray/images/IU_382_frontal.jpg,external_data/IU-Xray/images/IU_382_frontal.jpg,external_data/IU-Xray/images/IU_382_lateral.jpg,True,301044,True,True,2048,2496,True,
IU_382,382,evidentiary_incomplete,external_data/IU-Xray/images/IU_382_frontal.jpg,external_data/IU-Xray/images/IU_382_frontal.jpg,external_data/IU-Xray/images/IU_382_lateral.jpg,True,301044,True,True,2048,2496,True,
IU_382,382,irrelevant,external_data/IU-Xray/images/IU_382_frontal.jpg,external_data/IU-Xray/images/IU_382_frontal.jpg,external_data/IU-Xray/images/IU_382_lateral.jpg,True,301044,True,True,2048,2496,True,
IU_382,382,conflicting,external_data/IU-Xray/images/IU_382_frontal.jpg,external_data/IU-Xray/images/IU_382_frontal.jpg,external_data/IU-Xray/images/IU_382_lateral.jpg,True,301044,True,True,2048,2496,True,
IU_382,382,insufficient,external_data/IU-Xray/images/IU_382_frontal.jpg,external_data/IU-Xray/images/IU_382_frontal.jpg,external_data/IU-Xray/images/IU_382_lateral.jpg,True,301044,True,True,2048,2496,True,
IU_388,388,sufficient,external_data/IU-Xray/images/IU_388_frontal.jpg,external_data/IU-Xray/images/IU_388_frontal.jpg,external_data/IU-Xray/images/IU_388_lateral.jpg,True,282116,True,True,2048,2048,True,
IU_388,388,syntactic_incomplete,external_data/IU-Xray/images/IU_388_frontal.jpg,external_data/IU-Xray/images/IU_388_frontal.jpg,external_data/IU-Xray/images/IU_388_lateral.jpg,True,282116,True,True,2048,2048,True,
IU_388,388,evidentiary_incomplete,external_data/IU-Xray/images/IU_388_frontal.jpg,external_data/IU-Xray/images/IU_388_frontal.jpg,external_data/IU-Xray/images/IU_388_lateral.jpg,True,282116,True,True,2048,2048,True,
IU_388,388,irrelevant,external_data/IU-Xray/images/IU_388_frontal.jpg,external_data/IU-Xray/images/IU_388_frontal.jpg,external_data/IU-Xray/images/IU_388_lateral.jpg,True,282116,True,True,2048,2048,True,
IU_388,388,conflicting,external_data/IU-Xray/images/IU_388_frontal.jpg,external_data/IU-Xray/images/IU_388_frontal.jpg,external_data/IU-Xray/images/IU_388_lateral.jpg,True,282116,True,True,2048,2048,True,
IU_388,388,insufficient,external_data/IU-Xray/images/IU_388_frontal.jpg,external_data/IU-Xray/images/IU_388_frontal.jpg,external_data/IU-Xray/images/IU_388_lateral.jpg,True,282116,True,True,2048,2048,True,
IU_400,400,sufficient,external_data/IU-Xray/images/IU_400_frontal.jpg,external_data/IU-Xray/images/IU_400_frontal.jpg,,True,302070,True,True,2496,2048,True,
IU_400,400,syntactic_incomplete,external_data/IU-Xray/images/IU_400_frontal.jpg,external_data/IU-Xray/images/IU_400_frontal.jpg,,True,302070,True,True,2496,2048,True,
IU_400,400,evidentiary_incomplete,external_data/IU-Xray/images/IU_400_frontal.jpg,external_data/IU-Xray/images/IU_400_frontal.jpg,,True,302070,True,True,2496,2048,True,
IU_400,400,irrelevant,external_data/IU-Xray/images/IU_400_frontal.jpg,external_data/IU-Xray/images/IU_400_frontal.jpg,,True,302070,True,True,2496,2048,True,
IU_400,400,conflicting,external_data/IU-Xray/images/IU_400_frontal.jpg,external_data/IU-Xray/images/IU_400_frontal.jpg,,True,302070,True,True,2496,2048,True,
IU_400,400,insufficient,external_data/IU-Xray/images/IU_400_frontal.jpg,external_data/IU-Xray/images/IU_400_frontal.jpg,,True,302070,True,True,2496,2048,True,
IU_417,417,sufficient,external_data/IU-Xray/images/IU_417_frontal.jpg,external_data/IU-Xray/images/IU_417_frontal.jpg,external_data/IU-Xray/images/IU_417_lateral.jpg,True,418099,True,True,2455,2048,True,
IU_417,417,syntactic_incomplete,external_data/IU-Xray/images/IU_417_frontal.jpg,external_data/IU-Xray/images/IU_417_frontal.jpg,external_data/IU-Xray/images/IU_417_lateral.jpg,True,418099,True,True,2455,2048,True,
IU_417,417,evidentiary_incomplete,external_data/IU-Xray/images/IU_417_frontal.jpg,external_data/IU-Xray/images/IU_417_frontal.jpg,external_data/IU-Xray/images/IU_417_lateral.jpg,True,418099,True,True,2455,2048,True,
IU_417,417,irrelevant,external_data/IU-Xray/images/IU_417_frontal.jpg,external_data/IU-Xray/images/IU_417_frontal.jpg,external_data/IU-Xray/images/IU_417_lateral.jpg,True,418099,True,True,2455,2048,True,
IU_417,417,conflicting,external_data/IU-Xray/images/IU_417_frontal.jpg,external_data/IU-Xray/images/IU_417_frontal.jpg,external_data/IU-Xray/images/IU_417_lateral.jpg,True,418099,True,True,2455,2048,True,
IU_417,417,insufficient,external_data/IU-Xray/images/IU_417_frontal.jpg,external_data/IU-Xray/images/IU_417_frontal.jpg,external_data/IU-Xray/images/IU_417_lateral.jpg,True,418099,True,True,2455,2048,True,
IU_437,437,sufficient,external_data/IU-Xray/images/IU_437_frontal.jpg,external_data/IU-Xray/images/IU_437_frontal.jpg,external_data/IU-Xray/images/IU_437_lateral.jpg,True,390840,True,True,2496,2048,True,
IU_437,437,syntactic_incomplete,external_data/IU-Xray/images/IU_437_frontal.jpg,external_data/IU-Xray/images/IU_437_frontal.jpg,external_data/IU-Xray/images/IU_437_lateral.jpg,True,390840,True,True,2496,2048,True,
IU_437,437,evidentiary_incomplete,external_data/IU-Xray/images/IU_437_frontal.jpg,external_data/IU-Xray/images/IU_437_frontal.jpg,external_data/IU-Xray/images/IU_437_lateral.jpg,True,390840,True,True,2496,2048,True,
IU_437,437,irrelevant,external_data/IU-Xray/images/IU_437_frontal.jpg,external_data/IU-Xray/images/IU_437_frontal.jpg,external_data/IU-Xray/images/IU_437_lateral.jpg,True,390840,True,True,2496,2048,True,
IU_437,437,conflicting,external_data/IU-Xray/images/IU_437_frontal.jpg,external_data/IU-Xray/images/IU_437_frontal.jpg,external_data/IU-Xray/images/IU_437_lateral.jpg,True,390840,True,True,2496,2048,True,
IU_437,437,insufficient,external_data/IU-Xray/images/IU_437_frontal.jpg,external_data/IU-Xray/images/IU_437_frontal.jpg,external_data/IU-Xray/images/IU_437_lateral.jpg,True,390840,True,True,2496,2048,True,
IU_451,451,sufficient,external_data/IU-Xray/images/IU_451_frontal.jpg,external_data/IU-Xray/images/IU_451_frontal.jpg,external_data/IU-Xray/images/IU_451_lateral.jpg,True,305104,True,True,2048,2496,True,
IU_451,451,syntactic_incomplete,external_data/IU-Xray/images/IU_451_frontal.jpg,external_data/IU-Xray/images/IU_451_frontal.jpg,external_data/IU-Xray/images/IU_451_lateral.jpg,True,305104,True,True,2048,2496,True,
IU_451,451,evidentiary_incomplete,external_data/IU-Xray/images/IU_451_frontal.jpg,external_data/IU-Xray/images/IU_451_frontal.jpg,external_data/IU-Xray/images/IU_451_lateral.jpg,True,305104,True,True,2048,2496,True,
IU_451,451,irrelevant,external_data/IU-Xray/images/IU_451_frontal.jpg,external_data/IU-Xray/images/IU_451_frontal.jpg,external_data/IU-Xray/images/IU_451_lateral.jpg,True,305104,True,True,2048,2496,True,
IU_451,451,conflicting,external_data/IU-Xray/images/IU_451_frontal.jpg,external_data/IU-Xray/images/IU_451_frontal.jpg,external_data/IU-Xray/images/IU_451_lateral.jpg,True,305104,True,True,2048,2496,True,
IU_451,451,insufficient,external_data/IU-Xray/images/IU_451_frontal.jpg,external_data/IU-Xray/images/IU_451_frontal.jpg,external_data/IU-Xray/images/IU_451_lateral.jpg,True,305104,True,True,2048,2496,True,
IU_458,458,sufficient,external_data/IU-Xray/images/IU_458_frontal.jpg,external_data/IU-Xray/images/IU_458_frontal.jpg,external_data/IU-Xray/images/IU_458_lateral.jpg,True,217955,True,True,2048,2048,True,
IU_458,458,syntactic_incomplete,external_data/IU-Xray/images/IU_458_frontal.jpg,external_data/IU-Xray/images/IU_458_frontal.jpg,external_data/IU-Xray/images/IU_458_lateral.jpg,True,217955,True,True,2048,2048,True,
IU_458,458,evidentiary_incomplete,external_data/IU-Xray/images/IU_458_frontal.jpg,external_data/IU-Xray/images/IU_458_frontal.jpg,external_data/IU-Xray/images/IU_458_lateral.jpg,True,217955,True,True,2048,2048,True,
IU_458,458,irrelevant,external_data/IU-Xray/images/IU_458_frontal.jpg,external_data/IU-Xray/images/IU_458_frontal.jpg,external_data/IU-Xray/images/IU_458_lateral.jpg,True,217955,True,True,2048,2048,True,
IU_458,458,conflicting,external_data/IU-Xray/images/IU_458_frontal.jpg,external_data/IU-Xray/images/IU_458_frontal.jpg,external_data/IU-Xray/images/IU_458_lateral.jpg,True,217955,True,True,2048,2048,True,
IU_458,458,insufficient,external_data/IU-Xray/images/IU_458_frontal.jpg,external_data/IU-Xray/images/IU_458_frontal.jpg,external_data/IU-Xray/images/IU_458_lateral.jpg,True,217955,True,True,2048,2048,True,
IU_460,460,sufficient,external_data/IU-Xray/images/IU_460_frontal.jpg,external_data/IU-Xray/images/IU_460_frontal.jpg,external_data/IU-Xray/images/IU_460_lateral.jpg,True,218963,True,True,2048,2048,True,
IU_460,460,syntactic_incomplete,external_data/IU-Xray/images/IU_460_frontal.jpg,external_data/IU-Xray/images/IU_460_frontal.jpg,external_data/IU-Xray/images/IU_460_lateral.jpg,True,218963,True,True,2048,2048,True,
IU_460,460,evidentiary_incomplete,external_data/IU-Xray/images/IU_460_frontal.jpg,external_data/IU-Xray/images/IU_460_frontal.jpg,external_data/IU-Xray/images/IU_460_lateral.jpg,True,218963,True,True,2048,2048,True,
IU_460,460,irrelevant,external_data/IU-Xray/images/IU_460_frontal.jpg,external_data/IU-Xray/images/IU_460_frontal.jpg,external_data/IU-Xray/images/IU_460_lateral.jpg,True,218963,True,True,2048,2048,True,
IU_460,460,conflicting,external_data/IU-Xray/images/IU_460_frontal.jpg,external_data/IU-Xray/images/IU_460_frontal.jpg,external_data/IU-Xray/images/IU_460_lateral.jpg,True,218963,True,True,2048,2048,True,
IU_460,460,insufficient,external_data/IU-Xray/images/IU_460_frontal.jpg,external_data/IU-Xray/images/IU_460_frontal.jpg,external_data/IU-Xray/images/IU_460_lateral.jpg,True,218963,True,True,2048,2048,True,
IU_461,461,sufficient,external_data/IU-Xray/images/IU_461_frontal.jpg,external_data/IU-Xray/images/IU_461_frontal.jpg,external_data/IU-Xray/images/IU_461_lateral.jpg,True,291464,True,True,2048,2048,True,
IU_461,461,syntactic_incomplete,external_data/IU-Xray/images/IU_461_frontal.jpg,external_data/IU-Xray/images/IU_461_frontal.jpg,external_data/IU-Xray/images/IU_461_lateral.jpg,True,291464,True,True,2048,2048,True,
IU_461,461,evidentiary_incomplete,external_data/IU-Xray/images/IU_461_frontal.jpg,external_data/IU-Xray/images/IU_461_frontal.jpg,external_data/IU-Xray/images/IU_461_lateral.jpg,True,291464,True,True,2048,2048,True,
IU_461,461,irrelevant,external_data/IU-Xray/images/IU_461_frontal.jpg,external_data/IU-Xray/images/IU_461_frontal.jpg,external_data/IU-Xray/images/IU_461_lateral.jpg,True,291464,True,True,2048,2048,True,
IU_461,461,conflicting,external_data/IU-Xray/images/IU_461_frontal.jpg,external_data/IU-Xray/images/IU_461_frontal.jpg,external_data/IU-Xray/images/IU_461_lateral.jpg,True,291464,True,True,2048,2048,True,
IU_461,461,insufficient,external_data/IU-Xray/images/IU_461_frontal.jpg,external_data/IU-Xray/images/IU_461_frontal.jpg,external_data/IU-Xray/images/IU_461_lateral.jpg,True,291464,True,True,2048,2048,True,
IU_463,463,sufficient,external_data/IU-Xray/images/IU_463_frontal.jpg,external_data/IU-Xray/images/IU_463_frontal.jpg,external_data/IU-Xray/images/IU_463_lateral.jpg,True,306149,True,True,2048,2048,True,
IU_463,463,syntactic_incomplete,external_data/IU-Xray/images/IU_463_frontal.jpg,external_data/IU-Xray/images/IU_463_frontal.jpg,external_data/IU-Xray/images/IU_463_lateral.jpg,True,306149,True,True,2048,2048,True,
IU_463,463,evidentiary_incomplete,external_data/IU-Xray/images/IU_463_frontal.jpg,external_data/IU-Xray/images/IU_463_frontal.jpg,external_data/IU-Xray/images/IU_463_lateral.jpg,True,306149,True,True,2048,2048,True,
IU_463,463,irrelevant,external_data/IU-Xray/images/IU_463_frontal.jpg,external_data/IU-Xray/images/IU_463_frontal.jpg,external_data/IU-Xray/images/IU_463_lateral.jpg,True,306149,True,True,2048,2048,True,
IU_463,463,conflicting,external_data/IU-Xray/images/IU_463_frontal.jpg,external_data/IU-Xray/images/IU_463_frontal.jpg,external_data/IU-Xray/images/IU_463_lateral.jpg,True,306149,True,True,2048,2048,True,
IU_463,463,insufficient,external_data/IU-Xray/images/IU_463_frontal.jpg,external_data/IU-Xray/images/IU_463_frontal.jpg,external_data/IU-Xray/images/IU_463_lateral.jpg,True,306149,True,True,2048,2048,True,
IU_475,475,sufficient,external_data/IU-Xray/images/IU_475_frontal.jpg,external_data/IU-Xray/images/IU_475_frontal.jpg,external_data/IU-Xray/images/IU_475_lateral.jpg,True,263408,True,True,2051,2048,True,
IU_475,475,syntactic_incomplete,external_data/IU-Xray/images/IU_475_frontal.jpg,external_data/IU-Xray/images/IU_475_frontal.jpg,external_data/IU-Xray/images/IU_475_lateral.jpg,True,263408,True,True,2051,2048,True,
IU_475,475,evidentiary_incomplete,external_data/IU-Xray/images/IU_475_frontal.jpg,external_data/IU-Xray/images/IU_475_frontal.jpg,external_data/IU-Xray/images/IU_475_lateral.jpg,True,263408,True,True,2051,2048,True,
IU_475,475,irrelevant,external_data/IU-Xray/images/IU_475_frontal.jpg,external_data/IU-Xray/images/IU_475_frontal.jpg,external_data/IU-Xray/images/IU_475_lateral.jpg,True,263408,True,True,2051,2048,True,
IU_475,475,conflicting,external_data/IU-Xray/images/IU_475_frontal.jpg,external_data/IU-Xray/images/IU_475_frontal.jpg,external_data/IU-Xray/images/IU_475_lateral.jpg,True,263408,True,True,2051,2048,True,
IU_475,475,insufficient,external_data/IU-Xray/images/IU_475_frontal.jpg,external_data/IU-Xray/images/IU_475_frontal.jpg,external_data/IU-Xray/images/IU_475_lateral.jpg,True,263408,True,True,2051,2048,True,
IU_486,486,sufficient,external_data/IU-Xray/images/IU_486_frontal.jpg,external_data/IU-Xray/images/IU_486_frontal.jpg,,True,335356,True,True,2048,2048,True,
IU_486,486,syntactic_incomplete,external_data/IU-Xray/images/IU_486_frontal.jpg,external_data/IU-Xray/images/IU_486_frontal.jpg,,True,335356,True,True,2048,2048,True,
IU_486,486,evidentiary_incomplete,external_data/IU-Xray/images/IU_486_frontal.jpg,external_data/IU-Xray/images/IU_486_frontal.jpg,,True,335356,True,True,2048,2048,True,
IU_486,486,irrelevant,external_data/IU-Xray/images/IU_486_frontal.jpg,external_data/IU-Xray/images/IU_486_frontal.jpg,,True,335356,True,True,2048,2048,True,
IU_486,486,conflicting,external_data/IU-Xray/images/IU_486_frontal.jpg,external_data/IU-Xray/images/IU_486_frontal.jpg,,True,335356,True,True,2048,2048,True,
IU_486,486,insufficient,external_data/IU-Xray/images/IU_486_frontal.jpg,external_data/IU-Xray/images/IU_486_frontal.jpg,,True,335356,True,True,2048,2048,True,
IU_493,493,sufficient,external_data/IU-Xray/images/IU_493_frontal.jpg,external_data/IU-Xray/images/IU_493_frontal.jpg,external_data/IU-Xray/images/IU_493_lateral.jpg,True,282194,True,True,2496,2048,True,
IU_493,493,syntactic_incomplete,external_data/IU-Xray/images/IU_493_frontal.jpg,external_data/IU-Xray/images/IU_493_frontal.jpg,external_data/IU-Xray/images/IU_493_lateral.jpg,True,282194,True,True,2496,2048,True,
IU_493,493,evidentiary_incomplete,external_data/IU-Xray/images/IU_493_frontal.jpg,external_data/IU-Xray/images/IU_493_frontal.jpg,external_data/IU-Xray/images/IU_493_lateral.jpg,True,282194,True,True,2496,2048,True,
IU_493,493,irrelevant,external_data/IU-Xray/images/IU_493_frontal.jpg,external_data/IU-Xray/images/IU_493_frontal.jpg,external_data/IU-Xray/images/IU_493_lateral.jpg,True,282194,True,True,2496,2048,True,
IU_493,493,conflicting,external_data/IU-Xray/images/IU_493_frontal.jpg,external_data/IU-Xray/images/IU_493_frontal.jpg,external_data/IU-Xray/images/IU_493_lateral.jpg,True,282194,True,True,2496,2048,True,
IU_493,493,insufficient,external_data/IU-Xray/images/IU_493_frontal.jpg,external_data/IU-Xray/images/IU_493_frontal.jpg,external_data/IU-Xray/images/IU_493_lateral.jpg,True,282194,True,True,2496,2048,True,
IU_494,494,sufficient,external_data/IU-Xray/images/IU_494_frontal.jpg,external_data/IU-Xray/images/IU_494_frontal.jpg,external_data/IU-Xray/images/IU_494_lateral.jpg,True,293878,True,True,2048,2048,True,
IU_494,494,syntactic_incomplete,external_data/IU-Xray/images/IU_494_frontal.jpg,external_data/IU-Xray/images/IU_494_frontal.jpg,external_data/IU-Xray/images/IU_494_lateral.jpg,True,293878,True,True,2048,2048,True,
IU_494,494,evidentiary_incomplete,external_data/IU-Xray/images/IU_494_frontal.jpg,external_data/IU-Xray/images/IU_494_frontal.jpg,external_data/IU-Xray/images/IU_494_lateral.jpg,True,293878,True,True,2048,2048,True,
IU_494,494,irrelevant,external_data/IU-Xray/images/IU_494_frontal.jpg,external_data/IU-Xray/images/IU_494_frontal.jpg,external_data/IU-Xray/images/IU_494_lateral.jpg,True,293878,True,True,2048,2048,True,
IU_494,494,conflicting,external_data/IU-Xray/images/IU_494_frontal.jpg,external_data/IU-Xray/images/IU_494_frontal.jpg,external_data/IU-Xray/images/IU_494_lateral.jpg,True,293878,True,True,2048,2048,True,
IU_494,494,insufficient,external_data/IU-Xray/images/IU_494_frontal.jpg,external_data/IU-Xray/images/IU_494_frontal.jpg,external_data/IU-Xray/images/IU_494_lateral.jpg,True,293878,True,True,2048,2048,True,
IU_498,498,sufficient,external_data/IU-Xray/images/IU_498_frontal.jpg,external_data/IU-Xray/images/IU_498_frontal.jpg,external_data/IU-Xray/images/IU_498_lateral.jpg,True,378243,True,True,2496,2048,True,
IU_498,498,syntactic_incomplete,external_data/IU-Xray/images/IU_498_frontal.jpg,external_data/IU-Xray/images/IU_498_frontal.jpg,external_data/IU-Xray/images/IU_498_lateral.jpg,True,378243,True,True,2496,2048,True,
IU_498,498,evidentiary_incomplete,external_data/IU-Xray/images/IU_498_frontal.jpg,external_data/IU-Xray/images/IU_498_frontal.jpg,external_data/IU-Xray/images/IU_498_lateral.jpg,True,378243,True,True,2496,2048,True,
IU_498,498,irrelevant,external_data/IU-Xray/images/IU_498_frontal.jpg,external_data/IU-Xray/images/IU_498_frontal.jpg,external_data/IU-Xray/images/IU_498_lateral.jpg,True,378243,True,True,2496,2048,True,
IU_498,498,conflicting,external_data/IU-Xray/images/IU_498_frontal.jpg,external_data/IU-Xray/images/IU_498_frontal.jpg,external_data/IU-Xray/images/IU_498_lateral.jpg,True,378243,True,True,2496,2048,True,
IU_498,498,insufficient,external_data/IU-Xray/images/IU_498_frontal.jpg,external_data/IU-Xray/images/IU_498_frontal.jpg,external_data/IU-Xray/images/IU_498_lateral.jpg,True,378243,True,True,2496,2048,True,
IU_502,502,sufficient,external_data/IU-Xray/images/IU_502_frontal.jpg,external_data/IU-Xray/images/IU_502_frontal.jpg,external_data/IU-Xray/images/IU_502_lateral.jpg,True,344352,True,True,2077,2048,True,
IU_502,502,syntactic_incomplete,external_data/IU-Xray/images/IU_502_frontal.jpg,external_data/IU-Xray/images/IU_502_frontal.jpg,external_data/IU-Xray/images/IU_502_lateral.jpg,True,344352,True,True,2077,2048,True,
IU_502,502,evidentiary_incomplete,external_data/IU-Xray/images/IU_502_frontal.jpg,external_data/IU-Xray/images/IU_502_frontal.jpg,external_data/IU-Xray/images/IU_502_lateral.jpg,True,344352,True,True,2077,2048,True,
IU_502,502,irrelevant,external_data/IU-Xray/images/IU_502_frontal.jpg,external_data/IU-Xray/images/IU_502_frontal.jpg,external_data/IU-Xray/images/IU_502_lateral.jpg,True,344352,True,True,2077,2048,True,
IU_502,502,conflicting,external_data/IU-Xray/images/IU_502_frontal.jpg,external_data/IU-Xray/images/IU_502_frontal.jpg,external_data/IU-Xray/images/IU_502_lateral.jpg,True,344352,True,True,2077,2048,True,
IU_502,502,insufficient,external_data/IU-Xray/images/IU_502_frontal.jpg,external_data/IU-Xray/images/IU_502_frontal.jpg,external_data/IU-Xray/images/IU_502_lateral.jpg,True,344352,True,True,2077,2048,True,
IU_519,519,sufficient,external_data/IU-Xray/images/IU_519_frontal.jpg,external_data/IU-Xray/images/IU_519_frontal.jpg,external_data/IU-Xray/images/IU_519_lateral.jpg,True,268908,True,True,2051,2048,True,
IU_519,519,syntactic_incomplete,external_data/IU-Xray/images/IU_519_frontal.jpg,external_data/IU-Xray/images/IU_519_frontal.jpg,external_data/IU-Xray/images/IU_519_lateral.jpg,True,268908,True,True,2051,2048,True,
IU_519,519,evidentiary_incomplete,external_data/IU-Xray/images/IU_519_frontal.jpg,external_data/IU-Xray/images/IU_519_frontal.jpg,external_data/IU-Xray/images/IU_519_lateral.jpg,True,268908,True,True,2051,2048,True,
IU_519,519,irrelevant,external_data/IU-Xray/images/IU_519_frontal.jpg,external_data/IU-Xray/images/IU_519_frontal.jpg,external_data/IU-Xray/images/IU_519_lateral.jpg,True,268908,True,True,2051,2048,True,
IU_519,519,conflicting,external_data/IU-Xray/images/IU_519_frontal.jpg,external_data/IU-Xray/images/IU_519_frontal.jpg,external_data/IU-Xray/images/IU_519_lateral.jpg,True,268908,True,True,2051,2048,True,
IU_519,519,insufficient,external_data/IU-Xray/images/IU_519_frontal.jpg,external_data/IU-Xray/images/IU_519_frontal.jpg,external_data/IU-Xray/images/IU_519_lateral.jpg,True,268908,True,True,2051,2048,True,
IU_527,527,sufficient,external_data/IU-Xray/images/IU_527_frontal.jpg,external_data/IU-Xray/images/IU_527_frontal.jpg,,True,264875,True,True,2062,2048,True,
IU_527,527,syntactic_incomplete,external_data/IU-Xray/images/IU_527_frontal.jpg,external_data/IU-Xray/images/IU_527_frontal.jpg,,True,264875,True,True,2062,2048,True,
IU_527,527,evidentiary_incomplete,external_data/IU-Xray/images/IU_527_frontal.jpg,external_data/IU-Xray/images/IU_527_frontal.jpg,,True,264875,True,True,2062,2048,True,
IU_527,527,irrelevant,external_data/IU-Xray/images/IU_527_frontal.jpg,external_data/IU-Xray/images/IU_527_frontal.jpg,,True,264875,True,True,2062,2048,True,
IU_527,527,conflicting,external_data/IU-Xray/images/IU_527_frontal.jpg,external_data/IU-Xray/images/IU_527_frontal.jpg,,True,264875,True,True,2062,2048,True,
IU_527,527,insufficient,external_data/IU-Xray/images/IU_527_frontal.jpg,external_data/IU-Xray/images/IU_527_frontal.jpg,,True,264875,True,True,2062,2048,True,
IU_551,551,sufficient,external_data/IU-Xray/images/IU_551_frontal.jpg,external_data/IU-Xray/images/IU_551_frontal.jpg,external_data/IU-Xray/images/IU_551_lateral.jpg,True,270585,True,True,2051,2048,True,
IU_551,551,syntactic_incomplete,external_data/IU-Xray/images/IU_551_frontal.jpg,external_data/IU-Xray/images/IU_551_frontal.jpg,external_data/IU-Xray/images/IU_551_lateral.jpg,True,270585,True,True,2051,2048,True,
IU_551,551,evidentiary_incomplete,external_data/IU-Xray/images/IU_551_frontal.jpg,external_data/IU-Xray/images/IU_551_frontal.jpg,external_data/IU-Xray/images/IU_551_lateral.jpg,True,270585,True,True,2051,2048,True,
IU_551,551,irrelevant,external_data/IU-Xray/images/IU_551_frontal.jpg,external_data/IU-Xray/images/IU_551_frontal.jpg,external_data/IU-Xray/images/IU_551_lateral.jpg,True,270585,True,True,2051,2048,True,
IU_551,551,conflicting,external_data/IU-Xray/images/IU_551_frontal.jpg,external_data/IU-Xray/images/IU_551_frontal.jpg,external_data/IU-Xray/images/IU_551_lateral.jpg,True,270585,True,True,2051,2048,True,
IU_551,551,insufficient,external_data/IU-Xray/images/IU_551_frontal.jpg,external_data/IU-Xray/images/IU_551_frontal.jpg,external_data/IU-Xray/images/IU_551_lateral.jpg,True,270585,True,True,2051,2048,True,
IU_567,567,sufficient,external_data/IU-Xray/images/IU_567_frontal.jpg,external_data/IU-Xray/images/IU_567_frontal.jpg,external_data/IU-Xray/images/IU_567_lateral.jpg,True,242430,True,True,2051,2048,True,
IU_567,567,syntactic_incomplete,external_data/IU-Xray/images/IU_567_frontal.jpg,external_data/IU-Xray/images/IU_567_frontal.jpg,external_data/IU-Xray/images/IU_567_lateral.jpg,True,242430,True,True,2051,2048,True,
IU_567,567,evidentiary_incomplete,external_data/IU-Xray/images/IU_567_frontal.jpg,external_data/IU-Xray/images/IU_567_frontal.jpg,external_data/IU-Xray/images/IU_567_lateral.jpg,True,242430,True,True,2051,2048,True,
IU_567,567,irrelevant,external_data/IU-Xray/images/IU_567_frontal.jpg,external_data/IU-Xray/images/IU_567_frontal.jpg,external_data/IU-Xray/images/IU_567_lateral.jpg,True,242430,True,True,2051,2048,True,
IU_567,567,conflicting,external_data/IU-Xray/images/IU_567_frontal.jpg,external_data/IU-Xray/images/IU_567_frontal.jpg,external_data/IU-Xray/images/IU_567_lateral.jpg,True,242430,True,True,2051,2048,True,
IU_567,567,insufficient,external_data/IU-Xray/images/IU_567_frontal.jpg,external_data/IU-Xray/images/IU_567_frontal.jpg,external_data/IU-Xray/images/IU_567_lateral.jpg,True,242430,True,True,2051,2048,True,
IU_577,577,sufficient,external_data/IU-Xray/images/IU_577_frontal.jpg,external_data/IU-Xray/images/IU_577_frontal.jpg,external_data/IU-Xray/images/IU_577_lateral.jpg,True,221170,True,True,2048,2048,True,
IU_577,577,syntactic_incomplete,external_data/IU-Xray/images/IU_577_frontal.jpg,external_data/IU-Xray/images/IU_577_frontal.jpg,external_data/IU-Xray/images/IU_577_lateral.jpg,True,221170,True,True,2048,2048,True,
IU_577,577,evidentiary_incomplete,external_data/IU-Xray/images/IU_577_frontal.jpg,external_data/IU-Xray/images/IU_577_frontal.jpg,external_data/IU-Xray/images/IU_577_lateral.jpg,True,221170,True,True,2048,2048,True,
IU_577,577,irrelevant,external_data/IU-Xray/images/IU_577_frontal.jpg,external_data/IU-Xray/images/IU_577_frontal.jpg,external_data/IU-Xray/images/IU_577_lateral.jpg,True,221170,True,True,2048,2048,True,
IU_577,577,conflicting,external_data/IU-Xray/images/IU_577_frontal.jpg,external_data/IU-Xray/images/IU_577_frontal.jpg,external_data/IU-Xray/images/IU_577_lateral.jpg,True,221170,True,True,2048,2048,True,
IU_577,577,insufficient,external_data/IU-Xray/images/IU_577_frontal.jpg,external_data/IU-Xray/images/IU_577_frontal.jpg,external_data/IU-Xray/images/IU_577_lateral.jpg,True,221170,True,True,2048,2048,True,
IU_581,581,sufficient,external_data/IU-Xray/images/IU_581_frontal.jpg,external_data/IU-Xray/images/IU_581_frontal.jpg,external_data/IU-Xray/images/IU_581_lateral.jpg,True,236735,True,True,2048,2048,True,
IU_581,581,syntactic_incomplete,external_data/IU-Xray/images/IU_581_frontal.jpg,external_data/IU-Xray/images/IU_581_frontal.jpg,external_data/IU-Xray/images/IU_581_lateral.jpg,True,236735,True,True,2048,2048,True,
IU_581,581,evidentiary_incomplete,external_data/IU-Xray/images/IU_581_frontal.jpg,external_data/IU-Xray/images/IU_581_frontal.jpg,external_data/IU-Xray/images/IU_581_lateral.jpg,True,236735,True,True,2048,2048,True,
IU_581,581,irrelevant,external_data/IU-Xray/images/IU_581_frontal.jpg,external_data/IU-Xray/images/IU_581_frontal.jpg,external_data/IU-Xray/images/IU_581_lateral.jpg,True,236735,True,True,2048,2048,True,
IU_581,581,conflicting,external_data/IU-Xray/images/IU_581_frontal.jpg,external_data/IU-Xray/images/IU_581_frontal.jpg,external_data/IU-Xray/images/IU_581_lateral.jpg,True,236735,True,True,2048,2048,True,
IU_581,581,insufficient,external_data/IU-Xray/images/IU_581_frontal.jpg,external_data/IU-Xray/images/IU_581_frontal.jpg,external_data/IU-Xray/images/IU_581_lateral.jpg,True,236735,True,True,2048,2048,True,
IU_585,585,sufficient,external_data/IU-Xray/images/IU_585_frontal.jpg,external_data/IU-Xray/images/IU_585_frontal.jpg,external_data/IU-Xray/images/IU_585_lateral.jpg,True,339011,True,True,2048,2195,True,
IU_585,585,syntactic_incomplete,external_data/IU-Xray/images/IU_585_frontal.jpg,external_data/IU-Xray/images/IU_585_frontal.jpg,external_data/IU-Xray/images/IU_585_lateral.jpg,True,339011,True,True,2048,2195,True,
IU_585,585,evidentiary_incomplete,external_data/IU-Xray/images/IU_585_frontal.jpg,external_data/IU-Xray/images/IU_585_frontal.jpg,external_data/IU-Xray/images/IU_585_lateral.jpg,True,339011,True,True,2048,2195,True,
IU_585,585,irrelevant,external_data/IU-Xray/images/IU_585_frontal.jpg,external_data/IU-Xray/images/IU_585_frontal.jpg,external_data/IU-Xray/images/IU_585_lateral.jpg,True,339011,True,True,2048,2195,True,
IU_585,585,conflicting,external_data/IU-Xray/images/IU_585_frontal.jpg,external_data/IU-Xray/images/IU_585_frontal.jpg,external_data/IU-Xray/images/IU_585_lateral.jpg,True,339011,True,True,2048,2195,True,
IU_585,585,insufficient,external_data/IU-Xray/images/IU_585_frontal.jpg,external_data/IU-Xray/images/IU_585_frontal.jpg,external_data/IU-Xray/images/IU_585_lateral.jpg,True,339011,True,True,2048,2195,True,
IU_586,586,sufficient,external_data/IU-Xray/images/IU_586_frontal.jpg,external_data/IU-Xray/images/IU_586_frontal.jpg,,True,291871,True,True,2048,2048,True,
IU_586,586,syntactic_incomplete,external_data/IU-Xray/images/IU_586_frontal.jpg,external_data/IU-Xray/images/IU_586_frontal.jpg,,True,291871,True,True,2048,2048,True,
IU_586,586,evidentiary_incomplete,external_data/IU-Xray/images/IU_586_frontal.jpg,external_data/IU-Xray/images/IU_586_frontal.jpg,,True,291871,True,True,2048,2048,True,
IU_586,586,irrelevant,external_data/IU-Xray/images/IU_586_frontal.jpg,external_data/IU-Xray/images/IU_586_frontal.jpg,,True,291871,True,True,2048,2048,True,
IU_586,586,conflicting,external_data/IU-Xray/images/IU_586_frontal.jpg,external_data/IU-Xray/images/IU_586_frontal.jpg,,True,291871,True,True,2048,2048,True,
IU_586,586,insufficient,external_data/IU-Xray/images/IU_586_frontal.jpg,external_data/IU-Xray/images/IU_586_frontal.jpg,,True,291871,True,True,2048,2048,True,
IU_590,590,sufficient,external_data/IU-Xray/images/IU_590_frontal.jpg,external_data/IU-Xray/images/IU_590_frontal.jpg,external_data/IU-Xray/images/IU_590_lateral.jpg,True,280513,True,True,2171,2048,True,
IU_590,590,syntactic_incomplete,external_data/IU-Xray/images/IU_590_frontal.jpg,external_data/IU-Xray/images/IU_590_frontal.jpg,external_data/IU-Xray/images/IU_590_lateral.jpg,True,280513,True,True,2171,2048,True,
IU_590,590,evidentiary_incomplete,external_data/IU-Xray/images/IU_590_frontal.jpg,external_data/IU-Xray/images/IU_590_frontal.jpg,external_data/IU-Xray/images/IU_590_lateral.jpg,True,280513,True,True,2171,2048,True,
IU_590,590,irrelevant,external_data/IU-Xray/images/IU_590_frontal.jpg,external_data/IU-Xray/images/IU_590_frontal.jpg,external_data/IU-Xray/images/IU_590_lateral.jpg,True,280513,True,True,2171,2048,True,
IU_590,590,conflicting,external_data/IU-Xray/images/IU_590_frontal.jpg,external_data/IU-Xray/images/IU_590_frontal.jpg,external_data/IU-Xray/images/IU_590_lateral.jpg,True,280513,True,True,2171,2048,True,
IU_590,590,insufficient,external_data/IU-Xray/images/IU_590_frontal.jpg,external_data/IU-Xray/images/IU_590_frontal.jpg,external_data/IU-Xray/images/IU_590_lateral.jpg,True,280513,True,True,2171,2048,True,
IU_594,594,sufficient,external_data/IU-Xray/images/IU_594_frontal.jpg,external_data/IU-Xray/images/IU_594_frontal.jpg,external_data/IU-Xray/images/IU_594_lateral.jpg,True,411610,True,True,2500,2048,True,
IU_594,594,syntactic_incomplete,external_data/IU-Xray/images/IU_594_frontal.jpg,external_data/IU-Xray/images/IU_594_frontal.jpg,external_data/IU-Xray/images/IU_594_lateral.jpg,True,411610,True,True,2500,2048,True,
IU_594,594,evidentiary_incomplete,external_data/IU-Xray/images/IU_594_frontal.jpg,external_data/IU-Xray/images/IU_594_frontal.jpg,external_data/IU-Xray/images/IU_594_lateral.jpg,True,411610,True,True,2500,2048,True,
IU_594,594,irrelevant,external_data/IU-Xray/images/IU_594_frontal.jpg,external_data/IU-Xray/images/IU_594_frontal.jpg,external_data/IU-Xray/images/IU_594_lateral.jpg,True,411610,True,True,2500,2048,True,
IU_594,594,conflicting,external_data/IU-Xray/images/IU_594_frontal.jpg,external_data/IU-Xray/images/IU_594_frontal.jpg,external_data/IU-Xray/images/IU_594_lateral.jpg,True,411610,True,True,2500,2048,True,
IU_594,594,insufficient,external_data/IU-Xray/images/IU_594_frontal.jpg,external_data/IU-Xray/images/IU_594_frontal.jpg,external_data/IU-Xray/images/IU_594_lateral.jpg,True,411610,True,True,2500,2048,True,
IU_595,595,sufficient,external_data/IU-Xray/images/IU_595_frontal.jpg,external_data/IU-Xray/images/IU_595_frontal.jpg,external_data/IU-Xray/images/IU_595_lateral.jpg,True,281547,True,True,2048,2048,True,
IU_595,595,syntactic_incomplete,external_data/IU-Xray/images/IU_595_frontal.jpg,external_data/IU-Xray/images/IU_595_frontal.jpg,external_data/IU-Xray/images/IU_595_lateral.jpg,True,281547,True,True,2048,2048,True,
IU_595,595,evidentiary_incomplete,external_data/IU-Xray/images/IU_595_frontal.jpg,external_data/IU-Xray/images/IU_595_frontal.jpg,external_data/IU-Xray/images/IU_595_lateral.jpg,True,281547,True,True,2048,2048,True,
IU_595,595,irrelevant,external_data/IU-Xray/images/IU_595_frontal.jpg,external_data/IU-Xray/images/IU_595_frontal.jpg,external_data/IU-Xray/images/IU_595_lateral.jpg,True,281547,True,True,2048,2048,True,
IU_595,595,conflicting,external_data/IU-Xray/images/IU_595_frontal.jpg,external_data/IU-Xray/images/IU_595_frontal.jpg,external_data/IU-Xray/images/IU_595_lateral.jpg,True,281547,True,True,2048,2048,True,
IU_595,595,insufficient,external_data/IU-Xray/images/IU_595_frontal.jpg,external_data/IU-Xray/images/IU_595_frontal.jpg,external_data/IU-Xray/images/IU_595_lateral.jpg,True,281547,True,True,2048,2048,True,
IU_597,597,sufficient,external_data/IU-Xray/images/IU_597_frontal.jpg,,external_data/IU-Xray/images/IU_597_lateral.jpg,False,0,False,False,0,0,False,frontal_image_unavailable
IU_597,597,syntactic_incomplete,external_data/IU-Xray/images/IU_597_frontal.jpg,,external_data/IU-Xray/images/IU_597_lateral.jpg,False,0,False,False,0,0,False,frontal_image_unavailable
IU_597,597,evidentiary_incomplete,external_data/IU-Xray/images/IU_597_frontal.jpg,,external_data/IU-Xray/images/IU_597_lateral.jpg,False,0,False,False,0,0,False,frontal_image_unavailable
IU_597,597,irrelevant,external_data/IU-Xray/images/IU_597_frontal.jpg,,external_data/IU-Xray/images/IU_597_lateral.jpg,False,0,False,False,0,0,False,frontal_image_unavailable
IU_597,597,conflicting,external_data/IU-Xray/images/IU_597_frontal.jpg,,external_data/IU-Xray/images/IU_597_lateral.jpg,False,0,False,False,0,0,False,frontal_image_unavailable
IU_597,597,insufficient,external_data/IU-Xray/images/IU_597_frontal.jpg,,external_data/IU-Xray/images/IU_597_lateral.jpg,False,0,False,False,0,0,False,frontal_image_unavailable
IU_600,600,sufficient,external_data/IU-Xray/images/IU_600_frontal.jpg,external_data/IU-Xray/images/IU_600_frontal.jpg,external_data/IU-Xray/images/IU_600_lateral.jpg,True,247073,True,True,2048,2048,True,
IU_600,600,syntactic_incomplete,external_data/IU-Xray/images/IU_600_frontal.jpg,external_data/IU-Xray/images/IU_600_frontal.jpg,external_data/IU-Xray/images/IU_600_lateral.jpg,True,247073,True,True,2048,2048,True,
IU_600,600,evidentiary_incomplete,external_data/IU-Xray/images/IU_600_frontal.jpg,external_data/IU-Xray/images/IU_600_frontal.jpg,external_data/IU-Xray/images/IU_600_lateral.jpg,True,247073,True,True,2048,2048,True,
IU_600,600,irrelevant,external_data/IU-Xray/images/IU_600_frontal.jpg,external_data/IU-Xray/images/IU_600_frontal.jpg,external_data/IU-Xray/images/IU_600_lateral.jpg,True,247073,True,True,2048,2048,True,
IU_600,600,conflicting,external_data/IU-Xray/images/IU_600_frontal.jpg,external_data/IU-Xray/images/IU_600_frontal.jpg,external_data/IU-Xray/images/IU_600_lateral.jpg,True,247073,True,True,2048,2048,True,
IU_600,600,insufficient,external_data/IU-Xray/images/IU_600_frontal.jpg,external_data/IU-Xray/images/IU_600_frontal.jpg,external_data/IU-Xray/images/IU_600_lateral.jpg,True,247073,True,True,2048,2048,True,
IU_604,604,sufficient,external_data/IU-Xray/images/IU_604_frontal.jpg,external_data/IU-Xray/images/IU_604_frontal.jpg,external_data/IU-Xray/images/IU_604_lateral.jpg,True,219849,True,True,2048,2048,True,
IU_604,604,syntactic_incomplete,external_data/IU-Xray/images/IU_604_frontal.jpg,external_data/IU-Xray/images/IU_604_frontal.jpg,external_data/IU-Xray/images/IU_604_lateral.jpg,True,219849,True,True,2048,2048,True,
IU_604,604,evidentiary_incomplete,external_data/IU-Xray/images/IU_604_frontal.jpg,external_data/IU-Xray/images/IU_604_frontal.jpg,external_data/IU-Xray/images/IU_604_lateral.jpg,True,219849,True,True,2048,2048,True,
IU_604,604,irrelevant,external_data/IU-Xray/images/IU_604_frontal.jpg,external_data/IU-Xray/images/IU_604_frontal.jpg,external_data/IU-Xray/images/IU_604_lateral.jpg,True,219849,True,True,2048,2048,True,
IU_604,604,conflicting,external_data/IU-Xray/images/IU_604_frontal.jpg,external_data/IU-Xray/images/IU_604_frontal.jpg,external_data/IU-Xray/images/IU_604_lateral.jpg,True,219849,True,True,2048,2048,True,
IU_604,604,insufficient,external_data/IU-Xray/images/IU_604_frontal.jpg,external_data/IU-Xray/images/IU_604_frontal.jpg,external_data/IU-Xray/images/IU_604_lateral.jpg,True,219849,True,True,2048,2048,True,
IU_628,628,sufficient,external_data/IU-Xray/images/IU_628_frontal.jpg,external_data/IU-Xray/images/IU_628_frontal.jpg,external_data/IU-Xray/images/IU_628_lateral.jpg,True,321287,True,True,2048,2048,True,
IU_628,628,syntactic_incomplete,external_data/IU-Xray/images/IU_628_frontal.jpg,external_data/IU-Xray/images/IU_628_frontal.jpg,external_data/IU-Xray/images/IU_628_lateral.jpg,True,321287,True,True,2048,2048,True,
IU_628,628,evidentiary_incomplete,external_data/IU-Xray/images/IU_628_frontal.jpg,external_data/IU-Xray/images/IU_628_frontal.jpg,external_data/IU-Xray/images/IU_628_lateral.jpg,True,321287,True,True,2048,2048,True,
IU_628,628,irrelevant,external_data/IU-Xray/images/IU_628_frontal.jpg,external_data/IU-Xray/images/IU_628_frontal.jpg,external_data/IU-Xray/images/IU_628_lateral.jpg,True,321287,True,True,2048,2048,True,
IU_628,628,conflicting,external_data/IU-Xray/images/IU_628_frontal.jpg,external_data/IU-Xray/images/IU_628_frontal.jpg,external_data/IU-Xray/images/IU_628_lateral.jpg,True,321287,True,True,2048,2048,True,
IU_628,628,insufficient,external_data/IU-Xray/images/IU_628_frontal.jpg,external_data/IU-Xray/images/IU_628_frontal.jpg,external_data/IU-Xray/images/IU_628_lateral.jpg,True,321287,True,True,2048,2048,True,
IU_633,633,sufficient,external_data/IU-Xray/images/IU_633_frontal.jpg,external_data/IU-Xray/images/IU_633_frontal.jpg,external_data/IU-Xray/images/IU_633_lateral.jpg,True,269797,True,True,2051,2048,True,
IU_633,633,syntactic_incomplete,external_data/IU-Xray/images/IU_633_frontal.jpg,external_data/IU-Xray/images/IU_633_frontal.jpg,external_data/IU-Xray/images/IU_633_lateral.jpg,True,269797,True,True,2051,2048,True,
IU_633,633,evidentiary_incomplete,external_data/IU-Xray/images/IU_633_frontal.jpg,external_data/IU-Xray/images/IU_633_frontal.jpg,external_data/IU-Xray/images/IU_633_lateral.jpg,True,269797,True,True,2051,2048,True,
IU_633,633,irrelevant,external_data/IU-Xray/images/IU_633_frontal.jpg,external_data/IU-Xray/images/IU_633_frontal.jpg,external_data/IU-Xray/images/IU_633_lateral.jpg,True,269797,True,True,2051,2048,True,
IU_633,633,conflicting,external_data/IU-Xray/images/IU_633_frontal.jpg,external_data/IU-Xray/images/IU_633_frontal.jpg,external_data/IU-Xray/images/IU_633_lateral.jpg,True,269797,True,True,2051,2048,True,
IU_633,633,insufficient,external_data/IU-Xray/images/IU_633_frontal.jpg,external_data/IU-Xray/images/IU_633_frontal.jpg,external_data/IU-Xray/images/IU_633_lateral.jpg,True,269797,True,True,2051,2048,True,
IU_645,645,sufficient,external_data/IU-Xray/images/IU_645_frontal.jpg,external_data/IU-Xray/images/IU_645_frontal.jpg,external_data/IU-Xray/images/IU_645_lateral.jpg,True,315804,True,True,2496,2048,True,
IU_645,645,syntactic_incomplete,external_data/IU-Xray/images/IU_645_frontal.jpg,external_data/IU-Xray/images/IU_645_frontal.jpg,external_data/IU-Xray/images/IU_645_lateral.jpg,True,315804,True,True,2496,2048,True,
IU_645,645,evidentiary_incomplete,external_data/IU-Xray/images/IU_645_frontal.jpg,external_data/IU-Xray/images/IU_645_frontal.jpg,external_data/IU-Xray/images/IU_645_lateral.jpg,True,315804,True,True,2496,2048,True,
IU_645,645,irrelevant,external_data/IU-Xray/images/IU_645_frontal.jpg,external_data/IU-Xray/images/IU_645_frontal.jpg,external_data/IU-Xray/images/IU_645_lateral.jpg,True,315804,True,True,2496,2048,True,
IU_645,645,conflicting,external_data/IU-Xray/images/IU_645_frontal.jpg,external_data/IU-Xray/images/IU_645_frontal.jpg,external_data/IU-Xray/images/IU_645_lateral.jpg,True,315804,True,True,2496,2048,True,
IU_645,645,insufficient,external_data/IU-Xray/images/IU_645_frontal.jpg,external_data/IU-Xray/images/IU_645_frontal.jpg,external_data/IU-Xray/images/IU_645_lateral.jpg,True,315804,True,True,2496,2048,True,
IU_653,653,sufficient,external_data/IU-Xray/images/IU_653_frontal.jpg,external_data/IU-Xray/images/IU_653_frontal.jpg,external_data/IU-Xray/images/IU_653_lateral.jpg,True,283009,True,True,2048,2048,True,
IU_653,653,syntactic_incomplete,external_data/IU-Xray/images/IU_653_frontal.jpg,external_data/IU-Xray/images/IU_653_frontal.jpg,external_data/IU-Xray/images/IU_653_lateral.jpg,True,283009,True,True,2048,2048,True,
IU_653,653,evidentiary_incomplete,external_data/IU-Xray/images/IU_653_frontal.jpg,external_data/IU-Xray/images/IU_653_frontal.jpg,external_data/IU-Xray/images/IU_653_lateral.jpg,True,283009,True,True,2048,2048,True,
IU_653,653,irrelevant,external_data/IU-Xray/images/IU_653_frontal.jpg,external_data/IU-Xray/images/IU_653_frontal.jpg,external_data/IU-Xray/images/IU_653_lateral.jpg,True,283009,True,True,2048,2048,True,
IU_653,653,conflicting,external_data/IU-Xray/images/IU_653_frontal.jpg,external_data/IU-Xray/images/IU_653_frontal.jpg,external_data/IU-Xray/images/IU_653_lateral.jpg,True,283009,True,True,2048,2048,True,
IU_653,653,insufficient,external_data/IU-Xray/images/IU_653_frontal.jpg,external_data/IU-Xray/images/IU_653_frontal.jpg,external_data/IU-Xray/images/IU_653_lateral.jpg,True,283009,True,True,2048,2048,True,
IU_655,655,sufficient,external_data/IU-Xray/images/IU_655_frontal.jpg,external_data/IU-Xray/images/IU_655_frontal.jpg,external_data/IU-Xray/images/IU_655_lateral.jpg,True,240501,True,True,2048,2048,True,
IU_655,655,syntactic_incomplete,external_data/IU-Xray/images/IU_655_frontal.jpg,external_data/IU-Xray/images/IU_655_frontal.jpg,external_data/IU-Xray/images/IU_655_lateral.jpg,True,240501,True,True,2048,2048,True,
IU_655,655,evidentiary_incomplete,external_data/IU-Xray/images/IU_655_frontal.jpg,external_data/IU-Xray/images/IU_655_frontal.jpg,external_data/IU-Xray/images/IU_655_lateral.jpg,True,240501,True,True,2048,2048,True,
IU_655,655,irrelevant,external_data/IU-Xray/images/IU_655_frontal.jpg,external_data/IU-Xray/images/IU_655_frontal.jpg,external_data/IU-Xray/images/IU_655_lateral.jpg,True,240501,True,True,2048,2048,True,
IU_655,655,conflicting,external_data/IU-Xray/images/IU_655_frontal.jpg,external_data/IU-Xray/images/IU_655_frontal.jpg,external_data/IU-Xray/images/IU_655_lateral.jpg,True,240501,True,True,2048,2048,True,
IU_655,655,insufficient,external_data/IU-Xray/images/IU_655_frontal.jpg,external_data/IU-Xray/images/IU_655_frontal.jpg,external_data/IU-Xray/images/IU_655_lateral.jpg,True,240501,True,True,2048,2048,True,
IU_688,688,sufficient,external_data/IU-Xray/images/IU_688_frontal.jpg,external_data/IU-Xray/images/IU_688_frontal.jpg,external_data/IU-Xray/images/IU_688_lateral.jpg,True,201043,True,True,2048,2048,True,
IU_688,688,syntactic_incomplete,external_data/IU-Xray/images/IU_688_frontal.jpg,external_data/IU-Xray/images/IU_688_frontal.jpg,external_data/IU-Xray/images/IU_688_lateral.jpg,True,201043,True,True,2048,2048,True,
IU_688,688,evidentiary_incomplete,external_data/IU-Xray/images/IU_688_frontal.jpg,external_data/IU-Xray/images/IU_688_frontal.jpg,external_data/IU-Xray/images/IU_688_lateral.jpg,True,201043,True,True,2048,2048,True,
IU_688,688,irrelevant,external_data/IU-Xray/images/IU_688_frontal.jpg,external_data/IU-Xray/images/IU_688_frontal.jpg,external_data/IU-Xray/images/IU_688_lateral.jpg,True,201043,True,True,2048,2048,True,
IU_688,688,conflicting,external_data/IU-Xray/images/IU_688_frontal.jpg,external_data/IU-Xray/images/IU_688_frontal.jpg,external_data/IU-Xray/images/IU_688_lateral.jpg,True,201043,True,True,2048,2048,True,
IU_688,688,insufficient,external_data/IU-Xray/images/IU_688_frontal.jpg,external_data/IU-Xray/images/IU_688_frontal.jpg,external_data/IU-Xray/images/IU_688_lateral.jpg,True,201043,True,True,2048,2048,True,
IU_702,702,sufficient,external_data/IU-Xray/images/IU_702_frontal.jpg,external_data/IU-Xray/images/IU_702_frontal.jpg,,True,415456,True,True,2405,2048,True,
IU_702,702,syntactic_incomplete,external_data/IU-Xray/images/IU_702_frontal.jpg,external_data/IU-Xray/images/IU_702_frontal.jpg,,True,415456,True,True,2405,2048,True,
IU_702,702,evidentiary_incomplete,external_data/IU-Xray/images/IU_702_frontal.jpg,external_data/IU-Xray/images/IU_702_frontal.jpg,,True,415456,True,True,2405,2048,True,
IU_702,702,irrelevant,external_data/IU-Xray/images/IU_702_frontal.jpg,external_data/IU-Xray/images/IU_702_frontal.jpg,,True,415456,True,True,2405,2048,True,
IU_702,702,conflicting,external_data/IU-Xray/images/IU_702_frontal.jpg,external_data/IU-Xray/images/IU_702_frontal.jpg,,True,415456,True,True,2405,2048,True,
IU_702,702,insufficient,external_data/IU-Xray/images/IU_702_frontal.jpg,external_data/IU-Xray/images/IU_702_frontal.jpg,,True,415456,True,True,2405,2048,True,
IU_729,729,sufficient,external_data/IU-Xray/images/IU_729_frontal.jpg,external_data/IU-Xray/images/IU_729_frontal.jpg,external_data/IU-Xray/images/IU_729_lateral.jpg,True,305572,True,True,2496,2048,True,
IU_729,729,syntactic_incomplete,external_data/IU-Xray/images/IU_729_frontal.jpg,external_data/IU-Xray/images/IU_729_frontal.jpg,external_data/IU-Xray/images/IU_729_lateral.jpg,True,305572,True,True,2496,2048,True,
IU_729,729,evidentiary_incomplete,external_data/IU-Xray/images/IU_729_frontal.jpg,external_data/IU-Xray/images/IU_729_frontal.jpg,external_data/IU-Xray/images/IU_729_lateral.jpg,True,305572,True,True,2496,2048,True,
IU_729,729,irrelevant,external_data/IU-Xray/images/IU_729_frontal.jpg,external_data/IU-Xray/images/IU_729_frontal.jpg,external_data/IU-Xray/images/IU_729_lateral.jpg,True,305572,True,True,2496,2048,True,
IU_729,729,conflicting,external_data/IU-Xray/images/IU_729_frontal.jpg,external_data/IU-Xray/images/IU_729_frontal.jpg,external_data/IU-Xray/images/IU_729_lateral.jpg,True,305572,True,True,2496,2048,True,
IU_729,729,insufficient,external_data/IU-Xray/images/IU_729_frontal.jpg,external_data/IU-Xray/images/IU_729_frontal.jpg,external_data/IU-Xray/images/IU_729_lateral.jpg,True,305572,True,True,2496,2048,True,
IU_753,753,sufficient,external_data/IU-Xray/images/IU_753_frontal.jpg,external_data/IU-Xray/images/IU_753_frontal.jpg,external_data/IU-Xray/images/IU_753_lateral.jpg,True,309700,True,True,2048,2048,True,
IU_753,753,syntactic_incomplete,external_data/IU-Xray/images/IU_753_frontal.jpg,external_data/IU-Xray/images/IU_753_frontal.jpg,external_data/IU-Xray/images/IU_753_lateral.jpg,True,309700,True,True,2048,2048,True,
IU_753,753,evidentiary_incomplete,external_data/IU-Xray/images/IU_753_frontal.jpg,external_data/IU-Xray/images/IU_753_frontal.jpg,external_data/IU-Xray/images/IU_753_lateral.jpg,True,309700,True,True,2048,2048,True,
IU_753,753,irrelevant,external_data/IU-Xray/images/IU_753_frontal.jpg,external_data/IU-Xray/images/IU_753_frontal.jpg,external_data/IU-Xray/images/IU_753_lateral.jpg,True,309700,True,True,2048,2048,True,
IU_753,753,conflicting,external_data/IU-Xray/images/IU_753_frontal.jpg,external_data/IU-Xray/images/IU_753_frontal.jpg,external_data/IU-Xray/images/IU_753_lateral.jpg,True,309700,True,True,2048,2048,True,
IU_753,753,insufficient,external_data/IU-Xray/images/IU_753_frontal.jpg,external_data/IU-Xray/images/IU_753_frontal.jpg,external_data/IU-Xray/images/IU_753_lateral.jpg,True,309700,True,True,2048,2048,True,
IU_772,772,sufficient,external_data/IU-Xray/images/IU_772_frontal.jpg,external_data/IU-Xray/images/IU_772_frontal.jpg,,True,425791,True,True,2474,2048,True,
IU_772,772,syntactic_incomplete,external_data/IU-Xray/images/IU_772_frontal.jpg,external_data/IU-Xray/images/IU_772_frontal.jpg,,True,425791,True,True,2474,2048,True,
IU_772,772,evidentiary_incomplete,external_data/IU-Xray/images/IU_772_frontal.jpg,external_data/IU-Xray/images/IU_772_frontal.jpg,,True,425791,True,True,2474,2048,True,
IU_772,772,irrelevant,external_data/IU-Xray/images/IU_772_frontal.jpg,external_data/IU-Xray/images/IU_772_frontal.jpg,,True,425791,True,True,2474,2048,True,
IU_772,772,conflicting,external_data/IU-Xray/images/IU_772_frontal.jpg,external_data/IU-Xray/images/IU_772_frontal.jpg,,True,425791,True,True,2474,2048,True,
IU_772,772,insufficient,external_data/IU-Xray/images/IU_772_frontal.jpg,external_data/IU-Xray/images/IU_772_frontal.jpg,,True,425791,True,True,2474,2048,True,
IU_782,782,sufficient,external_data/IU-Xray/images/IU_782_frontal.jpg,external_data/IU-Xray/images/IU_782_frontal.jpg,external_data/IU-Xray/images/IU_782_lateral.jpg,True,242234,True,True,2048,2048,True,
IU_782,782,syntactic_incomplete,external_data/IU-Xray/images/IU_782_frontal.jpg,external_data/IU-Xray/images/IU_782_frontal.jpg,external_data/IU-Xray/images/IU_782_lateral.jpg,True,242234,True,True,2048,2048,True,
IU_782,782,evidentiary_incomplete,external_data/IU-Xray/images/IU_782_frontal.jpg,external_data/IU-Xray/images/IU_782_frontal.jpg,external_data/IU-Xray/images/IU_782_lateral.jpg,True,242234,True,True,2048,2048,True,
IU_782,782,irrelevant,external_data/IU-Xray/images/IU_782_frontal.jpg,external_data/IU-Xray/images/IU_782_frontal.jpg,external_data/IU-Xray/images/IU_782_lateral.jpg,True,242234,True,True,2048,2048,True,
IU_782,782,conflicting,external_data/IU-Xray/images/IU_782_frontal.jpg,external_data/IU-Xray/images/IU_782_frontal.jpg,external_data/IU-Xray/images/IU_782_lateral.jpg,True,242234,True,True,2048,2048,True,
IU_782,782,insufficient,external_data/IU-Xray/images/IU_782_frontal.jpg,external_data/IU-Xray/images/IU_782_frontal.jpg,external_data/IU-Xray/images/IU_782_lateral.jpg,True,242234,True,True,2048,2048,True,
IU_783,783,sufficient,external_data/IU-Xray/images/IU_783_frontal.jpg,external_data/IU-Xray/images/IU_783_frontal.jpg,external_data/IU-Xray/images/IU_783_lateral.jpg,True,330375,True,True,2094,2048,True,
IU_783,783,syntactic_incomplete,external_data/IU-Xray/images/IU_783_frontal.jpg,external_data/IU-Xray/images/IU_783_frontal.jpg,external_data/IU-Xray/images/IU_783_lateral.jpg,True,330375,True,True,2094,2048,True,
IU_783,783,evidentiary_incomplete,external_data/IU-Xray/images/IU_783_frontal.jpg,external_data/IU-Xray/images/IU_783_frontal.jpg,external_data/IU-Xray/images/IU_783_lateral.jpg,True,330375,True,True,2094,2048,True,
IU_783,783,irrelevant,external_data/IU-Xray/images/IU_783_frontal.jpg,external_data/IU-Xray/images/IU_783_frontal.jpg,external_data/IU-Xray/images/IU_783_lateral.jpg,True,330375,True,True,2094,2048,True,
IU_783,783,conflicting,external_data/IU-Xray/images/IU_783_frontal.jpg,external_data/IU-Xray/images/IU_783_frontal.jpg,external_data/IU-Xray/images/IU_783_lateral.jpg,True,330375,True,True,2094,2048,True,
IU_783,783,insufficient,external_data/IU-Xray/images/IU_783_frontal.jpg,external_data/IU-Xray/images/IU_783_frontal.jpg,external_data/IU-Xray/images/IU_783_lateral.jpg,True,330375,True,True,2094,2048,True,
IU_784,784,sufficient,external_data/IU-Xray/images/IU_784_frontal.jpg,external_data/IU-Xray/images/IU_784_frontal.jpg,external_data/IU-Xray/images/IU_784_lateral.jpg,True,375026,True,True,2500,2048,True,
IU_784,784,syntactic_incomplete,external_data/IU-Xray/images/IU_784_frontal.jpg,external_data/IU-Xray/images/IU_784_frontal.jpg,external_data/IU-Xray/images/IU_784_lateral.jpg,True,375026,True,True,2500,2048,True,
IU_784,784,evidentiary_incomplete,external_data/IU-Xray/images/IU_784_frontal.jpg,external_data/IU-Xray/images/IU_784_frontal.jpg,external_data/IU-Xray/images/IU_784_lateral.jpg,True,375026,True,True,2500,2048,True,
IU_784,784,irrelevant,external_data/IU-Xray/images/IU_784_frontal.jpg,external_data/IU-Xray/images/IU_784_frontal.jpg,external_data/IU-Xray/images/IU_784_lateral.jpg,True,375026,True,True,2500,2048,True,
IU_784,784,conflicting,external_data/IU-Xray/images/IU_784_frontal.jpg,external_data/IU-Xray/images/IU_784_frontal.jpg,external_data/IU-Xray/images/IU_784_lateral.jpg,True,375026,True,True,2500,2048,True,
IU_784,784,insufficient,external_data/IU-Xray/images/IU_784_frontal.jpg,external_data/IU-Xray/images/IU_784_frontal.jpg,external_data/IU-Xray/images/IU_784_lateral.jpg,True,375026,True,True,2500,2048,True,
IU_793,793,sufficient,external_data/IU-Xray/images/IU_793_frontal.jpg,external_data/IU-Xray/images/IU_793_frontal.jpg,external_data/IU-Xray/images/IU_793_lateral.jpg,True,313555,True,True,2048,2048,True,
IU_793,793,syntactic_incomplete,external_data/IU-Xray/images/IU_793_frontal.jpg,external_data/IU-Xray/images/IU_793_frontal.jpg,external_data/IU-Xray/images/IU_793_lateral.jpg,True,313555,True,True,2048,2048,True,
IU_793,793,evidentiary_incomplete,external_data/IU-Xray/images/IU_793_frontal.jpg,external_data/IU-Xray/images/IU_793_frontal.jpg,external_data/IU-Xray/images/IU_793_lateral.jpg,True,313555,True,True,2048,2048,True,
IU_793,793,irrelevant,external_data/IU-Xray/images/IU_793_frontal.jpg,external_data/IU-Xray/images/IU_793_frontal.jpg,external_data/IU-Xray/images/IU_793_lateral.jpg,True,313555,True,True,2048,2048,True,
IU_793,793,conflicting,external_data/IU-Xray/images/IU_793_frontal.jpg,external_data/IU-Xray/images/IU_793_frontal.jpg,external_data/IU-Xray/images/IU_793_lateral.jpg,True,313555,True,True,2048,2048,True,
IU_793,793,insufficient,external_data/IU-Xray/images/IU_793_frontal.jpg,external_data/IU-Xray/images/IU_793_frontal.jpg,external_data/IU-Xray/images/IU_793_lateral.jpg,True,313555,True,True,2048,2048,True,
IU_803,803,sufficient,external_data/IU-Xray/images/IU_803_frontal.jpg,,external_data/IU-Xray/images/IU_803_lateral.jpg,False,0,False,False,0,0,False,frontal_image_unavailable
IU_803,803,syntactic_incomplete,external_data/IU-Xray/images/IU_803_frontal.jpg,,external_data/IU-Xray/images/IU_803_lateral.jpg,False,0,False,False,0,0,False,frontal_image_unavailable
IU_803,803,evidentiary_incomplete,external_data/IU-Xray/images/IU_803_frontal.jpg,,external_data/IU-Xray/images/IU_803_lateral.jpg,False,0,False,False,0,0,False,frontal_image_unavailable
IU_803,803,irrelevant,external_data/IU-Xray/images/IU_803_frontal.jpg,,external_data/IU-Xray/images/IU_803_lateral.jpg,False,0,False,False,0,0,False,frontal_image_unavailable
IU_803,803,conflicting,external_data/IU-Xray/images/IU_803_frontal.jpg,,external_data/IU-Xray/images/IU_803_lateral.jpg,False,0,False,False,0,0,False,frontal_image_unavailable
IU_803,803,insufficient,external_data/IU-Xray/images/IU_803_frontal.jpg,,external_data/IU-Xray/images/IU_803_lateral.jpg,False,0,False,False,0,0,False,frontal_image_unavailable
IU_806,806,sufficient,external_data/IU-Xray/images/IU_806_frontal.jpg,external_data/IU-Xray/images/IU_806_frontal.jpg,external_data/IU-Xray/images/IU_806_lateral.jpg,True,417476,True,True,2474,2048,True,
IU_806,806,syntactic_incomplete,external_data/IU-Xray/images/IU_806_frontal.jpg,external_data/IU-Xray/images/IU_806_frontal.jpg,external_data/IU-Xray/images/IU_806_lateral.jpg,True,417476,True,True,2474,2048,True,
IU_806,806,evidentiary_incomplete,external_data/IU-Xray/images/IU_806_frontal.jpg,external_data/IU-Xray/images/IU_806_frontal.jpg,external_data/IU-Xray/images/IU_806_lateral.jpg,True,417476,True,True,2474,2048,True,
IU_806,806,irrelevant,external_data/IU-Xray/images/IU_806_frontal.jpg,external_data/IU-Xray/images/IU_806_frontal.jpg,external_data/IU-Xray/images/IU_806_lateral.jpg,True,417476,True,True,2474,2048,True,
IU_806,806,conflicting,external_data/IU-Xray/images/IU_806_frontal.jpg,external_data/IU-Xray/images/IU_806_frontal.jpg,external_data/IU-Xray/images/IU_806_lateral.jpg,True,417476,True,True,2474,2048,True,
IU_806,806,insufficient,external_data/IU-Xray/images/IU_806_frontal.jpg,external_data/IU-Xray/images/IU_806_frontal.jpg,external_data/IU-Xray/images/IU_806_lateral.jpg,True,417476,True,True,2474,2048,True,
IU_814,814,sufficient,external_data/IU-Xray/images/IU_814_frontal.jpg,external_data/IU-Xray/images/IU_814_frontal.jpg,external_data/IU-Xray/images/IU_814_lateral.jpg,True,288992,True,True,2048,2048,True,
IU_814,814,syntactic_incomplete,external_data/IU-Xray/images/IU_814_frontal.jpg,external_data/IU-Xray/images/IU_814_frontal.jpg,external_data/IU-Xray/images/IU_814_lateral.jpg,True,288992,True,True,2048,2048,True,
IU_814,814,evidentiary_incomplete,external_data/IU-Xray/images/IU_814_frontal.jpg,external_data/IU-Xray/images/IU_814_frontal.jpg,external_data/IU-Xray/images/IU_814_lateral.jpg,True,288992,True,True,2048,2048,True,
IU_814,814,irrelevant,external_data/IU-Xray/images/IU_814_frontal.jpg,external_data/IU-Xray/images/IU_814_frontal.jpg,external_data/IU-Xray/images/IU_814_lateral.jpg,True,288992,True,True,2048,2048,True,
IU_814,814,conflicting,external_data/IU-Xray/images/IU_814_frontal.jpg,external_data/IU-Xray/images/IU_814_frontal.jpg,external_data/IU-Xray/images/IU_814_lateral.jpg,True,288992,True,True,2048,2048,True,
IU_814,814,insufficient,external_data/IU-Xray/images/IU_814_frontal.jpg,external_data/IU-Xray/images/IU_814_frontal.jpg,external_data/IU-Xray/images/IU_814_lateral.jpg,True,288992,True,True,2048,2048,True,
IU_827,827,sufficient,external_data/IU-Xray/images/IU_827_frontal.jpg,external_data/IU-Xray/images/IU_827_frontal.jpg,external_data/IU-Xray/images/IU_827_lateral.jpg,True,406108,True,True,2472,2048,True,
IU_827,827,syntactic_incomplete,external_data/IU-Xray/images/IU_827_frontal.jpg,external_data/IU-Xray/images/IU_827_frontal.jpg,external_data/IU-Xray/images/IU_827_lateral.jpg,True,406108,True,True,2472,2048,True,
IU_827,827,evidentiary_incomplete,external_data/IU-Xray/images/IU_827_frontal.jpg,external_data/IU-Xray/images/IU_827_frontal.jpg,external_data/IU-Xray/images/IU_827_lateral.jpg,True,406108,True,True,2472,2048,True,
IU_827,827,irrelevant,external_data/IU-Xray/images/IU_827_frontal.jpg,external_data/IU-Xray/images/IU_827_frontal.jpg,external_data/IU-Xray/images/IU_827_lateral.jpg,True,406108,True,True,2472,2048,True,
IU_827,827,conflicting,external_data/IU-Xray/images/IU_827_frontal.jpg,external_data/IU-Xray/images/IU_827_frontal.jpg,external_data/IU-Xray/images/IU_827_lateral.jpg,True,406108,True,True,2472,2048,True,
IU_827,827,insufficient,external_data/IU-Xray/images/IU_827_frontal.jpg,external_data/IU-Xray/images/IU_827_frontal.jpg,external_data/IU-Xray/images/IU_827_lateral.jpg,True,406108,True,True,2472,2048,True,
IU_854,854,sufficient,external_data/IU-Xray/images/IU_854_frontal.jpg,external_data/IU-Xray/images/IU_854_frontal.jpg,external_data/IU-Xray/images/IU_854_lateral.jpg,True,278958,True,True,2048,2048,True,
IU_854,854,syntactic_incomplete,external_data/IU-Xray/images/IU_854_frontal.jpg,external_data/IU-Xray/images/IU_854_frontal.jpg,external_data/IU-Xray/images/IU_854_lateral.jpg,True,278958,True,True,2048,2048,True,
IU_854,854,evidentiary_incomplete,external_data/IU-Xray/images/IU_854_frontal.jpg,external_data/IU-Xray/images/IU_854_frontal.jpg,external_data/IU-Xray/images/IU_854_lateral.jpg,True,278958,True,True,2048,2048,True,
IU_854,854,irrelevant,external_data/IU-Xray/images/IU_854_frontal.jpg,external_data/IU-Xray/images/IU_854_frontal.jpg,external_data/IU-Xray/images/IU_854_lateral.jpg,True,278958,True,True,2048,2048,True,
IU_854,854,conflicting,external_data/IU-Xray/images/IU_854_frontal.jpg,external_data/IU-Xray/images/IU_854_frontal.jpg,external_data/IU-Xray/images/IU_854_lateral.jpg,True,278958,True,True,2048,2048,True,
IU_854,854,insufficient,external_data/IU-Xray/images/IU_854_frontal.jpg,external_data/IU-Xray/images/IU_854_frontal.jpg,external_data/IU-Xray/images/IU_854_lateral.jpg,True,278958,True,True,2048,2048,True,
IU_871,871,sufficient,external_data/IU-Xray/images/IU_871_frontal.jpg,external_data/IU-Xray/images/IU_871_frontal.jpg,external_data/IU-Xray/images/IU_871_lateral.jpg,True,223676,True,True,2496,2048,True,
IU_871,871,syntactic_incomplete,external_data/IU-Xray/images/IU_871_frontal.jpg,external_data/IU-Xray/images/IU_871_frontal.jpg,external_data/IU-Xray/images/IU_871_lateral.jpg,True,223676,True,True,2496,2048,True,
IU_871,871,evidentiary_incomplete,external_data/IU-Xray/images/IU_871_frontal.jpg,external_data/IU-Xray/images/IU_871_frontal.jpg,external_data/IU-Xray/images/IU_871_lateral.jpg,True,223676,True,True,2496,2048,True,
IU_871,871,irrelevant,external_data/IU-Xray/images/IU_871_frontal.jpg,external_data/IU-Xray/images/IU_871_frontal.jpg,external_data/IU-Xray/images/IU_871_lateral.jpg,True,223676,True,True,2496,2048,True,
IU_871,871,conflicting,external_data/IU-Xray/images/IU_871_frontal.jpg,external_data/IU-Xray/images/IU_871_frontal.jpg,external_data/IU-Xray/images/IU_871_lateral.jpg,True,223676,True,True,2496,2048,True,
IU_871,871,insufficient,external_data/IU-Xray/images/IU_871_frontal.jpg,external_data/IU-Xray/images/IU_871_frontal.jpg,external_data/IU-Xray/images/IU_871_lateral.jpg,True,223676,True,True,2496,2048,True,
IU_885,885,sufficient,external_data/IU-Xray/images/IU_885_frontal.jpg,,external_data/IU-Xray/images/IU_885_lateral.jpg,False,0,False,False,0,0,False,frontal_image_unavailable
IU_885,885,syntactic_incomplete,external_data/IU-Xray/images/IU_885_frontal.jpg,,external_data/IU-Xray/images/IU_885_lateral.jpg,False,0,False,False,0,0,False,frontal_image_unavailable
IU_885,885,evidentiary_incomplete,external_data/IU-Xray/images/IU_885_frontal.jpg,,external_data/IU-Xray/images/IU_885_lateral.jpg,False,0,False,False,0,0,False,frontal_image_unavailable
IU_885,885,irrelevant,external_data/IU-Xray/images/IU_885_frontal.jpg,,external_data/IU-Xray/images/IU_885_lateral.jpg,False,0,False,False,0,0,False,frontal_image_unavailable
IU_885,885,conflicting,external_data/IU-Xray/images/IU_885_frontal.jpg,,external_data/IU-Xray/images/IU_885_lateral.jpg,False,0,False,False,0,0,False,frontal_image_unavailable
IU_885,885,insufficient,external_data/IU-Xray/images/IU_885_frontal.jpg,,external_data/IU-Xray/images/IU_885_lateral.jpg,False,0,False,False,0,0,False,frontal_image_unavailable
IU_927,927,sufficient,external_data/IU-Xray/images/IU_927_frontal.jpg,external_data/IU-Xray/images/IU_927_frontal.jpg,external_data/IU-Xray/images/IU_927_lateral.jpg,True,233942,True,True,2051,2048,True,
IU_927,927,syntactic_incomplete,external_data/IU-Xray/images/IU_927_frontal.jpg,external_data/IU-Xray/images/IU_927_frontal.jpg,external_data/IU-Xray/images/IU_927_lateral.jpg,True,233942,True,True,2051,2048,True,
IU_927,927,evidentiary_incomplete,external_data/IU-Xray/images/IU_927_frontal.jpg,external_data/IU-Xray/images/IU_927_frontal.jpg,external_data/IU-Xray/images/IU_927_lateral.jpg,True,233942,True,True,2051,2048,True,
IU_927,927,irrelevant,external_data/IU-Xray/images/IU_927_frontal.jpg,external_data/IU-Xray/images/IU_927_frontal.jpg,external_data/IU-Xray/images/IU_927_lateral.jpg,True,233942,True,True,2051,2048,True,
IU_927,927,conflicting,external_data/IU-Xray/images/IU_927_frontal.jpg,external_data/IU-Xray/images/IU_927_frontal.jpg,external_data/IU-Xray/images/IU_927_lateral.jpg,True,233942,True,True,2051,2048,True,
IU_927,927,insufficient,external_data/IU-Xray/images/IU_927_frontal.jpg,external_data/IU-Xray/images/IU_927_frontal.jpg,external_data/IU-Xray/images/IU_927_lateral.jpg,True,233942,True,True,2051,2048,True,
IU_936,936,sufficient,external_data/IU-Xray/images/IU_936_frontal.jpg,external_data/IU-Xray/images/IU_936_frontal.jpg,,True,281936,True,True,2048,2048,True,
IU_936,936,syntactic_incomplete,external_data/IU-Xray/images/IU_936_frontal.jpg,external_data/IU-Xray/images/IU_936_frontal.jpg,,True,281936,True,True,2048,2048,True,
IU_936,936,evidentiary_incomplete,external_data/IU-Xray/images/IU_936_frontal.jpg,external_data/IU-Xray/images/IU_936_frontal.jpg,,True,281936,True,True,2048,2048,True,
IU_936,936,irrelevant,external_data/IU-Xray/images/IU_936_frontal.jpg,external_data/IU-Xray/images/IU_936_frontal.jpg,,True,281936,True,True,2048,2048,True,
IU_936,936,conflicting,external_data/IU-Xray/images/IU_936_frontal.jpg,external_data/IU-Xray/images/IU_936_frontal.jpg,,True,281936,True,True,2048,2048,True,
IU_936,936,insufficient,external_data/IU-Xray/images/IU_936_frontal.jpg,external_data/IU-Xray/images/IU_936_frontal.jpg,,True,281936,True,True,2048,2048,True,
IU_960,960,sufficient,external_data/IU-Xray/images/IU_960_frontal.jpg,external_data/IU-Xray/images/IU_960_frontal.jpg,external_data/IU-Xray/images/IU_960_lateral.jpg,True,409161,True,True,2494,2048,True,
IU_960,960,syntactic_incomplete,external_data/IU-Xray/images/IU_960_frontal.jpg,external_data/IU-Xray/images/IU_960_frontal.jpg,external_data/IU-Xray/images/IU_960_lateral.jpg,True,409161,True,True,2494,2048,True,
IU_960,960,evidentiary_incomplete,external_data/IU-Xray/images/IU_960_frontal.jpg,external_data/IU-Xray/images/IU_960_frontal.jpg,external_data/IU-Xray/images/IU_960_lateral.jpg,True,409161,True,True,2494,2048,True,
IU_960,960,irrelevant,external_data/IU-Xray/images/IU_960_frontal.jpg,external_data/IU-Xray/images/IU_960_frontal.jpg,external_data/IU-Xray/images/IU_960_lateral.jpg,True,409161,True,True,2494,2048,True,
IU_960,960,conflicting,external_data/IU-Xray/images/IU_960_frontal.jpg,external_data/IU-Xray/images/IU_960_frontal.jpg,external_data/IU-Xray/images/IU_960_lateral.jpg,True,409161,True,True,2494,2048,True,
IU_960,960,insufficient,external_data/IU-Xray/images/IU_960_frontal.jpg,external_data/IU-Xray/images/IU_960_frontal.jpg,external_data/IU-Xray/images/IU_960_lateral.jpg,True,409161,True,True,2494,2048,True,
IU_963,963,sufficient,external_data/IU-Xray/images/IU_963_frontal.jpg,external_data/IU-Xray/images/IU_963_frontal.jpg,external_data/IU-Xray/images/IU_963_lateral.jpg,True,318589,True,True,2048,2048,True,
IU_963,963,syntactic_incomplete,external_data/IU-Xray/images/IU_963_frontal.jpg,external_data/IU-Xray/images/IU_963_frontal.jpg,external_data/IU-Xray/images/IU_963_lateral.jpg,True,318589,True,True,2048,2048,True,
IU_963,963,evidentiary_incomplete,external_data/IU-Xray/images/IU_963_frontal.jpg,external_data/IU-Xray/images/IU_963_frontal.jpg,external_data/IU-Xray/images/IU_963_lateral.jpg,True,318589,True,True,2048,2048,True,
IU_963,963,irrelevant,external_data/IU-Xray/images/IU_963_frontal.jpg,external_data/IU-Xray/images/IU_963_frontal.jpg,external_data/IU-Xray/images/IU_963_lateral.jpg,True,318589,True,True,2048,2048,True,
IU_963,963,conflicting,external_data/IU-Xray/images/IU_963_frontal.jpg,external_data/IU-Xray/images/IU_963_frontal.jpg,external_data/IU-Xray/images/IU_963_lateral.jpg,True,318589,True,True,2048,2048,True,
IU_963,963,insufficient,external_data/IU-Xray/images/IU_963_frontal.jpg,external_data/IU-Xray/images/IU_963_frontal.jpg,external_data/IU-Xray/images/IU_963_lateral.jpg,True,318589,True,True,2048,2048,True,
IU_965,965,sufficient,external_data/IU-Xray/images/IU_965_frontal.jpg,external_data/IU-Xray/images/IU_965_frontal.jpg,external_data/IU-Xray/images/IU_965_lateral.jpg,True,296540,True,True,2048,2048,True,
IU_965,965,syntactic_incomplete,external_data/IU-Xray/images/IU_965_frontal.jpg,external_data/IU-Xray/images/IU_965_frontal.jpg,external_data/IU-Xray/images/IU_965_lateral.jpg,True,296540,True,True,2048,2048,True,
IU_965,965,evidentiary_incomplete,external_data/IU-Xray/images/IU_965_frontal.jpg,external_data/IU-Xray/images/IU_965_frontal.jpg,external_data/IU-Xray/images/IU_965_lateral.jpg,True,296540,True,True,2048,2048,True,
IU_965,965,irrelevant,external_data/IU-Xray/images/IU_965_frontal.jpg,external_data/IU-Xray/images/IU_965_frontal.jpg,external_data/IU-Xray/images/IU_965_lateral.jpg,True,296540,True,True,2048,2048,True,
IU_965,965,conflicting,external_data/IU-Xray/images/IU_965_frontal.jpg,external_data/IU-Xray/images/IU_965_frontal.jpg,external_data/IU-Xray/images/IU_965_lateral.jpg,True,296540,True,True,2048,2048,True,
IU_965,965,insufficient,external_data/IU-Xray/images/IU_965_frontal.jpg,external_data/IU-Xray/images/IU_965_frontal.jpg,external_data/IU-Xray/images/IU_965_lateral.jpg,True,296540,True,True,2048,2048,True,
IU_975,975,sufficient,external_data/IU-Xray/images/IU_975_frontal.jpg,external_data/IU-Xray/images/IU_975_frontal.jpg,external_data/IU-Xray/images/IU_975_lateral.jpg,True,238812,True,True,2051,2048,True,
IU_975,975,syntactic_incomplete,external_data/IU-Xray/images/IU_975_frontal.jpg,external_data/IU-Xray/images/IU_975_frontal.jpg,external_data/IU-Xray/images/IU_975_lateral.jpg,True,238812,True,True,2051,2048,True,
IU_975,975,evidentiary_incomplete,external_data/IU-Xray/images/IU_975_frontal.jpg,external_data/IU-Xray/images/IU_975_frontal.jpg,external_data/IU-Xray/images/IU_975_lateral.jpg,True,238812,True,True,2051,2048,True,
IU_975,975,irrelevant,external_data/IU-Xray/images/IU_975_frontal.jpg,external_data/IU-Xray/images/IU_975_frontal.jpg,external_data/IU-Xray/images/IU_975_lateral.jpg,True,238812,True,True,2051,2048,True,
IU_975,975,conflicting,external_data/IU-Xray/images/IU_975_frontal.jpg,external_data/IU-Xray/images/IU_975_frontal.jpg,external_data/IU-Xray/images/IU_975_lateral.jpg,True,238812,True,True,2051,2048,True,
IU_975,975,insufficient,external_data/IU-Xray/images/IU_975_frontal.jpg,external_data/IU-Xray/images/IU_975_frontal.jpg,external_data/IU-Xray/images/IU_975_lateral.jpg,True,238812,True,True,2051,2048,True,
IU_989,989,sufficient,external_data/IU-Xray/images/IU_989_frontal.jpg,external_data/IU-Xray/images/IU_989_frontal.jpg,external_data/IU-Xray/images/IU_989_lateral.jpg,True,234707,True,True,2048,2486,True,
IU_989,989,syntactic_incomplete,external_data/IU-Xray/images/IU_989_frontal.jpg,external_data/IU-Xray/images/IU_989_frontal.jpg,external_data/IU-Xray/images/IU_989_lateral.jpg,True,234707,True,True,2048,2486,True,
IU_989,989,evidentiary_incomplete,external_data/IU-Xray/images/IU_989_frontal.jpg,external_data/IU-Xray/images/IU_989_frontal.jpg,external_data/IU-Xray/images/IU_989_lateral.jpg,True,234707,True,True,2048,2486,True,
IU_989,989,irrelevant,external_data/IU-Xray/images/IU_989_frontal.jpg,external_data/IU-Xray/images/IU_989_frontal.jpg,external_data/IU-Xray/images/IU_989_lateral.jpg,True,234707,True,True,2048,2486,True,
IU_989,989,conflicting,external_data/IU-Xray/images/IU_989_frontal.jpg,external_data/IU-Xray/images/IU_989_frontal.jpg,external_data/IU-Xray/images/IU_989_lateral.jpg,True,234707,True,True,2048,2486,True,
IU_989,989,insufficient,external_data/IU-Xray/images/IU_989_frontal.jpg,external_data/IU-Xray/images/IU_989_frontal.jpg,external_data/IU-Xray/images/IU_989_lateral.jpg,True,234707,True,True,2048,2486,True,
IU_991,991,sufficient,external_data/IU-Xray/images/IU_991_frontal.jpg,external_data/IU-Xray/images/IU_991_frontal.jpg,external_data/IU-Xray/images/IU_991_lateral.jpg,True,279837,True,True,2500,2048,True,
IU_991,991,syntactic_incomplete,external_data/IU-Xray/images/IU_991_frontal.jpg,external_data/IU-Xray/images/IU_991_frontal.jpg,external_data/IU-Xray/images/IU_991_lateral.jpg,True,279837,True,True,2500,2048,True,
IU_991,991,evidentiary_incomplete,external_data/IU-Xray/images/IU_991_frontal.jpg,external_data/IU-Xray/images/IU_991_frontal.jpg,external_data/IU-Xray/images/IU_991_lateral.jpg,True,279837,True,True,2500,2048,True,
IU_991,991,irrelevant,external_data/IU-Xray/images/IU_991_frontal.jpg,external_data/IU-Xray/images/IU_991_frontal.jpg,external_data/IU-Xray/images/IU_991_lateral.jpg,True,279837,True,True,2500,2048,True,
IU_991,991,conflicting,external_data/IU-Xray/images/IU_991_frontal.jpg,external_data/IU-Xray/images/IU_991_frontal.jpg,external_data/IU-Xray/images/IU_991_lateral.jpg,True,279837,True,True,2500,2048,True,
IU_991,991,insufficient,external_data/IU-Xray/images/IU_991_frontal.jpg,external_data/IU-Xray/images/IU_991_frontal.jpg,external_data/IU-Xray/images/IU_991_lateral.jpg,True,279837,True,True,2500,2048,True,
IU_1001,1001,sufficient,external_data/IU-Xray/images/IU_1001_frontal.jpg,external_data/IU-Xray/images/IU_1001_frontal.jpg,external_data/IU-Xray/images/IU_1001_lateral.jpg,True,325603,True,True,2160,2048,True,
IU_1001,1001,syntactic_incomplete,external_data/IU-Xray/images/IU_1001_frontal.jpg,external_data/IU-Xray/images/IU_1001_frontal.jpg,external_data/IU-Xray/images/IU_1001_lateral.jpg,True,325603,True,True,2160,2048,True,
IU_1001,1001,evidentiary_incomplete,external_data/IU-Xray/images/IU_1001_frontal.jpg,external_data/IU-Xray/images/IU_1001_frontal.jpg,external_data/IU-Xray/images/IU_1001_lateral.jpg,True,325603,True,True,2160,2048,True,
IU_1001,1001,irrelevant,external_data/IU-Xray/images/IU_1001_frontal.jpg,external_data/IU-Xray/images/IU_1001_frontal.jpg,external_data/IU-Xray/images/IU_1001_lateral.jpg,True,325603,True,True,2160,2048,True,
IU_1001,1001,conflicting,external_data/IU-Xray/images/IU_1001_frontal.jpg,external_data/IU-Xray/images/IU_1001_frontal.jpg,external_data/IU-Xray/images/IU_1001_lateral.jpg,True,325603,True,True,2160,2048,True,
IU_1001,1001,insufficient,external_data/IU-Xray/images/IU_1001_frontal.jpg,external_data/IU-Xray/images/IU_1001_frontal.jpg,external_data/IU-Xray/images/IU_1001_lateral.jpg,True,325603,True,True,2160,2048,True,
IU_1008,1008,sufficient,external_data/IU-Xray/images/IU_1008_frontal.jpg,external_data/IU-Xray/images/IU_1008_frontal.jpg,external_data/IU-Xray/images/IU_1008_lateral.jpg,True,481463,True,True,2494,2048,True,
IU_1008,1008,syntactic_incomplete,external_data/IU-Xray/images/IU_1008_frontal.jpg,external_data/IU-Xray/images/IU_1008_frontal.jpg,external_data/IU-Xray/images/IU_1008_lateral.jpg,True,481463,True,True,2494,2048,True,
IU_1008,1008,evidentiary_incomplete,external_data/IU-Xray/images/IU_1008_frontal.jpg,external_data/IU-Xray/images/IU_1008_frontal.jpg,external_data/IU-Xray/images/IU_1008_lateral.jpg,True,481463,True,True,2494,2048,True,
IU_1008,1008,irrelevant,external_data/IU-Xray/images/IU_1008_frontal.jpg,external_data/IU-Xray/images/IU_1008_frontal.jpg,external_data/IU-Xray/images/IU_1008_lateral.jpg,True,481463,True,True,2494,2048,True,
IU_1008,1008,conflicting,external_data/IU-Xray/images/IU_1008_frontal.jpg,external_data/IU-Xray/images/IU_1008_frontal.jpg,external_data/IU-Xray/images/IU_1008_lateral.jpg,True,481463,True,True,2494,2048,True,
IU_1008,1008,insufficient,external_data/IU-Xray/images/IU_1008_frontal.jpg,external_data/IU-Xray/images/IU_1008_frontal.jpg,external_data/IU-Xray/images/IU_1008_lateral.jpg,True,481463,True,True,2494,2048,True,
IU_1025,1025,sufficient,external_data/IU-Xray/images/IU_1025_frontal.jpg,external_data/IU-Xray/images/IU_1025_frontal.jpg,external_data/IU-Xray/images/IU_1025_lateral.jpg,True,218938,True,True,2048,2048,True,
IU_1025,1025,syntactic_incomplete,external_data/IU-Xray/images/IU_1025_frontal.jpg,external_data/IU-Xray/images/IU_1025_frontal.jpg,external_data/IU-Xray/images/IU_1025_lateral.jpg,True,218938,True,True,2048,2048,True,
IU_1025,1025,evidentiary_incomplete,external_data/IU-Xray/images/IU_1025_frontal.jpg,external_data/IU-Xray/images/IU_1025_frontal.jpg,external_data/IU-Xray/images/IU_1025_lateral.jpg,True,218938,True,True,2048,2048,True,
IU_1025,1025,irrelevant,external_data/IU-Xray/images/IU_1025_frontal.jpg,external_data/IU-Xray/images/IU_1025_frontal.jpg,external_data/IU-Xray/images/IU_1025_lateral.jpg,True,218938,True,True,2048,2048,True,
IU_1025,1025,conflicting,external_data/IU-Xray/images/IU_1025_frontal.jpg,external_data/IU-Xray/images/IU_1025_frontal.jpg,external_data/IU-Xray/images/IU_1025_lateral.jpg,True,218938,True,True,2048,2048,True,
IU_1025,1025,insufficient,external_data/IU-Xray/images/IU_1025_frontal.jpg,external_data/IU-Xray/images/IU_1025_frontal.jpg,external_data/IU-Xray/images/IU_1025_lateral.jpg,True,218938,True,True,2048,2048,True,
IU_1034,1034,sufficient,external_data/IU-Xray/images/IU_1034_frontal.jpg,external_data/IU-Xray/images/IU_1034_frontal.jpg,external_data/IU-Xray/images/IU_1034_lateral.jpg,True,376139,True,True,2048,2179,True,
IU_1034,1034,syntactic_incomplete,external_data/IU-Xray/images/IU_1034_frontal.jpg,external_data/IU-Xray/images/IU_1034_frontal.jpg,external_data/IU-Xray/images/IU_1034_lateral.jpg,True,376139,True,True,2048,2179,True,
IU_1034,1034,evidentiary_incomplete,external_data/IU-Xray/images/IU_1034_frontal.jpg,external_data/IU-Xray/images/IU_1034_frontal.jpg,external_data/IU-Xray/images/IU_1034_lateral.jpg,True,376139,True,True,2048,2179,True,
IU_1034,1034,irrelevant,external_data/IU-Xray/images/IU_1034_frontal.jpg,external_data/IU-Xray/images/IU_1034_frontal.jpg,external_data/IU-Xray/images/IU_1034_lateral.jpg,True,376139,True,True,2048,2179,True,
IU_1034,1034,conflicting,external_data/IU-Xray/images/IU_1034_frontal.jpg,external_data/IU-Xray/images/IU_1034_frontal.jpg,external_data/IU-Xray/images/IU_1034_lateral.jpg,True,376139,True,True,2048,2179,True,
IU_1034,1034,insufficient,external_data/IU-Xray/images/IU_1034_frontal.jpg,external_data/IU-Xray/images/IU_1034_frontal.jpg,external_data/IU-Xray/images/IU_1034_lateral.jpg,True,376139,True,True,2048,2179,True,
IU_1059,1059,sufficient,external_data/IU-Xray/images/IU_1059_frontal.jpg,external_data/IU-Xray/images/IU_1059_frontal.jpg,,True,299366,True,True,2496,2048,True,
IU_1059,1059,syntactic_incomplete,external_data/IU-Xray/images/IU_1059_frontal.jpg,external_data/IU-Xray/images/IU_1059_frontal.jpg,,True,299366,True,True,2496,2048,True,
IU_1059,1059,evidentiary_incomplete,external_data/IU-Xray/images/IU_1059_frontal.jpg,external_data/IU-Xray/images/IU_1059_frontal.jpg,,True,299366,True,True,2496,2048,True,
IU_1059,1059,irrelevant,external_data/IU-Xray/images/IU_1059_frontal.jpg,external_data/IU-Xray/images/IU_1059_frontal.jpg,,True,299366,True,True,2496,2048,True,
IU_1059,1059,conflicting,external_data/IU-Xray/images/IU_1059_frontal.jpg,external_data/IU-Xray/images/IU_1059_frontal.jpg,,True,299366,True,True,2496,2048,True,
IU_1059,1059,insufficient,external_data/IU-Xray/images/IU_1059_frontal.jpg,external_data/IU-Xray/images/IU_1059_frontal.jpg,,True,299366,True,True,2496,2048,True,
IU_1097,1097,sufficient,external_data/IU-Xray/images/IU_1097_frontal.jpg,external_data/IU-Xray/images/IU_1097_frontal.jpg,external_data/IU-Xray/images/IU_1097_lateral.jpg,True,340288,True,True,2048,2243,True,
IU_1097,1097,syntactic_incomplete,external_data/IU-Xray/images/IU_1097_frontal.jpg,external_data/IU-Xray/images/IU_1097_frontal.jpg,external_data/IU-Xray/images/IU_1097_lateral.jpg,True,340288,True,True,2048,2243,True,
IU_1097,1097,evidentiary_incomplete,external_data/IU-Xray/images/IU_1097_frontal.jpg,external_data/IU-Xray/images/IU_1097_frontal.jpg,external_data/IU-Xray/images/IU_1097_lateral.jpg,True,340288,True,True,2048,2243,True,
IU_1097,1097,irrelevant,external_data/IU-Xray/images/IU_1097_frontal.jpg,external_data/IU-Xray/images/IU_1097_frontal.jpg,external_data/IU-Xray/images/IU_1097_lateral.jpg,True,340288,True,True,2048,2243,True,
IU_1097,1097,conflicting,external_data/IU-Xray/images/IU_1097_frontal.jpg,external_data/IU-Xray/images/IU_1097_frontal.jpg,external_data/IU-Xray/images/IU_1097_lateral.jpg,True,340288,True,True,2048,2243,True,
IU_1097,1097,insufficient,external_data/IU-Xray/images/IU_1097_frontal.jpg,external_data/IU-Xray/images/IU_1097_frontal.jpg,external_data/IU-Xray/images/IU_1097_lateral.jpg,True,340288,True,True,2048,2243,True,
IU_1114,1114,sufficient,external_data/IU-Xray/images/IU_1114_frontal.jpg,external_data/IU-Xray/images/IU_1114_frontal.jpg,external_data/IU-Xray/images/IU_1114_lateral.jpg,True,306491,True,True,2496,2048,True,
IU_1114,1114,syntactic_incomplete,external_data/IU-Xray/images/IU_1114_frontal.jpg,external_data/IU-Xray/images/IU_1114_frontal.jpg,external_data/IU-Xray/images/IU_1114_lateral.jpg,True,306491,True,True,2496,2048,True,
IU_1114,1114,evidentiary_incomplete,external_data/IU-Xray/images/IU_1114_frontal.jpg,external_data/IU-Xray/images/IU_1114_frontal.jpg,external_data/IU-Xray/images/IU_1114_lateral.jpg,True,306491,True,True,2496,2048,True,
IU_1114,1114,irrelevant,external_data/IU-Xray/images/IU_1114_frontal.jpg,external_data/IU-Xray/images/IU_1114_frontal.jpg,external_data/IU-Xray/images/IU_1114_lateral.jpg,True,306491,True,True,2496,2048,True,
IU_1114,1114,conflicting,external_data/IU-Xray/images/IU_1114_frontal.jpg,external_data/IU-Xray/images/IU_1114_frontal.jpg,external_data/IU-Xray/images/IU_1114_lateral.jpg,True,306491,True,True,2496,2048,True,
IU_1114,1114,insufficient,external_data/IU-Xray/images/IU_1114_frontal.jpg,external_data/IU-Xray/images/IU_1114_frontal.jpg,external_data/IU-Xray/images/IU_1114_lateral.jpg,True,306491,True,True,2496,2048,True,
IU_1165,1165,sufficient,external_data/IU-Xray/images/IU_1165_frontal.jpg,external_data/IU-Xray/images/IU_1165_frontal.jpg,,True,261088,True,True,2048,2087,True,
IU_1165,1165,syntactic_incomplete,external_data/IU-Xray/images/IU_1165_frontal.jpg,external_data/IU-Xray/images/IU_1165_frontal.jpg,,True,261088,True,True,2048,2087,True,
IU_1165,1165,evidentiary_incomplete,external_data/IU-Xray/images/IU_1165_frontal.jpg,external_data/IU-Xray/images/IU_1165_frontal.jpg,,True,261088,True,True,2048,2087,True,
IU_1165,1165,irrelevant,external_data/IU-Xray/images/IU_1165_frontal.jpg,external_data/IU-Xray/images/IU_1165_frontal.jpg,,True,261088,True,True,2048,2087,True,
IU_1165,1165,conflicting,external_data/IU-Xray/images/IU_1165_frontal.jpg,external_data/IU-Xray/images/IU_1165_frontal.jpg,,True,261088,True,True,2048,2087,True,
IU_1165,1165,insufficient,external_data/IU-Xray/images/IU_1165_frontal.jpg,external_data/IU-Xray/images/IU_1165_frontal.jpg,,True,261088,True,True,2048,2087,True,
IU_1172,1172,sufficient,external_data/IU-Xray/images/IU_1172_frontal.jpg,external_data/IU-Xray/images/IU_1172_frontal.jpg,,True,331645,True,True,2135,2048,True,
IU_1172,1172,syntactic_incomplete,external_data/IU-Xray/images/IU_1172_frontal.jpg,external_data/IU-Xray/images/IU_1172_frontal.jpg,,True,331645,True,True,2135,2048,True,
IU_1172,1172,evidentiary_incomplete,external_data/IU-Xray/images/IU_1172_frontal.jpg,external_data/IU-Xray/images/IU_1172_frontal.jpg,,True,331645,True,True,2135,2048,True,
IU_1172,1172,irrelevant,external_data/IU-Xray/images/IU_1172_frontal.jpg,external_data/IU-Xray/images/IU_1172_frontal.jpg,,True,331645,True,True,2135,2048,True,
IU_1172,1172,conflicting,external_data/IU-Xray/images/IU_1172_frontal.jpg,external_data/IU-Xray/images/IU_1172_frontal.jpg,,True,331645,True,True,2135,2048,True,
IU_1172,1172,insufficient,external_data/IU-Xray/images/IU_1172_frontal.jpg,external_data/IU-Xray/images/IU_1172_frontal.jpg,,True,331645,True,True,2135,2048,True,
IU_1173,1173,sufficient,external_data/IU-Xray/images/IU_1173_frontal.jpg,external_data/IU-Xray/images/IU_1173_frontal.jpg,external_data/IU-Xray/images/IU_1173_lateral.jpg,True,301728,True,True,2048,2496,True,
IU_1173,1173,syntactic_incomplete,external_data/IU-Xray/images/IU_1173_frontal.jpg,external_data/IU-Xray/images/IU_1173_frontal.jpg,external_data/IU-Xray/images/IU_1173_lateral.jpg,True,301728,True,True,2048,2496,True,
IU_1173,1173,evidentiary_incomplete,external_data/IU-Xray/images/IU_1173_frontal.jpg,external_data/IU-Xray/images/IU_1173_frontal.jpg,external_data/IU-Xray/images/IU_1173_lateral.jpg,True,301728,True,True,2048,2496,True,
IU_1173,1173,irrelevant,external_data/IU-Xray/images/IU_1173_frontal.jpg,external_data/IU-Xray/images/IU_1173_frontal.jpg,external_data/IU-Xray/images/IU_1173_lateral.jpg,True,301728,True,True,2048,2496,True,
IU_1173,1173,conflicting,external_data/IU-Xray/images/IU_1173_frontal.jpg,external_data/IU-Xray/images/IU_1173_frontal.jpg,external_data/IU-Xray/images/IU_1173_lateral.jpg,True,301728,True,True,2048,2496,True,
IU_1173,1173,insufficient,external_data/IU-Xray/images/IU_1173_frontal.jpg,external_data/IU-Xray/images/IU_1173_frontal.jpg,external_data/IU-Xray/images/IU_1173_lateral.jpg,True,301728,True,True,2048,2496,True,
IU_1205,1205,sufficient,external_data/IU-Xray/images/IU_1205_frontal.jpg,external_data/IU-Xray/images/IU_1205_frontal.jpg,external_data/IU-Xray/images/IU_1205_lateral.jpg,True,503367,True,True,2376,2048,True,
IU_1205,1205,syntactic_incomplete,external_data/IU-Xray/images/IU_1205_frontal.jpg,external_data/IU-Xray/images/IU_1205_frontal.jpg,external_data/IU-Xray/images/IU_1205_lateral.jpg,True,503367,True,True,2376,2048,True,
IU_1205,1205,evidentiary_incomplete,external_data/IU-Xray/images/IU_1205_frontal.jpg,external_data/IU-Xray/images/IU_1205_frontal.jpg,external_data/IU-Xray/images/IU_1205_lateral.jpg,True,503367,True,True,2376,2048,True,
IU_1205,1205,irrelevant,external_data/IU-Xray/images/IU_1205_frontal.jpg,external_data/IU-Xray/images/IU_1205_frontal.jpg,external_data/IU-Xray/images/IU_1205_lateral.jpg,True,503367,True,True,2376,2048,True,
IU_1205,1205,conflicting,external_data/IU-Xray/images/IU_1205_frontal.jpg,external_data/IU-Xray/images/IU_1205_frontal.jpg,external_data/IU-Xray/images/IU_1205_lateral.jpg,True,503367,True,True,2376,2048,True,
IU_1205,1205,insufficient,external_data/IU-Xray/images/IU_1205_frontal.jpg,external_data/IU-Xray/images/IU_1205_frontal.jpg,external_data/IU-Xray/images/IU_1205_lateral.jpg,True,503367,True,True,2376,2048,True,
