sample_id,uid,condition,image_path,report_file,report_file_exists,report_nonempty,report_file_matches_csv,benchmark_key_matches_eligibility,uid_matches_benchmark,image_path_matches_benchmark_and_eligibility,perturbed_context_matches_benchmark,frontal_image_integrity_ok,character_count,word_count,report_sha256,status
IU_1001,1001,conflicting,external_data/IU-Xray/images/IU_1001_frontal.jpg,results/baseline/phase17_full/conflicting/IU_1001.txt,True,True,True,True,True,True,True,True,332,49,72903f9269aee502cc1b2a1d058a849d6ee796120007a3424a3cf8686378fc01,success
IU_1001,1001,evidentiary_incomplete,external_data/IU-Xray/images/IU_1001_frontal.jpg,results/baseline/phase17_full/evidentiary_incomplete/IU_1001.txt,True,True,True,True,True,True,True,True,337,49,6358d1f8cf1a0190456d361df5ab09242f599fb14a50116453e8aa4f227d343e,success
IU_1001,1001,insufficient,external_data/IU-Xray/images/IU_1001_frontal.jpg,results/baseline/phase17_full/insufficient/IU_1001.txt,True,True,True,True,True,True,True,True,218,36,5b99e7fe12965a4d7f2e14d443d0af85c733cb0a3497dc176f5c7e2a0c30d16d,success
IU_1001,1001,irrelevant,external_data/IU-Xray/images/IU_1001_frontal.jpg,results/baseline/phase17_full/irrelevant/IU_1001.txt,True,True,True,True,True,True,True,True,359,49,69da92f423a7aa701fd3121b328e88058ed9d1dd30a7863279d90d333777e5b2,success
IU_1001,1001,sufficient,external_data/IU-Xray/images/IU_1001_frontal.jpg,results/baseline/phase17_full/sufficient/IU_1001.txt,True,True,True,True,True,True,True,True,353,52,ef4ad30ca2ead432237036c2c7dde85a390078d924f6544fdb2ed637f601b9e4,success
IU_1001,1001,syntactic_incomplete,external_data/IU-Xray/images/IU_1001_frontal.jpg,results/baseline/phase17_full/syntactic_incomplete/IU_1001.txt,True,True,True,True,True,True,True,True,389,55,3242bc2c2f7d8674ae9e1069d458775314497411ed33e0cc99639db2f573aaa3,success
IU_1008,1008,conflicting,external_data/IU-Xray/images/IU_1008_frontal.jpg,results/baseline/phase17_full/conflicting/IU_1008.txt,True,True,True,True,True,True,True,True,265,41,9b988936e3983d05e4bab8a503b691ee270cfe4b7fbb16587642dad6d06c7de0,success
IU_1008,1008,evidentiary_incomplete,external_data/IU-Xray/images/IU_1008_frontal.jpg,results/baseline/phase17_full/evidentiary_incomplete/IU_1008.txt,True,True,True,True,True,True,True,True,299,49,534e33c86baeed4a927b1dde8791ecf6c4919d99386d87a72516a1063f344c52,success
IU_1008,1008,insufficient,external_data/IU-Xray/images/IU_1008_frontal.jpg,results/baseline/phase17_full/insufficient/IU_1008.txt,True,True,True,True,True,True,True,True,251,38,0bd3935c35eac2b2e79f7a62fd22a103787ead616cefdc90a155bc7998d4d225,success
IU_1008,1008,irrelevant,external_data/IU-Xray/images/IU_1008_frontal.jpg,results/baseline/phase17_full/irrelevant/IU_1008.txt,True,True,True,True,True,True,True,True,352,54,6f6b32b4f9aa19fcf6e6cd266017961d29358f40464f048cdc4ff696f468324b,success
IU_1008,1008,sufficient,external_data/IU-Xray/images/IU_1008_frontal.jpg,results/baseline/phase17_full/sufficient/IU_1008.txt,True,True,True,True,True,True,True,True,365,56,7d83c9f5e931d4460befb9d9ab7825155a0fb0a7d0761f94a49c7c2cc02a63e1,success
IU_1008,1008,syntactic_incomplete,external_data/IU-Xray/images/IU_1008_frontal.jpg,results/baseline/phase17_full/syntactic_incomplete/IU_1008.txt,True,True,True,True,True,True,True,True,355,55,0586edfee26e25a447d329b265fba743aa1d140c01f4cab4c6ddf2877dd80a6a,success
IU_1025,1025,conflicting,external_data/IU-Xray/images/IU_1025_frontal.jpg,results/baseline/phase17_full/conflicting/IU_1025.txt,True,True,True,True,True,True,True,True,390,57,12be86f568eb834b2ea8a345e53bf521fb709964264a399333be60b236ebaf46,success
IU_1025,1025,evidentiary_incomplete,external_data/IU-Xray/images/IU_1025_frontal.jpg,results/baseline/phase17_full/evidentiary_incomplete/IU_1025.txt,True,True,True,True,True,True,True,True,316,48,496dbd725d232612c5820dd16ed66342639f82d67f0c25d2f6ce7478b283242f,success
IU_1025,1025,insufficient,external_data/IU-Xray/images/IU_1025_frontal.jpg,results/baseline/phase17_full/insufficient/IU_1025.txt,True,True,True,True,True,True,True,True,251,38,0bd3935c35eac2b2e79f7a62fd22a103787ead616cefdc90a155bc7998d4d225,success
IU_1025,1025,irrelevant,external_data/IU-Xray/images/IU_1025_frontal.jpg,results/baseline/phase17_full/irrelevant/IU_1025.txt,True,True,True,True,True,True,True,True,370,51,831b2c321a11730cf2f01fb1a4fe93a3e8fca11670f2c6ac6da898e0da2aa179,success
IU_1025,1025,sufficient,external_data/IU-Xray/images/IU_1025_frontal.jpg,results/baseline/phase17_full/sufficient/IU_1025.txt,True,True,True,True,True,True,True,True,305,50,d682ba00289af9a23dd3e5bb13703e5edf4d273c218f89f073189cfc935af5f5,success
IU_1025,1025,syntactic_incomplete,external_data/IU-Xray/images/IU_1025_frontal.jpg,results/baseline/phase17_full/syntactic_incomplete/IU_1025.txt,True,True,True,True,True,True,True,True,308,51,42b72c0c9e9c5abdbca8cd36496578543024c8fbe64ca82775bfef9f59c8fb30,success
IU_1034,1034,conflicting,external_data/IU-Xray/images/IU_1034_frontal.jpg,results/baseline/phase17_full/conflicting/IU_1034.txt,True,True,True,True,True,True,True,True,293,44,2b45aecfbb6d078744e10d42f5706e16aad7aa0b3d70ad2ea6c508ac7af3eb76,success
IU_1034,1034,evidentiary_incomplete,external_data/IU-Xray/images/IU_1034_frontal.jpg,results/baseline/phase17_full/evidentiary_incomplete/IU_1034.txt,True,True,True,True,True,True,True,True,314,49,48b10ac86a490ef85e26a33a6f7b7459605476278adbe483ac95c3656a1c7f25,success
IU_1034,1034,insufficient,external_data/IU-Xray/images/IU_1034_frontal.jpg,results/baseline/phase17_full/insufficient/IU_1034.txt,True,True,True,True,True,True,True,True,284,46,ca327618bf85de9482be9d969ede8b9442c3d04df52f667816131545ca8d9a8d,success
IU_1034,1034,irrelevant,external_data/IU-Xray/images/IU_1034_frontal.jpg,results/baseline/phase17_full/irrelevant/IU_1034.txt,True,True,True,True,True,True,True,True,424,59,808515ff3a914d224f82c4de5e53df8268420c43468ed78df4f7fa37f5f635a4,success
IU_1034,1034,sufficient,external_data/IU-Xray/images/IU_1034_frontal.jpg,results/baseline/phase17_full/sufficient/IU_1034.txt,True,True,True,True,True,True,True,True,318,50,304af90189e5c47cadf976f930a9c4d8616ccceacedd63b31627460c576966d1,success
IU_1034,1034,syntactic_incomplete,external_data/IU-Xray/images/IU_1034_frontal.jpg,results/baseline/phase17_full/syntactic_incomplete/IU_1034.txt,True,True,True,True,True,True,True,True,297,47,4471d908b42ce5a578af92f708119978b3f2cb3d6cef7b967604eb0951ccfab1,success
IU_1059,1059,conflicting,external_data/IU-Xray/images/IU_1059_frontal.jpg,results/baseline/phase17_full/conflicting/IU_1059.txt,True,True,True,True,True,True,True,True,296,47,52d604ebbf5e35e6a553d5e2dd445c033bdfebba038647339c4b95bf32704578,success
IU_1059,1059,evidentiary_incomplete,external_data/IU-Xray/images/IU_1059_frontal.jpg,results/baseline/phase17_full/evidentiary_incomplete/IU_1059.txt,True,True,True,True,True,True,True,True,363,50,f3550ce76f5003ff6bcb3232f92c30f06b5125d099a6385f8db9ed05b839f1dd,success
IU_1059,1059,insufficient,external_data/IU-Xray/images/IU_1059_frontal.jpg,results/baseline/phase17_full/insufficient/IU_1059.txt,True,True,True,True,True,True,True,True,262,41,c0d302c66fd36689ddec29b173acd153bfdcef7c6694f025199aab6215fcae7a,success
IU_1059,1059,irrelevant,external_data/IU-Xray/images/IU_1059_frontal.jpg,results/baseline/phase17_full/irrelevant/IU_1059.txt,True,True,True,True,True,True,True,True,380,57,1423695a3277c72805242c8bc6e74c52c0df8f485d10b7c6a0abf7d9acaf15ee,success
IU_1059,1059,sufficient,external_data/IU-Xray/images/IU_1059_frontal.jpg,results/baseline/phase17_full/sufficient/IU_1059.txt,True,True,True,True,True,True,True,True,307,45,eb8235c44ec2aa0bd0e6e453db7263ea375f53860680db44f909bd47b978293c,success
IU_1059,1059,syntactic_incomplete,external_data/IU-Xray/images/IU_1059_frontal.jpg,results/baseline/phase17_full/syntactic_incomplete/IU_1059.txt,True,True,True,True,True,True,True,True,341,51,b72a4b24845958c49cadc5bfe06a75bc0db62a282ad74ebd3e7934d643f23234,success
IU_1097,1097,conflicting,external_data/IU-Xray/images/IU_1097_frontal.jpg,results/baseline/phase17_full/conflicting/IU_1097.txt,True,True,True,True,True,True,True,True,296,47,52d604ebbf5e35e6a553d5e2dd445c033bdfebba038647339c4b95bf32704578,success
IU_1097,1097,evidentiary_incomplete,external_data/IU-Xray/images/IU_1097_frontal.jpg,results/baseline/phase17_full/evidentiary_incomplete/IU_1097.txt,True,True,True,True,True,True,True,True,306,52,9d98c59a03f97e398511d9a97b240c496d07cdd1ce25e87e552ccc91d545bba7,success
IU_1097,1097,insufficient,external_data/IU-Xray/images/IU_1097_frontal.jpg,results/baseline/phase17_full/insufficient/IU_1097.txt,True,True,True,True,True,True,True,True,251,38,0bd3935c35eac2b2e79f7a62fd22a103787ead616cefdc90a155bc7998d4d225,success
IU_1097,1097,irrelevant,external_data/IU-Xray/images/IU_1097_frontal.jpg,results/baseline/phase17_full/irrelevant/IU_1097.txt,True,True,True,True,True,True,True,True,339,49,f0e1c9af85864c2a7d2b1e61ccc686f8ffeb35b0cf1cf51221571a5c8a185fe4,success
IU_1097,1097,sufficient,external_data/IU-Xray/images/IU_1097_frontal.jpg,results/baseline/phase17_full/sufficient/IU_1097.txt,True,True,True,True,True,True,True,True,414,67,61e3de69a6f49818a0d4f268930da0fd3ef48fc9a12a43c9bd322b4dd952ed25,success
IU_1097,1097,syntactic_incomplete,external_data/IU-Xray/images/IU_1097_frontal.jpg,results/baseline/phase17_full/syntactic_incomplete/IU_1097.txt,True,True,True,True,True,True,True,True,304,47,54a8fed690b7c1418e9321ad4b9f8208f0b170c02ec518886ce0ff710a24961a,success
IU_1114,1114,conflicting,external_data/IU-Xray/images/IU_1114_frontal.jpg,results/baseline/phase17_full/conflicting/IU_1114.txt,True,True,True,True,True,True,True,True,345,47,8d7cdd85adfe90b326edda57230e0388d893c324f16c4500c38924a8d05997f8,success
IU_1114,1114,evidentiary_incomplete,external_data/IU-Xray/images/IU_1114_frontal.jpg,results/baseline/phase17_full/evidentiary_incomplete/IU_1114.txt,True,True,True,True,True,True,True,True,315,48,99771aafbb8c162abfba2d6d3321f809349a88a51dd3808f47bcaefad7a156b3,success
IU_1114,1114,insufficient,external_data/IU-Xray/images/IU_1114_frontal.jpg,results/baseline/phase17_full/insufficient/IU_1114.txt,True,True,True,True,True,True,True,True,251,38,0bd3935c35eac2b2e79f7a62fd22a103787ead616cefdc90a155bc7998d4d225,success
IU_1114,1114,irrelevant,external_data/IU-Xray/images/IU_1114_frontal.jpg,results/baseline/phase17_full/irrelevant/IU_1114.txt,True,True,True,True,True,True,True,True,410,61,a7bd6090ec11393dd4a19d8f93899ad782fed8aa5af9fd615c0ec3056200aaec,success
IU_1114,1114,sufficient,external_data/IU-Xray/images/IU_1114_frontal.jpg,results/baseline/phase17_full/sufficient/IU_1114.txt,True,True,True,True,True,True,True,True,537,82,631dc2ce1dd0936585d023f7ea82f714c9ef6f9fcc4002c18bb9b5a8b867bc1f,success
IU_1114,1114,syntactic_incomplete,external_data/IU-Xray/images/IU_1114_frontal.jpg,results/baseline/phase17_full/syntactic_incomplete/IU_1114.txt,True,True,True,True,True,True,True,True,526,80,4cb99876370f75a0e801d57fdd4750f5366a1c2f3122be9b7af4d709c304e5c7,success
IU_1165,1165,conflicting,external_data/IU-Xray/images/IU_1165_frontal.jpg,results/baseline/phase17_full/conflicting/IU_1165.txt,True,True,True,True,True,True,True,True,402,59,e0db2d79f435ed6443d9b1c2969d2598dd7681c02686479b19718381b15d7390,success
IU_1165,1165,evidentiary_incomplete,external_data/IU-Xray/images/IU_1165_frontal.jpg,results/baseline/phase17_full/evidentiary_incomplete/IU_1165.txt,True,True,True,True,True,True,True,True,445,67,eff12ff10a4d9050e9338c67e81b3db2326e07e34301a5a5109cb89d27e24635,success
IU_1165,1165,insufficient,external_data/IU-Xray/images/IU_1165_frontal.jpg,results/baseline/phase17_full/insufficient/IU_1165.txt,True,True,True,True,True,True,True,True,251,38,0bd3935c35eac2b2e79f7a62fd22a103787ead616cefdc90a155bc7998d4d225,success
IU_1165,1165,irrelevant,external_data/IU-Xray/images/IU_1165_frontal.jpg,results/baseline/phase17_full/irrelevant/IU_1165.txt,True,True,True,True,True,True,True,True,404,63,5d9ddd160da33a592c218b557c656b9785e565a4d31fa4c49d42d627942615ca,success
IU_1165,1165,sufficient,external_data/IU-Xray/images/IU_1165_frontal.jpg,results/baseline/phase17_full/sufficient/IU_1165.txt,True,True,True,True,True,True,True,True,457,69,936fc349123cf3fd02a011983e22a27017fa825a44542e74fffa831cf8c3100a,success
IU_1165,1165,syntactic_incomplete,external_data/IU-Xray/images/IU_1165_frontal.jpg,results/baseline/phase17_full/syntactic_incomplete/IU_1165.txt,True,True,True,True,True,True,True,True,298,45,af175c9f53c938a71b6c5188b33cd7f632a92615464806f716cdc4a693ecf1c4,success
IU_1172,1172,conflicting,external_data/IU-Xray/images/IU_1172_frontal.jpg,results/baseline/phase17_full/conflicting/IU_1172.txt,True,True,True,True,True,True,True,True,380,56,018a6ec43bbf1d55c7103245b19e4fc575a8fd7f0206b0e273f75e7c7e85609a,success
IU_1172,1172,evidentiary_incomplete,external_data/IU-Xray/images/IU_1172_frontal.jpg,results/baseline/phase17_full/evidentiary_incomplete/IU_1172.txt,True,True,True,True,True,True,True,True,319,48,84f0ca96993227a290be9bf57249164d07c1d693d578b1f391bd67128b9e0502,success
IU_1172,1172,insufficient,external_data/IU-Xray/images/IU_1172_frontal.jpg,results/baseline/phase17_full/insufficient/IU_1172.txt,True,True,True,True,True,True,True,True,251,38,0bd3935c35eac2b2e79f7a62fd22a103787ead616cefdc90a155bc7998d4d225,success
IU_1172,1172,irrelevant,external_data/IU-Xray/images/IU_1172_frontal.jpg,results/baseline/phase17_full/irrelevant/IU_1172.txt,True,True,True,True,True,True,True,True,317,48,9bcddfae543354a0890262cfb001d1c1d5b17806ca2eddcc95138b8eebb1e6da,success
IU_1172,1172,sufficient,external_data/IU-Xray/images/IU_1172_frontal.jpg,results/baseline/phase17_full/sufficient/IU_1172.txt,True,True,True,True,True,True,True,True,432,63,e67d14425b45c55c94a8cd023b8af03224dcb53462e38c2718313b79b7754073,success
IU_1172,1172,syntactic_incomplete,external_data/IU-Xray/images/IU_1172_frontal.jpg,results/baseline/phase17_full/syntactic_incomplete/IU_1172.txt,True,True,True,True,True,True,True,True,386,55,d1b5c7a718e65028aff06d6c901bae96256bfcfab795d2a4452d2fb4dad9a750,success
IU_1173,1173,conflicting,external_data/IU-Xray/images/IU_1173_frontal.jpg,results/baseline/phase17_full/conflicting/IU_1173.txt,True,True,True,True,True,True,True,True,389,64,18f5edb3050746d20932e76e3cbbafcdd8be0f5e68a56cd126b7f51dd436c34b,success
IU_1173,1173,evidentiary_incomplete,external_data/IU-Xray/images/IU_1173_frontal.jpg,results/baseline/phase17_full/evidentiary_incomplete/IU_1173.txt,True,True,True,True,True,True,True,True,327,53,667f22c7edccbcc527f39af14b081916fbecee0520e229b1ade86eefb8a7166d,success
IU_1173,1173,insufficient,external_data/IU-Xray/images/IU_1173_frontal.jpg,results/baseline/phase17_full/insufficient/IU_1173.txt,True,True,True,True,True,True,True,True,262,41,c0d302c66fd36689ddec29b173acd153bfdcef7c6694f025199aab6215fcae7a,success
IU_1173,1173,irrelevant,external_data/IU-Xray/images/IU_1173_frontal.jpg,results/baseline/phase17_full/irrelevant/IU_1173.txt,True,True,True,True,True,True,True,True,362,51,df44deed4752d3bdd6f0d6decf14dfa030ab36afbb875ce8aba1514b3a6cfc0c,success
IU_1173,1173,sufficient,external_data/IU-Xray/images/IU_1173_frontal.jpg,results/baseline/phase17_full/sufficient/IU_1173.txt,True,True,True,True,True,True,True,True,345,53,34bd9df7e8cbd1d1b9fe62f272a0a07603aaf576d6d808cd5947b569741413d9,success
IU_1173,1173,syntactic_incomplete,external_data/IU-Xray/images/IU_1173_frontal.jpg,results/baseline/phase17_full/syntactic_incomplete/IU_1173.txt,True,True,True,True,True,True,True,True,328,52,0589584a4c0fd02e5f5cbe8c40511c49df7d40beab5f8a2108671ab7ec41d2b0,success
IU_1205,1205,conflicting,external_data/IU-Xray/images/IU_1205_frontal.jpg,results/baseline/phase17_full/conflicting/IU_1205.txt,True,True,True,True,True,True,True,True,374,54,8da7a24f2fae7475c40fcb204ebadfb51e40196d8c3362701577c298dcf55b7a,success
IU_1205,1205,evidentiary_incomplete,external_data/IU-Xray/images/IU_1205_frontal.jpg,results/baseline/phase17_full/evidentiary_incomplete/IU_1205.txt,True,True,True,True,True,True,True,True,341,55,39dec16d67b225ab6eeccfd655043893fe41fe0ee60c173a20f7c04d227f2c6d,success
IU_1205,1205,insufficient,external_data/IU-Xray/images/IU_1205_frontal.jpg,results/baseline/phase17_full/insufficient/IU_1205.txt,True,True,True,True,True,True,True,True,251,38,0bd3935c35eac2b2e79f7a62fd22a103787ead616cefdc90a155bc7998d4d225,success
IU_1205,1205,irrelevant,external_data/IU-Xray/images/IU_1205_frontal.jpg,results/baseline/phase17_full/irrelevant/IU_1205.txt,True,True,True,True,True,True,True,True,487,80,db40cce762c6c656e3a5b845ae6de814e38fbb5eb736308563a32ae4f1168f00,success
IU_1205,1205,sufficient,external_data/IU-Xray/images/IU_1205_frontal.jpg,results/baseline/phase17_full/sufficient/IU_1205.txt,True,True,True,True,True,True,True,True,354,57,78dec93822d2503f3a1893f7fc78442c7375970117c22d2389068a5a6af7275f,success
IU_1205,1205,syntactic_incomplete,external_data/IU-Xray/images/IU_1205_frontal.jpg,results/baseline/phase17_full/syntactic_incomplete/IU_1205.txt,True,True,True,True,True,True,True,True,316,52,8f82e9013ca49e6417cf33e3f83d785417b6019d392ed5844e6b6f56afa721b6,success
IU_175,175,conflicting,external_data/IU-Xray/images/IU_175_frontal.jpg,results/baseline/phase17_full/conflicting/IU_175.txt,True,True,True,True,True,True,True,True,296,47,4ad1df7cde68984c678692050cdb78a4dae5b77802668ef93bd61ae0bc055b4e,success
IU_175,175,evidentiary_incomplete,external_data/IU-Xray/images/IU_175_frontal.jpg,results/baseline/phase17_full/evidentiary_incomplete/IU_175.txt,True,True,True,True,True,True,True,True,394,55,86685fe250ac2fbd9179d463b7dbdb24d19297d107200c8affb8849b980c9ed9,success
IU_175,175,insufficient,external_data/IU-Xray/images/IU_175_frontal.jpg,results/baseline/phase17_full/insufficient/IU_175.txt,True,True,True,True,True,True,True,True,277,43,731019be0cf7e5b8d3dfdbe03679b6b1ed55587429eea9daa884a4d997049086,success
IU_175,175,irrelevant,external_data/IU-Xray/images/IU_175_frontal.jpg,results/baseline/phase17_full/irrelevant/IU_175.txt,True,True,True,True,True,True,True,True,328,45,f7bac3483910c75c92fe2afd67539d4bbaed92b090f23e877d6a5b4135dbef0a,success
IU_175,175,sufficient,external_data/IU-Xray/images/IU_175_frontal.jpg,results/baseline/phase17_full/sufficient/IU_175.txt,True,True,True,True,True,True,True,True,404,57,377f30416edd56890cefb8a96f4030da2d95242f20e5ae0fc35b2b91ab386e19,success
IU_175,175,syntactic_incomplete,external_data/IU-Xray/images/IU_175_frontal.jpg,results/baseline/phase17_full/syntactic_incomplete/IU_175.txt,True,True,True,True,True,True,True,True,317,51,d96cde297aa47a20594954fc486f570d211f626adccfdee5567c9478f4a62d3a,success
IU_185,185,conflicting,external_data/IU-Xray/images/IU_185_frontal.jpg,results/baseline/phase17_full/conflicting/IU_185.txt,True,True,True,True,True,True,True,True,402,59,e0db2d79f435ed6443d9b1c2969d2598dd7681c02686479b19718381b15d7390,success
IU_185,185,evidentiary_incomplete,external_data/IU-Xray/images/IU_185_frontal.jpg,results/baseline/phase17_full/evidentiary_incomplete/IU_185.txt,True,True,True,True,True,True,True,True,301,46,7cf87a9ce3ef9edac8e122a2d5f1aa96bf48605badee2393abb110a9e378f467,success
IU_185,185,insufficient,external_data/IU-Xray/images/IU_185_frontal.jpg,results/baseline/phase17_full/insufficient/IU_185.txt,True,True,True,True,True,True,True,True,251,38,0bd3935c35eac2b2e79f7a62fd22a103787ead616cefdc90a155bc7998d4d225,success
IU_185,185,irrelevant,external_data/IU-Xray/images/IU_185_frontal.jpg,results/baseline/phase17_full/irrelevant/IU_185.txt,True,True,True,True,True,True,True,True,316,53,ef0b089d6ea2ea1bc6e991b7e4509a4cf2436deec8c42646a2b0630473e75419,success
IU_185,185,sufficient,external_data/IU-Xray/images/IU_185_frontal.jpg,results/baseline/phase17_full/sufficient/IU_185.txt,True,True,True,True,True,True,True,True,316,48,5b632019fab11789ffb330e92c3d9c6397e9973d27512eeab1e1a9c10192399b,success
IU_185,185,syntactic_incomplete,external_data/IU-Xray/images/IU_185_frontal.jpg,results/baseline/phase17_full/syntactic_incomplete/IU_185.txt,True,True,True,True,True,True,True,True,320,49,54cccb6929950e86abf85a1afa5a93dd51a1ebcd979c512754286043458d2653,success
IU_190,190,conflicting,external_data/IU-Xray/images/IU_190_frontal.jpg,results/baseline/phase17_full/conflicting/IU_190.txt,True,True,True,True,True,True,True,True,369,54,a689633f35228589f667992f822051de5731c0cf4d5c7725fecd2c6842bc9c24,success
IU_190,190,evidentiary_incomplete,external_data/IU-Xray/images/IU_190_frontal.jpg,results/baseline/phase17_full/evidentiary_incomplete/IU_190.txt,True,True,True,True,True,True,True,True,284,46,88dc5c4a00743b906e53506089fb2b6b37f6408be23558a5197b4c6c604202bc,success
IU_190,190,insufficient,external_data/IU-Xray/images/IU_190_frontal.jpg,results/baseline/phase17_full/insufficient/IU_190.txt,True,True,True,True,True,True,True,True,239,39,57d28b6b97cbf558d36a4bab1c6c59dd4ec5871e186bb2e2947952ee0770eb62,success
IU_190,190,irrelevant,external_data/IU-Xray/images/IU_190_frontal.jpg,results/baseline/phase17_full/irrelevant/IU_190.txt,True,True,True,True,True,True,True,True,307,45,eb8235c44ec2aa0bd0e6e453db7263ea375f53860680db44f909bd47b978293c,success
IU_190,190,sufficient,external_data/IU-Xray/images/IU_190_frontal.jpg,results/baseline/phase17_full/sufficient/IU_190.txt,True,True,True,True,True,True,True,True,393,60,453633c9ca6787f574ca148ac146d83b43f6c9ce825cc9037334a378fb202e77,success
IU_190,190,syntactic_incomplete,external_data/IU-Xray/images/IU_190_frontal.jpg,results/baseline/phase17_full/syntactic_incomplete/IU_190.txt,True,True,True,True,True,True,True,True,364,55,c67d0e46515d7f2bb371781c51f47b1c9e9134a2143e9fe4373306a6daa18dbb,success
IU_195,195,conflicting,external_data/IU-Xray/images/IU_195_frontal.jpg,results/baseline/phase17_full/conflicting/IU_195.txt,True,True,True,True,True,True,True,True,390,57,12be86f568eb834b2ea8a345e53bf521fb709964264a399333be60b236ebaf46,success
IU_195,195,evidentiary_incomplete,external_data/IU-Xray/images/IU_195_frontal.jpg,results/baseline/phase17_full/evidentiary_incomplete/IU_195.txt,True,True,True,True,True,True,True,True,318,48,e83c00b3d801aeaca54e39c31a288fd43a41a2c5d95067efd695aae22d70cbf0,success
IU_195,195,insufficient,external_data/IU-Xray/images/IU_195_frontal.jpg,results/baseline/phase17_full/insufficient/IU_195.txt,True,True,True,True,True,True,True,True,251,38,0bd3935c35eac2b2e79f7a62fd22a103787ead616cefdc90a155bc7998d4d225,success
IU_195,195,irrelevant,external_data/IU-Xray/images/IU_195_frontal.jpg,results/baseline/phase17_full/irrelevant/IU_195.txt,True,True,True,True,True,True,True,True,318,48,642d413728f9e15f7b5766b61bc8170fedf849cf0279e4b7f72d2a9b3ba55c24,success
IU_195,195,sufficient,external_data/IU-Xray/images/IU_195_frontal.jpg,results/baseline/phase17_full/sufficient/IU_195.txt,True,True,True,True,True,True,True,True,335,51,b19dff29f1a985cbf529c80ccb5f34c0beac77c38646c430137d2133ffaea114,success
IU_195,195,syntactic_incomplete,external_data/IU-Xray/images/IU_195_frontal.jpg,results/baseline/phase17_full/syntactic_incomplete/IU_195.txt,True,True,True,True,True,True,True,True,312,48,35cf2b2e9297deb4c32d555538f8261a56c193bf4f4c1b1af60d82d29df30244,success
IU_227,227,conflicting,external_data/IU-Xray/images/IU_227_frontal.jpg,results/baseline/phase17_full/conflicting/IU_227.txt,True,True,True,True,True,True,True,True,296,47,52d604ebbf5e35e6a553d5e2dd445c033bdfebba038647339c4b95bf32704578,success
IU_227,227,evidentiary_incomplete,external_data/IU-Xray/images/IU_227_frontal.jpg,results/baseline/phase17_full/evidentiary_incomplete/IU_227.txt,True,True,True,True,True,True,True,True,318,49,450dd5df2805c06b2bc0b9e5b64e314e9ff271b67388478a8c4c110b3623df79,success
IU_227,227,insufficient,external_data/IU-Xray/images/IU_227_frontal.jpg,results/baseline/phase17_full/insufficient/IU_227.txt,True,True,True,True,True,True,True,True,262,41,c0d302c66fd36689ddec29b173acd153bfdcef7c6694f025199aab6215fcae7a,success
IU_227,227,irrelevant,external_data/IU-Xray/images/IU_227_frontal.jpg,results/baseline/phase17_full/irrelevant/IU_227.txt,True,True,True,True,True,True,True,True,373,55,6088a7f3504ce889b42345100ba2102fa52a66c549ae38b3d1459f787f28eb17,success
IU_227,227,sufficient,external_data/IU-Xray/images/IU_227_frontal.jpg,results/baseline/phase17_full/sufficient/IU_227.txt,True,True,True,True,True,True,True,True,313,52,7caf163b559b1edb1d7f1d5480a22fa02c918005ea2dfde6a6d78568088f8430,success
IU_227,227,syntactic_incomplete,external_data/IU-Xray/images/IU_227_frontal.jpg,results/baseline/phase17_full/syntactic_incomplete/IU_227.txt,True,True,True,True,True,True,True,True,293,49,1d1316951e442036f14a31ef2c130a1b72a79a1c23f878153feabe2dbf8d827e,success
IU_247,247,conflicting,external_data/IU-Xray/images/IU_247_frontal.jpg,results/baseline/phase17_full/conflicting/IU_247.txt,True,True,True,True,True,True,True,True,390,57,12be86f568eb834b2ea8a345e53bf521fb709964264a399333be60b236ebaf46,success
IU_247,247,evidentiary_incomplete,external_data/IU-Xray/images/IU_247_frontal.jpg,results/baseline/phase17_full/evidentiary_incomplete/IU_247.txt,True,True,True,True,True,True,True,True,282,42,265876be55e5a3706a118c723274deaf6211ddff47cd2baddee26cbd9d83f5c7,success
IU_247,247,insufficient,external_data/IU-Xray/images/IU_247_frontal.jpg,results/baseline/phase17_full/insufficient/IU_247.txt,True,True,True,True,True,True,True,True,251,38,0bd3935c35eac2b2e79f7a62fd22a103787ead616cefdc90a155bc7998d4d225,success
IU_247,247,irrelevant,external_data/IU-Xray/images/IU_247_frontal.jpg,results/baseline/phase17_full/irrelevant/IU_247.txt,True,True,True,True,True,True,True,True,390,56,d242906cb98e7ad1c08188b449137a4e24e4c1d1aa8287eb10e9f77c68e42e75,success
IU_247,247,sufficient,external_data/IU-Xray/images/IU_247_frontal.jpg,results/baseline/phase17_full/sufficient/IU_247.txt,True,True,True,True,True,True,True,True,298,49,2fa46f2e056bfc30543dbe729ce0cfbe7aa22594cc20b3eeff2da3a61b0f3a74,success
IU_247,247,syntactic_incomplete,external_data/IU-Xray/images/IU_247_frontal.jpg,results/baseline/phase17_full/syntactic_incomplete/IU_247.txt,True,True,True,True,True,True,True,True,336,51,4139a04d8fafe0b50e7845efb8399a5a988aca731438f7385414b9bdd1e4bbca,success
IU_253,253,conflicting,external_data/IU-Xray/images/IU_253_frontal.jpg,results/baseline/phase17_full/conflicting/IU_253.txt,True,True,True,True,True,True,True,True,396,57,41d5a88ae17fc46d32a459debbf590b9357721716e1c652a4b8dff7af9d16b7a,success
IU_253,253,evidentiary_incomplete,external_data/IU-Xray/images/IU_253_frontal.jpg,results/baseline/phase17_full/evidentiary_incomplete/IU_253.txt,True,True,True,True,True,True,True,True,304,47,a0d43dfed33c65efca42f4a30b87fa6f6261d35c54e76da65d9991176aeccc53,success
IU_253,253,insufficient,external_data/IU-Xray/images/IU_253_frontal.jpg,results/baseline/phase17_full/insufficient/IU_253.txt,True,True,True,True,True,True,True,True,251,38,0bd3935c35eac2b2e79f7a62fd22a103787ead616cefdc90a155bc7998d4d225,success
IU_253,253,irrelevant,external_data/IU-Xray/images/IU_253_frontal.jpg,results/baseline/phase17_full/irrelevant/IU_253.txt,True,True,True,True,True,True,True,True,368,55,ee89bbeebe8566dc8c81c253720b5c55907a965f77b9576e82d099de71399927,success
IU_253,253,sufficient,external_data/IU-Xray/images/IU_253_frontal.jpg,results/baseline/phase17_full/sufficient/IU_253.txt,True,True,True,True,True,True,True,True,412,67,fe6310fa8417b9c75fcb039c372d48df9e79fbace21db3dfe09f190eed56f9fd,success
IU_253,253,syntactic_incomplete,external_data/IU-Xray/images/IU_253_frontal.jpg,results/baseline/phase17_full/syntactic_incomplete/IU_253.txt,True,True,True,True,True,True,True,True,292,47,2810d31ccf8385e53bb4c0d83d88137039d7ae1d528d2503f325ad7bcc43abf9,success
IU_254,254,conflicting,external_data/IU-Xray/images/IU_254_frontal.jpg,results/baseline/phase17_full/conflicting/IU_254.txt,True,True,True,True,True,True,True,True,307,47,f64904035b58fff3ea1826dd2634daad84d6091694288f3cc25a63425b368257,success
IU_254,254,evidentiary_incomplete,external_data/IU-Xray/images/IU_254_frontal.jpg,results/baseline/phase17_full/evidentiary_incomplete/IU_254.txt,True,True,True,True,True,True,True,True,285,43,f8416ebe2343e251faae7a27c8cfc94431ad74d3a07ae745c0f1ea99a095b1e5,success
IU_254,254,insufficient,external_data/IU-Xray/images/IU_254_frontal.jpg,results/baseline/phase17_full/insufficient/IU_254.txt,True,True,True,True,True,True,True,True,251,38,0bd3935c35eac2b2e79f7a62fd22a103787ead616cefdc90a155bc7998d4d225,success
IU_254,254,irrelevant,external_data/IU-Xray/images/IU_254_frontal.jpg,results/baseline/phase17_full/irrelevant/IU_254.txt,True,True,True,True,True,True,True,True,271,43,53d7d89e7faabe43f45873187acc079055b6b215ccbc68fc909547f4e68fec9f,success
IU_254,254,sufficient,external_data/IU-Xray/images/IU_254_frontal.jpg,results/baseline/phase17_full/sufficient/IU_254.txt,True,True,True,True,True,True,True,True,356,55,048c0f8ed85f255edd47dddf61e25a37e0529390555906301cc2fa79cd624a4b,success
IU_254,254,syntactic_incomplete,external_data/IU-Xray/images/IU_254_frontal.jpg,results/baseline/phase17_full/syntactic_incomplete/IU_254.txt,True,True,True,True,True,True,True,True,356,55,ccc70822f43a18fe5b123ba47e5943df66033299399038674599021a244023a4,success
IU_270,270,conflicting,external_data/IU-Xray/images/IU_270_frontal.jpg,results/baseline/phase17_full/conflicting/IU_270.txt,True,True,True,True,True,True,True,True,268,43,d8f2d3a8e1aab8ded020daa0e4574171d30d08a3de14312fa420c388f2f93a3b,success
IU_270,270,evidentiary_incomplete,external_data/IU-Xray/images/IU_270_frontal.jpg,results/baseline/phase17_full/evidentiary_incomplete/IU_270.txt,True,True,True,True,True,True,True,True,334,50,e5bd1e271df18277fa902a4ed50fb237dee8afd3861fff67cf454b9dd3a137c7,success
IU_270,270,insufficient,external_data/IU-Xray/images/IU_270_frontal.jpg,results/baseline/phase17_full/insufficient/IU_270.txt,True,True,True,True,True,True,True,True,239,39,57d28b6b97cbf558d36a4bab1c6c59dd4ec5871e186bb2e2947952ee0770eb62,success
IU_270,270,irrelevant,external_data/IU-Xray/images/IU_270_frontal.jpg,results/baseline/phase17_full/irrelevant/IU_270.txt,True,True,True,True,True,True,True,True,340,56,00211fec79ca0eeb91ff8dc2bbd17b1bfa14404aec46d5bea69af87ec1b319cf,success
IU_270,270,sufficient,external_data/IU-Xray/images/IU_270_frontal.jpg,results/baseline/phase17_full/sufficient/IU_270.txt,True,True,True,True,True,True,True,True,339,50,7f26e24266101d3e2b09e98182c273ff82b93c7a4557b106c6ff3aca562e6329,success
IU_270,270,syntactic_incomplete,external_data/IU-Xray/images/IU_270_frontal.jpg,results/baseline/phase17_full/syntactic_incomplete/IU_270.txt,True,True,True,True,True,True,True,True,342,51,fa68adbaaf9d2b9368dd9e71afee0ad564353e80a01766bd6f26b0d892d9434c,success
IU_275,275,conflicting,external_data/IU-Xray/images/IU_275_frontal.jpg,results/baseline/phase17_full/conflicting/IU_275.txt,True,True,True,True,True,True,True,True,390,57,12be86f568eb834b2ea8a345e53bf521fb709964264a399333be60b236ebaf46,success
IU_275,275,evidentiary_incomplete,external_data/IU-Xray/images/IU_275_frontal.jpg,results/baseline/phase17_full/evidentiary_incomplete/IU_275.txt,True,True,True,True,True,True,True,True,316,47,d09778b418c40b4ee2c7200aac511d3967700fea2b9acf675deeb8c56b062a9b,success
IU_275,275,insufficient,external_data/IU-Xray/images/IU_275_frontal.jpg,results/baseline/phase17_full/insufficient/IU_275.txt,True,True,True,True,True,True,True,True,251,38,0bd3935c35eac2b2e79f7a62fd22a103787ead616cefdc90a155bc7998d4d225,success
IU_275,275,irrelevant,external_data/IU-Xray/images/IU_275_frontal.jpg,results/baseline/phase17_full/irrelevant/IU_275.txt,True,True,True,True,True,True,True,True,424,60,09510b39050a2e1d5a9f1146655132f175a2dd82fbb3189156c58c4511c72ed3,success
IU_275,275,sufficient,external_data/IU-Xray/images/IU_275_frontal.jpg,results/baseline/phase17_full/sufficient/IU_275.txt,True,True,True,True,True,True,True,True,300,46,4f6bf0fc84570eca36a2bb018145247243ad23eb4f74dc03111c651e4a5de3ea,success
IU_275,275,syntactic_incomplete,external_data/IU-Xray/images/IU_275_frontal.jpg,results/baseline/phase17_full/syntactic_incomplete/IU_275.txt,True,True,True,True,True,True,True,True,304,47,51f22a57ad3f184156765219ac69d16d836aab2740abd3357211d2eff8d2846c,success
IU_282,282,conflicting,external_data/IU-Xray/images/IU_282_frontal.jpg,results/baseline/phase17_full/conflicting/IU_282.txt,True,True,True,True,True,True,True,True,390,57,12be86f568eb834b2ea8a345e53bf521fb709964264a399333be60b236ebaf46,success
IU_282,282,evidentiary_incomplete,external_data/IU-Xray/images/IU_282_frontal.jpg,results/baseline/phase17_full/evidentiary_incomplete/IU_282.txt,True,True,True,True,True,True,True,True,383,55,a612df1891034c052e19ffa827738c8f2db3db2ecfa658bf9a6b2cc2f070bee9,success
IU_282,282,insufficient,external_data/IU-Xray/images/IU_282_frontal.jpg,results/baseline/phase17_full/insufficient/IU_282.txt,True,True,True,True,True,True,True,True,251,38,0bd3935c35eac2b2e79f7a62fd22a103787ead616cefdc90a155bc7998d4d225,success
IU_282,282,irrelevant,external_data/IU-Xray/images/IU_282_frontal.jpg,results/baseline/phase17_full/irrelevant/IU_282.txt,True,True,True,True,True,True,True,True,318,48,48b65d4c5615acc1737e639650d34508c121f86adb62f5fdd2cfcd18539c63ff,success
IU_282,282,sufficient,external_data/IU-Xray/images/IU_282_frontal.jpg,results/baseline/phase17_full/sufficient/IU_282.txt,True,True,True,True,True,True,True,True,395,57,cf926afe664d3733ffe31859ab6affd6dc8bba0cf601719be9011c217d611132,success
IU_282,282,syntactic_incomplete,external_data/IU-Xray/images/IU_282_frontal.jpg,results/baseline/phase17_full/syntactic_incomplete/IU_282.txt,True,True,True,True,True,True,True,True,312,48,b037275749165d74a80d9e35d427ae9a75b0283d7d733a89ade1db69c870d26f,success
IU_287,287,conflicting,external_data/IU-Xray/images/IU_287_frontal.jpg,results/baseline/phase17_full/conflicting/IU_287.txt,True,True,True,True,True,True,True,True,296,47,52d604ebbf5e35e6a553d5e2dd445c033bdfebba038647339c4b95bf32704578,success
IU_287,287,evidentiary_incomplete,external_data/IU-Xray/images/IU_287_frontal.jpg,results/baseline/phase17_full/evidentiary_incomplete/IU_287.txt,True,True,True,True,True,True,True,True,538,74,3cf606b07adc96dd3e7f31ad587a677181207d97deea1efa0f29e295b248bd99,success
IU_287,287,insufficient,external_data/IU-Xray/images/IU_287_frontal.jpg,results/baseline/phase17_full/insufficient/IU_287.txt,True,True,True,True,True,True,True,True,262,41,c0d302c66fd36689ddec29b173acd153bfdcef7c6694f025199aab6215fcae7a,success
IU_287,287,irrelevant,external_data/IU-Xray/images/IU_287_frontal.jpg,results/baseline/phase17_full/irrelevant/IU_287.txt,True,True,True,True,True,True,True,True,314,50,8a527ef57a3286297fcaae5d004aa3b3f180b56f9e666bb52f729758e27dca38,success
IU_287,287,sufficient,external_data/IU-Xray/images/IU_287_frontal.jpg,results/baseline/phase17_full/sufficient/IU_287.txt,True,True,True,True,True,True,True,True,310,47,7a988f46a5f3c5a506f8daafcea49c12f5fe9fc57c60a9af71b318585ae1985c,success
IU_287,287,syntactic_incomplete,external_data/IU-Xray/images/IU_287_frontal.jpg,results/baseline/phase17_full/syntactic_incomplete/IU_287.txt,True,True,True,True,True,True,True,True,295,45,b2c3054955bcaa4f0465cc8586d77a32d368c5264e9d0b250233dda4b9431ef5,success
IU_290,290,conflicting,external_data/IU-Xray/images/IU_290_frontal.jpg,results/baseline/phase17_full/conflicting/IU_290.txt,True,True,True,True,True,True,True,True,352,53,2451b3eb80e4e49053e1738deaa38d2f163b7af0f5509e0b0c1f31099df4d4dc,success
IU_290,290,evidentiary_incomplete,external_data/IU-Xray/images/IU_290_frontal.jpg,results/baseline/phase17_full/evidentiary_incomplete/IU_290.txt,True,True,True,True,True,True,True,True,319,48,84f0ca96993227a290be9bf57249164d07c1d693d578b1f391bd67128b9e0502,success
IU_290,290,insufficient,external_data/IU-Xray/images/IU_290_frontal.jpg,results/baseline/phase17_full/insufficient/IU_290.txt,True,True,True,True,True,True,True,True,239,39,57d28b6b97cbf558d36a4bab1c6c59dd4ec5871e186bb2e2947952ee0770eb62,success
IU_290,290,irrelevant,external_data/IU-Xray/images/IU_290_frontal.jpg,results/baseline/phase17_full/irrelevant/IU_290.txt,True,True,True,True,True,True,True,True,357,58,3937501ae49db571b1b01349d79e62e0c2586d6e6b4ab2411f5c0e5f175bcbbf,success
IU_290,290,sufficient,external_data/IU-Xray/images/IU_290_frontal.jpg,results/baseline/phase17_full/sufficient/IU_290.txt,True,True,True,True,True,True,True,True,320,48,08fff3e56f3d808bec8e87d5778caf601513bf1645992553a04b3306c4a5e43b,success
IU_290,290,syntactic_incomplete,external_data/IU-Xray/images/IU_290_frontal.jpg,results/baseline/phase17_full/syntactic_incomplete/IU_290.txt,True,True,True,True,True,True,True,True,312,47,ac3e02b52bfecf8aaeb0e6c89f2fd6e0ac2cd774ab87eb4b486af49ad86f1673,success
IU_297,297,conflicting,external_data/IU-Xray/images/IU_297_frontal.jpg,results/baseline/phase17_full/conflicting/IU_297.txt,True,True,True,True,True,True,True,True,335,53,46259074c015cc27370076a19260b36d0e2fb945df3e749cfc23ff656204b8ea,success
IU_297,297,evidentiary_incomplete,external_data/IU-Xray/images/IU_297_frontal.jpg,results/baseline/phase17_full/evidentiary_incomplete/IU_297.txt,True,True,True,True,True,True,True,True,311,46,e7af6a570cbffb442466e7e0baf8a91ef8992a245bcd9456d054a8c2b4fe419d,success
IU_297,297,insufficient,external_data/IU-Xray/images/IU_297_frontal.jpg,results/baseline/phase17_full/insufficient/IU_297.txt,True,True,True,True,True,True,True,True,262,41,c0d302c66fd36689ddec29b173acd153bfdcef7c6694f025199aab6215fcae7a,success
IU_297,297,irrelevant,external_data/IU-Xray/images/IU_297_frontal.jpg,results/baseline/phase17_full/irrelevant/IU_297.txt,True,True,True,True,True,True,True,True,352,58,90a4cc7c47d18719b91fc3ec920e6a43d0086ed2e5c80e1df763ef0301b9afb7,success
IU_297,297,sufficient,external_data/IU-Xray/images/IU_297_frontal.jpg,results/baseline/phase17_full/sufficient/IU_297.txt,True,True,True,True,True,True,True,True,412,62,8e24bb8dcd706a61a00f4b5fa55ebc887d5b9cbf60e052d30a5953c93e820883,success
IU_297,297,syntactic_incomplete,external_data/IU-Xray/images/IU_297_frontal.jpg,results/baseline/phase17_full/syntactic_incomplete/IU_297.txt,True,True,True,True,True,True,True,True,308,48,415d66756c274610482fb02d0030ab52bb6120c23bd2a6f0126fa4d6217d7f4e,success
IU_303,303,conflicting,external_data/IU-Xray/images/IU_303_frontal.jpg,results/baseline/phase17_full/conflicting/IU_303.txt,True,True,True,True,True,True,True,True,392,53,de8e37c28f99b6f1d05602b6c8b001d001d51dfc7d888b3f0f83864b7ed573bb,success
IU_303,303,evidentiary_incomplete,external_data/IU-Xray/images/IU_303_frontal.jpg,results/baseline/phase17_full/evidentiary_incomplete/IU_303.txt,True,True,True,True,True,True,True,True,413,64,ac51b121e8efd3334dad3691203aaeb387564bdab9bdff509e048016b4f31ef2,success
IU_303,303,insufficient,external_data/IU-Xray/images/IU_303_frontal.jpg,results/baseline/phase17_full/insufficient/IU_303.txt,True,True,True,True,True,True,True,True,377,53,22508ab87cb40c8044e2451867cc971cb2defb5ecbf45ef6ff9fd2c3c3f48f9c,success
IU_303,303,irrelevant,external_data/IU-Xray/images/IU_303_frontal.jpg,results/baseline/phase17_full/irrelevant/IU_303.txt,True,True,True,True,True,True,True,True,483,66,d58b130ca232af0aa96af993ca2b3109eeec18c5d0665fc0339a336242a1b4fc,success
IU_303,303,sufficient,external_data/IU-Xray/images/IU_303_frontal.jpg,results/baseline/phase17_full/sufficient/IU_303.txt,True,True,True,True,True,True,True,True,307,45,bdfd56de7975b09b32b2f165d00a091ad13e3eb5498bc785db3c9855df414483,success
IU_303,303,syntactic_incomplete,external_data/IU-Xray/images/IU_303_frontal.jpg,results/baseline/phase17_full/syntactic_incomplete/IU_303.txt,True,True,True,True,True,True,True,True,353,52,4935c7cc0162c5add38e60bc31401eb7bcab52762ebb9390f1cb6b4bfc87960b,success
IU_304,304,conflicting,external_data/IU-Xray/images/IU_304_frontal.jpg,results/baseline/phase17_full/conflicting/IU_304.txt,True,True,True,True,True,True,True,True,349,53,1ccc5433ebd796b838bebf7eb5445f88ec571084ad120e9a166a2b21cb92cdb4,success
IU_304,304,evidentiary_incomplete,external_data/IU-Xray/images/IU_304_frontal.jpg,results/baseline/phase17_full/evidentiary_incomplete/IU_304.txt,True,True,True,True,True,True,True,True,404,59,e7e0d153154cbc8fb0a490ec7958ade9c4e0c8c101db079269a2e8f6c8a8a12d,success
IU_304,304,insufficient,external_data/IU-Xray/images/IU_304_frontal.jpg,results/baseline/phase17_full/insufficient/IU_304.txt,True,True,True,True,True,True,True,True,252,39,755c8f6d8a6e34ff1fd44282db940b9643ae244818754700a41d3f05a3fc19a8,success
IU_304,304,irrelevant,external_data/IU-Xray/images/IU_304_frontal.jpg,results/baseline/phase17_full/irrelevant/IU_304.txt,True,True,True,True,True,True,True,True,296,45,cbf9e9175d191961fa2d4d4f8ffe2db7eaac85288cf3f1522a2a2fd957e2b43d,success
IU_304,304,sufficient,external_data/IU-Xray/images/IU_304_frontal.jpg,results/baseline/phase17_full/sufficient/IU_304.txt,True,True,True,True,True,True,True,True,419,62,06c9ea1affba3a35d1657ca94ca754b0dfcfe822ff56eb61f8ef40052ba6ce26,success
IU_304,304,syntactic_incomplete,external_data/IU-Xray/images/IU_304_frontal.jpg,results/baseline/phase17_full/syntactic_incomplete/IU_304.txt,True,True,True,True,True,True,True,True,394,58,927076c6b3da44d8771e44f74136583137b74b34556774e5bf90a5ac8d9dce58,success
IU_313,313,conflicting,external_data/IU-Xray/images/IU_313_frontal.jpg,results/baseline/phase17_full/conflicting/IU_313.txt,True,True,True,True,True,True,True,True,315,50,d6a86cf66d9fcd4a44792f0efed3812d09a7775a27c5434519d8fcf189964cca,success
IU_313,313,evidentiary_incomplete,external_data/IU-Xray/images/IU_313_frontal.jpg,results/baseline/phase17_full/evidentiary_incomplete/IU_313.txt,True,True,True,True,True,True,True,True,319,46,c8f0aa8c608dc75b5402e5b7639a295ac5d9677d98bf95dd28432e54d9e8d13d,success
IU_313,313,insufficient,external_data/IU-Xray/images/IU_313_frontal.jpg,results/baseline/phase17_full/insufficient/IU_313.txt,True,True,True,True,True,True,True,True,262,41,c0d302c66fd36689ddec29b173acd153bfdcef7c6694f025199aab6215fcae7a,success
IU_313,313,irrelevant,external_data/IU-Xray/images/IU_313_frontal.jpg,results/baseline/phase17_full/irrelevant/IU_313.txt,True,True,True,True,True,True,True,True,340,53,b748cd5be6469089d9f56d9622f2d473aced4593f24a4c5bd1e6ef73ea242e0e,success
IU_313,313,sufficient,external_data/IU-Xray/images/IU_313_frontal.jpg,results/baseline/phase17_full/sufficient/IU_313.txt,True,True,True,True,True,True,True,True,342,51,ad0f4033095a0287b2ac17ee20719868c32957d58ca49c2b95601c7702d8de7d,success
IU_313,313,syntactic_incomplete,external_data/IU-Xray/images/IU_313_frontal.jpg,results/baseline/phase17_full/syntactic_incomplete/IU_313.txt,True,True,True,True,True,True,True,True,356,55,27f2d147378cf3dadcaaac7dcc9b5cbeacc54aa8b6ddae706e064408649908bf,success
IU_317,317,conflicting,external_data/IU-Xray/images/IU_317_frontal.jpg,results/baseline/phase17_full/conflicting/IU_317.txt,True,True,True,True,True,True,True,True,361,18,186a36bcb3c6a6dd3e9b5d0b9858f670d747409ba41ae2aaa600e0a002d3525e,success
IU_317,317,evidentiary_incomplete,external_data/IU-Xray/images/IU_317_frontal.jpg,results/baseline/phase17_full/evidentiary_incomplete/IU_317.txt,True,True,True,True,True,True,True,True,354,15,6db4ccd653f2e8f49a23ae3bc72513b7c1fe181c7509fa6dface69f59ae97393,success
IU_317,317,insufficient,external_data/IU-Xray/images/IU_317_frontal.jpg,results/baseline/phase17_full/insufficient/IU_317.txt,True,True,True,True,True,True,True,True,307,10,94c65a9d0b51a1dab63e0210ace8b61ac9657e804b8996b647040f5eaf79d68a,success
IU_317,317,irrelevant,external_data/IU-Xray/images/IU_317_frontal.jpg,results/baseline/phase17_full/irrelevant/IU_317.txt,True,True,True,True,True,True,True,True,412,30,d5d40d6fd6812c870489b0b8cafd9f63782d8ebec01f862c4517bb487c25b9ec,success
IU_317,317,sufficient,external_data/IU-Xray/images/IU_317_frontal.jpg,results/baseline/phase17_full/sufficient/IU_317.txt,True,True,True,True,True,True,True,True,360,16,01cd4122d57ea3cd7fcf0120ef5fd99f5bf677629fb0eee16b8c9f3995aa0748,success
IU_317,317,syntactic_incomplete,external_data/IU-Xray/images/IU_317_frontal.jpg,results/baseline/phase17_full/syntactic_incomplete/IU_317.txt,True,True,True,True,True,True,True,True,363,17,ab99582c425bd319520b29e88d2de5d9ab26df1fe2827569b4d2a3f2cf28df9b,success
IU_32,32,conflicting,external_data/IU-Xray/images/IU_32_frontal.jpg,results/baseline/phase17_full/conflicting/IU_32.txt,True,True,True,True,True,True,True,True,345,47,8d7cdd85adfe90b326edda57230e0388d893c324f16c4500c38924a8d05997f8,success
IU_32,32,evidentiary_incomplete,external_data/IU-Xray/images/IU_32_frontal.jpg,results/baseline/phase17_full/evidentiary_incomplete/IU_32.txt,True,True,True,True,True,True,True,True,319,50,b20fa83e3982641a8745ddfcc5404825de95f10c043d6d786f6bbcad49748f6f,success
IU_32,32,insufficient,external_data/IU-Xray/images/IU_32_frontal.jpg,results/baseline/phase17_full/insufficient/IU_32.txt,True,True,True,True,True,True,True,True,251,38,0bd3935c35eac2b2e79f7a62fd22a103787ead616cefdc90a155bc7998d4d225,success
IU_32,32,irrelevant,external_data/IU-Xray/images/IU_32_frontal.jpg,results/baseline/phase17_full/irrelevant/IU_32.txt,True,True,True,True,True,True,True,True,356,55,191bb5d0b51347e6acb43ea61f0deb85efcf3c56b6be4873d8befc1e82b88e38,success
IU_32,32,sufficient,external_data/IU-Xray/images/IU_32_frontal.jpg,results/baseline/phase17_full/sufficient/IU_32.txt,True,True,True,True,True,True,True,True,306,51,f1678cefcd24a7597800e05290be089be9db79bb4553e75246b80565e40a0975,success
IU_32,32,syntactic_incomplete,external_data/IU-Xray/images/IU_32_frontal.jpg,results/baseline/phase17_full/syntactic_incomplete/IU_32.txt,True,True,True,True,True,True,True,True,293,45,b1fe3b4d247d7c5892e20a443dec0405685f649ff2d1d7a4e9625d126652ba16,success
IU_329,329,conflicting,external_data/IU-Xray/images/IU_329_frontal.jpg,results/baseline/phase17_full/conflicting/IU_329.txt,True,True,True,True,True,True,True,True,404,58,0fd8cfdb415f47592eea1aaa36adf69ad39b9ffc80749ca14e6613aadd4fc049,success
IU_329,329,evidentiary_incomplete,external_data/IU-Xray/images/IU_329_frontal.jpg,results/baseline/phase17_full/evidentiary_incomplete/IU_329.txt,True,True,True,True,True,True,True,True,322,46,17bc17822112ab611c64c22f7cae69adfcf7ca85274ad03e48134ffec7c0400e,success
IU_329,329,insufficient,external_data/IU-Xray/images/IU_329_frontal.jpg,results/baseline/phase17_full/insufficient/IU_329.txt,True,True,True,True,True,True,True,True,251,38,0bd3935c35eac2b2e79f7a62fd22a103787ead616cefdc90a155bc7998d4d225,success
IU_329,329,irrelevant,external_data/IU-Xray/images/IU_329_frontal.jpg,results/baseline/phase17_full/irrelevant/IU_329.txt,True,True,True,True,True,True,True,True,466,70,1ea19ecc05309a1a96974acf3bd85e76c44cf4793a99ace20ca92b9baa21d951,success
IU_329,329,sufficient,external_data/IU-Xray/images/IU_329_frontal.jpg,results/baseline/phase17_full/sufficient/IU_329.txt,True,True,True,True,True,True,True,True,317,48,8a40dd581f3936c6f8f15f0a5b061241c4fb95dc6f357f92fb9953bd0511fc00,success
IU_329,329,syntactic_incomplete,external_data/IU-Xray/images/IU_329_frontal.jpg,results/baseline/phase17_full/syntactic_incomplete/IU_329.txt,True,True,True,True,True,True,True,True,337,51,e2680c2cb56e5aaccf6046df869641b6894782924ae13c33744c73ea83f707d9,success
IU_340,340,conflicting,external_data/IU-Xray/images/IU_340_frontal.jpg,results/baseline/phase17_full/conflicting/IU_340.txt,True,True,True,True,True,True,True,True,444,70,004682effc45846bb58459fb35297c58f1c26b10e423f170a2b47d43514072c0,success
IU_340,340,evidentiary_incomplete,external_data/IU-Xray/images/IU_340_frontal.jpg,results/baseline/phase17_full/evidentiary_incomplete/IU_340.txt,True,True,True,True,True,True,True,True,299,49,7df79825fbc0733d0a56bd081b29ead06d8ab1e38ca147c549ca1529b2096ba1,success
IU_340,340,insufficient,external_data/IU-Xray/images/IU_340_frontal.jpg,results/baseline/phase17_full/insufficient/IU_340.txt,True,True,True,True,True,True,True,True,262,41,c0d302c66fd36689ddec29b173acd153bfdcef7c6694f025199aab6215fcae7a,success
IU_340,340,irrelevant,external_data/IU-Xray/images/IU_340_frontal.jpg,results/baseline/phase17_full/irrelevant/IU_340.txt,True,True,True,True,True,True,True,True,301,45,89e505b2cb7808481cb4aea83c7374d64210016c1eb6017acc0899b71f004e2a,success
IU_340,340,sufficient,external_data/IU-Xray/images/IU_340_frontal.jpg,results/baseline/phase17_full/sufficient/IU_340.txt,True,True,True,True,True,True,True,True,316,53,ef0b089d6ea2ea1bc6e991b7e4509a4cf2436deec8c42646a2b0630473e75419,success
IU_340,340,syntactic_incomplete,external_data/IU-Xray/images/IU_340_frontal.jpg,results/baseline/phase17_full/syntactic_incomplete/IU_340.txt,True,True,True,True,True,True,True,True,309,52,baf63ab454cf8f54387a6b92c10947d8309dcb2a8f6b70dbe96338367ef88712,success
IU_341,341,conflicting,external_data/IU-Xray/images/IU_341_frontal.jpg,results/baseline/phase17_full/conflicting/IU_341.txt,True,True,True,True,True,True,True,True,323,48,9754f3cd52061437ac3e6adce19c03378f2e6713fe3d601cbfb6e3ad177bb9e7,success
IU_341,341,evidentiary_incomplete,external_data/IU-Xray/images/IU_341_frontal.jpg,results/baseline/phase17_full/evidentiary_incomplete/IU_341.txt,True,True,True,True,True,True,True,True,379,57,52de8619748db206689d8b6e259791013f7f068da872c5cc8e2a19a47ed7fb56,success
IU_341,341,insufficient,external_data/IU-Xray/images/IU_341_frontal.jpg,results/baseline/phase17_full/insufficient/IU_341.txt,True,True,True,True,True,True,True,True,251,38,0bd3935c35eac2b2e79f7a62fd22a103787ead616cefdc90a155bc7998d4d225,success
IU_341,341,irrelevant,external_data/IU-Xray/images/IU_341_frontal.jpg,results/baseline/phase17_full/irrelevant/IU_341.txt,True,True,True,True,True,True,True,True,423,63,3e13ad57113b0db45feeca36959dee4d45cfa8c25dbccf11ff582cb0a990af6b,success
IU_341,341,sufficient,external_data/IU-Xray/images/IU_341_frontal.jpg,results/baseline/phase17_full/sufficient/IU_341.txt,True,True,True,True,True,True,True,True,292,51,25aa1268a197d1603b5af890aa4ee8dfff54c958b590894fcd3fddc80b645e4f,success
IU_341,341,syntactic_incomplete,external_data/IU-Xray/images/IU_341_frontal.jpg,results/baseline/phase17_full/syntactic_incomplete/IU_341.txt,True,True,True,True,True,True,True,True,246,40,7a9bcbc9fe97b0604e4e3712575563a032d95872d932830086e82dd0778db5f7,success
IU_36,36,conflicting,external_data/IU-Xray/images/IU_36_frontal.jpg,results/baseline/phase17_full/conflicting/IU_36.txt,True,True,True,True,True,True,True,True,390,57,12be86f568eb834b2ea8a345e53bf521fb709964264a399333be60b236ebaf46,success
IU_36,36,evidentiary_incomplete,external_data/IU-Xray/images/IU_36_frontal.jpg,results/baseline/phase17_full/evidentiary_incomplete/IU_36.txt,True,True,True,True,True,True,True,True,357,56,e75c7c48fd62d6ba33d991d30e75a1c2ea35efe9b540f51240e30e3fe7b8e9df,success
IU_36,36,insufficient,external_data/IU-Xray/images/IU_36_frontal.jpg,results/baseline/phase17_full/insufficient/IU_36.txt,True,True,True,True,True,True,True,True,239,39,57d28b6b97cbf558d36a4bab1c6c59dd4ec5871e186bb2e2947952ee0770eb62,success
IU_36,36,irrelevant,external_data/IU-Xray/images/IU_36_frontal.jpg,results/baseline/phase17_full/irrelevant/IU_36.txt,True,True,True,True,True,True,True,True,361,57,d75a0952a1956a54bf823b5e2233e01ff05a148f4abb44ba90c493b4420a8099,success
IU_36,36,sufficient,external_data/IU-Xray/images/IU_36_frontal.jpg,results/baseline/phase17_full/sufficient/IU_36.txt,True,True,True,True,True,True,True,True,374,59,eb136c4502890eb3dec67af07519c29bc8c7cba1cf6a28a94e4135bca5a97ecf,success
IU_36,36,syntactic_incomplete,external_data/IU-Xray/images/IU_36_frontal.jpg,results/baseline/phase17_full/syntactic_incomplete/IU_36.txt,True,True,True,True,True,True,True,True,284,48,e3b34e3c7be9636461d0c265a9ff84855399ef7c61f7deb82f9fdd208d7d3e29,success
IU_372,372,conflicting,external_data/IU-Xray/images/IU_372_frontal.jpg,results/baseline/phase17_full/conflicting/IU_372.txt,True,True,True,True,True,True,True,True,440,64,c5bca33179d7f16355889fe5ca2cb49a4fe3d37df6d75788f4abc90db5018e9c,success
IU_372,372,evidentiary_incomplete,external_data/IU-Xray/images/IU_372_frontal.jpg,results/baseline/phase17_full/evidentiary_incomplete/IU_372.txt,True,True,True,True,True,True,True,True,308,51,314ebf6ddb3b4bf9ba8922243702c0a7e9801a30a89ffa1a5e0d12f40d4e0c2f,success
IU_372,372,insufficient,external_data/IU-Xray/images/IU_372_frontal.jpg,results/baseline/phase17_full/insufficient/IU_372.txt,True,True,True,True,True,True,True,True,251,38,0bd3935c35eac2b2e79f7a62fd22a103787ead616cefdc90a155bc7998d4d225,success
IU_372,372,irrelevant,external_data/IU-Xray/images/IU_372_frontal.jpg,results/baseline/phase17_full/irrelevant/IU_372.txt,True,True,True,True,True,True,True,True,294,48,b615c2fbab5f03893ac8bb44d382ad1fd52b7ce8c9c60a5136bc965e5d80ab35,success
IU_372,372,sufficient,external_data/IU-Xray/images/IU_372_frontal.jpg,results/baseline/phase17_full/sufficient/IU_372.txt,True,True,True,True,True,True,True,True,341,53,d4ec2a2b22f996988c64939d4a275fb109dcab47cb58c2ce7da695d4c2baa385,success
IU_372,372,syntactic_incomplete,external_data/IU-Xray/images/IU_372_frontal.jpg,results/baseline/phase17_full/syntactic_incomplete/IU_372.txt,True,True,True,True,True,True,True,True,333,52,8a1b090d9bc7107ce88f0395d8df8199e9dc939899eee34102b62656cd5f287a,success
IU_382,382,conflicting,external_data/IU-Xray/images/IU_382_frontal.jpg,results/baseline/phase17_full/conflicting/IU_382.txt,True,True,True,True,True,True,True,True,296,47,52d604ebbf5e35e6a553d5e2dd445c033bdfebba038647339c4b95bf32704578,success
IU_382,382,evidentiary_incomplete,external_data/IU-Xray/images/IU_382_frontal.jpg,results/baseline/phase17_full/evidentiary_incomplete/IU_382.txt,True,True,True,True,True,True,True,True,335,50,e0e9b64df920e91c7265eea8f27bcf78c9bf91bec9fc0f60092b5f5fdf5730c7,success
IU_382,382,insufficient,external_data/IU-Xray/images/IU_382_frontal.jpg,results/baseline/phase17_full/insufficient/IU_382.txt,True,True,True,True,True,True,True,True,251,38,0bd3935c35eac2b2e79f7a62fd22a103787ead616cefdc90a155bc7998d4d225,success
IU_382,382,irrelevant,external_data/IU-Xray/images/IU_382_frontal.jpg,results/baseline/phase17_full/irrelevant/IU_382.txt,True,True,True,True,True,True,True,True,348,47,23d297dd35b489360fb6793168dbea99739caa5fa608d3490afbbd83e01ebbb5,success
IU_382,382,sufficient,external_data/IU-Xray/images/IU_382_frontal.jpg,results/baseline/phase17_full/sufficient/IU_382.txt,True,True,True,True,True,True,True,True,363,55,db7459a08b77223d119dd64c36343b254d855ca164a1c7168d3a66da540c0a2c,success
IU_382,382,syntactic_incomplete,external_data/IU-Xray/images/IU_382_frontal.jpg,results/baseline/phase17_full/syntactic_incomplete/IU_382.txt,True,True,True,True,True,True,True,True,333,50,46947ad7cc5565c11b0b963cbab1c435a0dfed3786b8b81891b086ced196537f,success
IU_388,388,conflicting,external_data/IU-Xray/images/IU_388_frontal.jpg,results/baseline/phase17_full/conflicting/IU_388.txt,True,True,True,True,True,True,True,True,296,47,52d604ebbf5e35e6a553d5e2dd445c033bdfebba038647339c4b95bf32704578,success
IU_388,388,evidentiary_incomplete,external_data/IU-Xray/images/IU_388_frontal.jpg,results/baseline/phase17_full/evidentiary_incomplete/IU_388.txt,True,True,True,True,True,True,True,True,298,49,62167a6726596c7f170c1b38c5385b31671b670d3050ecf2078c17c299e13dd7,success
IU_388,388,insufficient,external_data/IU-Xray/images/IU_388_frontal.jpg,results/baseline/phase17_full/insufficient/IU_388.txt,True,True,True,True,True,True,True,True,251,38,0bd3935c35eac2b2e79f7a62fd22a103787ead616cefdc90a155bc7998d4d225,success
IU_388,388,irrelevant,external_data/IU-Xray/images/IU_388_frontal.jpg,results/baseline/phase17_full/irrelevant/IU_388.txt,True,True,True,True,True,True,True,True,313,52,12971b2b41c1480e9a997d7174b9545e95e35e5022d03bb6a068263fdec2c6a9,success
IU_388,388,sufficient,external_data/IU-Xray/images/IU_388_frontal.jpg,results/baseline/phase17_full/sufficient/IU_388.txt,True,True,True,True,True,True,True,True,295,46,d841947cefb6d42eb0790b9e281854ccec31c20dc1ec4f02f46b9cc7ff05b25f,success
IU_388,388,syntactic_incomplete,external_data/IU-Xray/images/IU_388_frontal.jpg,results/baseline/phase17_full/syntactic_incomplete/IU_388.txt,True,True,True,True,True,True,True,True,321,48,b483254861814fc907a874b2bf1214d96b590f4a904f51dd32188f8104e855b7,success
IU_400,400,conflicting,external_data/IU-Xray/images/IU_400_frontal.jpg,results/baseline/phase17_full/conflicting/IU_400.txt,True,True,True,True,True,True,True,True,390,57,12be86f568eb834b2ea8a345e53bf521fb709964264a399333be60b236ebaf46,success
IU_400,400,evidentiary_incomplete,external_data/IU-Xray/images/IU_400_frontal.jpg,results/baseline/phase17_full/evidentiary_incomplete/IU_400.txt,True,True,True,True,True,True,True,True,234,39,62f1cfb043b6190d11bb410f0528f713a9a2b99ac898080b1a7fcc03bd0d4e19,success
IU_400,400,insufficient,external_data/IU-Xray/images/IU_400_frontal.jpg,results/baseline/phase17_full/insufficient/IU_400.txt,True,True,True,True,True,True,True,True,251,38,0bd3935c35eac2b2e79f7a62fd22a103787ead616cefdc90a155bc7998d4d225,success
IU_400,400,irrelevant,external_data/IU-Xray/images/IU_400_frontal.jpg,results/baseline/phase17_full/irrelevant/IU_400.txt,True,True,True,True,True,True,True,True,355,55,357be7d2145cd867ee775952f61137aff74d310cd4ede7617a9b114cf510bb41,success
IU_400,400,sufficient,external_data/IU-Xray/images/IU_400_frontal.jpg,results/baseline/phase17_full/sufficient/IU_400.txt,True,True,True,True,True,True,True,True,279,45,3154fafb0c3b33e82ce2115a68efc7b4127fba0da5782a0472f4c7230401192a,success
IU_400,400,syntactic_incomplete,external_data/IU-Xray/images/IU_400_frontal.jpg,results/baseline/phase17_full/syntactic_incomplete/IU_400.txt,True,True,True,True,True,True,True,True,271,44,6c84478aef3894d4c223596e3ee6adc25ded6ffd1f70d3a45fcc4c0da5c52b09,success
IU_417,417,conflicting,external_data/IU-Xray/images/IU_417_frontal.jpg,results/baseline/phase17_full/conflicting/IU_417.txt,True,True,True,True,True,True,True,True,390,57,12be86f568eb834b2ea8a345e53bf521fb709964264a399333be60b236ebaf46,success
IU_417,417,evidentiary_incomplete,external_data/IU-Xray/images/IU_417_frontal.jpg,results/baseline/phase17_full/evidentiary_incomplete/IU_417.txt,True,True,True,True,True,True,True,True,446,67,9ea0a02b025432fdd2c5365b9428fca642c1ac5b289e0f39e393cf261441d2d7,success
IU_417,417,insufficient,external_data/IU-Xray/images/IU_417_frontal.jpg,results/baseline/phase17_full/insufficient/IU_417.txt,True,True,True,True,True,True,True,True,251,38,0bd3935c35eac2b2e79f7a62fd22a103787ead616cefdc90a155bc7998d4d225,success
IU_417,417,irrelevant,external_data/IU-Xray/images/IU_417_frontal.jpg,results/baseline/phase17_full/irrelevant/IU_417.txt,True,True,True,True,True,True,True,True,340,53,a4c8535282748c58ab9dfe750d1164f32df5c7e59d8770e2622f8b398ccde6ed,success
IU_417,417,sufficient,external_data/IU-Xray/images/IU_417_frontal.jpg,results/baseline/phase17_full/sufficient/IU_417.txt,True,True,True,True,True,True,True,True,429,71,5e54007dab426ddec495910abb0ddb58691834bbe8385e0602896a5ee1a22a3f,success
IU_417,417,syntactic_incomplete,external_data/IU-Xray/images/IU_417_frontal.jpg,results/baseline/phase17_full/syntactic_incomplete/IU_417.txt,True,True,True,True,True,True,True,True,415,66,ba49ee9d764ca1a0fea517dbb49718cff0ec03c9ec2d91d84fa0ae657bd84f3d,success
IU_437,437,conflicting,external_data/IU-Xray/images/IU_437_frontal.jpg,results/baseline/phase17_full/conflicting/IU_437.txt,True,True,True,True,True,True,True,True,296,47,4ad1df7cde68984c678692050cdb78a4dae5b77802668ef93bd61ae0bc055b4e,success
IU_437,437,evidentiary_incomplete,external_data/IU-Xray/images/IU_437_frontal.jpg,results/baseline/phase17_full/evidentiary_incomplete/IU_437.txt,True,True,True,True,True,True,True,True,339,55,f857f7b89b1f5e97eaa0cfe2fe157605cfeff2517af776255cbbd63070014651,success
IU_437,437,insufficient,external_data/IU-Xray/images/IU_437_frontal.jpg,results/baseline/phase17_full/insufficient/IU_437.txt,True,True,True,True,True,True,True,True,266,42,b98ca3aa4da59cf51bf7ec3f50c0fad63ef4873aa9cdba073d1fb9ba82b26c8b,success
IU_437,437,irrelevant,external_data/IU-Xray/images/IU_437_frontal.jpg,results/baseline/phase17_full/irrelevant/IU_437.txt,True,True,True,True,True,True,True,True,352,55,0f0c47fdbdcec297a211d268b395e659de0f014d78454b03b205f718802c8674,success
IU_437,437,sufficient,external_data/IU-Xray/images/IU_437_frontal.jpg,results/baseline/phase17_full/sufficient/IU_437.txt,True,True,True,True,True,True,True,True,454,68,51bcff019438bd39d8def5815df672d4030ba98d1690833683f8dfda6dcd572c,success
IU_437,437,syntactic_incomplete,external_data/IU-Xray/images/IU_437_frontal.jpg,results/baseline/phase17_full/syntactic_incomplete/IU_437.txt,True,True,True,True,True,True,True,True,367,59,2aa6ae352064eabef382acba891aad4a64d91a21d20c7f078d1e345e5c536961,success
IU_44,44,conflicting,external_data/IU-Xray/images/IU_44_frontal.jpg,results/baseline/phase17_full/conflicting/IU_44.txt,True,True,True,True,True,True,True,True,390,57,12be86f568eb834b2ea8a345e53bf521fb709964264a399333be60b236ebaf46,success
IU_44,44,evidentiary_incomplete,external_data/IU-Xray/images/IU_44_frontal.jpg,results/baseline/phase17_full/evidentiary_incomplete/IU_44.txt,True,True,True,True,True,True,True,True,347,56,4fd8405e35f20dd8a3f18eaaec12ae1392ce2368177c882224c08889ab7ef8d1,success
IU_44,44,insufficient,external_data/IU-Xray/images/IU_44_frontal.jpg,results/baseline/phase17_full/insufficient/IU_44.txt,True,True,True,True,True,True,True,True,239,39,57d28b6b97cbf558d36a4bab1c6c59dd4ec5871e186bb2e2947952ee0770eb62,success
IU_44,44,irrelevant,external_data/IU-Xray/images/IU_44_frontal.jpg,results/baseline/phase17_full/irrelevant/IU_44.txt,True,True,True,True,True,True,True,True,374,62,1dff4b03ea1e5492aaaee5e8560ad674d0f631af51a652d4ba548bb500cadf6a,success
IU_44,44,sufficient,external_data/IU-Xray/images/IU_44_frontal.jpg,results/baseline/phase17_full/sufficient/IU_44.txt,True,True,True,True,True,True,True,True,323,55,28217d5a7b6a955fb0a5a67fe24d5f440f812b62f19a5bba50f99c44f0cf56f4,success
IU_44,44,syntactic_incomplete,external_data/IU-Xray/images/IU_44_frontal.jpg,results/baseline/phase17_full/syntactic_incomplete/IU_44.txt,True,True,True,True,True,True,True,True,279,51,6c452161f01a28bf4e95c9e89c89b6e56dcd0ef3524121ae98f48a34afa71846,success
IU_451,451,conflicting,external_data/IU-Xray/images/IU_451_frontal.jpg,results/baseline/phase17_full/conflicting/IU_451.txt,True,True,True,True,True,True,True,True,402,59,e0db2d79f435ed6443d9b1c2969d2598dd7681c02686479b19718381b15d7390,success
IU_451,451,evidentiary_incomplete,external_data/IU-Xray/images/IU_451_frontal.jpg,results/baseline/phase17_full/evidentiary_incomplete/IU_451.txt,True,True,True,True,True,True,True,True,322,47,9a5b41698b12859bb52fd79c66bd33768318c407f6d0d2f5e229cd75ea592cfd,success
IU_451,451,insufficient,external_data/IU-Xray/images/IU_451_frontal.jpg,results/baseline/phase17_full/insufficient/IU_451.txt,True,True,True,True,True,True,True,True,239,39,57d28b6b97cbf558d36a4bab1c6c59dd4ec5871e186bb2e2947952ee0770eb62,success
IU_451,451,irrelevant,external_data/IU-Xray/images/IU_451_frontal.jpg,results/baseline/phase17_full/irrelevant/IU_451.txt,True,True,True,True,True,True,True,True,498,75,b2d5d44a9573d4b9ae9bfb35e4725efeae438fea38c80461a75fdb3cce66cbe9,success
IU_451,451,sufficient,external_data/IU-Xray/images/IU_451_frontal.jpg,results/baseline/phase17_full/sufficient/IU_451.txt,True,True,True,True,True,True,True,True,347,51,6766ace6aff47f01c8f0e429beb59e15d1880bdc452f0e73cff0660d685d9390,success
IU_451,451,syntactic_incomplete,external_data/IU-Xray/images/IU_451_frontal.jpg,results/baseline/phase17_full/syntactic_incomplete/IU_451.txt,True,True,True,True,True,True,True,True,322,49,0f31a9bc2f1f1ffce986824c72e7921f6c1a262aa96199ec7be9655c75bcfd90,success
IU_458,458,conflicting,external_data/IU-Xray/images/IU_458_frontal.jpg,results/baseline/phase17_full/conflicting/IU_458.txt,True,True,True,True,True,True,True,True,393,57,935a900a89db15bf80a7ef9d442f98c284156858cf8adb99a6e97d5197f67182,success
IU_458,458,evidentiary_incomplete,external_data/IU-Xray/images/IU_458_frontal.jpg,results/baseline/phase17_full/evidentiary_incomplete/IU_458.txt,True,True,True,True,True,True,True,True,318,49,72726cb2a7cf55d2df81dbfa8f177422f0db0fe525e7ce8ab8356043ee2173ef,success
IU_458,458,insufficient,external_data/IU-Xray/images/IU_458_frontal.jpg,results/baseline/phase17_full/insufficient/IU_458.txt,True,True,True,True,True,True,True,True,251,38,0bd3935c35eac2b2e79f7a62fd22a103787ead616cefdc90a155bc7998d4d225,success
IU_458,458,irrelevant,external_data/IU-Xray/images/IU_458_frontal.jpg,results/baseline/phase17_full/irrelevant/IU_458.txt,True,True,True,True,True,True,True,True,308,46,50559e46e4ae3f25ecebba00dbe50d9f388da2bf46d480d193a360ed47d0e82c,success
IU_458,458,sufficient,external_data/IU-Xray/images/IU_458_frontal.jpg,results/baseline/phase17_full/sufficient/IU_458.txt,True,True,True,True,True,True,True,True,340,56,00211fec79ca0eeb91ff8dc2bbd17b1bfa14404aec46d5bea69af87ec1b319cf,success
IU_458,458,syntactic_incomplete,external_data/IU-Xray/images/IU_458_frontal.jpg,results/baseline/phase17_full/syntactic_incomplete/IU_458.txt,True,True,True,True,True,True,True,True,412,72,17cc42dd674b33026d415580a5c6ff8a960e178d28884dde58a5830234e6f6f2,success
IU_460,460,conflicting,external_data/IU-Xray/images/IU_460_frontal.jpg,results/baseline/phase17_full/conflicting/IU_460.txt,True,True,True,True,True,True,True,True,307,47,f64904035b58fff3ea1826dd2634daad84d6091694288f3cc25a63425b368257,success
IU_460,460,evidentiary_incomplete,external_data/IU-Xray/images/IU_460_frontal.jpg,results/baseline/phase17_full/evidentiary_incomplete/IU_460.txt,True,True,True,True,True,True,True,True,284,42,0ffbea6b37ee77f3dd9f050a61fb3c4261e8240d18a225de4ba4c9bbc812a119,success
IU_460,460,insufficient,external_data/IU-Xray/images/IU_460_frontal.jpg,results/baseline/phase17_full/insufficient/IU_460.txt,True,True,True,True,True,True,True,True,251,38,0bd3935c35eac2b2e79f7a62fd22a103787ead616cefdc90a155bc7998d4d225,success
IU_460,460,irrelevant,external_data/IU-Xray/images/IU_460_frontal.jpg,results/baseline/phase17_full/irrelevant/IU_460.txt,True,True,True,True,True,True,True,True,361,58,889e240d62652b9d1fe1c98a9fd39070adbc593046500b62173a6c8c3ce4a58c,success
IU_460,460,sufficient,external_data/IU-Xray/images/IU_460_frontal.jpg,results/baseline/phase17_full/sufficient/IU_460.txt,True,True,True,True,True,True,True,True,308,46,50559e46e4ae3f25ecebba00dbe50d9f388da2bf46d480d193a360ed47d0e82c,success
IU_460,460,syntactic_incomplete,external_data/IU-Xray/images/IU_460_frontal.jpg,results/baseline/phase17_full/syntactic_incomplete/IU_460.txt,True,True,True,True,True,True,True,True,288,44,0846d040431da6bd471bd55b11befab77fdeb9b58ebc46f5781755ff30aa9ffc,success
IU_461,461,conflicting,external_data/IU-Xray/images/IU_461_frontal.jpg,results/baseline/phase17_full/conflicting/IU_461.txt,True,True,True,True,True,True,True,True,390,57,12be86f568eb834b2ea8a345e53bf521fb709964264a399333be60b236ebaf46,success
IU_461,461,evidentiary_incomplete,external_data/IU-Xray/images/IU_461_frontal.jpg,results/baseline/phase17_full/evidentiary_incomplete/IU_461.txt,True,True,True,True,True,True,True,True,323,49,fe14a6da49d906a5ca2c7d1b742464210e50ec75c941bfcaae47a2c87871ce52,success
IU_461,461,insufficient,external_data/IU-Xray/images/IU_461_frontal.jpg,results/baseline/phase17_full/insufficient/IU_461.txt,True,True,True,True,True,True,True,True,239,39,57d28b6b97cbf558d36a4bab1c6c59dd4ec5871e186bb2e2947952ee0770eb62,success
IU_461,461,irrelevant,external_data/IU-Xray/images/IU_461_frontal.jpg,results/baseline/phase17_full/irrelevant/IU_461.txt,True,True,True,True,True,True,True,True,293,44,7b9761fbc5d7927059294410447355f569a1269d065452089bed10cd2ddd5785,success
IU_461,461,sufficient,external_data/IU-Xray/images/IU_461_frontal.jpg,results/baseline/phase17_full/sufficient/IU_461.txt,True,True,True,True,True,True,True,True,315,49,defec4c6d54381bdbdf77575f49443bf75a9ca281b4c358a9d4140ff74fb0126,success
IU_461,461,syntactic_incomplete,external_data/IU-Xray/images/IU_461_frontal.jpg,results/baseline/phase17_full/syntactic_incomplete/IU_461.txt,True,True,True,True,True,True,True,True,304,47,b63ad5f63db0a0a72fb996b76ccad82f36441b33d7a21446392e9ef175d9e993,success
IU_463,463,conflicting,external_data/IU-Xray/images/IU_463_frontal.jpg,results/baseline/phase17_full/conflicting/IU_463.txt,True,True,True,True,True,True,True,True,296,47,52d604ebbf5e35e6a553d5e2dd445c033bdfebba038647339c4b95bf32704578,success
IU_463,463,evidentiary_incomplete,external_data/IU-Xray/images/IU_463_frontal.jpg,results/baseline/phase17_full/evidentiary_incomplete/IU_463.txt,True,True,True,True,True,True,True,True,287,43,69d6abceb44ccf88c38998e703cf5fbff651f2e3e1bd1dd5c20a627a641bc985,success
IU_463,463,insufficient,external_data/IU-Xray/images/IU_463_frontal.jpg,results/baseline/phase17_full/insufficient/IU_463.txt,True,True,True,True,True,True,True,True,251,38,0bd3935c35eac2b2e79f7a62fd22a103787ead616cefdc90a155bc7998d4d225,success
IU_463,463,irrelevant,external_data/IU-Xray/images/IU_463_frontal.jpg,results/baseline/phase17_full/irrelevant/IU_463.txt,True,True,True,True,True,True,True,True,362,57,ada7479d6df104d30c63b9a0b2fa0499423bc271df3f487ccc353e898e685266,success
IU_463,463,sufficient,external_data/IU-Xray/images/IU_463_frontal.jpg,results/baseline/phase17_full/sufficient/IU_463.txt,True,True,True,True,True,True,True,True,308,46,10c6196fa4a96644a5e75fb5e20f6ea9afd62788cd80382a50ce8d5e3af62c04,success
IU_463,463,syntactic_incomplete,external_data/IU-Xray/images/IU_463_frontal.jpg,results/baseline/phase17_full/syntactic_incomplete/IU_463.txt,True,True,True,True,True,True,True,True,397,57,ceb00278ad127260c2c2471ef4586461b1ffcc52b1d59239c9cf420df714b5cb,success
IU_475,475,conflicting,external_data/IU-Xray/images/IU_475_frontal.jpg,results/baseline/phase17_full/conflicting/IU_475.txt,True,True,True,True,True,True,True,True,402,59,e0db2d79f435ed6443d9b1c2969d2598dd7681c02686479b19718381b15d7390,success
IU_475,475,evidentiary_incomplete,external_data/IU-Xray/images/IU_475_frontal.jpg,results/baseline/phase17_full/evidentiary_incomplete/IU_475.txt,True,True,True,True,True,True,True,True,321,48,3a32ea6b30ff72babd8ad984c6f66d9e6710f1f916c7d2a5abdce682ca8f38f8,success
IU_475,475,insufficient,external_data/IU-Xray/images/IU_475_frontal.jpg,results/baseline/phase17_full/insufficient/IU_475.txt,True,True,True,True,True,True,True,True,239,39,57d28b6b97cbf558d36a4bab1c6c59dd4ec5871e186bb2e2947952ee0770eb62,success
IU_475,475,irrelevant,external_data/IU-Xray/images/IU_475_frontal.jpg,results/baseline/phase17_full/irrelevant/IU_475.txt,True,True,True,True,True,True,True,True,405,60,b4936acac5f2efdc8baa635b853a9ecd36c8fa7bbb20c43f8f87845b7dd741ae,success
IU_475,475,sufficient,external_data/IU-Xray/images/IU_475_frontal.jpg,results/baseline/phase17_full/sufficient/IU_475.txt,True,True,True,True,True,True,True,True,312,51,fca436b3c162d5a2c611135bd47e275dafcb203d2cac13ce1c9e0e603484d284,success
IU_475,475,syntactic_incomplete,external_data/IU-Xray/images/IU_475_frontal.jpg,results/baseline/phase17_full/syntactic_incomplete/IU_475.txt,True,True,True,True,True,True,True,True,385,56,3cfc00c7dd0caba5e32702d1c5e40bf09e21f052a9d941eec92987d8ac3f4ac7,success
IU_486,486,conflicting,external_data/IU-Xray/images/IU_486_frontal.jpg,results/baseline/phase17_full/conflicting/IU_486.txt,True,True,True,True,True,True,True,True,351,53,b8b5621ab7925d297347f4f5130ab30b5dcf2da13fb0460fb80c4b4a06bd3109,success
IU_486,486,evidentiary_incomplete,external_data/IU-Xray/images/IU_486_frontal.jpg,results/baseline/phase17_full/evidentiary_incomplete/IU_486.txt,True,True,True,True,True,True,True,True,340,51,e7f777663ca3b878a296fa0ad399cc41b7bcb80708145df4ca52ec242e41d952,success
IU_486,486,insufficient,external_data/IU-Xray/images/IU_486_frontal.jpg,results/baseline/phase17_full/insufficient/IU_486.txt,True,True,True,True,True,True,True,True,251,38,0bd3935c35eac2b2e79f7a62fd22a103787ead616cefdc90a155bc7998d4d225,success
IU_486,486,irrelevant,external_data/IU-Xray/images/IU_486_frontal.jpg,results/baseline/phase17_full/irrelevant/IU_486.txt,True,True,True,True,True,True,True,True,485,74,10b0856a7a41a7f82b7eb9f14c9efc4584e0d29d19d5908076f8733022155f21,success
IU_486,486,sufficient,external_data/IU-Xray/images/IU_486_frontal.jpg,results/baseline/phase17_full/sufficient/IU_486.txt,True,True,True,True,True,True,True,True,302,47,6824d172c8f7a1b32698a2219f69a39c36fbddc5b450ae105ea9f59f8f4f559d,success
IU_486,486,syntactic_incomplete,external_data/IU-Xray/images/IU_486_frontal.jpg,results/baseline/phase17_full/syntactic_incomplete/IU_486.txt,True,True,True,True,True,True,True,True,305,46,5e4f829f3ceb7cee3a737acbd567b0c7d0be0f7ff9cfc42a535236454e0937ad,success
IU_49,49,conflicting,external_data/IU-Xray/images/IU_49_frontal.jpg,results/baseline/phase17_full/conflicting/IU_49.txt,True,True,True,True,True,True,True,True,390,57,12be86f568eb834b2ea8a345e53bf521fb709964264a399333be60b236ebaf46,success
IU_49,49,evidentiary_incomplete,external_data/IU-Xray/images/IU_49_frontal.jpg,results/baseline/phase17_full/evidentiary_incomplete/IU_49.txt,True,True,True,True,True,True,True,True,343,52,cacadaa562fafc3596bba68a3769cf5c4814340917d1eba40057b25242b713df,success
IU_49,49,insufficient,external_data/IU-Xray/images/IU_49_frontal.jpg,results/baseline/phase17_full/insufficient/IU_49.txt,True,True,True,True,True,True,True,True,251,38,0bd3935c35eac2b2e79f7a62fd22a103787ead616cefdc90a155bc7998d4d225,success
IU_49,49,irrelevant,external_data/IU-Xray/images/IU_49_frontal.jpg,results/baseline/phase17_full/irrelevant/IU_49.txt,True,True,True,True,True,True,True,True,431,60,05f3ace7d0e233928b77e5359712c8b82c3970bc8b41bd2b4836b4e73bf5d41b,success
IU_49,49,sufficient,external_data/IU-Xray/images/IU_49_frontal.jpg,results/baseline/phase17_full/sufficient/IU_49.txt,True,True,True,True,True,True,True,True,412,62,7d0808e6b4bc89b59fec261f828f1dabcd9a6ee0be276e01d54433666b236408,success
IU_49,49,syntactic_incomplete,external_data/IU-Xray/images/IU_49_frontal.jpg,results/baseline/phase17_full/syntactic_incomplete/IU_49.txt,True,True,True,True,True,True,True,True,282,48,60629d010bf1ac1f211afdf39eee268a5f81ffbdbca8f8bf3e99c7b4675db5d4,success
IU_493,493,conflicting,external_data/IU-Xray/images/IU_493_frontal.jpg,results/baseline/phase17_full/conflicting/IU_493.txt,True,True,True,True,True,True,True,True,286,48,96bba3dbd350d13526958c1722af503861bc9df0b452fa5a95daf8d932331159,success
IU_493,493,evidentiary_incomplete,external_data/IU-Xray/images/IU_493_frontal.jpg,results/baseline/phase17_full/evidentiary_incomplete/IU_493.txt,True,True,True,True,True,True,True,True,363,52,bd41ad9e04b5aa1b333385e6660db9d196455c9e144576b3d9326c5f8a51c7b7,success
IU_493,493,insufficient,external_data/IU-Xray/images/IU_493_frontal.jpg,results/baseline/phase17_full/insufficient/IU_493.txt,True,True,True,True,True,True,True,True,251,38,0bd3935c35eac2b2e79f7a62fd22a103787ead616cefdc90a155bc7998d4d225,success
IU_493,493,irrelevant,external_data/IU-Xray/images/IU_493_frontal.jpg,results/baseline/phase17_full/irrelevant/IU_493.txt,True,True,True,True,True,True,True,True,329,55,801274345cc09af70b3962f0f8296b4151e0cee94a611e836f00264b79b8bf10,success
IU_493,493,sufficient,external_data/IU-Xray/images/IU_493_frontal.jpg,results/baseline/phase17_full/sufficient/IU_493.txt,True,True,True,True,True,True,True,True,405,59,7b09f4e1ce7d5a1abc6d293d085b21ff2c42667c0f3fd360823f80091c9be2b6,success
IU_493,493,syntactic_incomplete,external_data/IU-Xray/images/IU_493_frontal.jpg,results/baseline/phase17_full/syntactic_incomplete/IU_493.txt,True,True,True,True,True,True,True,True,440,63,33d0cd374e194e4d3f3c7f19fb33b30be1de42dc2f47a8643a7d2e6ad81ca3b0,success
IU_494,494,conflicting,external_data/IU-Xray/images/IU_494_frontal.jpg,results/baseline/phase17_full/conflicting/IU_494.txt,True,True,True,True,True,True,True,True,390,57,12be86f568eb834b2ea8a345e53bf521fb709964264a399333be60b236ebaf46,success
IU_494,494,evidentiary_incomplete,external_data/IU-Xray/images/IU_494_frontal.jpg,results/baseline/phase17_full/evidentiary_incomplete/IU_494.txt,True,True,True,True,True,True,True,True,350,53,264b74ecc8939e32ce9651b97ecc8265c6725b29673404e8ec923271566970e8,success
IU_494,494,insufficient,external_data/IU-Xray/images/IU_494_frontal.jpg,results/baseline/phase17_full/insufficient/IU_494.txt,True,True,True,True,True,True,True,True,251,38,0bd3935c35eac2b2e79f7a62fd22a103787ead616cefdc90a155bc7998d4d225,success
IU_494,494,irrelevant,external_data/IU-Xray/images/IU_494_frontal.jpg,results/baseline/phase17_full/irrelevant/IU_494.txt,True,True,True,True,True,True,True,True,315,49,defec4c6d54381bdbdf77575f49443bf75a9ca281b4c358a9d4140ff74fb0126,success
IU_494,494,sufficient,external_data/IU-Xray/images/IU_494_frontal.jpg,results/baseline/phase17_full/sufficient/IU_494.txt,True,True,True,True,True,True,True,True,331,52,66f54b3309e41c8d64e23cbf0036e50bcc3a3489bd52ac91907f57a0fad5674b,success
IU_494,494,syntactic_incomplete,external_data/IU-Xray/images/IU_494_frontal.jpg,results/baseline/phase17_full/syntactic_incomplete/IU_494.txt,True,True,True,True,True,True,True,True,408,59,bf7b7f1929a7184ab94c7012178ece7015269c19b79ead346a110432bdb05ed9,success
IU_498,498,conflicting,external_data/IU-Xray/images/IU_498_frontal.jpg,results/baseline/phase17_full/conflicting/IU_498.txt,True,True,True,True,True,True,True,True,390,57,12be86f568eb834b2ea8a345e53bf521fb709964264a399333be60b236ebaf46,success
IU_498,498,evidentiary_incomplete,external_data/IU-Xray/images/IU_498_frontal.jpg,results/baseline/phase17_full/evidentiary_incomplete/IU_498.txt,True,True,True,True,True,True,True,True,319,53,06ad4f0f05cff1e3adc5fec2e60e00e42789890ac203dfc9337f259e95392b30,success
IU_498,498,insufficient,external_data/IU-Xray/images/IU_498_frontal.jpg,results/baseline/phase17_full/insufficient/IU_498.txt,True,True,True,True,True,True,True,True,237,34,d775b6d6e7cd88b5075e9e46b18d27e1c7000e65517e054286f567ce18d8de41,success
IU_498,498,irrelevant,external_data/IU-Xray/images/IU_498_frontal.jpg,results/baseline/phase17_full/irrelevant/IU_498.txt,True,True,True,True,True,True,True,True,333,55,f85ba4774db450fbfc446641c0e1f35bf7488f48f8d975e299c66e9d98e7c4a9,success
IU_498,498,sufficient,external_data/IU-Xray/images/IU_498_frontal.jpg,results/baseline/phase17_full/sufficient/IU_498.txt,True,True,True,True,True,True,True,True,348,54,e61442479822184bd47b7b424b7975d92a6d902107c996c19016eb0681ffb6aa,success
IU_498,498,syntactic_incomplete,external_data/IU-Xray/images/IU_498_frontal.jpg,results/baseline/phase17_full/syntactic_incomplete/IU_498.txt,True,True,True,True,True,True,True,True,280,48,0363bd5839e22ce82fd54c495ee3603ae09b7fb40c025de453193839efcddb33,success
IU_502,502,conflicting,external_data/IU-Xray/images/IU_502_frontal.jpg,results/baseline/phase17_full/conflicting/IU_502.txt,True,True,True,True,True,True,True,True,390,57,12be86f568eb834b2ea8a345e53bf521fb709964264a399333be60b236ebaf46,success
IU_502,502,evidentiary_incomplete,external_data/IU-Xray/images/IU_502_frontal.jpg,results/baseline/phase17_full/evidentiary_incomplete/IU_502.txt,True,True,True,True,True,True,True,True,427,68,cf62742509e98018a067ccc2e708c2759ab2a655beb27061014ba874eb5ed434,success
IU_502,502,insufficient,external_data/IU-Xray/images/IU_502_frontal.jpg,results/baseline/phase17_full/insufficient/IU_502.txt,True,True,True,True,True,True,True,True,251,38,0bd3935c35eac2b2e79f7a62fd22a103787ead616cefdc90a155bc7998d4d225,success
IU_502,502,irrelevant,external_data/IU-Xray/images/IU_502_frontal.jpg,results/baseline/phase17_full/irrelevant/IU_502.txt,True,True,True,True,True,True,True,True,413,58,71da6172bdf7977c03e63d82c83fceaaa7299f2c73c2badb9378b28b80a96702,success
IU_502,502,sufficient,external_data/IU-Xray/images/IU_502_frontal.jpg,results/baseline/phase17_full/sufficient/IU_502.txt,True,True,True,True,True,True,True,True,427,72,e67e0b46f4656954b3f18cd94c43ce1551fe9b37d9124fa323fc73aaa19a8616,success
IU_502,502,syntactic_incomplete,external_data/IU-Xray/images/IU_502_frontal.jpg,results/baseline/phase17_full/syntactic_incomplete/IU_502.txt,True,True,True,True,True,True,True,True,327,52,abebb3fbda594eb1dbeffa35bcbeaabe4d0a9e99844a5261a41a655bbed85bd9,success
IU_519,519,conflicting,external_data/IU-Xray/images/IU_519_frontal.jpg,results/baseline/phase17_full/conflicting/IU_519.txt,True,True,True,True,True,True,True,True,398,58,443c9312c06961b4e79e68c0e9283dbd1a5c748d7f474514e47751975047e026,success
IU_519,519,evidentiary_incomplete,external_data/IU-Xray/images/IU_519_frontal.jpg,results/baseline/phase17_full/evidentiary_incomplete/IU_519.txt,True,True,True,True,True,True,True,True,380,64,56726135215f367667dfb697eba0b8936722a97df3a41d460d4f89d9169b0953,success
IU_519,519,insufficient,external_data/IU-Xray/images/IU_519_frontal.jpg,results/baseline/phase17_full/insufficient/IU_519.txt,True,True,True,True,True,True,True,True,306,46,c1801bbf5ef780a8cf6512d1c73e678572cf48b984cea20470d1b192608a4fd8,success
IU_519,519,irrelevant,external_data/IU-Xray/images/IU_519_frontal.jpg,results/baseline/phase17_full/irrelevant/IU_519.txt,True,True,True,True,True,True,True,True,357,58,9f4d111245517a0b99b0ea8e5a3061440c8d57f9bb53fedeb33b7d5695bc2037,success
IU_519,519,sufficient,external_data/IU-Xray/images/IU_519_frontal.jpg,results/baseline/phase17_full/sufficient/IU_519.txt,True,True,True,True,True,True,True,True,393,69,123c0a58f096acd7bf8aae86352e5d260a99ec74e946e2231c6697ca8c81eba0,success
IU_519,519,syntactic_incomplete,external_data/IU-Xray/images/IU_519_frontal.jpg,results/baseline/phase17_full/syntactic_incomplete/IU_519.txt,True,True,True,True,True,True,True,True,371,65,c7f05077126398a213b3ee9e88af0056177794ff14bcb0afcb10f08d16af6f55,success
IU_527,527,conflicting,external_data/IU-Xray/images/IU_527_frontal.jpg,results/baseline/phase17_full/conflicting/IU_527.txt,True,True,True,True,True,True,True,True,296,47,52d604ebbf5e35e6a553d5e2dd445c033bdfebba038647339c4b95bf32704578,success
IU_527,527,evidentiary_incomplete,external_data/IU-Xray/images/IU_527_frontal.jpg,results/baseline/phase17_full/evidentiary_incomplete/IU_527.txt,True,True,True,True,True,True,True,True,302,48,15a2deb5163619efdbdbebd8fcfabd9f53d3605721b040b649876e8f3266283e,success
IU_527,527,insufficient,external_data/IU-Xray/images/IU_527_frontal.jpg,results/baseline/phase17_full/insufficient/IU_527.txt,True,True,True,True,True,True,True,True,294,45,c6f96a50c880e3f12323686489a4e3f6499dca346d0056b2621cb7881f464e4e,success
IU_527,527,irrelevant,external_data/IU-Xray/images/IU_527_frontal.jpg,results/baseline/phase17_full/irrelevant/IU_527.txt,True,True,True,True,True,True,True,True,312,51,fca436b3c162d5a2c611135bd47e275dafcb203d2cac13ce1c9e0e603484d284,success
IU_527,527,sufficient,external_data/IU-Xray/images/IU_527_frontal.jpg,results/baseline/phase17_full/sufficient/IU_527.txt,True,True,True,True,True,True,True,True,329,55,801274345cc09af70b3962f0f8296b4151e0cee94a611e836f00264b79b8bf10,success
IU_527,527,syntactic_incomplete,external_data/IU-Xray/images/IU_527_frontal.jpg,results/baseline/phase17_full/syntactic_incomplete/IU_527.txt,True,True,True,True,True,True,True,True,294,47,f3747b73d64798914d100db62e405651fcb387f4ece02a43d0de2091cf22466c,success
IU_53,53,conflicting,external_data/IU-Xray/images/IU_53_frontal.jpg,results/baseline/phase17_full/conflicting/IU_53.txt,True,True,True,True,True,True,True,True,344,53,6fff246086f25c55928d76a838cb02fae48fff06bd4e2001e4d4d398d7da54ac,success
IU_53,53,evidentiary_incomplete,external_data/IU-Xray/images/IU_53_frontal.jpg,results/baseline/phase17_full/evidentiary_incomplete/IU_53.txt,True,True,True,True,True,True,True,True,429,70,57ac8cae4a018857f36e0b2b5ca2bf6e2ecb139a5127870ad89be8c8d433e35a,success
IU_53,53,insufficient,external_data/IU-Xray/images/IU_53_frontal.jpg,results/baseline/phase17_full/insufficient/IU_53.txt,True,True,True,True,True,True,True,True,301,49,26797314a57a3293831d25f91caf9f13bd4b933507783bd82154c4c8f4e0316e,success
IU_53,53,irrelevant,external_data/IU-Xray/images/IU_53_frontal.jpg,results/baseline/phase17_full/irrelevant/IU_53.txt,True,True,True,True,True,True,True,True,460,70,ea211cc392f4859dc96780a77be962b152905839391b7331d0fd2e183ceffb69,success
IU_53,53,sufficient,external_data/IU-Xray/images/IU_53_frontal.jpg,results/baseline/phase17_full/sufficient/IU_53.txt,True,True,True,True,True,True,True,True,336,52,a0e6409735e764e22319c7524a140bec1245f3d229c1712a9f2be5d31f829e87,success
IU_53,53,syntactic_incomplete,external_data/IU-Xray/images/IU_53_frontal.jpg,results/baseline/phase17_full/syntactic_incomplete/IU_53.txt,True,True,True,True,True,True,True,True,335,52,0055089e1b813ad97c1ec77a242745c54466344427dbe8a88b1478a661c128f4,success
IU_551,551,conflicting,external_data/IU-Xray/images/IU_551_frontal.jpg,results/baseline/phase17_full/conflicting/IU_551.txt,True,True,True,True,True,True,True,True,373,52,cf5e7879b34182bf78b82a74d8db0a94c607802bf51ebda889298da38916338f,success
IU_551,551,evidentiary_incomplete,external_data/IU-Xray/images/IU_551_frontal.jpg,results/baseline/phase17_full/evidentiary_incomplete/IU_551.txt,True,True,True,True,True,True,True,True,326,50,1bcccb6efb03131b1ff327cfb4913c987a856d071e3a728b5023c4f5dda0b7a1,success
IU_551,551,insufficient,external_data/IU-Xray/images/IU_551_frontal.jpg,results/baseline/phase17_full/insufficient/IU_551.txt,True,True,True,True,True,True,True,True,307,46,7c7ad373fcc73ee714240bee82f25d3d36a93169adef01b0f4367944b024e791,success
IU_551,551,irrelevant,external_data/IU-Xray/images/IU_551_frontal.jpg,results/baseline/phase17_full/irrelevant/IU_551.txt,True,True,True,True,True,True,True,True,375,57,46d562ebbe66b04d6daa9f9c0d7afaa36c454ba0d7c436f84916bc3102cd5df6,success
IU_551,551,sufficient,external_data/IU-Xray/images/IU_551_frontal.jpg,results/baseline/phase17_full/sufficient/IU_551.txt,True,True,True,True,True,True,True,True,430,67,4bfeca6ee2fd42d08edbe368963935b078ebfe47ffef2908ff39435d3cc58a20,success
IU_551,551,syntactic_incomplete,external_data/IU-Xray/images/IU_551_frontal.jpg,results/baseline/phase17_full/syntactic_incomplete/IU_551.txt,True,True,True,True,True,True,True,True,265,43,cb0bee660ece597e59300c14bcda422d78a37c8bec4834e5a6cf4e0ae4e34026,success
IU_567,567,conflicting,external_data/IU-Xray/images/IU_567_frontal.jpg,results/baseline/phase17_full/conflicting/IU_567.txt,True,True,True,True,True,True,True,True,390,57,12be86f568eb834b2ea8a345e53bf521fb709964264a399333be60b236ebaf46,success
IU_567,567,evidentiary_incomplete,external_data/IU-Xray/images/IU_567_frontal.jpg,results/baseline/phase17_full/evidentiary_incomplete/IU_567.txt,True,True,True,True,True,True,True,True,317,47,f12414db90347d7f178d7f50b9334693ca3f806a5d0f2b403a79e0833ec62af0,success
IU_567,567,insufficient,external_data/IU-Xray/images/IU_567_frontal.jpg,results/baseline/phase17_full/insufficient/IU_567.txt,True,True,True,True,True,True,True,True,251,38,0bd3935c35eac2b2e79f7a62fd22a103787ead616cefdc90a155bc7998d4d225,success
IU_567,567,irrelevant,external_data/IU-Xray/images/IU_567_frontal.jpg,results/baseline/phase17_full/irrelevant/IU_567.txt,True,True,True,True,True,True,True,True,336,53,f6b1113890ea6639bd6629086dbda168769d370cf3ba8fac1ff84e383f12ef09,success
IU_567,567,sufficient,external_data/IU-Xray/images/IU_567_frontal.jpg,results/baseline/phase17_full/sufficient/IU_567.txt,True,True,True,True,True,True,True,True,394,57,a877a698b135c28d1644a1a47b7555d24d90f5313cc0270c31b8398572eaf624,success
IU_567,567,syntactic_incomplete,external_data/IU-Xray/images/IU_567_frontal.jpg,results/baseline/phase17_full/syntactic_incomplete/IU_567.txt,True,True,True,True,True,True,True,True,317,48,e18cc6285706c1f1b8018ad9830dd2a24e59428f2bcf95e239b5e0a248edbcd9,success
IU_577,577,conflicting,external_data/IU-Xray/images/IU_577_frontal.jpg,results/baseline/phase17_full/conflicting/IU_577.txt,True,True,True,True,True,True,True,True,390,57,12be86f568eb834b2ea8a345e53bf521fb709964264a399333be60b236ebaf46,success
IU_577,577,evidentiary_incomplete,external_data/IU-Xray/images/IU_577_frontal.jpg,results/baseline/phase17_full/evidentiary_incomplete/IU_577.txt,True,True,True,True,True,True,True,True,380,59,67b0e6aa7f31af56ce2c1cc1ff481123ee101452b8ce8fe85bc8cefeeb0fdc5f,success
IU_577,577,insufficient,external_data/IU-Xray/images/IU_577_frontal.jpg,results/baseline/phase17_full/insufficient/IU_577.txt,True,True,True,True,True,True,True,True,251,38,0bd3935c35eac2b2e79f7a62fd22a103787ead616cefdc90a155bc7998d4d225,success
IU_577,577,irrelevant,external_data/IU-Xray/images/IU_577_frontal.jpg,results/baseline/phase17_full/irrelevant/IU_577.txt,True,True,True,True,True,True,True,True,297,48,8f4c450abe539636e1cc99afadd7d1ad68f6b97e2f9d1620a2c7974e13b76316,success
IU_577,577,sufficient,external_data/IU-Xray/images/IU_577_frontal.jpg,results/baseline/phase17_full/sufficient/IU_577.txt,True,True,True,True,True,True,True,True,484,74,2976d80e1a5bac6bec8bc17e47c2ecbc9a8ee5afc15eba06a112abe7bfefa4f8,success
IU_577,577,syntactic_incomplete,external_data/IU-Xray/images/IU_577_frontal.jpg,results/baseline/phase17_full/syntactic_incomplete/IU_577.txt,True,True,True,True,True,True,True,True,487,75,87027fcdd8ab6119351808fe95e4be557d3fc6f33a9bb08fd6580b651f07d373,success
IU_581,581,conflicting,external_data/IU-Xray/images/IU_581_frontal.jpg,results/baseline/phase17_full/conflicting/IU_581.txt,True,True,True,True,True,True,True,True,402,59,8961d2bb9f26a473d736cfac1e5e1be51728a50d4a0ed9fc2f0017a590e0e480,success
IU_581,581,evidentiary_incomplete,external_data/IU-Xray/images/IU_581_frontal.jpg,results/baseline/phase17_full/evidentiary_incomplete/IU_581.txt,True,True,True,True,True,True,True,True,403,56,16b389a2135a6f7ee83271b7a5aa9f21c46b89fac5285fbadfde158f9edf5a6b,success
IU_581,581,insufficient,external_data/IU-Xray/images/IU_581_frontal.jpg,results/baseline/phase17_full/insufficient/IU_581.txt,True,True,True,True,True,True,True,True,251,38,0bd3935c35eac2b2e79f7a62fd22a103787ead616cefdc90a155bc7998d4d225,success
IU_581,581,irrelevant,external_data/IU-Xray/images/IU_581_frontal.jpg,results/baseline/phase17_full/irrelevant/IU_581.txt,True,True,True,True,True,True,True,True,401,58,2cd9aca4057aac816b68a042f9a061fbaf03b197834f715b51f076083b0f7c86,success
IU_581,581,sufficient,external_data/IU-Xray/images/IU_581_frontal.jpg,results/baseline/phase17_full/sufficient/IU_581.txt,True,True,True,True,True,True,True,True,290,43,bedb27a72dd217bed476505ca9a56865eb12ba1b5dfc9801864d4d5de445a0e4,success
IU_581,581,syntactic_incomplete,external_data/IU-Xray/images/IU_581_frontal.jpg,results/baseline/phase17_full/syntactic_incomplete/IU_581.txt,True,True,True,True,True,True,True,True,293,44,7db82d5212036cd568050a13ca2ef9080be552802bdf2ec40d2fa8962ee291e2,success
IU_585,585,conflicting,external_data/IU-Xray/images/IU_585_frontal.jpg,results/baseline/phase17_full/conflicting/IU_585.txt,True,True,True,True,True,True,True,True,390,57,12be86f568eb834b2ea8a345e53bf521fb709964264a399333be60b236ebaf46,success
IU_585,585,evidentiary_incomplete,external_data/IU-Xray/images/IU_585_frontal.jpg,results/baseline/phase17_full/evidentiary_incomplete/IU_585.txt,True,True,True,True,True,True,True,True,384,60,acaf320426c49610158d137955f5e38c937a44f5fee483893ac032b0fde96afb,success
IU_585,585,insufficient,external_data/IU-Xray/images/IU_585_frontal.jpg,results/baseline/phase17_full/insufficient/IU_585.txt,True,True,True,True,True,True,True,True,251,38,0bd3935c35eac2b2e79f7a62fd22a103787ead616cefdc90a155bc7998d4d225,success
IU_585,585,irrelevant,external_data/IU-Xray/images/IU_585_frontal.jpg,results/baseline/phase17_full/irrelevant/IU_585.txt,True,True,True,True,True,True,True,True,297,48,6b82d1253f4f38be8a54544ea12d499603258e2289eb853bf6563652d19bf96f,success
IU_585,585,sufficient,external_data/IU-Xray/images/IU_585_frontal.jpg,results/baseline/phase17_full/sufficient/IU_585.txt,True,True,True,True,True,True,True,True,407,64,bd160061365218ebe1272bb3a0f715573a3ca3ba86736bfbe939d5933579d500,success
IU_585,585,syntactic_incomplete,external_data/IU-Xray/images/IU_585_frontal.jpg,results/baseline/phase17_full/syntactic_incomplete/IU_585.txt,True,True,True,True,True,True,True,True,364,58,8a316fcd2cee67f4c1b51c09d21fad8a9d24ce1ed33d8e2a71135ca47cb4688e,success
IU_586,586,conflicting,external_data/IU-Xray/images/IU_586_frontal.jpg,results/baseline/phase17_full/conflicting/IU_586.txt,True,True,True,True,True,True,True,True,296,47,52d604ebbf5e35e6a553d5e2dd445c033bdfebba038647339c4b95bf32704578,success
IU_586,586,evidentiary_incomplete,external_data/IU-Xray/images/IU_586_frontal.jpg,results/baseline/phase17_full/evidentiary_incomplete/IU_586.txt,True,True,True,True,True,True,True,True,344,53,896cc243c6dcbda46a7aa6a43092d7a8034fed40984b17e28f6cc8799823660e,success
IU_586,586,insufficient,external_data/IU-Xray/images/IU_586_frontal.jpg,results/baseline/phase17_full/insufficient/IU_586.txt,True,True,True,True,True,True,True,True,262,41,c0d302c66fd36689ddec29b173acd153bfdcef7c6694f025199aab6215fcae7a,success
IU_586,586,irrelevant,external_data/IU-Xray/images/IU_586_frontal.jpg,results/baseline/phase17_full/irrelevant/IU_586.txt,True,True,True,True,True,True,True,True,341,50,ae44272b663bff38e6141edb563d2fcd9a37108506fbf246f27531bc1e9504b0,success
IU_586,586,sufficient,external_data/IU-Xray/images/IU_586_frontal.jpg,results/baseline/phase17_full/sufficient/IU_586.txt,True,True,True,True,True,True,True,True,382,62,910c848ed2446ffe003113d1600461381f0686e66cc4581b829fa930e5b99ea9,success
IU_586,586,syntactic_incomplete,external_data/IU-Xray/images/IU_586_frontal.jpg,results/baseline/phase17_full/syntactic_incomplete/IU_586.txt,True,True,True,True,True,True,True,True,300,52,82b839247e339617f14b3111110a97f886b16d106112c82f4a6db65298098470,success
IU_590,590,conflicting,external_data/IU-Xray/images/IU_590_frontal.jpg,results/baseline/phase17_full/conflicting/IU_590.txt,True,True,True,True,True,True,True,True,390,57,12be86f568eb834b2ea8a345e53bf521fb709964264a399333be60b236ebaf46,success
IU_590,590,evidentiary_incomplete,external_data/IU-Xray/images/IU_590_frontal.jpg,results/baseline/phase17_full/evidentiary_incomplete/IU_590.txt,True,True,True,True,True,True,True,True,291,43,6c14bb226f0908d69f473b67eaf9cb5713e8f4e77be864088bac2e298f866897,success
IU_590,590,insufficient,external_data/IU-Xray/images/IU_590_frontal.jpg,results/baseline/phase17_full/insufficient/IU_590.txt,True,True,True,True,True,True,True,True,251,38,0bd3935c35eac2b2e79f7a62fd22a103787ead616cefdc90a155bc7998d4d225,success
IU_590,590,irrelevant,external_data/IU-Xray/images/IU_590_frontal.jpg,results/baseline/phase17_full/irrelevant/IU_590.txt,True,True,True,True,True,True,True,True,386,53,ba51e3f3c37550b9ab7df9e90b4b424447f028f7f1f5e2e3c5c393a72fe5ef49,success
IU_590,590,sufficient,external_data/IU-Xray/images/IU_590_frontal.jpg,results/baseline/phase17_full/sufficient/IU_590.txt,True,True,True,True,True,True,True,True,341,50,ae44272b663bff38e6141edb563d2fcd9a37108506fbf246f27531bc1e9504b0,success
IU_590,590,syntactic_incomplete,external_data/IU-Xray/images/IU_590_frontal.jpg,results/baseline/phase17_full/syntactic_incomplete/IU_590.txt,True,True,True,True,True,True,True,True,310,46,de6255e67174022989111096f751c6ace24f8a5bc7b0cf3b69c60bb0fa7d7ead,success
IU_594,594,conflicting,external_data/IU-Xray/images/IU_594_frontal.jpg,results/baseline/phase17_full/conflicting/IU_594.txt,True,True,True,True,True,True,True,True,327,52,cafae4e9c06e360ca005414651facc5d74ebeb5132310d0ad9d02158264c59ed,success
IU_594,594,evidentiary_incomplete,external_data/IU-Xray/images/IU_594_frontal.jpg,results/baseline/phase17_full/evidentiary_incomplete/IU_594.txt,True,True,True,True,True,True,True,True,298,41,de75fc90d8913849c4a4404ff1e66e935545186143da96f44688b18e72bd285f,success
IU_594,594,insufficient,external_data/IU-Xray/images/IU_594_frontal.jpg,results/baseline/phase17_full/insufficient/IU_594.txt,True,True,True,True,True,True,True,True,251,38,0bd3935c35eac2b2e79f7a62fd22a103787ead616cefdc90a155bc7998d4d225,success
IU_594,594,irrelevant,external_data/IU-Xray/images/IU_594_frontal.jpg,results/baseline/phase17_full/irrelevant/IU_594.txt,True,True,True,True,True,True,True,True,368,60,dc7867bb364cf16f6696dfc39afbcc6a48e301d6e8145622a047853257005ec5,success
IU_594,594,sufficient,external_data/IU-Xray/images/IU_594_frontal.jpg,results/baseline/phase17_full/sufficient/IU_594.txt,True,True,True,True,True,True,True,True,298,45,77335d649cc623e3d06ff48295238dbc593483363182a7188cd5fd8bf9600770,success
IU_594,594,syntactic_incomplete,external_data/IU-Xray/images/IU_594_frontal.jpg,results/baseline/phase17_full/syntactic_incomplete/IU_594.txt,True,True,True,True,True,True,True,True,432,67,f44df35bd1ccccfe94740ca2bd719f7ce2cc62d9f6d26a6f080231ce6e2d781d,success
IU_595,595,conflicting,external_data/IU-Xray/images/IU_595_frontal.jpg,results/baseline/phase17_full/conflicting/IU_595.txt,True,True,True,True,True,True,True,True,390,57,12be86f568eb834b2ea8a345e53bf521fb709964264a399333be60b236ebaf46,success
IU_595,595,evidentiary_incomplete,external_data/IU-Xray/images/IU_595_frontal.jpg,results/baseline/phase17_full/evidentiary_incomplete/IU_595.txt,True,True,True,True,True,True,True,True,311,51,6c7e2e4b5dc8f1ac3bf81620e9ba857ff02a15ac37bec42b668aab01bee2cf3b,success
IU_595,595,insufficient,external_data/IU-Xray/images/IU_595_frontal.jpg,results/baseline/phase17_full/insufficient/IU_595.txt,True,True,True,True,True,True,True,True,251,38,0bd3935c35eac2b2e79f7a62fd22a103787ead616cefdc90a155bc7998d4d225,success
IU_595,595,irrelevant,external_data/IU-Xray/images/IU_595_frontal.jpg,results/baseline/phase17_full/irrelevant/IU_595.txt,True,True,True,True,True,True,True,True,354,57,78dec93822d2503f3a1893f7fc78442c7375970117c22d2389068a5a6af7275f,success
IU_595,595,sufficient,external_data/IU-Xray/images/IU_595_frontal.jpg,results/baseline/phase17_full/sufficient/IU_595.txt,True,True,True,True,True,True,True,True,344,53,0c49897e0b5d937ad81a5fbf05882b01f73480c209df79f33da0be9448fe332c,success
IU_595,595,syntactic_incomplete,external_data/IU-Xray/images/IU_595_frontal.jpg,results/baseline/phase17_full/syntactic_incomplete/IU_595.txt,True,True,True,True,True,True,True,True,285,46,57251855c99d05240cc23a99dd93f4678be8ea4226afe409be77dd7a8ad67fbf,success
IU_600,600,conflicting,external_data/IU-Xray/images/IU_600_frontal.jpg,results/baseline/phase17_full/conflicting/IU_600.txt,True,True,True,True,True,True,True,True,390,57,12be86f568eb834b2ea8a345e53bf521fb709964264a399333be60b236ebaf46,success
IU_600,600,evidentiary_incomplete,external_data/IU-Xray/images/IU_600_frontal.jpg,results/baseline/phase17_full/evidentiary_incomplete/IU_600.txt,True,True,True,True,True,True,True,True,307,50,c7ac3223d5fad1144f26786f6af64d4c4551ebff0d720d19cc2afaf361a53873,success
IU_600,600,insufficient,external_data/IU-Xray/images/IU_600_frontal.jpg,results/baseline/phase17_full/insufficient/IU_600.txt,True,True,True,True,True,True,True,True,239,39,57d28b6b97cbf558d36a4bab1c6c59dd4ec5871e186bb2e2947952ee0770eb62,success
IU_600,600,irrelevant,external_data/IU-Xray/images/IU_600_frontal.jpg,results/baseline/phase17_full/irrelevant/IU_600.txt,True,True,True,True,True,True,True,True,304,50,7e7eabd03607f1afa75f22c173952e1f01bb5406addaddf9c929b9ffdf1f5049,success
IU_600,600,sufficient,external_data/IU-Xray/images/IU_600_frontal.jpg,results/baseline/phase17_full/sufficient/IU_600.txt,True,True,True,True,True,True,True,True,328,53,89d0621d4de336c7fd06695cd56411cf0806eaed774cd7202c62b0e16ac977de,success
IU_600,600,syntactic_incomplete,external_data/IU-Xray/images/IU_600_frontal.jpg,results/baseline/phase17_full/syntactic_incomplete/IU_600.txt,True,True,True,True,True,True,True,True,319,49,6f05da16cbeed119041694f8b1e39ab92818a7860fa50391381fc300048a0e3a,success
IU_604,604,conflicting,external_data/IU-Xray/images/IU_604_frontal.jpg,results/baseline/phase17_full/conflicting/IU_604.txt,True,True,True,True,True,True,True,True,390,57,12be86f568eb834b2ea8a345e53bf521fb709964264a399333be60b236ebaf46,success
IU_604,604,evidentiary_incomplete,external_data/IU-Xray/images/IU_604_frontal.jpg,results/baseline/phase17_full/evidentiary_incomplete/IU_604.txt,True,True,True,True,True,True,True,True,282,47,1a17b6876d009eb355129623c9c6b4879d8ebafe78e041b7aaefc2bba3bb4e12,success
IU_604,604,insufficient,external_data/IU-Xray/images/IU_604_frontal.jpg,results/baseline/phase17_full/insufficient/IU_604.txt,True,True,True,True,True,True,True,True,251,38,0bd3935c35eac2b2e79f7a62fd22a103787ead616cefdc90a155bc7998d4d225,success
IU_604,604,irrelevant,external_data/IU-Xray/images/IU_604_frontal.jpg,results/baseline/phase17_full/irrelevant/IU_604.txt,True,True,True,True,True,True,True,True,325,50,ec1887fb6fc0b47fbeac6782a0414a7a40019d5ae963a68ae57834de0581beae,success
IU_604,604,sufficient,external_data/IU-Xray/images/IU_604_frontal.jpg,results/baseline/phase17_full/sufficient/IU_604.txt,True,True,True,True,True,True,True,True,338,50,6cb9535bbf7c351e5264978bb91446c841143d3f96664a38b430fea2910c6955,success
IU_604,604,syntactic_incomplete,external_data/IU-Xray/images/IU_604_frontal.jpg,results/baseline/phase17_full/syntactic_incomplete/IU_604.txt,True,True,True,True,True,True,True,True,334,49,34c1d05a4ed1a464b742931a3f8144411444964f38c71d45fb2900bc87f053c0,success
IU_628,628,conflicting,external_data/IU-Xray/images/IU_628_frontal.jpg,results/baseline/phase17_full/conflicting/IU_628.txt,True,True,True,True,True,True,True,True,465,71,fccdb6d5ca25779ead396122e80ec69c0d5ef00f4b87d0f383038f8e9d4cf382,success
IU_628,628,evidentiary_incomplete,external_data/IU-Xray/images/IU_628_frontal.jpg,results/baseline/phase17_full/evidentiary_incomplete/IU_628.txt,True,True,True,True,True,True,True,True,403,64,c2ccfb8d475abb4ec7e9324a5c906d68b6ecaa61df467f564e42c5f2e707b1bc,success
IU_628,628,insufficient,external_data/IU-Xray/images/IU_628_frontal.jpg,results/baseline/phase17_full/insufficient/IU_628.txt,True,True,True,True,True,True,True,True,252,39,755c8f6d8a6e34ff1fd44282db940b9643ae244818754700a41d3f05a3fc19a8,success
IU_628,628,irrelevant,external_data/IU-Xray/images/IU_628_frontal.jpg,results/baseline/phase17_full/irrelevant/IU_628.txt,True,True,True,True,True,True,True,True,356,50,32ba1b0d536c36fc886e6c32c098b0e2bc2c92ebf38095680465fb8af5414742,success
IU_628,628,sufficient,external_data/IU-Xray/images/IU_628_frontal.jpg,results/baseline/phase17_full/sufficient/IU_628.txt,True,True,True,True,True,True,True,True,514,82,166f302d648e72d21c9f0d5e505655588a7f314e040acb5581bd8e6e79bd9d51,success
IU_628,628,syntactic_incomplete,external_data/IU-Xray/images/IU_628_frontal.jpg,results/baseline/phase17_full/syntactic_incomplete/IU_628.txt,True,True,True,True,True,True,True,True,365,57,d2e190d66f46f7e25a3a945313a08977eff1b8f60282496b7f1d279f4f89dd1c,success
IU_633,633,conflicting,external_data/IU-Xray/images/IU_633_frontal.jpg,results/baseline/phase17_full/conflicting/IU_633.txt,True,True,True,True,True,True,True,True,390,57,12be86f568eb834b2ea8a345e53bf521fb709964264a399333be60b236ebaf46,success
IU_633,633,evidentiary_incomplete,external_data/IU-Xray/images/IU_633_frontal.jpg,results/baseline/phase17_full/evidentiary_incomplete/IU_633.txt,True,True,True,True,True,True,True,True,310,48,8647814980d33bbc30cb1789aabc2a662c0c737e54f973ef905bababcf565c6a,success
IU_633,633,insufficient,external_data/IU-Xray/images/IU_633_frontal.jpg,results/baseline/phase17_full/insufficient/IU_633.txt,True,True,True,True,True,True,True,True,251,38,0bd3935c35eac2b2e79f7a62fd22a103787ead616cefdc90a155bc7998d4d225,success
IU_633,633,irrelevant,external_data/IU-Xray/images/IU_633_frontal.jpg,results/baseline/phase17_full/irrelevant/IU_633.txt,True,True,True,True,True,True,True,True,305,49,a4cabcb6b3e0c20ca65f619e37b4f8b0aa6b735bfdd06bbfefe68baca1e1af41,success
IU_633,633,sufficient,external_data/IU-Xray/images/IU_633_frontal.jpg,results/baseline/phase17_full/sufficient/IU_633.txt,True,True,True,True,True,True,True,True,321,50,42012d3e3ea1e04feb32e2170888472b821987744707438496f0e30017882be0,success
IU_633,633,syntactic_incomplete,external_data/IU-Xray/images/IU_633_frontal.jpg,results/baseline/phase17_full/syntactic_incomplete/IU_633.txt,True,True,True,True,True,True,True,True,295,49,8e6dd0bef5a86917a0dd8a4bb5f196d7e9245a3866c82af0a91301a6b914db7e,success
IU_645,645,conflicting,external_data/IU-Xray/images/IU_645_frontal.jpg,results/baseline/phase17_full/conflicting/IU_645.txt,True,True,True,True,True,True,True,True,390,57,12be86f568eb834b2ea8a345e53bf521fb709964264a399333be60b236ebaf46,success
IU_645,645,evidentiary_incomplete,external_data/IU-Xray/images/IU_645_frontal.jpg,results/baseline/phase17_full/evidentiary_incomplete/IU_645.txt,True,True,True,True,True,True,True,True,388,56,97264b846aa01d7755dfcc008631b458f74feee28274e02bd6f2756685b4c811,success
IU_645,645,insufficient,external_data/IU-Xray/images/IU_645_frontal.jpg,results/baseline/phase17_full/insufficient/IU_645.txt,True,True,True,True,True,True,True,True,251,38,0bd3935c35eac2b2e79f7a62fd22a103787ead616cefdc90a155bc7998d4d225,success
IU_645,645,irrelevant,external_data/IU-Xray/images/IU_645_frontal.jpg,results/baseline/phase17_full/irrelevant/IU_645.txt,True,True,True,True,True,True,True,True,421,70,19942ff1eb4aabc9a8d2a1e74be7ad3fd27290b09534afbf6b7449c17554bbeb,success
IU_645,645,sufficient,external_data/IU-Xray/images/IU_645_frontal.jpg,results/baseline/phase17_full/sufficient/IU_645.txt,True,True,True,True,True,True,True,True,312,47,97a799a0fbc94e278bd356d4d64b8352ef982fba32d6cdeb9e47a9d94fad9db0,success
IU_645,645,syntactic_incomplete,external_data/IU-Xray/images/IU_645_frontal.jpg,results/baseline/phase17_full/syntactic_incomplete/IU_645.txt,True,True,True,True,True,True,True,True,336,54,c610ee432ec678e7182b926ab2cdd3f18e5631f185e1eaca5030a22228f44b28,success
IU_653,653,conflicting,external_data/IU-Xray/images/IU_653_frontal.jpg,results/baseline/phase17_full/conflicting/IU_653.txt,True,True,True,True,True,True,True,True,390,57,12be86f568eb834b2ea8a345e53bf521fb709964264a399333be60b236ebaf46,success
IU_653,653,evidentiary_incomplete,external_data/IU-Xray/images/IU_653_frontal.jpg,results/baseline/phase17_full/evidentiary_incomplete/IU_653.txt,True,True,True,True,True,True,True,True,296,47,4c10db9753aecd330c5546e35594f713b70d07a1885a6303f73be771b1fb2003,success
IU_653,653,insufficient,external_data/IU-Xray/images/IU_653_frontal.jpg,results/baseline/phase17_full/insufficient/IU_653.txt,True,True,True,True,True,True,True,True,251,38,0bd3935c35eac2b2e79f7a62fd22a103787ead616cefdc90a155bc7998d4d225,success
IU_653,653,irrelevant,external_data/IU-Xray/images/IU_653_frontal.jpg,results/baseline/phase17_full/irrelevant/IU_653.txt,True,True,True,True,True,True,True,True,358,53,e832744979448e51341be3f00b540f8d851103a481ddedce05a5842901ec62d5,success
IU_653,653,sufficient,external_data/IU-Xray/images/IU_653_frontal.jpg,results/baseline/phase17_full/sufficient/IU_653.txt,True,True,True,True,True,True,True,True,342,51,751e676e6ac872059f8c4af674d5b1348f8f15a0c7d7fd7b011aeafc383f235a,success
IU_653,653,syntactic_incomplete,external_data/IU-Xray/images/IU_653_frontal.jpg,results/baseline/phase17_full/syntactic_incomplete/IU_653.txt,True,True,True,True,True,True,True,True,415,61,09ac7cd5741ddf0040266b273879ad0dd6348613bd9ba01113cda179fc4ba962,success
IU_655,655,conflicting,external_data/IU-Xray/images/IU_655_frontal.jpg,results/baseline/phase17_full/conflicting/IU_655.txt,True,True,True,True,True,True,True,True,390,57,12be86f568eb834b2ea8a345e53bf521fb709964264a399333be60b236ebaf46,success
IU_655,655,evidentiary_incomplete,external_data/IU-Xray/images/IU_655_frontal.jpg,results/baseline/phase17_full/evidentiary_incomplete/IU_655.txt,True,True,True,True,True,True,True,True,319,50,3509af2f071aee3d0f08cdcd78b7bc50c0ac1272831481989459e992e8235dbd,success
IU_655,655,insufficient,external_data/IU-Xray/images/IU_655_frontal.jpg,results/baseline/phase17_full/insufficient/IU_655.txt,True,True,True,True,True,True,True,True,239,39,57d28b6b97cbf558d36a4bab1c6c59dd4ec5871e186bb2e2947952ee0770eb62,success
IU_655,655,irrelevant,external_data/IU-Xray/images/IU_655_frontal.jpg,results/baseline/phase17_full/irrelevant/IU_655.txt,True,True,True,True,True,True,True,True,395,57,cf926afe664d3733ffe31859ab6affd6dc8bba0cf601719be9011c217d611132,success
IU_655,655,sufficient,external_data/IU-Xray/images/IU_655_frontal.jpg,results/baseline/phase17_full/sufficient/IU_655.txt,True,True,True,True,True,True,True,True,331,52,9860d777b7f564291a2fcaad724ad6bf24a3749f8263a34288cec3278b84e222,success
IU_655,655,syntactic_incomplete,external_data/IU-Xray/images/IU_655_frontal.jpg,results/baseline/phase17_full/syntactic_incomplete/IU_655.txt,True,True,True,True,True,True,True,True,298,45,af175c9f53c938a71b6c5188b33cd7f632a92615464806f716cdc4a693ecf1c4,success
IU_66,66,conflicting,external_data/IU-Xray/images/IU_66_frontal.jpg,results/baseline/phase17_full/conflicting/IU_66.txt,True,True,True,True,True,True,True,True,402,58,201b001dc9c85a67d0169f82d4d774d126803280963c75b6602608fe54048f16,success
IU_66,66,evidentiary_incomplete,external_data/IU-Xray/images/IU_66_frontal.jpg,results/baseline/phase17_full/evidentiary_incomplete/IU_66.txt,True,True,True,True,True,True,True,True,362,55,572e5e4c52dfb603e442566eef3d24b3e1a4c157be9c69f7ed39823cc550347d,success
IU_66,66,insufficient,external_data/IU-Xray/images/IU_66_frontal.jpg,results/baseline/phase17_full/insufficient/IU_66.txt,True,True,True,True,True,True,True,True,251,38,0bd3935c35eac2b2e79f7a62fd22a103787ead616cefdc90a155bc7998d4d225,success
IU_66,66,irrelevant,external_data/IU-Xray/images/IU_66_frontal.jpg,results/baseline/phase17_full/irrelevant/IU_66.txt,True,True,True,True,True,True,True,True,396,57,c633bb694939779c2960807b174907bb1bf9b1880e823a91cb4d88764c4367ab,success
IU_66,66,sufficient,external_data/IU-Xray/images/IU_66_frontal.jpg,results/baseline/phase17_full/sufficient/IU_66.txt,True,True,True,True,True,True,True,True,397,59,ceb53c858d5ff3eaa727acc816979b72c4e4515aab1e0d098220bd0367798707,success
IU_66,66,syntactic_incomplete,external_data/IU-Xray/images/IU_66_frontal.jpg,results/baseline/phase17_full/syntactic_incomplete/IU_66.txt,True,True,True,True,True,True,True,True,410,61,d5a749af73b5e452ab2ffddd051756e37fe14c8acb9cfca4109963ed294da996,success
IU_67,67,conflicting,external_data/IU-Xray/images/IU_67_frontal.jpg,results/baseline/phase17_full/conflicting/IU_67.txt,True,True,True,True,True,True,True,True,398,60,c661dea345afc8a6e16144760ea5152b134092bc82181c11f7bafdd0ed292b9e,success
IU_67,67,evidentiary_incomplete,external_data/IU-Xray/images/IU_67_frontal.jpg,results/baseline/phase17_full/evidentiary_incomplete/IU_67.txt,True,True,True,True,True,True,True,True,313,48,20985fe156050e625fede8486c6b031e5a608f48ecf896197c0b7bb795321667,success
IU_67,67,insufficient,external_data/IU-Xray/images/IU_67_frontal.jpg,results/baseline/phase17_full/insufficient/IU_67.txt,True,True,True,True,True,True,True,True,251,38,0bd3935c35eac2b2e79f7a62fd22a103787ead616cefdc90a155bc7998d4d225,success
IU_67,67,irrelevant,external_data/IU-Xray/images/IU_67_frontal.jpg,results/baseline/phase17_full/irrelevant/IU_67.txt,True,True,True,True,True,True,True,True,536,80,749946bb19c92b18abb5a8c89f77d0470467a96c986c09b15ef94c7ba669bd87,success
IU_67,67,sufficient,external_data/IU-Xray/images/IU_67_frontal.jpg,results/baseline/phase17_full/sufficient/IU_67.txt,True,True,True,True,True,True,True,True,338,54,57c76175f261a4a9b454b301597af82adba00684bf693d79697d8d2b330f08fc,success
IU_67,67,syntactic_incomplete,external_data/IU-Xray/images/IU_67_frontal.jpg,results/baseline/phase17_full/syntactic_incomplete/IU_67.txt,True,True,True,True,True,True,True,True,294,49,cac9c4632867a9e435cd631f528a67a3ee79e67ee07a45070b089059df42801b,success
IU_688,688,conflicting,external_data/IU-Xray/images/IU_688_frontal.jpg,results/baseline/phase17_full/conflicting/IU_688.txt,True,True,True,True,True,True,True,True,390,57,12be86f568eb834b2ea8a345e53bf521fb709964264a399333be60b236ebaf46,success
IU_688,688,evidentiary_incomplete,external_data/IU-Xray/images/IU_688_frontal.jpg,results/baseline/phase17_full/evidentiary_incomplete/IU_688.txt,True,True,True,True,True,True,True,True,350,54,e997d73a75d8c23e530dc2230b6e3248fd5595faa7e470583dcb3cecfc3e4693,success
IU_688,688,insufficient,external_data/IU-Xray/images/IU_688_frontal.jpg,results/baseline/phase17_full/insufficient/IU_688.txt,True,True,True,True,True,True,True,True,251,38,0bd3935c35eac2b2e79f7a62fd22a103787ead616cefdc90a155bc7998d4d225,success
IU_688,688,irrelevant,external_data/IU-Xray/images/IU_688_frontal.jpg,results/baseline/phase17_full/irrelevant/IU_688.txt,True,True,True,True,True,True,True,True,392,63,40f227284b4dae7e6f025c514c3eec75f84cb62883dcc91501ad9d30eb9c7a65,success
IU_688,688,sufficient,external_data/IU-Xray/images/IU_688_frontal.jpg,results/baseline/phase17_full/sufficient/IU_688.txt,True,True,True,True,True,True,True,True,330,54,d4ab685d777507ba2a74bd0bb9eedf668455bc260521c490e9ee21e52eb24e9c,success
IU_688,688,syntactic_incomplete,external_data/IU-Xray/images/IU_688_frontal.jpg,results/baseline/phase17_full/syntactic_incomplete/IU_688.txt,True,True,True,True,True,True,True,True,306,50,0460dfec0d9bac43b69468866deae2026857d95c6f7d581e18369144ec4df76a,success
IU_702,702,conflicting,external_data/IU-Xray/images/IU_702_frontal.jpg,results/baseline/phase17_full/conflicting/IU_702.txt,True,True,True,True,True,True,True,True,261,43,e34cfe8fb75eaaacf7be982c0d963d48b29e181aa6a38e6a51a2d7a95c4102d4,success
IU_702,702,evidentiary_incomplete,external_data/IU-Xray/images/IU_702_frontal.jpg,results/baseline/phase17_full/evidentiary_incomplete/IU_702.txt,True,True,True,True,True,True,True,True,382,61,c456fd9d9608f7611673bb0a7d296a60666867d5e816d94b80180afe2d577597,success
IU_702,702,insufficient,external_data/IU-Xray/images/IU_702_frontal.jpg,results/baseline/phase17_full/insufficient/IU_702.txt,True,True,True,True,True,True,True,True,262,41,c0d302c66fd36689ddec29b173acd153bfdcef7c6694f025199aab6215fcae7a,success
IU_702,702,irrelevant,external_data/IU-Xray/images/IU_702_frontal.jpg,results/baseline/phase17_full/irrelevant/IU_702.txt,True,True,True,True,True,True,True,True,676,101,bdac357bd9fa93b388e5c8352c5d6f8d30e4a7b9c6f525360ff38a5bb8c2a1e3,success
IU_702,702,sufficient,external_data/IU-Xray/images/IU_702_frontal.jpg,results/baseline/phase17_full/sufficient/IU_702.txt,True,True,True,True,True,True,True,True,416,67,f02cca535d0eab10e21ddaee9fad37075d6062750f12f983de2a4a93bedf1827,success
IU_702,702,syntactic_incomplete,external_data/IU-Xray/images/IU_702_frontal.jpg,results/baseline/phase17_full/syntactic_incomplete/IU_702.txt,True,True,True,True,True,True,True,True,323,52,4481945772131dbd07d303d355afdf65bcacca033495b0773abcae6c3a5403b6,success
IU_729,729,conflicting,external_data/IU-Xray/images/IU_729_frontal.jpg,results/baseline/phase17_full/conflicting/IU_729.txt,True,True,True,True,True,True,True,True,374,54,8da7a24f2fae7475c40fcb204ebadfb51e40196d8c3362701577c298dcf55b7a,success
IU_729,729,evidentiary_incomplete,external_data/IU-Xray/images/IU_729_frontal.jpg,results/baseline/phase17_full/evidentiary_incomplete/IU_729.txt,True,True,True,True,True,True,True,True,345,54,5e00e4631953fc84693a3d0d04e082c91e1b6b6a46f247c6c75846dda06d2499,success
IU_729,729,insufficient,external_data/IU-Xray/images/IU_729_frontal.jpg,results/baseline/phase17_full/insufficient/IU_729.txt,True,True,True,True,True,True,True,True,251,38,0bd3935c35eac2b2e79f7a62fd22a103787ead616cefdc90a155bc7998d4d225,success
IU_729,729,irrelevant,external_data/IU-Xray/images/IU_729_frontal.jpg,results/baseline/phase17_full/irrelevant/IU_729.txt,True,True,True,True,True,True,True,True,405,59,7b09f4e1ce7d5a1abc6d293d085b21ff2c42667c0f3fd360823f80091c9be2b6,success
IU_729,729,sufficient,external_data/IU-Xray/images/IU_729_frontal.jpg,results/baseline/phase17_full/sufficient/IU_729.txt,True,True,True,True,True,True,True,True,271,43,53d7d89e7faabe43f45873187acc079055b6b215ccbc68fc909547f4e68fec9f,success
IU_729,729,syntactic_incomplete,external_data/IU-Xray/images/IU_729_frontal.jpg,results/baseline/phase17_full/syntactic_incomplete/IU_729.txt,True,True,True,True,True,True,True,True,381,62,0ffc9944d226da3a0dc20caf6aa23e41019119a8f04e70686d8685f34f61b92a,success
IU_753,753,conflicting,external_data/IU-Xray/images/IU_753_frontal.jpg,results/baseline/phase17_full/conflicting/IU_753.txt,True,True,True,True,True,True,True,True,390,57,12be86f568eb834b2ea8a345e53bf521fb709964264a399333be60b236ebaf46,success
IU_753,753,evidentiary_incomplete,external_data/IU-Xray/images/IU_753_frontal.jpg,results/baseline/phase17_full/evidentiary_incomplete/IU_753.txt,True,True,True,True,True,True,True,True,352,57,7966cec61228347280f4c4660649377a20947e83a328f62b2e8fc26490bdf3f4,success
IU_753,753,insufficient,external_data/IU-Xray/images/IU_753_frontal.jpg,results/baseline/phase17_full/insufficient/IU_753.txt,True,True,True,True,True,True,True,True,251,38,0bd3935c35eac2b2e79f7a62fd22a103787ead616cefdc90a155bc7998d4d225,success
IU_753,753,irrelevant,external_data/IU-Xray/images/IU_753_frontal.jpg,results/baseline/phase17_full/irrelevant/IU_753.txt,True,True,True,True,True,True,True,True,306,47,9092f1e1de534035309701788d5534328ccca76154e34a132b437efc8ddf5293,success
IU_753,753,sufficient,external_data/IU-Xray/images/IU_753_frontal.jpg,results/baseline/phase17_full/sufficient/IU_753.txt,True,True,True,True,True,True,True,True,366,60,cc4cdbbfc22fe197925a2121648e289d0012b154ce5b3f4f9bbca107c9e145f5,success
IU_753,753,syntactic_incomplete,external_data/IU-Xray/images/IU_753_frontal.jpg,results/baseline/phase17_full/syntactic_incomplete/IU_753.txt,True,True,True,True,True,True,True,True,316,52,8f82e9013ca49e6417cf33e3f83d785417b6019d392ed5844e6b6f56afa721b6,success
IU_772,772,conflicting,external_data/IU-Xray/images/IU_772_frontal.jpg,results/baseline/phase17_full/conflicting/IU_772.txt,True,True,True,True,True,True,True,True,392,62,c38a97afacb06e3a81af68d05b68bbf6bd08d8125cc13f457ca00d36dd521141,success
IU_772,772,evidentiary_incomplete,external_data/IU-Xray/images/IU_772_frontal.jpg,results/baseline/phase17_full/evidentiary_incomplete/IU_772.txt,True,True,True,True,True,True,True,True,443,71,c9b8d238ab388d4f38ee43b0297aa8c9db81d58c831a039c44a367aab0568412,success
IU_772,772,insufficient,external_data/IU-Xray/images/IU_772_frontal.jpg,results/baseline/phase17_full/insufficient/IU_772.txt,True,True,True,True,True,True,True,True,362,57,4d4ca78d11a9dfa6e2313b865bcb5ff15fcc71dd4d2681f604a70e7ec092024b,success
IU_772,772,irrelevant,external_data/IU-Xray/images/IU_772_frontal.jpg,results/baseline/phase17_full/irrelevant/IU_772.txt,True,True,True,True,True,True,True,True,464,64,b8679595e9304013b8e8a155aaa87c4736979a6ea68340dc67d05bbb8a338165,success
IU_772,772,sufficient,external_data/IU-Xray/images/IU_772_frontal.jpg,results/baseline/phase17_full/sufficient/IU_772.txt,True,True,True,True,True,True,True,True,465,76,8b61b24cb929c2533e7c12f32eded70441439631f60064ac6c017852fb174145,success
IU_772,772,syntactic_incomplete,external_data/IU-Xray/images/IU_772_frontal.jpg,results/baseline/phase17_full/syntactic_incomplete/IU_772.txt,True,True,True,True,True,True,True,True,479,78,f0897a78227effd6deb298e5573e7639bf75c2680d5e973f6de9b96d21e2592c,success
IU_782,782,conflicting,external_data/IU-Xray/images/IU_782_frontal.jpg,results/baseline/phase17_full/conflicting/IU_782.txt,True,True,True,True,True,True,True,True,402,59,8961d2bb9f26a473d736cfac1e5e1be51728a50d4a0ed9fc2f0017a590e0e480,success
IU_782,782,evidentiary_incomplete,external_data/IU-Xray/images/IU_782_frontal.jpg,results/baseline/phase17_full/evidentiary_incomplete/IU_782.txt,True,True,True,True,True,True,True,True,321,48,0cc48320088731ba66960d6eac9c27f4d0e94d224925ce5148afc2b49e36aa54,success
IU_782,782,insufficient,external_data/IU-Xray/images/IU_782_frontal.jpg,results/baseline/phase17_full/insufficient/IU_782.txt,True,True,True,True,True,True,True,True,251,38,0bd3935c35eac2b2e79f7a62fd22a103787ead616cefdc90a155bc7998d4d225,success
IU_782,782,irrelevant,external_data/IU-Xray/images/IU_782_frontal.jpg,results/baseline/phase17_full/irrelevant/IU_782.txt,True,True,True,True,True,True,True,True,353,57,5181da25683f05040f25bffa51b2d5f03854c587e1b6253af35bcccf8d5c77c5,success
IU_782,782,sufficient,external_data/IU-Xray/images/IU_782_frontal.jpg,results/baseline/phase17_full/sufficient/IU_782.txt,True,True,True,True,True,True,True,True,290,44,8f96d8a2ccccd46747b55ed16bafacbdb01f65c067682cf4871f013fd2190938,success
IU_782,782,syntactic_incomplete,external_data/IU-Xray/images/IU_782_frontal.jpg,results/baseline/phase17_full/syntactic_incomplete/IU_782.txt,True,True,True,True,True,True,True,True,295,44,0efae637b33432f32447fa967b9457a9382c18778bbba210fb1470c9b55a209b,success
IU_783,783,conflicting,external_data/IU-Xray/images/IU_783_frontal.jpg,results/baseline/phase17_full/conflicting/IU_783.txt,True,True,True,True,True,True,True,True,393,57,935a900a89db15bf80a7ef9d442f98c284156858cf8adb99a6e97d5197f67182,success
IU_783,783,evidentiary_incomplete,external_data/IU-Xray/images/IU_783_frontal.jpg,results/baseline/phase17_full/evidentiary_incomplete/IU_783.txt,True,True,True,True,True,True,True,True,300,45,3a08e191e3a0b4533e42b24f590cae5823c66115e356c5dd4d27dc3982a5f0b7,success
IU_783,783,insufficient,external_data/IU-Xray/images/IU_783_frontal.jpg,results/baseline/phase17_full/insufficient/IU_783.txt,True,True,True,True,True,True,True,True,251,38,0bd3935c35eac2b2e79f7a62fd22a103787ead616cefdc90a155bc7998d4d225,success
IU_783,783,irrelevant,external_data/IU-Xray/images/IU_783_frontal.jpg,results/baseline/phase17_full/irrelevant/IU_783.txt,True,True,True,True,True,True,True,True,397,59,ceb53c858d5ff3eaa727acc816979b72c4e4515aab1e0d098220bd0367798707,success
IU_783,783,sufficient,external_data/IU-Xray/images/IU_783_frontal.jpg,results/baseline/phase17_full/sufficient/IU_783.txt,True,True,True,True,True,True,True,True,371,60,d6fca24058bbc5043f6496e355857321466c916f17d4819126447a221ba4087f,success
IU_783,783,syntactic_incomplete,external_data/IU-Xray/images/IU_783_frontal.jpg,results/baseline/phase17_full/syntactic_incomplete/IU_783.txt,True,True,True,True,True,True,True,True,305,50,ca426d8992e5f824967e1af53e47982b4937e05f985a819d07ac62769482313c,success
IU_784,784,conflicting,external_data/IU-Xray/images/IU_784_frontal.jpg,results/baseline/phase17_full/conflicting/IU_784.txt,True,True,True,True,True,True,True,True,322,53,8f99b233bc3a12aec776c07c485812e795210e89a5c72ea9f788a6c22f805016,success
IU_784,784,evidentiary_incomplete,external_data/IU-Xray/images/IU_784_frontal.jpg,results/baseline/phase17_full/evidentiary_incomplete/IU_784.txt,True,True,True,True,True,True,True,True,337,51,4e1109d64c0a3a21dc963fc020f2811856c77b7f6c8df79aa2f3e168c51033a6,success
IU_784,784,insufficient,external_data/IU-Xray/images/IU_784_frontal.jpg,results/baseline/phase17_full/insufficient/IU_784.txt,True,True,True,True,True,True,True,True,251,38,0bd3935c35eac2b2e79f7a62fd22a103787ead616cefdc90a155bc7998d4d225,success
IU_784,784,irrelevant,external_data/IU-Xray/images/IU_784_frontal.jpg,results/baseline/phase17_full/irrelevant/IU_784.txt,True,True,True,True,True,True,True,True,360,54,e4b9f93554de17999b0eb6efcd591b211e4fe7934e8d2a97b86ee82acbda6179,success
IU_784,784,sufficient,external_data/IU-Xray/images/IU_784_frontal.jpg,results/baseline/phase17_full/sufficient/IU_784.txt,True,True,True,True,True,True,True,True,373,55,ed5b4e836391afdc825d9ea23f937f58234f1567e539074f0f41529467e62089,success
IU_784,784,syntactic_incomplete,external_data/IU-Xray/images/IU_784_frontal.jpg,results/baseline/phase17_full/syntactic_incomplete/IU_784.txt,True,True,True,True,True,True,True,True,319,51,b056f9ed246ef4207d4dac9acea6a5ea0355f6b68cac440c529a7319d3683194,success
IU_793,793,conflicting,external_data/IU-Xray/images/IU_793_frontal.jpg,results/baseline/phase17_full/conflicting/IU_793.txt,True,True,True,True,True,True,True,True,390,57,12be86f568eb834b2ea8a345e53bf521fb709964264a399333be60b236ebaf46,success
IU_793,793,evidentiary_incomplete,external_data/IU-Xray/images/IU_793_frontal.jpg,results/baseline/phase17_full/evidentiary_incomplete/IU_793.txt,True,True,True,True,True,True,True,True,413,58,b3dab8ea0b35afe8918da557ed9d40a3b180a7d92430afb78104fbcebb30f005,success
IU_793,793,insufficient,external_data/IU-Xray/images/IU_793_frontal.jpg,results/baseline/phase17_full/insufficient/IU_793.txt,True,True,True,True,True,True,True,True,251,38,0bd3935c35eac2b2e79f7a62fd22a103787ead616cefdc90a155bc7998d4d225,success
IU_793,793,irrelevant,external_data/IU-Xray/images/IU_793_frontal.jpg,results/baseline/phase17_full/irrelevant/IU_793.txt,True,True,True,True,True,True,True,True,408,63,1d0ce69eb5b0a32a6c6b95e1991fabf812effc86a78033bbfff2e969216160d0,success
IU_793,793,sufficient,external_data/IU-Xray/images/IU_793_frontal.jpg,results/baseline/phase17_full/sufficient/IU_793.txt,True,True,True,True,True,True,True,True,327,48,c088f0040c38f1a8e6004753ea66290dd863a348897624493213f13cf81809d8,success
IU_793,793,syntactic_incomplete,external_data/IU-Xray/images/IU_793_frontal.jpg,results/baseline/phase17_full/syntactic_incomplete/IU_793.txt,True,True,True,True,True,True,True,True,388,56,ed55659e3445c9a0c5745f58454d5c0188444b6622bdaf5b9f75c7d480b4e7cd,success
IU_806,806,conflicting,external_data/IU-Xray/images/IU_806_frontal.jpg,results/baseline/phase17_full/conflicting/IU_806.txt,True,True,True,True,True,True,True,True,320,48,d273c0b4e138cc3008c13d99421fb37bd497c68bfc1fa88f3ed9ba6a01228bbe,success
IU_806,806,evidentiary_incomplete,external_data/IU-Xray/images/IU_806_frontal.jpg,results/baseline/phase17_full/evidentiary_incomplete/IU_806.txt,True,True,True,True,True,True,True,True,391,57,d3ee9eefe6648aec2aff08284cfbc488cb23b5366f791e65eb8db88463547550,success
IU_806,806,insufficient,external_data/IU-Xray/images/IU_806_frontal.jpg,results/baseline/phase17_full/insufficient/IU_806.txt,True,True,True,True,True,True,True,True,251,38,0bd3935c35eac2b2e79f7a62fd22a103787ead616cefdc90a155bc7998d4d225,success
IU_806,806,irrelevant,external_data/IU-Xray/images/IU_806_frontal.jpg,results/baseline/phase17_full/irrelevant/IU_806.txt,True,True,True,True,True,True,True,True,360,54,09dab443bc88754d303828d13e9ad85ac45c4347e586ff22b45bbd7a9f781664,success
IU_806,806,sufficient,external_data/IU-Xray/images/IU_806_frontal.jpg,results/baseline/phase17_full/sufficient/IU_806.txt,True,True,True,True,True,True,True,True,364,50,ec148a4d984b9f4fae5e8ffa100bebd8fb740299333a6d5ff0686e90a565f1f4,success
IU_806,806,syntactic_incomplete,external_data/IU-Xray/images/IU_806_frontal.jpg,results/baseline/phase17_full/syntactic_incomplete/IU_806.txt,True,True,True,True,True,True,True,True,389,57,30edbe5c1bb7fabecbd12ce7ffd53867cda7c4373f85fa2aa39dd4e1bead3773,success
IU_814,814,conflicting,external_data/IU-Xray/images/IU_814_frontal.jpg,results/baseline/phase17_full/conflicting/IU_814.txt,True,True,True,True,True,True,True,True,374,54,8da7a24f2fae7475c40fcb204ebadfb51e40196d8c3362701577c298dcf55b7a,success
IU_814,814,evidentiary_incomplete,external_data/IU-Xray/images/IU_814_frontal.jpg,results/baseline/phase17_full/evidentiary_incomplete/IU_814.txt,True,True,True,True,True,True,True,True,345,49,8ffbe463596a264775be90d52f85d760bfb6a31d0c8387dc68ab3928ba0f3b72,success
IU_814,814,insufficient,external_data/IU-Xray/images/IU_814_frontal.jpg,results/baseline/phase17_full/insufficient/IU_814.txt,True,True,True,True,True,True,True,True,251,38,0bd3935c35eac2b2e79f7a62fd22a103787ead616cefdc90a155bc7998d4d225,success
IU_814,814,irrelevant,external_data/IU-Xray/images/IU_814_frontal.jpg,results/baseline/phase17_full/irrelevant/IU_814.txt,True,True,True,True,True,True,True,True,441,64,f24248fa0243665871ae402d1fc31482907340deb09d15b940a4894cf9cc74e7,success
IU_814,814,sufficient,external_data/IU-Xray/images/IU_814_frontal.jpg,results/baseline/phase17_full/sufficient/IU_814.txt,True,True,True,True,True,True,True,True,414,62,a373d5d1c5f58de17506c98fcd84ef9bd941345547e2730f975d6fa706776377,success
IU_814,814,syntactic_incomplete,external_data/IU-Xray/images/IU_814_frontal.jpg,results/baseline/phase17_full/syntactic_incomplete/IU_814.txt,True,True,True,True,True,True,True,True,286,43,41c62979ef208573cc3499434b4e15bad6c00d7be9b8e771f524c1f2888e52c5,success
IU_827,827,conflicting,external_data/IU-Xray/images/IU_827_frontal.jpg,results/baseline/phase17_full/conflicting/IU_827.txt,True,True,True,True,True,True,True,True,345,47,8d7cdd85adfe90b326edda57230e0388d893c324f16c4500c38924a8d05997f8,success
IU_827,827,evidentiary_incomplete,external_data/IU-Xray/images/IU_827_frontal.jpg,results/baseline/phase17_full/evidentiary_incomplete/IU_827.txt,True,True,True,True,True,True,True,True,342,50,be917f51e5a19a48d478f8b662630a9e423761909b93ee6ecf89e265d2533db9,success
IU_827,827,insufficient,external_data/IU-Xray/images/IU_827_frontal.jpg,results/baseline/phase17_full/insufficient/IU_827.txt,True,True,True,True,True,True,True,True,251,38,0bd3935c35eac2b2e79f7a62fd22a103787ead616cefdc90a155bc7998d4d225,success
IU_827,827,irrelevant,external_data/IU-Xray/images/IU_827_frontal.jpg,results/baseline/phase17_full/irrelevant/IU_827.txt,True,True,True,True,True,True,True,True,315,50,08c0e3f582ed89b09849e184598dfffaaf90859bf0bf807bed403c98863a9a87,success
IU_827,827,sufficient,external_data/IU-Xray/images/IU_827_frontal.jpg,results/baseline/phase17_full/sufficient/IU_827.txt,True,True,True,True,True,True,True,True,342,52,63e5f445c46e8810831bef50b0f215ec9f03ecaedaef8f600170cb6ee89260f7,success
IU_827,827,syntactic_incomplete,external_data/IU-Xray/images/IU_827_frontal.jpg,results/baseline/phase17_full/syntactic_incomplete/IU_827.txt,True,True,True,True,True,True,True,True,303,47,9962846be84f6c045e2198c1168e917818f51795472e4ce7db6d3b71577cca7d,success
IU_854,854,conflicting,external_data/IU-Xray/images/IU_854_frontal.jpg,results/baseline/phase17_full/conflicting/IU_854.txt,True,True,True,True,True,True,True,True,318,49,ac2c1a2c7f0fd4be06ce87a497daa21fea06c46fbc241b82e82fef35c251fa22,success
IU_854,854,evidentiary_incomplete,external_data/IU-Xray/images/IU_854_frontal.jpg,results/baseline/phase17_full/evidentiary_incomplete/IU_854.txt,True,True,True,True,True,True,True,True,310,50,978b897dbe796754d4ce393bfd933b7eff3ab8f8825fdca08089c5a162bcfa98,success
IU_854,854,insufficient,external_data/IU-Xray/images/IU_854_frontal.jpg,results/baseline/phase17_full/insufficient/IU_854.txt,True,True,True,True,True,True,True,True,251,38,0bd3935c35eac2b2e79f7a62fd22a103787ead616cefdc90a155bc7998d4d225,success
IU_854,854,irrelevant,external_data/IU-Xray/images/IU_854_frontal.jpg,results/baseline/phase17_full/irrelevant/IU_854.txt,True,True,True,True,True,True,True,True,315,48,0828f99b2713b974d66781ebd981b464771633a63e24f101c417b792da24bcee,success
IU_854,854,sufficient,external_data/IU-Xray/images/IU_854_frontal.jpg,results/baseline/phase17_full/sufficient/IU_854.txt,True,True,True,True,True,True,True,True,411,55,5b76c80532b4f9721d26d30a6bcbb025f79ba013a7320e373aa2f73dab7c8611,success
IU_854,854,syntactic_incomplete,external_data/IU-Xray/images/IU_854_frontal.jpg,results/baseline/phase17_full/syntactic_incomplete/IU_854.txt,True,True,True,True,True,True,True,True,353,48,84a35c57926dfc21fd78b3ca002caf9674ba432978572762dd93945f698c3e10,success
IU_871,871,conflicting,external_data/IU-Xray/images/IU_871_frontal.jpg,results/baseline/phase17_full/conflicting/IU_871.txt,True,True,True,True,True,True,True,True,286,48,96bba3dbd350d13526958c1722af503861bc9df0b452fa5a95daf8d932331159,success
IU_871,871,evidentiary_incomplete,external_data/IU-Xray/images/IU_871_frontal.jpg,results/baseline/phase17_full/evidentiary_incomplete/IU_871.txt,True,True,True,True,True,True,True,True,304,50,024dde9180fd5265fcdb289ba1b532557507148e176a43adf317a8884a72371a,success
IU_871,871,insufficient,external_data/IU-Xray/images/IU_871_frontal.jpg,results/baseline/phase17_full/insufficient/IU_871.txt,True,True,True,True,True,True,True,True,251,38,0bd3935c35eac2b2e79f7a62fd22a103787ead616cefdc90a155bc7998d4d225,success
IU_871,871,irrelevant,external_data/IU-Xray/images/IU_871_frontal.jpg,results/baseline/phase17_full/irrelevant/IU_871.txt,True,True,True,True,True,True,True,True,322,49,48b0d183aff70aecf2735a830c7064ad6170de7bf07c6c10e8185abb26c89ae8,success
IU_871,871,sufficient,external_data/IU-Xray/images/IU_871_frontal.jpg,results/baseline/phase17_full/sufficient/IU_871.txt,True,True,True,True,True,True,True,True,340,53,a4c8535282748c58ab9dfe750d1164f32df5c7e59d8770e2622f8b398ccde6ed,success
IU_871,871,syntactic_incomplete,external_data/IU-Xray/images/IU_871_frontal.jpg,results/baseline/phase17_full/syntactic_incomplete/IU_871.txt,True,True,True,True,True,True,True,True,295,49,8e6dd0bef5a86917a0dd8a4bb5f196d7e9245a3866c82af0a91301a6b914db7e,success
IU_927,927,conflicting,external_data/IU-Xray/images/IU_927_frontal.jpg,results/baseline/phase17_full/conflicting/IU_927.txt,True,True,True,True,True,True,True,True,390,57,12be86f568eb834b2ea8a345e53bf521fb709964264a399333be60b236ebaf46,success
IU_927,927,evidentiary_incomplete,external_data/IU-Xray/images/IU_927_frontal.jpg,results/baseline/phase17_full/evidentiary_incomplete/IU_927.txt,True,True,True,True,True,True,True,True,374,56,eec307659d5af5cd1c667063d692736191ae8e46e92aa01c4bb5759285d2cb64,success
IU_927,927,insufficient,external_data/IU-Xray/images/IU_927_frontal.jpg,results/baseline/phase17_full/insufficient/IU_927.txt,True,True,True,True,True,True,True,True,251,38,0bd3935c35eac2b2e79f7a62fd22a103787ead616cefdc90a155bc7998d4d225,success
IU_927,927,irrelevant,external_data/IU-Xray/images/IU_927_frontal.jpg,results/baseline/phase17_full/irrelevant/IU_927.txt,True,True,True,True,True,True,True,True,336,52,ddd0e31a92b878f3597873778b1c0a6ef29617338b899186f7619f68ab0111b3,success
IU_927,927,sufficient,external_data/IU-Xray/images/IU_927_frontal.jpg,results/baseline/phase17_full/sufficient/IU_927.txt,True,True,True,True,True,True,True,True,425,66,278557ff3bcfb7f5049c37694513868f16eb98de61ded468c3e4eafd0e313d22,success
IU_927,927,syntactic_incomplete,external_data/IU-Xray/images/IU_927_frontal.jpg,results/baseline/phase17_full/syntactic_incomplete/IU_927.txt,True,True,True,True,True,True,True,True,416,65,f74aa79d245715a8d088c59e190292850add1bdde1ce3c1273cf493cf46f4601,success
IU_936,936,conflicting,external_data/IU-Xray/images/IU_936_frontal.jpg,results/baseline/phase17_full/conflicting/IU_936.txt,True,True,True,True,True,True,True,True,345,47,8d7cdd85adfe90b326edda57230e0388d893c324f16c4500c38924a8d05997f8,success
IU_936,936,evidentiary_incomplete,external_data/IU-Xray/images/IU_936_frontal.jpg,results/baseline/phase17_full/evidentiary_incomplete/IU_936.txt,True,True,True,True,True,True,True,True,411,60,1b1d3cd62535eff37cb03bc32b4951ddd050fd25b1b8e64315c63d62bccbdfc7,success
IU_936,936,insufficient,external_data/IU-Xray/images/IU_936_frontal.jpg,results/baseline/phase17_full/insufficient/IU_936.txt,True,True,True,True,True,True,True,True,251,38,0bd3935c35eac2b2e79f7a62fd22a103787ead616cefdc90a155bc7998d4d225,success
IU_936,936,irrelevant,external_data/IU-Xray/images/IU_936_frontal.jpg,results/baseline/phase17_full/irrelevant/IU_936.txt,True,True,True,True,True,True,True,True,379,57,464255498b5245d985af3ccc6c97d1648cb42c55547e15394f67fb19a5473c37,success
IU_936,936,sufficient,external_data/IU-Xray/images/IU_936_frontal.jpg,results/baseline/phase17_full/sufficient/IU_936.txt,True,True,True,True,True,True,True,True,321,51,58464c2be1113366f80c3be0da89fa81d9650c53e625397dfaa686812a3d984a,success
IU_936,936,syntactic_incomplete,external_data/IU-Xray/images/IU_936_frontal.jpg,results/baseline/phase17_full/syntactic_incomplete/IU_936.txt,True,True,True,True,True,True,True,True,276,45,0084ac8bf3a23ae8d0dda59796d51824b96f6855dc4e41696f1422d32e9c1b67,success
IU_960,960,conflicting,external_data/IU-Xray/images/IU_960_frontal.jpg,results/baseline/phase17_full/conflicting/IU_960.txt,True,True,True,True,True,True,True,True,315,50,d6a86cf66d9fcd4a44792f0efed3812d09a7775a27c5434519d8fcf189964cca,success
IU_960,960,evidentiary_incomplete,external_data/IU-Xray/images/IU_960_frontal.jpg,results/baseline/phase17_full/evidentiary_incomplete/IU_960.txt,True,True,True,True,True,True,True,True,304,48,20ea2d328270910f5313d4f21c927fa28745d8706b0f8885f5b1064f397cad30,success
IU_960,960,insufficient,external_data/IU-Xray/images/IU_960_frontal.jpg,results/baseline/phase17_full/insufficient/IU_960.txt,True,True,True,True,True,True,True,True,262,41,c0d302c66fd36689ddec29b173acd153bfdcef7c6694f025199aab6215fcae7a,success
IU_960,960,irrelevant,external_data/IU-Xray/images/IU_960_frontal.jpg,results/baseline/phase17_full/irrelevant/IU_960.txt,True,True,True,True,True,True,True,True,362,60,64e06eeaeaf9c7471775951b3720f966ab83e51f4ff79f91745207f63e7104d2,success
IU_960,960,sufficient,external_data/IU-Xray/images/IU_960_frontal.jpg,results/baseline/phase17_full/sufficient/IU_960.txt,True,True,True,True,True,True,True,True,337,53,43bfa5650120a089726868872aa2d339e88bd63c196316c1183fada5a0e544e8,success
IU_960,960,syntactic_incomplete,external_data/IU-Xray/images/IU_960_frontal.jpg,results/baseline/phase17_full/syntactic_incomplete/IU_960.txt,True,True,True,True,True,True,True,True,312,50,e2ef348c7575415469dfe0a65d4eebb3d7973bf75d9fc46c6e326c087e9c3b22,success
IU_963,963,conflicting,external_data/IU-Xray/images/IU_963_frontal.jpg,results/baseline/phase17_full/conflicting/IU_963.txt,True,True,True,True,True,True,True,True,390,57,12be86f568eb834b2ea8a345e53bf521fb709964264a399333be60b236ebaf46,success
IU_963,963,evidentiary_incomplete,external_data/IU-Xray/images/IU_963_frontal.jpg,results/baseline/phase17_full/evidentiary_incomplete/IU_963.txt,True,True,True,True,True,True,True,True,317,52,cf68d756d41c578dd8f614665a8a99ee8c594ca5225bcfb2606c040099263900,success
IU_963,963,insufficient,external_data/IU-Xray/images/IU_963_frontal.jpg,results/baseline/phase17_full/insufficient/IU_963.txt,True,True,True,True,True,True,True,True,251,38,0bd3935c35eac2b2e79f7a62fd22a103787ead616cefdc90a155bc7998d4d225,success
IU_963,963,irrelevant,external_data/IU-Xray/images/IU_963_frontal.jpg,results/baseline/phase17_full/irrelevant/IU_963.txt,True,True,True,True,True,True,True,True,337,50,153f7988b6054ef370121bd3c851b0fc3f35d422b661f26be20cbf9af6f68901,success
IU_963,963,sufficient,external_data/IU-Xray/images/IU_963_frontal.jpg,results/baseline/phase17_full/sufficient/IU_963.txt,True,True,True,True,True,True,True,True,305,49,a4cabcb6b3e0c20ca65f619e37b4f8b0aa6b735bfdd06bbfefe68baca1e1af41,success
IU_963,963,syntactic_incomplete,external_data/IU-Xray/images/IU_963_frontal.jpg,results/baseline/phase17_full/syntactic_incomplete/IU_963.txt,True,True,True,True,True,True,True,True,316,52,8f82e9013ca49e6417cf33e3f83d785417b6019d392ed5844e6b6f56afa721b6,success
IU_965,965,conflicting,external_data/IU-Xray/images/IU_965_frontal.jpg,results/baseline/phase17_full/conflicting/IU_965.txt,True,True,True,True,True,True,True,True,310,48,82d1b4e8430cf4bd7f1fd55ca22362b42cd45173ed29a7db9cfb3155cea7d102,success
IU_965,965,evidentiary_incomplete,external_data/IU-Xray/images/IU_965_frontal.jpg,results/baseline/phase17_full/evidentiary_incomplete/IU_965.txt,True,True,True,True,True,True,True,True,400,56,2504cc5c9edaee0a265ee61447c26cb5121f8c409bb5d2352bd71d8337d22b9c,success
IU_965,965,insufficient,external_data/IU-Xray/images/IU_965_frontal.jpg,results/baseline/phase17_full/insufficient/IU_965.txt,True,True,True,True,True,True,True,True,251,38,0bd3935c35eac2b2e79f7a62fd22a103787ead616cefdc90a155bc7998d4d225,success
IU_965,965,irrelevant,external_data/IU-Xray/images/IU_965_frontal.jpg,results/baseline/phase17_full/irrelevant/IU_965.txt,True,True,True,True,True,True,True,True,292,51,25aa1268a197d1603b5af890aa4ee8dfff54c958b590894fcd3fddc80b645e4f,success
IU_965,965,sufficient,external_data/IU-Xray/images/IU_965_frontal.jpg,results/baseline/phase17_full/sufficient/IU_965.txt,True,True,True,True,True,True,True,True,497,70,52b2932e39f50506623ff79420cb6629564ff8865b49cd899b417be4fd42aa9c,success
IU_965,965,syntactic_incomplete,external_data/IU-Xray/images/IU_965_frontal.jpg,results/baseline/phase17_full/syntactic_incomplete/IU_965.txt,True,True,True,True,True,True,True,True,447,66,4fe155cb15fe360f405cac46f46fab5052d91137526016139fe7abfacdb57c37,success
IU_975,975,conflicting,external_data/IU-Xray/images/IU_975_frontal.jpg,results/baseline/phase17_full/conflicting/IU_975.txt,True,True,True,True,True,True,True,True,390,57,12be86f568eb834b2ea8a345e53bf521fb709964264a399333be60b236ebaf46,success
IU_975,975,evidentiary_incomplete,external_data/IU-Xray/images/IU_975_frontal.jpg,results/baseline/phase17_full/evidentiary_incomplete/IU_975.txt,True,True,True,True,True,True,True,True,289,43,971a75c4688012d7fe613b75593a31ee44e2173c370bce45975441be44d39c7a,success
IU_975,975,insufficient,external_data/IU-Xray/images/IU_975_frontal.jpg,results/baseline/phase17_full/insufficient/IU_975.txt,True,True,True,True,True,True,True,True,251,38,0bd3935c35eac2b2e79f7a62fd22a103787ead616cefdc90a155bc7998d4d225,success
IU_975,975,irrelevant,external_data/IU-Xray/images/IU_975_frontal.jpg,results/baseline/phase17_full/irrelevant/IU_975.txt,True,True,True,True,True,True,True,True,319,50,8ab1a2c801b0d40cd56fc113faf4a757ec70337cde42a752fcd0f6af44c42fde,success
IU_975,975,sufficient,external_data/IU-Xray/images/IU_975_frontal.jpg,results/baseline/phase17_full/sufficient/IU_975.txt,True,True,True,True,True,True,True,True,318,48,4190dadf4f6556b434073bf3cfc161bbbe0b7ad9f9b0ec3f0a2b8b7e76731e34,success
IU_975,975,syntactic_incomplete,external_data/IU-Xray/images/IU_975_frontal.jpg,results/baseline/phase17_full/syntactic_incomplete/IU_975.txt,True,True,True,True,True,True,True,True,338,51,14672a8842c6be1cbb2e93f38f39b4cf2cd0010773fa221023f761f908bc5c70,success
IU_989,989,conflicting,external_data/IU-Xray/images/IU_989_frontal.jpg,results/baseline/phase17_full/conflicting/IU_989.txt,True,True,True,True,True,True,True,True,326,50,f02ff2b912179b9f1d5706a1f450d3c7181aae78dcaf00410a158fbcec23454f,success
IU_989,989,evidentiary_incomplete,external_data/IU-Xray/images/IU_989_frontal.jpg,results/baseline/phase17_full/evidentiary_incomplete/IU_989.txt,True,True,True,True,True,True,True,True,308,46,2aea616011197c3e9d32bbfe8892d929c1ad64e43c5b80493df96857486e3fb9,success
IU_989,989,insufficient,external_data/IU-Xray/images/IU_989_frontal.jpg,results/baseline/phase17_full/insufficient/IU_989.txt,True,True,True,True,True,True,True,True,251,38,0bd3935c35eac2b2e79f7a62fd22a103787ead616cefdc90a155bc7998d4d225,success
IU_989,989,irrelevant,external_data/IU-Xray/images/IU_989_frontal.jpg,results/baseline/phase17_full/irrelevant/IU_989.txt,True,True,True,True,True,True,True,True,527,79,9d8ad2afcf459aa7a1632c8853fa7df284f0e2c9308ba3a12f1844c261f3fa72,success
IU_989,989,sufficient,external_data/IU-Xray/images/IU_989_frontal.jpg,results/baseline/phase17_full/sufficient/IU_989.txt,True,True,True,True,True,True,True,True,318,48,48b65d4c5615acc1737e639650d34508c121f86adb62f5fdd2cfcd18539c63ff,success
IU_989,989,syntactic_incomplete,external_data/IU-Xray/images/IU_989_frontal.jpg,results/baseline/phase17_full/syntactic_incomplete/IU_989.txt,True,True,True,True,True,True,True,True,309,47,17ca88b0270c89430e6b8d27157e501cafdccfb158580466759c026ded43bf91,success
IU_991,991,conflicting,external_data/IU-Xray/images/IU_991_frontal.jpg,results/baseline/phase17_full/conflicting/IU_991.txt,True,True,True,True,True,True,True,True,343,53,392e384d239daf8f12535d01910e27112df76e63e4a0e5d9aeccf1d69854b764,success
IU_991,991,evidentiary_incomplete,external_data/IU-Xray/images/IU_991_frontal.jpg,results/baseline/phase17_full/evidentiary_incomplete/IU_991.txt,True,True,True,True,True,True,True,True,312,49,3bc1311a6d09de9588f4418bac4e5897e898d25a6427a1ecae2e2943c396f570,success
IU_991,991,insufficient,external_data/IU-Xray/images/IU_991_frontal.jpg,results/baseline/phase17_full/insufficient/IU_991.txt,True,True,True,True,True,True,True,True,284,46,ca327618bf85de9482be9d969ede8b9442c3d04df52f667816131545ca8d9a8d,success
IU_991,991,irrelevant,external_data/IU-Xray/images/IU_991_frontal.jpg,results/baseline/phase17_full/irrelevant/IU_991.txt,True,True,True,True,True,True,True,True,398,60,651db096e7d1c7db517ebffa4baeef40346bae6c5052dc3ca4895e8007f44869,success
IU_991,991,sufficient,external_data/IU-Xray/images/IU_991_frontal.jpg,results/baseline/phase17_full/sufficient/IU_991.txt,True,True,True,True,True,True,True,True,571,87,6e781e3fc0bb8ebcd9219b0477413135bdb26101b75742467e06f5e1feaaf249,success
IU_991,991,syntactic_incomplete,external_data/IU-Xray/images/IU_991_frontal.jpg,results/baseline/phase17_full/syntactic_incomplete/IU_991.txt,True,True,True,True,True,True,True,True,289,46,577d77b7a845cb9512bb858bb93d59f305a43a1bb9bd5eca9824cfe6375ee9bc,success
