sample_id,uid,condition,evidence_state,original_context,perturbed_context,frontal_image,lateral_image,findings,impression,comparison,source_context_uid,source_context_sample_id,removed_evidence_text,evidentiary_incomplete_method,conflict_target,conflict_method,conflict_source_text,generation_status
IU_169,169,sufficient,sufficient,XXXX and congestion,XXXX and congestion,external_data/IU-Xray/images/IU_169_frontal.jpg,external_data/IU-Xray/images/IU_169_lateral.jpg,The lungs and pleural spaces show no acute abnormality. Heart size and pulmonary vascularity within normal limits.,1. No acute pulmonary abnormality.,None.,169,IU_169,,,,,,success
IU_169,169,syntactic_incomplete,incomplete,XXXX and congestion,XXXX and,external_data/IU-Xray/images/IU_169_frontal.jpg,external_data/IU-Xray/images/IU_169_lateral.jpg,The lungs and pleural spaces show no acute abnormality. Heart size and pulmonary vascularity within normal limits.,1. No acute pulmonary abnormality.,None.,169,IU_169,,preposition_truncation,,,,success
IU_169,169,evidentiary_incomplete,incomplete,XXXX and congestion,congestion.,external_data/IU-Xray/images/IU_169_frontal.jpg,external_data/IU-Xray/images/IU_169_lateral.jpg,The lungs and pleural spaces show no acute abnormality. Heart size and pulmonary vascularity within normal limits.,1. No acute pulmonary abnormality.,None.,169,IU_169,XXXX,clause_clinical_removal,,,,success
IU_169,169,irrelevant,irrelevant,XXXX and congestion,"XXXX, XXXX pain, XXXX.",external_data/IU-Xray/images/IU_169_frontal.jpg,external_data/IU-Xray/images/IU_169_lateral.jpg,The lungs and pleural spaces show no acute abnormality. Heart size and pulmonary vascularity within normal limits.,1. No acute pulmonary abnormality.,None.,327,IU_327,,,,,,success
IU_169,169,conflicting,conflicting,XXXX and congestion,"Patient with high fever and shortness of breath, evaluate acute multifocal pneumonia.",external_data/IU-Xray/images/IU_169_frontal.jpg,external_data/IU-Xray/images/IU_169_lateral.jpg,The lungs and pleural spaces show no acute abnormality. Heart size and pulmonary vascularity within normal limits.,1. No acute pulmonary abnormality.,None.,169,IU_169,,,normal_exam_contradiction,reference_evidence_contradiction,reference report indicates clear/normal exam,success
IU_169,169,insufficient,insufficient,XXXX and congestion,,external_data/IU-Xray/images/IU_169_frontal.jpg,external_data/IU-Xray/images/IU_169_lateral.jpg,The lungs and pleural spaces show no acute abnormality. Heart size and pulmonary vascularity within normal limits.,1. No acute pulmonary abnormality.,None.,169,IU_169,,,,,,success
IU_181,181,sufficient,sufficient,"XXXX-year-old male, COPD, XXXX, XXXX.","XXXX-year-old male, COPD, XXXX, XXXX.",external_data/IU-Xray/images/IU_181_frontal.jpg,external_data/IU-Xray/images/IU_181_lateral.jpg,Normal heart size mediastinal contours. Eventration of the right hemidiaphragm. No focal airspace consolidation. No pleural effusion or pneumothorax.,No acute cardiopulmonary abnormality.,"Chest x-XXXX XXXX, XXXX",181,IU_181,,,,,,success
IU_181,181,syntactic_incomplete,incomplete,"XXXX-year-old male, COPD, XXXX, XXXX.","XXXX-year-old male, COPD, XXXX, XXXX and",external_data/IU-Xray/images/IU_181_frontal.jpg,external_data/IU-Xray/images/IU_181_lateral.jpg,Normal heart size mediastinal contours. Eventration of the right hemidiaphragm. No focal airspace consolidation. No pleural effusion or pneumothorax.,No acute cardiopulmonary abnormality.,"Chest x-XXXX XXXX, XXXX",181,IU_181,,appended_conjunction_fallback,,,,success
IU_181,181,evidentiary_incomplete,incomplete,"XXXX-year-old male, COPD, XXXX, XXXX.","XXXX-year-old male, XXXX, XXXX, clinical evaluation.",external_data/IU-Xray/images/IU_181_frontal.jpg,external_data/IU-Xray/images/IU_181_lateral.jpg,Normal heart size mediastinal contours. Eventration of the right hemidiaphragm. No focal airspace consolidation. No pleural effusion or pneumothorax.,No acute cardiopulmonary abnormality.,"Chest x-XXXX XXXX, XXXX",181,IU_181,COPD,clause_clinical_removal,,,,success
IU_181,181,irrelevant,irrelevant,"XXXX-year-old male, COPD, XXXX, XXXX.",METASTATIC TESTICULAR CANCER,external_data/IU-Xray/images/IU_181_frontal.jpg,external_data/IU-Xray/images/IU_181_lateral.jpg,Normal heart size mediastinal contours. Eventration of the right hemidiaphragm. No focal airspace consolidation. No pleural effusion or pneumothorax.,No acute cardiopulmonary abnormality.,"Chest x-XXXX XXXX, XXXX",3508,IU_3508,,,,,,success
IU_181,181,conflicting,conflicting,"XXXX-year-old male, COPD, XXXX, XXXX.","Routine follow-up chest radiograph, no trauma or pneumothorax suspected.",external_data/IU-Xray/images/IU_181_frontal.jpg,external_data/IU-Xray/images/IU_181_lateral.jpg,Normal heart size mediastinal contours. Eventration of the right hemidiaphragm. No focal airspace consolidation. No pleural effusion or pneumothorax.,No acute cardiopulmonary abnormality.,"Chest x-XXXX XXXX, XXXX",181,IU_181,,,pneumothorax_presence,reference_evidence_contradiction,pneumothorax present in reference findings/impression,success
IU_181,181,insufficient,insufficient,"XXXX-year-old male, COPD, XXXX, XXXX.",,external_data/IU-Xray/images/IU_181_frontal.jpg,external_data/IU-Xray/images/IU_181_lateral.jpg,Normal heart size mediastinal contours. Eventration of the right hemidiaphragm. No focal airspace consolidation. No pleural effusion or pneumothorax.,No acute cardiopulmonary abnormality.,"Chest x-XXXX XXXX, XXXX",181,IU_181,,,,,,success
IU_220,220,sufficient,sufficient,Metastatic colon cancer,Metastatic colon cancer,external_data/IU-Xray/images/IU_220_frontal.jpg,external_data/IU-Xray/images/IU_220_lateral.jpg,The heart is normal in size. The mediastinum is stable. Left-sided chest XXXX is again visualized with tip at cavoatrial junction. There is no pneumothorax. Numerous bilateral pulmonary nodules have increased in size and number XXXX compared to prior study. The dominant nodule/mass in the left midlung is also mildly increased. There is no pleural effusion.,Interval increase in size and number of innumerable bilateral pulmonary nodules consistent with worsening metastatic disease.,"XXXX, XXXX 10",220,IU_220,,,,,,success
IU_220,220,syntactic_incomplete,incomplete,Metastatic colon cancer,Metastatic colon cancer and,external_data/IU-Xray/images/IU_220_frontal.jpg,external_data/IU-Xray/images/IU_220_lateral.jpg,The heart is normal in size. The mediastinum is stable. Left-sided chest XXXX is again visualized with tip at cavoatrial junction. There is no pneumothorax. Numerous bilateral pulmonary nodules have increased in size and number XXXX compared to prior study. The dominant nodule/mass in the left midlung is also mildly increased. There is no pleural effusion.,Interval increase in size and number of innumerable bilateral pulmonary nodules consistent with worsening metastatic disease.,"XXXX, XXXX 10",220,IU_220,,appended_conjunction_fallback,,,,success
IU_220,220,evidentiary_incomplete,incomplete,Metastatic colon cancer,Cancer evaluation.,external_data/IU-Xray/images/IU_220_frontal.jpg,external_data/IU-Xray/images/IU_220_lateral.jpg,The heart is normal in size. The mediastinum is stable. Left-sided chest XXXX is again visualized with tip at cavoatrial junction. There is no pneumothorax. Numerous bilateral pulmonary nodules have increased in size and number XXXX compared to prior study. The dominant nodule/mass in the left midlung is also mildly increased. There is no pleural effusion.,Interval increase in size and number of innumerable bilateral pulmonary nodules consistent with worsening metastatic disease.,"XXXX, XXXX 10",220,IU_220,colon cancer,evidenced_term_generalization,,,,success
IU_220,220,irrelevant,irrelevant,Metastatic colon cancer,XXXX-year-old female with dyspnea.,external_data/IU-Xray/images/IU_220_frontal.jpg,external_data/IU-Xray/images/IU_220_lateral.jpg,The heart is normal in size. The mediastinum is stable. Left-sided chest XXXX is again visualized with tip at cavoatrial junction. There is no pneumothorax. Numerous bilateral pulmonary nodules have increased in size and number XXXX compared to prior study. The dominant nodule/mass in the left midlung is also mildly increased. There is no pleural effusion.,Interval increase in size and number of innumerable bilateral pulmonary nodules consistent with worsening metastatic disease.,"XXXX, XXXX 10",3216,IU_3216,,,,,,success
IU_220,220,conflicting,conflicting,Metastatic colon cancer,"Patient presenting with sudden onset shortness of breath following trauma, evaluate acute pneumothorax.",external_data/IU-Xray/images/IU_220_frontal.jpg,external_data/IU-Xray/images/IU_220_lateral.jpg,The heart is normal in size. The mediastinum is stable. Left-sided chest XXXX is again visualized with tip at cavoatrial junction. There is no pneumothorax. Numerous bilateral pulmonary nodules have increased in size and number XXXX compared to prior study. The dominant nodule/mass in the left midlung is also mildly increased. There is no pleural effusion.,Interval increase in size and number of innumerable bilateral pulmonary nodules consistent with worsening metastatic disease.,"XXXX, XXXX 10",220,IU_220,,,pneumothorax_absence,reference_evidence_contradiction,no pneumothorax reported in reference findings/impression,success
IU_220,220,insufficient,insufficient,Metastatic colon cancer,,external_data/IU-Xray/images/IU_220_frontal.jpg,external_data/IU-Xray/images/IU_220_lateral.jpg,The heart is normal in size. The mediastinum is stable. Left-sided chest XXXX is again visualized with tip at cavoatrial junction. There is no pneumothorax. Numerous bilateral pulmonary nodules have increased in size and number XXXX compared to prior study. The dominant nodule/mass in the left midlung is also mildly increased. There is no pleural effusion.,Interval increase in size and number of innumerable bilateral pulmonary nodules consistent with worsening metastatic disease.,"XXXX, XXXX 10",220,IU_220,,,,,,success
IU_253,253,sufficient,sufficient,"XXXX-year-old male, status post chest tube with pneumothorax","XXXX-year-old male, status post chest tube with pneumothorax",external_data/IU-Xray/images/IU_253_frontal.jpg,external_data/IU-Xray/images/IU_253_lateral.jpg,Redemonstration of moderate left pneumothorax which is unchanged from comparison. Left pleural catheter is again seen overlying the left upper lung at the level of the left 5th and 6th ribs. No focal consolidation. Cardiomediastinal silhouette is normal.,No change in moderate left pneumothorax with left pleural drainage catheter again seen overlying the left upper lung.,"XXXX, XXXX at XXXX hours",253,IU_253,,,,,,success
IU_253,253,syntactic_incomplete,incomplete,"XXXX-year-old male, status post chest tube with pneumothorax","XXXX-year-old male, status post chest tube with",external_data/IU-Xray/images/IU_253_frontal.jpg,external_data/IU-Xray/images/IU_253_lateral.jpg,Redemonstration of moderate left pneumothorax which is unchanged from comparison. Left pleural catheter is again seen overlying the left upper lung at the level of the left 5th and 6th ribs. No focal consolidation. Cardiomediastinal silhouette is normal.,No change in moderate left pneumothorax with left pleural drainage catheter again seen overlying the left upper lung.,"XXXX, XXXX at XXXX hours",253,IU_253,,preposition_truncation,,,,success
IU_253,253,evidentiary_incomplete,incomplete,"XXXX-year-old male, status post chest tube with pneumothorax","XXXX-year-old male, clinical evaluation.",external_data/IU-Xray/images/IU_253_frontal.jpg,external_data/IU-Xray/images/IU_253_lateral.jpg,Redemonstration of moderate left pneumothorax which is unchanged from comparison. Left pleural catheter is again seen overlying the left upper lung at the level of the left 5th and 6th ribs. No focal consolidation. Cardiomediastinal silhouette is normal.,No change in moderate left pneumothorax with left pleural drainage catheter again seen overlying the left upper lung.,"XXXX, XXXX at XXXX hours",253,IU_253,status post chest tube with pneumothorax,clause_clinical_removal,,,,success
IU_253,253,irrelevant,irrelevant,"XXXX-year-old male, status post chest tube with pneumothorax",chest pain,external_data/IU-Xray/images/IU_253_frontal.jpg,external_data/IU-Xray/images/IU_253_lateral.jpg,Redemonstration of moderate left pneumothorax which is unchanged from comparison. Left pleural catheter is again seen overlying the left upper lung at the level of the left 5th and 6th ribs. No focal consolidation. Cardiomediastinal silhouette is normal.,No change in moderate left pneumothorax with left pleural drainage catheter again seen overlying the left upper lung.,"XXXX, XXXX at XXXX hours",280,IU_280,,,,,,success
IU_253,253,conflicting,conflicting,"XXXX-year-old male, status post chest tube with pneumothorax","Routine follow-up chest radiograph, no trauma or pneumothorax suspected.",external_data/IU-Xray/images/IU_253_frontal.jpg,external_data/IU-Xray/images/IU_253_lateral.jpg,Redemonstration of moderate left pneumothorax which is unchanged from comparison. Left pleural catheter is again seen overlying the left upper lung at the level of the left 5th and 6th ribs. No focal consolidation. Cardiomediastinal silhouette is normal.,No change in moderate left pneumothorax with left pleural drainage catheter again seen overlying the left upper lung.,"XXXX, XXXX at XXXX hours",253,IU_253,,,pneumothorax_presence,reference_evidence_contradiction,pneumothorax present in reference findings/impression,success
IU_253,253,insufficient,insufficient,"XXXX-year-old male, status post chest tube with pneumothorax",,external_data/IU-Xray/images/IU_253_frontal.jpg,external_data/IU-Xray/images/IU_253_lateral.jpg,Redemonstration of moderate left pneumothorax which is unchanged from comparison. Left pleural catheter is again seen overlying the left upper lung at the level of the left 5th and 6th ribs. No focal consolidation. Cardiomediastinal silhouette is normal.,No change in moderate left pneumothorax with left pleural drainage catheter again seen overlying the left upper lung.,"XXXX, XXXX at XXXX hours",253,IU_253,,,,,,success
IU_280,280,sufficient,sufficient,chest pain,chest pain,external_data/IU-Xray/images/IU_280_frontal.jpg,external_data/IU-Xray/images/IU_280_lateral.jpg,The heart and lungs have XXXX XXXX in the interval. Both lungs are clear and expanded. Heart and mediastinum normal.,No active disease.,"XXXX, XXXX.",280,IU_280,,,,,,success
IU_280,280,syntactic_incomplete,incomplete,chest pain,chest pain and,external_data/IU-Xray/images/IU_280_frontal.jpg,external_data/IU-Xray/images/IU_280_lateral.jpg,The heart and lungs have XXXX XXXX in the interval. Both lungs are clear and expanded. Heart and mediastinum normal.,No active disease.,"XXXX, XXXX.",280,IU_280,,appended_conjunction_fallback,,,,success
IU_280,280,evidentiary_incomplete,incomplete,chest pain,Clinical evaluation.,external_data/IU-Xray/images/IU_280_frontal.jpg,external_data/IU-Xray/images/IU_280_lateral.jpg,The heart and lungs have XXXX XXXX in the interval. Both lungs are clear and expanded. Heart and mediastinum normal.,No active disease.,"XXXX, XXXX.",280,IU_280,pain,evidenced_term_generalization,,,,success
IU_280,280,irrelevant,irrelevant,chest pain,Chest pain.,external_data/IU-Xray/images/IU_280_frontal.jpg,external_data/IU-Xray/images/IU_280_lateral.jpg,The heart and lungs have XXXX XXXX in the interval. Both lungs are clear and expanded. Heart and mediastinum normal.,No active disease.,"XXXX, XXXX.",3958,IU_3958,,,,,,success
IU_280,280,conflicting,conflicting,chest pain,"Patient with high fever and shortness of breath, evaluate acute multifocal pneumonia.",external_data/IU-Xray/images/IU_280_frontal.jpg,external_data/IU-Xray/images/IU_280_lateral.jpg,The heart and lungs have XXXX XXXX in the interval. Both lungs are clear and expanded. Heart and mediastinum normal.,No active disease.,"XXXX, XXXX.",280,IU_280,,,normal_exam_contradiction,reference_evidence_contradiction,reference report indicates clear/normal exam,success
IU_280,280,insufficient,insufficient,chest pain,,external_data/IU-Xray/images/IU_280_frontal.jpg,external_data/IU-Xray/images/IU_280_lateral.jpg,The heart and lungs have XXXX XXXX in the interval. Both lungs are clear and expanded. Heart and mediastinum normal.,No active disease.,"XXXX, XXXX.",280,IU_280,,,,,,success
IU_282,282,sufficient,sufficient,"Preop hernia repair, asthma.","Preop hernia repair, asthma.",external_data/IU-Xray/images/IU_282_frontal.jpg,external_data/IU-Xray/images/IU_282_lateral.jpg,"Mediastinal contours are within normal limits. Heart size is within normal limits. No focal consolidation, pneumothorax or pleural effusion.",No acute cardiopulmonary abnormality.,None.,282,IU_282,,,,,,success
IU_282,282,syntactic_incomplete,incomplete,"Preop hernia repair, asthma.","Preop hernia repair, asthma and",external_data/IU-Xray/images/IU_282_frontal.jpg,external_data/IU-Xray/images/IU_282_lateral.jpg,"Mediastinal contours are within normal limits. Heart size is within normal limits. No focal consolidation, pneumothorax or pleural effusion.",No acute cardiopulmonary abnormality.,None.,282,IU_282,,appended_conjunction_fallback,,,,success
IU_282,282,evidentiary_incomplete,incomplete,"Preop hernia repair, asthma.",asthma.,external_data/IU-Xray/images/IU_282_frontal.jpg,external_data/IU-Xray/images/IU_282_lateral.jpg,"Mediastinal contours are within normal limits. Heart size is within normal limits. No focal consolidation, pneumothorax or pleural effusion.",No acute cardiopulmonary abnormality.,None.,282,IU_282,Preop hernia repair,clause_clinical_removal,,,,success
IU_282,282,irrelevant,irrelevant,"Preop hernia repair, asthma.",XXXX-year-old with dyspnea.,external_data/IU-Xray/images/IU_282_frontal.jpg,external_data/IU-Xray/images/IU_282_lateral.jpg,"Mediastinal contours are within normal limits. Heart size is within normal limits. No focal consolidation, pneumothorax or pleural effusion.",No acute cardiopulmonary abnormality.,None.,3417,IU_3417,,,,,,success
IU_282,282,conflicting,conflicting,"Preop hernia repair, asthma.","Routine follow-up chest radiograph, no trauma or pneumothorax suspected.",external_data/IU-Xray/images/IU_282_frontal.jpg,external_data/IU-Xray/images/IU_282_lateral.jpg,"Mediastinal contours are within normal limits. Heart size is within normal limits. No focal consolidation, pneumothorax or pleural effusion.",No acute cardiopulmonary abnormality.,None.,282,IU_282,,,pneumothorax_presence,reference_evidence_contradiction,pneumothorax present in reference findings/impression,success
IU_282,282,insufficient,insufficient,"Preop hernia repair, asthma.",,external_data/IU-Xray/images/IU_282_frontal.jpg,external_data/IU-Xray/images/IU_282_lateral.jpg,"Mediastinal contours are within normal limits. Heart size is within normal limits. No focal consolidation, pneumothorax or pleural effusion.",No acute cardiopulmonary abnormality.,None.,282,IU_282,,,,,,success
IU_317,317,sufficient,sufficient,COPD. Preoperative evaluation.,COPD. Preoperative evaluation.,external_data/IU-Xray/images/IU_317_frontal.jpg,external_data/IU-Xray/images/IU_317_lateral.jpg,Normal heart size. Normal mediastinal silhouette. No pneumothorax or pleural effusion. No suspicious focal air space opacity.,No acute abnormality.,None available.,317,IU_317,,,,,,success
IU_317,317,syntactic_incomplete,incomplete,COPD. Preoperative evaluation.,COPD. Preoperative evaluation and,external_data/IU-Xray/images/IU_317_frontal.jpg,external_data/IU-Xray/images/IU_317_lateral.jpg,Normal heart size. Normal mediastinal silhouette. No pneumothorax or pleural effusion. No suspicious focal air space opacity.,No acute abnormality.,None available.,317,IU_317,,appended_conjunction_fallback,,,,success
IU_317,317,evidentiary_incomplete,incomplete,COPD. Preoperative evaluation.,Preoperative evaluation.,external_data/IU-Xray/images/IU_317_frontal.jpg,external_data/IU-Xray/images/IU_317_lateral.jpg,Normal heart size. Normal mediastinal silhouette. No pneumothorax or pleural effusion. No suspicious focal air space opacity.,No acute abnormality.,None available.,317,IU_317,COPD,sentence_clinical_removal,,,,success
IU_317,317,irrelevant,irrelevant,COPD. Preoperative evaluation.,"XXXX-year-old male with XXXX, right lower lobe rales..",external_data/IU-Xray/images/IU_317_frontal.jpg,external_data/IU-Xray/images/IU_317_lateral.jpg,Normal heart size. Normal mediastinal silhouette. No pneumothorax or pleural effusion. No suspicious focal air space opacity.,No acute abnormality.,None available.,1518,IU_1518,,,,,,success
IU_317,317,conflicting,conflicting,COPD. Preoperative evaluation.,"Patient presenting with sudden onset shortness of breath following trauma, evaluate acute pneumothorax.",external_data/IU-Xray/images/IU_317_frontal.jpg,external_data/IU-Xray/images/IU_317_lateral.jpg,Normal heart size. Normal mediastinal silhouette. No pneumothorax or pleural effusion. No suspicious focal air space opacity.,No acute abnormality.,None available.,317,IU_317,,,pneumothorax_absence,reference_evidence_contradiction,no pneumothorax reported in reference findings/impression,success
IU_317,317,insufficient,insufficient,COPD. Preoperative evaluation.,,external_data/IU-Xray/images/IU_317_frontal.jpg,external_data/IU-Xray/images/IU_317_lateral.jpg,Normal heart size. Normal mediastinal silhouette. No pneumothorax or pleural effusion. No suspicious focal air space opacity.,No acute abnormality.,None available.,317,IU_317,,,,,,success
IU_327,327,sufficient,sufficient,"XXXX, XXXX pain, XXXX.","XXXX, XXXX pain, XXXX.",external_data/IU-Xray/images/IU_327_frontal.jpg,external_data/IU-Xray/images/IU_327_lateral.jpg,"There is stable, mild cardiomegaly with normal caliber pulmonary vasculature. There are grossly intact XXXX sternotomy XXXX and mediastinal surgical clips. There is no focal airspace disease, pneumothorax, or pleural effusion. There are no acute bony findings.",Stable chronic changes. No acute findings. .,"XXXX, XXXX.",327,IU_327,,,,,,success
IU_327,327,syntactic_incomplete,incomplete,"XXXX, XXXX pain, XXXX.","XXXX, XXXX pain, XXXX and",external_data/IU-Xray/images/IU_327_frontal.jpg,external_data/IU-Xray/images/IU_327_lateral.jpg,"There is stable, mild cardiomegaly with normal caliber pulmonary vasculature. There are grossly intact XXXX sternotomy XXXX and mediastinal surgical clips. There is no focal airspace disease, pneumothorax, or pleural effusion. There are no acute bony findings.",Stable chronic changes. No acute findings. .,"XXXX, XXXX.",327,IU_327,,appended_conjunction_fallback,,,,success
IU_327,327,evidentiary_incomplete,incomplete,"XXXX, XXXX pain, XXXX.","XXXX pain, XXXX.",external_data/IU-Xray/images/IU_327_frontal.jpg,external_data/IU-Xray/images/IU_327_lateral.jpg,"There is stable, mild cardiomegaly with normal caliber pulmonary vasculature. There are grossly intact XXXX sternotomy XXXX and mediastinal surgical clips. There is no focal airspace disease, pneumothorax, or pleural effusion. There are no acute bony findings.",Stable chronic changes. No acute findings. .,"XXXX, XXXX.",327,IU_327,XXXX,clause_clinical_removal,,,,success
IU_327,327,irrelevant,irrelevant,"XXXX, XXXX pain, XXXX.",XXXX-year-old female with dyspnea and productive XXXX.,external_data/IU-Xray/images/IU_327_frontal.jpg,external_data/IU-Xray/images/IU_327_lateral.jpg,"There is stable, mild cardiomegaly with normal caliber pulmonary vasculature. There are grossly intact XXXX sternotomy XXXX and mediastinal surgical clips. There is no focal airspace disease, pneumothorax, or pleural effusion. There are no acute bony findings.",Stable chronic changes. No acute findings. .,"XXXX, XXXX.",2207,IU_2207,,,,,,success
IU_327,327,conflicting,conflicting,"XXXX, XXXX pain, XXXX.","Routine follow-up chest radiograph, no trauma or pneumothorax suspected.",external_data/IU-Xray/images/IU_327_frontal.jpg,external_data/IU-Xray/images/IU_327_lateral.jpg,"There is stable, mild cardiomegaly with normal caliber pulmonary vasculature. There are grossly intact XXXX sternotomy XXXX and mediastinal surgical clips. There is no focal airspace disease, pneumothorax, or pleural effusion. There are no acute bony findings.",Stable chronic changes. No acute findings. .,"XXXX, XXXX.",327,IU_327,,,pneumothorax_presence,reference_evidence_contradiction,pneumothorax present in reference findings/impression,success
IU_327,327,insufficient,insufficient,"XXXX, XXXX pain, XXXX.",,external_data/IU-Xray/images/IU_327_frontal.jpg,external_data/IU-Xray/images/IU_327_lateral.jpg,"There is stable, mild cardiomegaly with normal caliber pulmonary vasculature. There are grossly intact XXXX sternotomy XXXX and mediastinal surgical clips. There is no focal airspace disease, pneumothorax, or pleural effusion. There are no acute bony findings.",Stable chronic changes. No acute findings. .,"XXXX, XXXX.",327,IU_327,,,,,,success
IU_341,341,sufficient,sufficient,"hx of smoking, not feeling well ; right foot XXXX.","hx of smoking, not feeling well ; right foot XXXX.",external_data/IU-Xray/images/IU_341_frontal.jpg,external_data/IU-Xray/images/IU_341_lateral.jpg,"Two-view chest. Both lungs are clear and expanded. Heart and mediastinum normal. Right foot. Hindfoot, midfoot, forefoot XXXX are intact with no fractures or bone destruction.",1. Chest. No active disease. 2. Right foot. Negative.,,341,IU_341,,,,,,success
IU_341,341,syntactic_incomplete,incomplete,"hx of smoking, not feeling well ; right foot XXXX.",hx of,external_data/IU-Xray/images/IU_341_frontal.jpg,external_data/IU-Xray/images/IU_341_lateral.jpg,"Two-view chest. Both lungs are clear and expanded. Heart and mediastinum normal. Right foot. Hindfoot, midfoot, forefoot XXXX are intact with no fractures or bone destruction.",1. Chest. No active disease. 2. Right foot. Negative.,,341,IU_341,,pattern_truncation,,,,success
IU_341,341,evidentiary_incomplete,incomplete,"hx of smoking, not feeling well ; right foot XXXX.",right foot XXXX.,external_data/IU-Xray/images/IU_341_frontal.jpg,external_data/IU-Xray/images/IU_341_lateral.jpg,"Two-view chest. Both lungs are clear and expanded. Heart and mediastinum normal. Right foot. Hindfoot, midfoot, forefoot XXXX are intact with no fractures or bone destruction.",1. Chest. No active disease. 2. Right foot. Negative.,,341,IU_341,"hx of smoking, not feeling well",clause_clinical_removal,,,,success
IU_341,341,irrelevant,irrelevant,"hx of smoking, not feeling well ; right foot XXXX.",Exertional chest pain,external_data/IU-Xray/images/IU_341_frontal.jpg,external_data/IU-Xray/images/IU_341_lateral.jpg,"Two-view chest. Both lungs are clear and expanded. Heart and mediastinum normal. Right foot. Hindfoot, midfoot, forefoot XXXX are intact with no fractures or bone destruction.",1. Chest. No active disease. 2. Right foot. Negative.,,834,IU_834,,,,,,success
IU_341,341,conflicting,conflicting,"hx of smoking, not feeling well ; right foot XXXX.","Patient with high fever and shortness of breath, evaluate acute multifocal pneumonia.",external_data/IU-Xray/images/IU_341_frontal.jpg,external_data/IU-Xray/images/IU_341_lateral.jpg,"Two-view chest. Both lungs are clear and expanded. Heart and mediastinum normal. Right foot. Hindfoot, midfoot, forefoot XXXX are intact with no fractures or bone destruction.",1. Chest. No active disease. 2. Right foot. Negative.,,341,IU_341,,,normal_exam_contradiction,reference_evidence_contradiction,reference report indicates clear/normal exam,success
IU_341,341,insufficient,insufficient,"hx of smoking, not feeling well ; right foot XXXX.",,external_data/IU-Xray/images/IU_341_frontal.jpg,external_data/IU-Xray/images/IU_341_lateral.jpg,"Two-view chest. Both lungs are clear and expanded. Heart and mediastinum normal. Right foot. Hindfoot, midfoot, forefoot XXXX are intact with no fractures or bone destruction.",1. Chest. No active disease. 2. Right foot. Negative.,,341,IU_341,,,,,,success
IU_343,343,sufficient,sufficient,Pain,Pain,external_data/IU-Xray/images/IU_343_frontal.jpg,external_data/IU-Xray/images/IU_343_lateral.jpg,"Heart size and mediastinal contour are normal. Pulmonary vascularity is normal. is not diffuse interstitial prominence, which has chronic appearance. Cannot exclude early pulmonary edema. Two airspace consolidation or effusion. XXXX are osteopenic. No visible pneumothorax.","Mild interstitial prominence, XXXX chronic though could reflect early pulmonary edema.",None.,343,IU_343,,,,,,success
IU_343,343,syntactic_incomplete,incomplete,Pain,Pain and,external_data/IU-Xray/images/IU_343_frontal.jpg,external_data/IU-Xray/images/IU_343_lateral.jpg,"Heart size and mediastinal contour are normal. Pulmonary vascularity is normal. is not diffuse interstitial prominence, which has chronic appearance. Cannot exclude early pulmonary edema. Two airspace consolidation or effusion. XXXX are osteopenic. No visible pneumothorax.","Mild interstitial prominence, XXXX chronic though could reflect early pulmonary edema.",None.,343,IU_343,,appended_conjunction_fallback,,,,success
IU_343,343,evidentiary_incomplete,incomplete,Pain,Clinical evaluation.,external_data/IU-Xray/images/IU_343_frontal.jpg,external_data/IU-Xray/images/IU_343_lateral.jpg,"Heart size and mediastinal contour are normal. Pulmonary vascularity is normal. is not diffuse interstitial prominence, which has chronic appearance. Cannot exclude early pulmonary edema. Two airspace consolidation or effusion. XXXX are osteopenic. No visible pneumothorax.","Mild interstitial prominence, XXXX chronic though could reflect early pulmonary edema.",None.,343,IU_343,pain,evidenced_term_generalization,,,,success
IU_343,343,irrelevant,irrelevant,Pain,Preoperative evaluation. Patient on home oxygen.,external_data/IU-Xray/images/IU_343_frontal.jpg,external_data/IU-Xray/images/IU_343_lateral.jpg,"Heart size and mediastinal contour are normal. Pulmonary vascularity is normal. is not diffuse interstitial prominence, which has chronic appearance. Cannot exclude early pulmonary edema. Two airspace consolidation or effusion. XXXX are osteopenic. No visible pneumothorax.","Mild interstitial prominence, XXXX chronic though could reflect early pulmonary edema.",None.,1676,IU_1676,,,,,,success
IU_343,343,conflicting,conflicting,Pain,"Routine follow-up chest radiograph, no trauma or pneumothorax suspected.",external_data/IU-Xray/images/IU_343_frontal.jpg,external_data/IU-Xray/images/IU_343_lateral.jpg,"Heart size and mediastinal contour are normal. Pulmonary vascularity is normal. is not diffuse interstitial prominence, which has chronic appearance. Cannot exclude early pulmonary edema. Two airspace consolidation or effusion. XXXX are osteopenic. No visible pneumothorax.","Mild interstitial prominence, XXXX chronic though could reflect early pulmonary edema.",None.,343,IU_343,,,pneumothorax_presence,reference_evidence_contradiction,pneumothorax present in reference findings/impression,success
IU_343,343,insufficient,insufficient,Pain,,external_data/IU-Xray/images/IU_343_frontal.jpg,external_data/IU-Xray/images/IU_343_lateral.jpg,"Heart size and mediastinal contour are normal. Pulmonary vascularity is normal. is not diffuse interstitial prominence, which has chronic appearance. Cannot exclude early pulmonary edema. Two airspace consolidation or effusion. XXXX are osteopenic. No visible pneumothorax.","Mild interstitial prominence, XXXX chronic though could reflect early pulmonary edema.",None.,343,IU_343,,,,,,success
IU_356,356,sufficient,sufficient,XXXX-year-old XXXX with history of pneumonia.,XXXX-year-old XXXX with history of pneumonia.,external_data/IU-Xray/images/IU_356_frontal.jpg,external_data/IU-Xray/images/IU_356_lateral.jpg,"The cardiomediastinal silhouette is within normal limits for size and contour. The lungs are normally inflated without evidence of focal airspace disease, pleural effusion, or pneumothorax. Osseous structures are within normal limits for patient age..",1. No acute radiographic cardiopulmonary process.,Chest CT on XXXX.,356,IU_356,,,,,,success
IU_356,356,syntactic_incomplete,incomplete,XXXX-year-old XXXX with history of pneumonia.,XXXX-year-old XXXX with history of,external_data/IU-Xray/images/IU_356_frontal.jpg,external_data/IU-Xray/images/IU_356_lateral.jpg,"The cardiomediastinal silhouette is within normal limits for size and contour. The lungs are normally inflated without evidence of focal airspace disease, pleural effusion, or pneumothorax. Osseous structures are within normal limits for patient age..",1. No acute radiographic cardiopulmonary process.,Chest CT on XXXX.,356,IU_356,,pattern_truncation,,,,success
IU_356,356,evidentiary_incomplete,incomplete,XXXX-year-old XXXX with history of pneumonia.,"XXXX-year-old XXXX, clinical evaluation.",external_data/IU-Xray/images/IU_356_frontal.jpg,external_data/IU-Xray/images/IU_356_lateral.jpg,"The cardiomediastinal silhouette is within normal limits for size and contour. The lungs are normally inflated without evidence of focal airspace disease, pleural effusion, or pneumothorax. Osseous structures are within normal limits for patient age..",1. No acute radiographic cardiopulmonary process.,Chest CT on XXXX.,356,IU_356,with history of pneumonia,prepositional_phrase_removal_with_general_indication,,,,success
IU_356,356,irrelevant,irrelevant,XXXX-year-old XXXX with history of pneumonia.,Shortness of breath,external_data/IU-Xray/images/IU_356_frontal.jpg,external_data/IU-Xray/images/IU_356_lateral.jpg,"The cardiomediastinal silhouette is within normal limits for size and contour. The lungs are normally inflated without evidence of focal airspace disease, pleural effusion, or pneumothorax. Osseous structures are within normal limits for patient age..",1. No acute radiographic cardiopulmonary process.,Chest CT on XXXX.,1273,IU_1273,,,,,,success
IU_356,356,conflicting,conflicting,XXXX-year-old XXXX with history of pneumonia.,"Routine follow-up chest radiograph, no trauma or pneumothorax suspected.",external_data/IU-Xray/images/IU_356_frontal.jpg,external_data/IU-Xray/images/IU_356_lateral.jpg,"The cardiomediastinal silhouette is within normal limits for size and contour. The lungs are normally inflated without evidence of focal airspace disease, pleural effusion, or pneumothorax. Osseous structures are within normal limits for patient age..",1. No acute radiographic cardiopulmonary process.,Chest CT on XXXX.,356,IU_356,,,pneumothorax_presence,reference_evidence_contradiction,pneumothorax present in reference findings/impression,success
IU_356,356,insufficient,insufficient,XXXX-year-old XXXX with history of pneumonia.,,external_data/IU-Xray/images/IU_356_frontal.jpg,external_data/IU-Xray/images/IU_356_lateral.jpg,"The cardiomediastinal silhouette is within normal limits for size and contour. The lungs are normally inflated without evidence of focal airspace disease, pleural effusion, or pneumothorax. Osseous structures are within normal limits for patient age..",1. No acute radiographic cardiopulmonary process.,Chest CT on XXXX.,356,IU_356,,,,,,success
IU_366,366,sufficient,sufficient,Chest pain,Chest pain,external_data/IU-Xray/images/IU_366_frontal.jpg,external_data/IU-Xray/images/IU_366_lateral.jpg,The heart is normal in size. The mediastinum is unremarkable. The lungs are clear.,No acute disease.,11/7/ XXXX,366,IU_366,,,,,,success
IU_366,366,syntactic_incomplete,incomplete,Chest pain,Chest pain and,external_data/IU-Xray/images/IU_366_frontal.jpg,external_data/IU-Xray/images/IU_366_lateral.jpg,The heart is normal in size. The mediastinum is unremarkable. The lungs are clear.,No acute disease.,11/7/ XXXX,366,IU_366,,appended_conjunction_fallback,,,,success
IU_366,366,evidentiary_incomplete,incomplete,Chest pain,Clinical evaluation.,external_data/IU-Xray/images/IU_366_frontal.jpg,external_data/IU-Xray/images/IU_366_lateral.jpg,The heart is normal in size. The mediastinum is unremarkable. The lungs are clear.,No acute disease.,11/7/ XXXX,366,IU_366,pain,evidenced_term_generalization,,,,success
IU_366,366,irrelevant,irrelevant,Chest pain,Ramicade therapy; evaluate for tuberculosis,external_data/IU-Xray/images/IU_366_frontal.jpg,external_data/IU-Xray/images/IU_366_lateral.jpg,The heart is normal in size. The mediastinum is unremarkable. The lungs are clear.,No acute disease.,11/7/ XXXX,1625,IU_1625,,,,,,success
IU_366,366,conflicting,conflicting,Chest pain,"Patient with high fever and shortness of breath, evaluate acute multifocal pneumonia.",external_data/IU-Xray/images/IU_366_frontal.jpg,external_data/IU-Xray/images/IU_366_lateral.jpg,The heart is normal in size. The mediastinum is unremarkable. The lungs are clear.,No acute disease.,11/7/ XXXX,366,IU_366,,,normal_exam_contradiction,reference_evidence_contradiction,reference report indicates clear/normal exam,success
IU_366,366,insufficient,insufficient,Chest pain,,external_data/IU-Xray/images/IU_366_frontal.jpg,external_data/IU-Xray/images/IU_366_lateral.jpg,The heart is normal in size. The mediastinum is unremarkable. The lungs are clear.,No acute disease.,11/7/ XXXX,366,IU_366,,,,,,success
IU_387,387,sufficient,sufficient,XXXX-year-old male with shortness of breath.,XXXX-year-old male with shortness of breath.,external_data/IU-Xray/images/IU_387_frontal.jpg,external_data/IU-Xray/images/IU_387_lateral.jpg,Heart size is normal. There is left hilar enlargement with partial opacification of the left upper lobe suggestive of hilar mass with obstructive atelectasis. Questionable small right midlung nodule. Negative for pneumothorax or pleural effusion. Bony thorax is unremarkable.,Suspected left hilar mass with obstructive atelectasis. XXXX thorax for further characterization.,,387,IU_387,,,,,,success
IU_387,387,syntactic_incomplete,incomplete,XXXX-year-old male with shortness of breath.,XXXX-year-old male with,external_data/IU-Xray/images/IU_387_frontal.jpg,external_data/IU-Xray/images/IU_387_lateral.jpg,Heart size is normal. There is left hilar enlargement with partial opacification of the left upper lobe suggestive of hilar mass with obstructive atelectasis. Questionable small right midlung nodule. Negative for pneumothorax or pleural effusion. Bony thorax is unremarkable.,Suspected left hilar mass with obstructive atelectasis. XXXX thorax for further characterization.,,387,IU_387,,preposition_truncation,,,,success
IU_387,387,evidentiary_incomplete,incomplete,XXXX-year-old male with shortness of breath.,"XXXX-year-old male, clinical evaluation.",external_data/IU-Xray/images/IU_387_frontal.jpg,external_data/IU-Xray/images/IU_387_lateral.jpg,Heart size is normal. There is left hilar enlargement with partial opacification of the left upper lobe suggestive of hilar mass with obstructive atelectasis. Questionable small right midlung nodule. Negative for pneumothorax or pleural effusion. Bony thorax is unremarkable.,Suspected left hilar mass with obstructive atelectasis. XXXX thorax for further characterization.,,387,IU_387,with shortness of breath,prepositional_phrase_removal_with_general_indication,,,,success
IU_387,387,irrelevant,irrelevant,XXXX-year-old male with shortness of breath.,dizziness,external_data/IU-Xray/images/IU_387_frontal.jpg,external_data/IU-Xray/images/IU_387_lateral.jpg,Heart size is normal. There is left hilar enlargement with partial opacification of the left upper lobe suggestive of hilar mass with obstructive atelectasis. Questionable small right midlung nodule. Negative for pneumothorax or pleural effusion. Bony thorax is unremarkable.,Suspected left hilar mass with obstructive atelectasis. XXXX thorax for further characterization.,,3143,IU_3143,,,,,,success
IU_387,387,conflicting,conflicting,XXXX-year-old male with shortness of breath.,"Patient presenting with sudden onset shortness of breath following trauma, evaluate acute pneumothorax.",external_data/IU-Xray/images/IU_387_frontal.jpg,external_data/IU-Xray/images/IU_387_lateral.jpg,Heart size is normal. There is left hilar enlargement with partial opacification of the left upper lobe suggestive of hilar mass with obstructive atelectasis. Questionable small right midlung nodule. Negative for pneumothorax or pleural effusion. Bony thorax is unremarkable.,Suspected left hilar mass with obstructive atelectasis. XXXX thorax for further characterization.,,387,IU_387,,,pneumothorax_absence,reference_evidence_contradiction,no pneumothorax reported in reference findings/impression,success
IU_387,387,insufficient,insufficient,XXXX-year-old male with shortness of breath.,,external_data/IU-Xray/images/IU_387_frontal.jpg,external_data/IU-Xray/images/IU_387_lateral.jpg,Heart size is normal. There is left hilar enlargement with partial opacification of the left upper lobe suggestive of hilar mass with obstructive atelectasis. Questionable small right midlung nodule. Negative for pneumothorax or pleural effusion. Bony thorax is unremarkable.,Suspected left hilar mass with obstructive atelectasis. XXXX thorax for further characterization.,,387,IU_387,,,,,,success
IU_388,388,sufficient,sufficient,"Abnormal breath sounds, high blood pressure","Abnormal breath sounds, high blood pressure",external_data/IU-Xray/images/IU_388_frontal.jpg,external_data/IU-Xray/images/IU_388_lateral.jpg,"Cardiomegaly is unchanged. Stable superior mediastinal contour with tortuous calcified aorta. Normal pulmonary vascularity. No focal air space consolidation, pleural effusion, or pneumothorax. No acute bony abnormality. Changes of prior right mastectomy.",Stable appearance of the chest. No acute cardiopulmonary findings.,,388,IU_388,,,,,,success
IU_388,388,syntactic_incomplete,incomplete,"Abnormal breath sounds, high blood pressure","Abnormal breath sounds, high blood pressure and",external_data/IU-Xray/images/IU_388_frontal.jpg,external_data/IU-Xray/images/IU_388_lateral.jpg,"Cardiomegaly is unchanged. Stable superior mediastinal contour with tortuous calcified aorta. Normal pulmonary vascularity. No focal air space consolidation, pleural effusion, or pneumothorax. No acute bony abnormality. Changes of prior right mastectomy.",Stable appearance of the chest. No acute cardiopulmonary findings.,,388,IU_388,,appended_conjunction_fallback,,,,success
IU_388,388,evidentiary_incomplete,incomplete,"Abnormal breath sounds, high blood pressure",high blood pressure.,external_data/IU-Xray/images/IU_388_frontal.jpg,external_data/IU-Xray/images/IU_388_lateral.jpg,"Cardiomegaly is unchanged. Stable superior mediastinal contour with tortuous calcified aorta. Normal pulmonary vascularity. No focal air space consolidation, pleural effusion, or pneumothorax. No acute bony abnormality. Changes of prior right mastectomy.",Stable appearance of the chest. No acute cardiopulmonary findings.,,388,IU_388,Abnormal breath sounds,clause_clinical_removal,,,,success
IU_388,388,irrelevant,irrelevant,"Abnormal breath sounds, high blood pressure",XXXX-year-old female. Pain,external_data/IU-Xray/images/IU_388_frontal.jpg,external_data/IU-Xray/images/IU_388_lateral.jpg,"Cardiomegaly is unchanged. Stable superior mediastinal contour with tortuous calcified aorta. Normal pulmonary vascularity. No focal air space consolidation, pleural effusion, or pneumothorax. No acute bony abnormality. Changes of prior right mastectomy.",Stable appearance of the chest. No acute cardiopulmonary findings.,,1491,IU_1491,,,,,,success
IU_388,388,conflicting,conflicting,"Abnormal breath sounds, high blood pressure","Routine follow-up chest radiograph, no trauma or pneumothorax suspected.",external_data/IU-Xray/images/IU_388_frontal.jpg,external_data/IU-Xray/images/IU_388_lateral.jpg,"Cardiomegaly is unchanged. Stable superior mediastinal contour with tortuous calcified aorta. Normal pulmonary vascularity. No focal air space consolidation, pleural effusion, or pneumothorax. No acute bony abnormality. Changes of prior right mastectomy.",Stable appearance of the chest. No acute cardiopulmonary findings.,,388,IU_388,,,pneumothorax_presence,reference_evidence_contradiction,pneumothorax present in reference findings/impression,success
IU_388,388,insufficient,insufficient,"Abnormal breath sounds, high blood pressure",,external_data/IU-Xray/images/IU_388_frontal.jpg,external_data/IU-Xray/images/IU_388_lateral.jpg,"Cardiomegaly is unchanged. Stable superior mediastinal contour with tortuous calcified aorta. Normal pulmonary vascularity. No focal air space consolidation, pleural effusion, or pneumothorax. No acute bony abnormality. Changes of prior right mastectomy.",Stable appearance of the chest. No acute cardiopulmonary findings.,,388,IU_388,,,,,,success
IU_443,443,sufficient,sufficient,Positive PPD,Positive PPD,external_data/IU-Xray/images/IU_443_frontal.jpg,external_data/IU-Xray/images/IU_443_lateral.jpg,"Heart size and mediastinal contour within normal limits. No focal airspace consolidation, pneumothorax, or large pleural effusion. Degenerative changes of thoracic spine.","No acute cardiopulmonary abnormality, specifically no evidence for acute tuberculosis.",,443,IU_443,,,,,,success
IU_443,443,syntactic_incomplete,incomplete,Positive PPD,Positive PPD and,external_data/IU-Xray/images/IU_443_frontal.jpg,external_data/IU-Xray/images/IU_443_lateral.jpg,"Heart size and mediastinal contour within normal limits. No focal airspace consolidation, pneumothorax, or large pleural effusion. Degenerative changes of thoracic spine.","No acute cardiopulmonary abnormality, specifically no evidence for acute tuberculosis.",,443,IU_443,,appended_conjunction_fallback,,,,success
IU_443,443,evidentiary_incomplete,incomplete,Positive PPD,Infectious disease evaluation.,external_data/IU-Xray/images/IU_443_frontal.jpg,external_data/IU-Xray/images/IU_443_lateral.jpg,"Heart size and mediastinal contour within normal limits. No focal airspace consolidation, pneumothorax, or large pleural effusion. Degenerative changes of thoracic spine.","No acute cardiopulmonary abnormality, specifically no evidence for acute tuberculosis.",,443,IU_443,positive ppd,evidenced_term_generalization,,,,success
IU_443,443,irrelevant,irrelevant,Positive PPD,XXXX-year-old female with chest pain.,external_data/IU-Xray/images/IU_443_frontal.jpg,external_data/IU-Xray/images/IU_443_lateral.jpg,"Heart size and mediastinal contour within normal limits. No focal airspace consolidation, pneumothorax, or large pleural effusion. Degenerative changes of thoracic spine.","No acute cardiopulmonary abnormality, specifically no evidence for acute tuberculosis.",,3796,IU_3796,,,,,,success
IU_443,443,conflicting,conflicting,Positive PPD,"Routine follow-up chest radiograph, no trauma or pneumothorax suspected.",external_data/IU-Xray/images/IU_443_frontal.jpg,external_data/IU-Xray/images/IU_443_lateral.jpg,"Heart size and mediastinal contour within normal limits. No focal airspace consolidation, pneumothorax, or large pleural effusion. Degenerative changes of thoracic spine.","No acute cardiopulmonary abnormality, specifically no evidence for acute tuberculosis.",,443,IU_443,,,pneumothorax_presence,reference_evidence_contradiction,pneumothorax present in reference findings/impression,success
IU_443,443,insufficient,insufficient,Positive PPD,,external_data/IU-Xray/images/IU_443_frontal.jpg,external_data/IU-Xray/images/IU_443_lateral.jpg,"Heart size and mediastinal contour within normal limits. No focal airspace consolidation, pneumothorax, or large pleural effusion. Degenerative changes of thoracic spine.","No acute cardiopulmonary abnormality, specifically no evidence for acute tuberculosis.",,443,IU_443,,,,,,success
IU_455,455,sufficient,sufficient,"XXXX-year-old male, status post cardiac arrest","XXXX-year-old male, status post cardiac arrest",external_data/IU-Xray/images/IU_455_frontal.jpg,external_data/IU-Xray/images/IU_455_lateral.jpg,"There are low lung volumes with associated bronchovascular crowding and basilar subsegmental atelectasis. There is stable prominence of the right cardiac silhouette. The mediastinum is unremarkable. There is no pleural effusion, pneumothorax, or focal airspace disease. There are stable chronic degenerative changes of the thoracic spine.",No acute cardiopulmonary abnormality.,"Chest radiograph XXXX, XXXX",455,IU_455,,,,,,success
IU_455,455,syntactic_incomplete,incomplete,"XXXX-year-old male, status post cardiac arrest","XXXX-year-old male, status post cardiac arrest and",external_data/IU-Xray/images/IU_455_frontal.jpg,external_data/IU-Xray/images/IU_455_lateral.jpg,"There are low lung volumes with associated bronchovascular crowding and basilar subsegmental atelectasis. There is stable prominence of the right cardiac silhouette. The mediastinum is unremarkable. There is no pleural effusion, pneumothorax, or focal airspace disease. There are stable chronic degenerative changes of the thoracic spine.",No acute cardiopulmonary abnormality.,"Chest radiograph XXXX, XXXX",455,IU_455,,appended_conjunction_fallback,,,,success
IU_455,455,evidentiary_incomplete,incomplete,"XXXX-year-old male, status post cardiac arrest","XXXX-year-old male, clinical evaluation.",external_data/IU-Xray/images/IU_455_frontal.jpg,external_data/IU-Xray/images/IU_455_lateral.jpg,"There are low lung volumes with associated bronchovascular crowding and basilar subsegmental atelectasis. There is stable prominence of the right cardiac silhouette. The mediastinum is unremarkable. There is no pleural effusion, pneumothorax, or focal airspace disease. There are stable chronic degenerative changes of the thoracic spine.",No acute cardiopulmonary abnormality.,"Chest radiograph XXXX, XXXX",455,IU_455,status post cardiac arrest,clause_clinical_removal,,,,success
IU_455,455,irrelevant,irrelevant,"XXXX-year-old male, status post cardiac arrest",Metastatic colon cancer,external_data/IU-Xray/images/IU_455_frontal.jpg,external_data/IU-Xray/images/IU_455_lateral.jpg,"There are low lung volumes with associated bronchovascular crowding and basilar subsegmental atelectasis. There is stable prominence of the right cardiac silhouette. The mediastinum is unremarkable. There is no pleural effusion, pneumothorax, or focal airspace disease. There are stable chronic degenerative changes of the thoracic spine.",No acute cardiopulmonary abnormality.,"Chest radiograph XXXX, XXXX",220,IU_220,,,,,,success
IU_455,455,conflicting,conflicting,"XXXX-year-old male, status post cardiac arrest","Routine follow-up chest radiograph, no trauma or pneumothorax suspected.",external_data/IU-Xray/images/IU_455_frontal.jpg,external_data/IU-Xray/images/IU_455_lateral.jpg,"There are low lung volumes with associated bronchovascular crowding and basilar subsegmental atelectasis. There is stable prominence of the right cardiac silhouette. The mediastinum is unremarkable. There is no pleural effusion, pneumothorax, or focal airspace disease. There are stable chronic degenerative changes of the thoracic spine.",No acute cardiopulmonary abnormality.,"Chest radiograph XXXX, XXXX",455,IU_455,,,pneumothorax_presence,reference_evidence_contradiction,pneumothorax present in reference findings/impression,success
IU_455,455,insufficient,insufficient,"XXXX-year-old male, status post cardiac arrest",,external_data/IU-Xray/images/IU_455_frontal.jpg,external_data/IU-Xray/images/IU_455_lateral.jpg,"There are low lung volumes with associated bronchovascular crowding and basilar subsegmental atelectasis. There is stable prominence of the right cardiac silhouette. The mediastinum is unremarkable. There is no pleural effusion, pneumothorax, or focal airspace disease. There are stable chronic degenerative changes of the thoracic spine.",No acute cardiopulmonary abnormality.,"Chest radiograph XXXX, XXXX",455,IU_455,,,,,,success
IU_483,483,sufficient,sufficient,Pneumonia,Pneumonia,external_data/IU-Xray/images/IU_483_frontal.jpg,external_data/IU-Xray/images/IU_483_lateral.jpg,There is flattening of hemidiaphragms. There are prominent interstitial markings. There is no focal consolidation to suggest pneumonia. There are atherosclerotic institutions of the aorta. The heart is of the first limits of normal size. No pneumothorax or pleural effusion.,1. Hyperexpanded lungs with flattened hemidiaphragm suggesting COPD. 2. Borderline enlarged heart. 3. No acute cardiopulmonary abnormality.,,483,IU_483,,,,,,success
IU_483,483,syntactic_incomplete,incomplete,Pneumonia,Pneumonia and,external_data/IU-Xray/images/IU_483_frontal.jpg,external_data/IU-Xray/images/IU_483_lateral.jpg,There is flattening of hemidiaphragms. There are prominent interstitial markings. There is no focal consolidation to suggest pneumonia. There are atherosclerotic institutions of the aorta. The heart is of the first limits of normal size. No pneumothorax or pleural effusion.,1. Hyperexpanded lungs with flattened hemidiaphragm suggesting COPD. 2. Borderline enlarged heart. 3. No acute cardiopulmonary abnormality.,,483,IU_483,,appended_conjunction_fallback,,,,success
IU_483,483,evidentiary_incomplete,incomplete,Pneumonia,Respiratory evaluation.,external_data/IU-Xray/images/IU_483_frontal.jpg,external_data/IU-Xray/images/IU_483_lateral.jpg,There is flattening of hemidiaphragms. There are prominent interstitial markings. There is no focal consolidation to suggest pneumonia. There are atherosclerotic institutions of the aorta. The heart is of the first limits of normal size. No pneumothorax or pleural effusion.,1. Hyperexpanded lungs with flattened hemidiaphragm suggesting COPD. 2. Borderline enlarged heart. 3. No acute cardiopulmonary abnormality.,,483,IU_483,pneumonia,evidenced_term_generalization,,,,success
IU_483,483,irrelevant,irrelevant,Pneumonia,Pain,external_data/IU-Xray/images/IU_483_frontal.jpg,external_data/IU-Xray/images/IU_483_lateral.jpg,There is flattening of hemidiaphragms. There are prominent interstitial markings. There is no focal consolidation to suggest pneumonia. There are atherosclerotic institutions of the aorta. The heart is of the first limits of normal size. No pneumothorax or pleural effusion.,1. Hyperexpanded lungs with flattened hemidiaphragm suggesting COPD. 2. Borderline enlarged heart. 3. No acute cardiopulmonary abnormality.,,343,IU_343,,,,,,success
IU_483,483,conflicting,conflicting,Pneumonia,"Patient presenting with sudden onset shortness of breath following trauma, evaluate acute pneumothorax.",external_data/IU-Xray/images/IU_483_frontal.jpg,external_data/IU-Xray/images/IU_483_lateral.jpg,There is flattening of hemidiaphragms. There are prominent interstitial markings. There is no focal consolidation to suggest pneumonia. There are atherosclerotic institutions of the aorta. The heart is of the first limits of normal size. No pneumothorax or pleural effusion.,1. Hyperexpanded lungs with flattened hemidiaphragm suggesting COPD. 2. Borderline enlarged heart. 3. No acute cardiopulmonary abnormality.,,483,IU_483,,,pneumothorax_absence,reference_evidence_contradiction,no pneumothorax reported in reference findings/impression,success
IU_483,483,insufficient,insufficient,Pneumonia,,external_data/IU-Xray/images/IU_483_frontal.jpg,external_data/IU-Xray/images/IU_483_lateral.jpg,There is flattening of hemidiaphragms. There are prominent interstitial markings. There is no focal consolidation to suggest pneumonia. There are atherosclerotic institutions of the aorta. The heart is of the first limits of normal size. No pneumothorax or pleural effusion.,1. Hyperexpanded lungs with flattened hemidiaphragm suggesting COPD. 2. Borderline enlarged heart. 3. No acute cardiopulmonary abnormality.,,483,IU_483,,,,,,success
IU_503,503,sufficient,sufficient,"XXXX-year-old female with XXXX, chest pain","XXXX-year-old female with XXXX, chest pain",external_data/IU-Xray/images/IU_503_frontal.jpg,external_data/IU-Xray/images/IU_503_lateral.jpg,"Lungs are clear bilaterally with no focal infiltrate, pleural effusion, or pneumothoraces. Cardiomediastinal silhouette is within normal limits. XXXX and soft tissues are unremarkable.",No acute cardiopulmonary findings. .,,503,IU_503,,,,,,success
IU_503,503,syntactic_incomplete,incomplete,"XXXX-year-old female with XXXX, chest pain",XXXX-year-old female with,external_data/IU-Xray/images/IU_503_frontal.jpg,external_data/IU-Xray/images/IU_503_lateral.jpg,"Lungs are clear bilaterally with no focal infiltrate, pleural effusion, or pneumothoraces. Cardiomediastinal silhouette is within normal limits. XXXX and soft tissues are unremarkable.",No acute cardiopulmonary findings. .,,503,IU_503,,preposition_truncation,,,,success
IU_503,503,evidentiary_incomplete,incomplete,"XXXX-year-old female with XXXX, chest pain","XXXX-year-old female with XXXX, clinical evaluation.",external_data/IU-Xray/images/IU_503_frontal.jpg,external_data/IU-Xray/images/IU_503_lateral.jpg,"Lungs are clear bilaterally with no focal infiltrate, pleural effusion, or pneumothoraces. Cardiomediastinal silhouette is within normal limits. XXXX and soft tissues are unremarkable.",No acute cardiopulmonary findings. .,,503,IU_503,chest pain,clause_clinical_removal,,,,success
IU_503,503,irrelevant,irrelevant,"XXXX-year-old female with XXXX, chest pain",DVT,external_data/IU-Xray/images/IU_503_frontal.jpg,external_data/IU-Xray/images/IU_503_lateral.jpg,"Lungs are clear bilaterally with no focal infiltrate, pleural effusion, or pneumothoraces. Cardiomediastinal silhouette is within normal limits. XXXX and soft tissues are unremarkable.",No acute cardiopulmonary findings. .,,3024,IU_3024,,,,,,success
IU_503,503,conflicting,conflicting,"XXXX-year-old female with XXXX, chest pain","Routine preoperative evaluation, no history of pleural effusion.",external_data/IU-Xray/images/IU_503_frontal.jpg,external_data/IU-Xray/images/IU_503_lateral.jpg,"Lungs are clear bilaterally with no focal infiltrate, pleural effusion, or pneumothoraces. Cardiomediastinal silhouette is within normal limits. XXXX and soft tissues are unremarkable.",No acute cardiopulmonary findings. .,,503,IU_503,,,effusion_presence,reference_evidence_contradiction,pleural effusion present in reference findings/impression,success
IU_503,503,insufficient,insufficient,"XXXX-year-old female with XXXX, chest pain",,external_data/IU-Xray/images/IU_503_frontal.jpg,external_data/IU-Xray/images/IU_503_lateral.jpg,"Lungs are clear bilaterally with no focal infiltrate, pleural effusion, or pneumothoraces. Cardiomediastinal silhouette is within normal limits. XXXX and soft tissues are unremarkable.",No acute cardiopulmonary findings. .,,503,IU_503,,,,,,success
IU_521,521,sufficient,sufficient,"XXXX-year-old male, XXXX, MVA","XXXX-year-old male, XXXX, MVA",external_data/IU-Xray/images/IU_521_frontal.jpg,external_data/IU-Xray/images/IU_521_lateral.jpg,"Low lung volumes with bronchovascular crowding. No focal alveolar consolidation, no definite pleural effusion seen. Heart size within normal limits for technique, no typical mediastinal widening of vascular injury. No pleural line of pneumothorax.",Limited quality exam shows no definite acute findings.,,521,IU_521,,,,,,success
IU_521,521,syntactic_incomplete,incomplete,"XXXX-year-old male, XXXX, MVA","XXXX-year-old male, XXXX, MVA and",external_data/IU-Xray/images/IU_521_frontal.jpg,external_data/IU-Xray/images/IU_521_lateral.jpg,"Low lung volumes with bronchovascular crowding. No focal alveolar consolidation, no definite pleural effusion seen. Heart size within normal limits for technique, no typical mediastinal widening of vascular injury. No pleural line of pneumothorax.",Limited quality exam shows no definite acute findings.,,521,IU_521,,appended_conjunction_fallback,,,,success
IU_521,521,evidentiary_incomplete,incomplete,"XXXX-year-old male, XXXX, MVA","XXXX-year-old male, MVA, clinical evaluation.",external_data/IU-Xray/images/IU_521_frontal.jpg,external_data/IU-Xray/images/IU_521_lateral.jpg,"Low lung volumes with bronchovascular crowding. No focal alveolar consolidation, no definite pleural effusion seen. Heart size within normal limits for technique, no typical mediastinal widening of vascular injury. No pleural line of pneumothorax.",Limited quality exam shows no definite acute findings.,,521,IU_521,XXXX,clause_clinical_removal,,,,success
IU_521,521,irrelevant,irrelevant,"XXXX-year-old male, XXXX, MVA","Wheezing, leg XXXX",external_data/IU-Xray/images/IU_521_frontal.jpg,external_data/IU-Xray/images/IU_521_lateral.jpg,"Low lung volumes with bronchovascular crowding. No focal alveolar consolidation, no definite pleural effusion seen. Heart size within normal limits for technique, no typical mediastinal widening of vascular injury. No pleural line of pneumothorax.",Limited quality exam shows no definite acute findings.,,3023,IU_3023,,,,,,success
IU_521,521,conflicting,conflicting,"XXXX-year-old male, XXXX, MVA","Routine follow-up chest radiograph, no trauma or pneumothorax suspected.",external_data/IU-Xray/images/IU_521_frontal.jpg,external_data/IU-Xray/images/IU_521_lateral.jpg,"Low lung volumes with bronchovascular crowding. No focal alveolar consolidation, no definite pleural effusion seen. Heart size within normal limits for technique, no typical mediastinal widening of vascular injury. No pleural line of pneumothorax.",Limited quality exam shows no definite acute findings.,,521,IU_521,,,pneumothorax_presence,reference_evidence_contradiction,pneumothorax present in reference findings/impression,success
IU_521,521,insufficient,insufficient,"XXXX-year-old male, XXXX, MVA",,external_data/IU-Xray/images/IU_521_frontal.jpg,external_data/IU-Xray/images/IU_521_lateral.jpg,"Low lung volumes with bronchovascular crowding. No focal alveolar consolidation, no definite pleural effusion seen. Heart size within normal limits for technique, no typical mediastinal widening of vascular injury. No pleural line of pneumothorax.",Limited quality exam shows no definite acute findings.,,521,IU_521,,,,,,success
IU_547,547,sufficient,sufficient,XXXX-year-old female with chest pain.,XXXX-year-old female with chest pain.,external_data/IU-Xray/images/IU_547_frontal.jpg,external_data/IU-Xray/images/IU_547_lateral.jpg,The lungs are clear without evidence of focal airspace disease. There is no evidence of pneumothorax or large pleural effusion. The cardiac and mediastinal contours are within normal limits. There are degenerative changes throughout the thoracic spine.,No radiographic evidence of acute cardiopulmonary disease.,Chest 2 view dated XXXX.,547,IU_547,,,,,,success
IU_547,547,syntactic_incomplete,incomplete,XXXX-year-old female with chest pain.,XXXX-year-old female with,external_data/IU-Xray/images/IU_547_frontal.jpg,external_data/IU-Xray/images/IU_547_lateral.jpg,The lungs are clear without evidence of focal airspace disease. There is no evidence of pneumothorax or large pleural effusion. The cardiac and mediastinal contours are within normal limits. There are degenerative changes throughout the thoracic spine.,No radiographic evidence of acute cardiopulmonary disease.,Chest 2 view dated XXXX.,547,IU_547,,preposition_truncation,,,,success
IU_547,547,evidentiary_incomplete,incomplete,XXXX-year-old female with chest pain.,"XXXX-year-old female, clinical evaluation.",external_data/IU-Xray/images/IU_547_frontal.jpg,external_data/IU-Xray/images/IU_547_lateral.jpg,The lungs are clear without evidence of focal airspace disease. There is no evidence of pneumothorax or large pleural effusion. The cardiac and mediastinal contours are within normal limits. There are degenerative changes throughout the thoracic spine.,No radiographic evidence of acute cardiopulmonary disease.,Chest 2 view dated XXXX.,547,IU_547,with chest pain,prepositional_phrase_removal_with_general_indication,,,,success
IU_547,547,irrelevant,irrelevant,XXXX-year-old female with chest pain.,Chest pain.,external_data/IU-Xray/images/IU_547_frontal.jpg,external_data/IU-Xray/images/IU_547_lateral.jpg,The lungs are clear without evidence of focal airspace disease. There is no evidence of pneumothorax or large pleural effusion. The cardiac and mediastinal contours are within normal limits. There are degenerative changes throughout the thoracic spine.,No radiographic evidence of acute cardiopulmonary disease.,Chest 2 view dated XXXX.,2480,IU_2480,,,,,,success
IU_547,547,conflicting,conflicting,XXXX-year-old female with chest pain.,"Patient presenting with sudden onset shortness of breath following trauma, evaluate acute pneumothorax.",external_data/IU-Xray/images/IU_547_frontal.jpg,external_data/IU-Xray/images/IU_547_lateral.jpg,The lungs are clear without evidence of focal airspace disease. There is no evidence of pneumothorax or large pleural effusion. The cardiac and mediastinal contours are within normal limits. There are degenerative changes throughout the thoracic spine.,No radiographic evidence of acute cardiopulmonary disease.,Chest 2 view dated XXXX.,547,IU_547,,,pneumothorax_absence,reference_evidence_contradiction,no pneumothorax reported in reference findings/impression,success
IU_547,547,insufficient,insufficient,XXXX-year-old female with chest pain.,,external_data/IU-Xray/images/IU_547_frontal.jpg,external_data/IU-Xray/images/IU_547_lateral.jpg,The lungs are clear without evidence of focal airspace disease. There is no evidence of pneumothorax or large pleural effusion. The cardiac and mediastinal contours are within normal limits. There are degenerative changes throughout the thoracic spine.,No radiographic evidence of acute cardiopulmonary disease.,Chest 2 view dated XXXX.,547,IU_547,,,,,,success
IU_784,784,sufficient,sufficient,Vomiting and right-sided abdominal pain,Vomiting and right-sided abdominal pain,external_data/IU-Xray/images/IU_784_frontal.jpg,external_data/IU-Xray/images/IU_784_lateral.jpg,Normal heart size. Tortuous calcified aorta. Scattered granulomas. No lobar pneumonia. Probable XXXX post your recess effusions. Kyphotic degenerated osteopenic thoracic spine.,Probable XXXX posterior recess effusions with mild basilar atelectasis. No lobar pneumonia.,None.,784,IU_784,,,,,,success
IU_784,784,syntactic_incomplete,incomplete,Vomiting and right-sided abdominal pain,Vomiting and,external_data/IU-Xray/images/IU_784_frontal.jpg,external_data/IU-Xray/images/IU_784_lateral.jpg,Normal heart size. Tortuous calcified aorta. Scattered granulomas. No lobar pneumonia. Probable XXXX post your recess effusions. Kyphotic degenerated osteopenic thoracic spine.,Probable XXXX posterior recess effusions with mild basilar atelectasis. No lobar pneumonia.,None.,784,IU_784,,preposition_truncation,,,,success
IU_784,784,evidentiary_incomplete,incomplete,Vomiting and right-sided abdominal pain,right-sided abdominal pain.,external_data/IU-Xray/images/IU_784_frontal.jpg,external_data/IU-Xray/images/IU_784_lateral.jpg,Normal heart size. Tortuous calcified aorta. Scattered granulomas. No lobar pneumonia. Probable XXXX post your recess effusions. Kyphotic degenerated osteopenic thoracic spine.,Probable XXXX posterior recess effusions with mild basilar atelectasis. No lobar pneumonia.,None.,784,IU_784,Vomiting,clause_clinical_removal,,,,success
IU_784,784,irrelevant,irrelevant,Vomiting and right-sided abdominal pain,"Right-sided chest pain, muscle spasms",external_data/IU-Xray/images/IU_784_frontal.jpg,external_data/IU-Xray/images/IU_784_lateral.jpg,Normal heart size. Tortuous calcified aorta. Scattered granulomas. No lobar pneumonia. Probable XXXX post your recess effusions. Kyphotic degenerated osteopenic thoracic spine.,Probable XXXX posterior recess effusions with mild basilar atelectasis. No lobar pneumonia.,None.,1166,IU_1166,,,,,,success
IU_784,784,conflicting,conflicting,Vomiting and right-sided abdominal pain,"Routine preoperative evaluation, no history of pleural effusion.",external_data/IU-Xray/images/IU_784_frontal.jpg,external_data/IU-Xray/images/IU_784_lateral.jpg,Normal heart size. Tortuous calcified aorta. Scattered granulomas. No lobar pneumonia. Probable XXXX post your recess effusions. Kyphotic degenerated osteopenic thoracic spine.,Probable XXXX posterior recess effusions with mild basilar atelectasis. No lobar pneumonia.,None.,784,IU_784,,,effusion_presence,reference_evidence_contradiction,pleural effusion present in reference findings/impression,success
IU_784,784,insufficient,insufficient,Vomiting and right-sided abdominal pain,,external_data/IU-Xray/images/IU_784_frontal.jpg,external_data/IU-Xray/images/IU_784_lateral.jpg,Normal heart size. Tortuous calcified aorta. Scattered granulomas. No lobar pneumonia. Probable XXXX post your recess effusions. Kyphotic degenerated osteopenic thoracic spine.,Probable XXXX posterior recess effusions with mild basilar atelectasis. No lobar pneumonia.,None.,784,IU_784,,,,,,success
IU_817,817,sufficient,sufficient,XXXX-year-old male with positive PPD.,XXXX-year-old male with positive PPD.,external_data/IU-Xray/images/IU_817_frontal.jpg,external_data/IU-Xray/images/IU_817_lateral.jpg,There are XXXX left upper lobe opacities. Lungs otherwise appear clear. No pleural effusion or pneumothorax. Heart size is as is within normal limits.,1. No evidence of active tuberculosis. 2. XXXX left upper lobe opacities. The appearance XXXX subsegmental atelectasis or scarring.,,817,IU_817,,,,,,success
IU_817,817,syntactic_incomplete,incomplete,XXXX-year-old male with positive PPD.,XXXX-year-old male with,external_data/IU-Xray/images/IU_817_frontal.jpg,external_data/IU-Xray/images/IU_817_lateral.jpg,There are XXXX left upper lobe opacities. Lungs otherwise appear clear. No pleural effusion or pneumothorax. Heart size is as is within normal limits.,1. No evidence of active tuberculosis. 2. XXXX left upper lobe opacities. The appearance XXXX subsegmental atelectasis or scarring.,,817,IU_817,,preposition_truncation,,,,success
IU_817,817,evidentiary_incomplete,incomplete,XXXX-year-old male with positive PPD.,"XXXX-year-old male, clinical evaluation.",external_data/IU-Xray/images/IU_817_frontal.jpg,external_data/IU-Xray/images/IU_817_lateral.jpg,There are XXXX left upper lobe opacities. Lungs otherwise appear clear. No pleural effusion or pneumothorax. Heart size is as is within normal limits.,1. No evidence of active tuberculosis. 2. XXXX left upper lobe opacities. The appearance XXXX subsegmental atelectasis or scarring.,,817,IU_817,with positive PPD,prepositional_phrase_removal_with_general_indication,,,,success
IU_817,817,irrelevant,irrelevant,XXXX-year-old male with positive PPD.,XXXX-year-old XXXX with chest pain.,external_data/IU-Xray/images/IU_817_frontal.jpg,external_data/IU-Xray/images/IU_817_lateral.jpg,There are XXXX left upper lobe opacities. Lungs otherwise appear clear. No pleural effusion or pneumothorax. Heart size is as is within normal limits.,1. No evidence of active tuberculosis. 2. XXXX left upper lobe opacities. The appearance XXXX subsegmental atelectasis or scarring.,,3818,IU_3818,,,,,,success
IU_817,817,conflicting,conflicting,XXXX-year-old male with positive PPD.,"Routine follow-up chest radiograph, no trauma or pneumothorax suspected.",external_data/IU-Xray/images/IU_817_frontal.jpg,external_data/IU-Xray/images/IU_817_lateral.jpg,There are XXXX left upper lobe opacities. Lungs otherwise appear clear. No pleural effusion or pneumothorax. Heart size is as is within normal limits.,1. No evidence of active tuberculosis. 2. XXXX left upper lobe opacities. The appearance XXXX subsegmental atelectasis or scarring.,,817,IU_817,,,pneumothorax_presence,reference_evidence_contradiction,pneumothorax present in reference findings/impression,success
IU_817,817,insufficient,insufficient,XXXX-year-old male with positive PPD.,,external_data/IU-Xray/images/IU_817_frontal.jpg,external_data/IU-Xray/images/IU_817_lateral.jpg,There are XXXX left upper lobe opacities. Lungs otherwise appear clear. No pleural effusion or pneumothorax. Heart size is as is within normal limits.,1. No evidence of active tuberculosis. 2. XXXX left upper lobe opacities. The appearance XXXX subsegmental atelectasis or scarring.,,817,IU_817,,,,,,success
IU_834,834,sufficient,sufficient,Exertional chest pain,Exertional chest pain,external_data/IU-Xray/images/IU_834_frontal.jpg,external_data/IU-Xray/images/IU_834_lateral.jpg,The cardiac silhouette pulmonary vascularity are normal. The lungs are clear. There is no evidence of pleural effusion or pneumothorax. Mild degenerative changes are present in the XXXX spine.,No evidence of acute cardiopulmonary disease.,None available,834,IU_834,,,,,,success
IU_834,834,syntactic_incomplete,incomplete,Exertional chest pain,Exertional chest pain and,external_data/IU-Xray/images/IU_834_frontal.jpg,external_data/IU-Xray/images/IU_834_lateral.jpg,The cardiac silhouette pulmonary vascularity are normal. The lungs are clear. There is no evidence of pleural effusion or pneumothorax. Mild degenerative changes are present in the XXXX spine.,No evidence of acute cardiopulmonary disease.,None available,834,IU_834,,appended_conjunction_fallback,,,,success
IU_834,834,evidentiary_incomplete,incomplete,Exertional chest pain,Clinical evaluation.,external_data/IU-Xray/images/IU_834_frontal.jpg,external_data/IU-Xray/images/IU_834_lateral.jpg,The cardiac silhouette pulmonary vascularity are normal. The lungs are clear. There is no evidence of pleural effusion or pneumothorax. Mild degenerative changes are present in the XXXX spine.,No evidence of acute cardiopulmonary disease.,None available,834,IU_834,pain,evidenced_term_generalization,,,,success
IU_834,834,irrelevant,irrelevant,Exertional chest pain,"DESATURATION EPISODE OVERNIGHT, PLEASE EVALUATE FOR INFILTRATE;",external_data/IU-Xray/images/IU_834_frontal.jpg,external_data/IU-Xray/images/IU_834_lateral.jpg,The cardiac silhouette pulmonary vascularity are normal. The lungs are clear. There is no evidence of pleural effusion or pneumothorax. Mild degenerative changes are present in the XXXX spine.,No evidence of acute cardiopulmonary disease.,None available,1360,IU_1360,,,,,,success
IU_834,834,conflicting,conflicting,Exertional chest pain,"Routine follow-up chest radiograph, no trauma or pneumothorax suspected.",external_data/IU-Xray/images/IU_834_frontal.jpg,external_data/IU-Xray/images/IU_834_lateral.jpg,The cardiac silhouette pulmonary vascularity are normal. The lungs are clear. There is no evidence of pleural effusion or pneumothorax. Mild degenerative changes are present in the XXXX spine.,No evidence of acute cardiopulmonary disease.,None available,834,IU_834,,,pneumothorax_presence,reference_evidence_contradiction,pneumothorax present in reference findings/impression,success
IU_834,834,insufficient,insufficient,Exertional chest pain,,external_data/IU-Xray/images/IU_834_frontal.jpg,external_data/IU-Xray/images/IU_834_lateral.jpg,The cardiac silhouette pulmonary vascularity are normal. The lungs are clear. There is no evidence of pleural effusion or pneumothorax. Mild degenerative changes are present in the XXXX spine.,No evidence of acute cardiopulmonary disease.,None available,834,IU_834,,,,,,success
IU_884,884,sufficient,sufficient,"XXXX-year-old XXXX XXXX, persistent XXXX..","XXXX-year-old XXXX XXXX, persistent XXXX..",external_data/IU-Xray/images/IU_884_frontal.jpg,external_data/IU-Xray/images/IU_884_lateral.jpg,"The lungs are clear bilaterally. Specifically, no evidence of focal consolidation, pneumothorax, or pleural effusion.. Right basilar calcified granuloma noted. Cardio mediastinal silhouette is unremarkable. Visualized osseous structures of the thorax are without acute abnormality.",No acute cardiopulmonary abnormality.,None.,884,IU_884,,,,,,success
IU_884,884,syntactic_incomplete,incomplete,"XXXX-year-old XXXX XXXX, persistent XXXX..","XXXX-year-old XXXX XXXX, persistent XXXX and",external_data/IU-Xray/images/IU_884_frontal.jpg,external_data/IU-Xray/images/IU_884_lateral.jpg,"The lungs are clear bilaterally. Specifically, no evidence of focal consolidation, pneumothorax, or pleural effusion.. Right basilar calcified granuloma noted. Cardio mediastinal silhouette is unremarkable. Visualized osseous structures of the thorax are without acute abnormality.",No acute cardiopulmonary abnormality.,None.,884,IU_884,,appended_conjunction_fallback,,,,success
IU_884,884,evidentiary_incomplete,incomplete,"XXXX-year-old XXXX XXXX, persistent XXXX..","XXXX-year-old XXXX XXXX, clinical evaluation.",external_data/IU-Xray/images/IU_884_frontal.jpg,external_data/IU-Xray/images/IU_884_lateral.jpg,"The lungs are clear bilaterally. Specifically, no evidence of focal consolidation, pneumothorax, or pleural effusion.. Right basilar calcified granuloma noted. Cardio mediastinal silhouette is unremarkable. Visualized osseous structures of the thorax are without acute abnormality.",No acute cardiopulmonary abnormality.,None.,884,IU_884,persistent XXXX,clause_clinical_removal,,,,success
IU_884,884,irrelevant,irrelevant,"XXXX-year-old XXXX XXXX, persistent XXXX..",XXXX-year-old female with chronic XXXX,external_data/IU-Xray/images/IU_884_frontal.jpg,external_data/IU-Xray/images/IU_884_lateral.jpg,"The lungs are clear bilaterally. Specifically, no evidence of focal consolidation, pneumothorax, or pleural effusion.. Right basilar calcified granuloma noted. Cardio mediastinal silhouette is unremarkable. Visualized osseous structures of the thorax are without acute abnormality.",No acute cardiopulmonary abnormality.,None.,982,IU_982,,,,,,success
IU_884,884,conflicting,conflicting,"XXXX-year-old XXXX XXXX, persistent XXXX..","Routine follow-up chest radiograph, no trauma or pneumothorax suspected.",external_data/IU-Xray/images/IU_884_frontal.jpg,external_data/IU-Xray/images/IU_884_lateral.jpg,"The lungs are clear bilaterally. Specifically, no evidence of focal consolidation, pneumothorax, or pleural effusion.. Right basilar calcified granuloma noted. Cardio mediastinal silhouette is unremarkable. Visualized osseous structures of the thorax are without acute abnormality.",No acute cardiopulmonary abnormality.,None.,884,IU_884,,,pneumothorax_presence,reference_evidence_contradiction,pneumothorax present in reference findings/impression,success
IU_884,884,insufficient,insufficient,"XXXX-year-old XXXX XXXX, persistent XXXX..",,external_data/IU-Xray/images/IU_884_frontal.jpg,external_data/IU-Xray/images/IU_884_lateral.jpg,"The lungs are clear bilaterally. Specifically, no evidence of focal consolidation, pneumothorax, or pleural effusion.. Right basilar calcified granuloma noted. Cardio mediastinal silhouette is unremarkable. Visualized osseous structures of the thorax are without acute abnormality.",No acute cardiopulmonary abnormality.,None.,884,IU_884,,,,,,success
IU_982,982,sufficient,sufficient,XXXX-year-old female with chronic XXXX,XXXX-year-old female with chronic XXXX,external_data/IU-Xray/images/IU_982_frontal.jpg,external_data/IU-Xray/images/IU_982_lateral.jpg,Lungs are clear. No focal airspace consolidation. No pleural effusion or pneumothorax. Normal cardiomediastinal silhouette. There are postoperative changes of cervical spine fusion.,No active disease.,,982,IU_982,,,,,,success
IU_982,982,syntactic_incomplete,incomplete,XXXX-year-old female with chronic XXXX,XXXX-year-old female with,external_data/IU-Xray/images/IU_982_frontal.jpg,external_data/IU-Xray/images/IU_982_lateral.jpg,Lungs are clear. No focal airspace consolidation. No pleural effusion or pneumothorax. Normal cardiomediastinal silhouette. There are postoperative changes of cervical spine fusion.,No active disease.,,982,IU_982,,preposition_truncation,,,,success
IU_982,982,evidentiary_incomplete,incomplete,XXXX-year-old female with chronic XXXX,"XXXX-year-old female, clinical evaluation.",external_data/IU-Xray/images/IU_982_frontal.jpg,external_data/IU-Xray/images/IU_982_lateral.jpg,Lungs are clear. No focal airspace consolidation. No pleural effusion or pneumothorax. Normal cardiomediastinal silhouette. There are postoperative changes of cervical spine fusion.,No active disease.,,982,IU_982,with chronic XXXX,prepositional_phrase_removal_with_general_indication,,,,success
IU_982,982,irrelevant,irrelevant,XXXX-year-old female with chronic XXXX,"Pre-op evaluation, XXXX surgery.",external_data/IU-Xray/images/IU_982_frontal.jpg,external_data/IU-Xray/images/IU_982_lateral.jpg,Lungs are clear. No focal airspace consolidation. No pleural effusion or pneumothorax. Normal cardiomediastinal silhouette. There are postoperative changes of cervical spine fusion.,No active disease.,,2339,IU_2339,,,,,,success
IU_982,982,conflicting,conflicting,XXXX-year-old female with chronic XXXX,"Routine follow-up chest radiograph, no trauma or pneumothorax suspected.",external_data/IU-Xray/images/IU_982_frontal.jpg,external_data/IU-Xray/images/IU_982_lateral.jpg,Lungs are clear. No focal airspace consolidation. No pleural effusion or pneumothorax. Normal cardiomediastinal silhouette. There are postoperative changes of cervical spine fusion.,No active disease.,,982,IU_982,,,pneumothorax_presence,reference_evidence_contradiction,pneumothorax present in reference findings/impression,success
IU_982,982,insufficient,insufficient,XXXX-year-old female with chronic XXXX,,external_data/IU-Xray/images/IU_982_frontal.jpg,external_data/IU-Xray/images/IU_982_lateral.jpg,Lungs are clear. No focal airspace consolidation. No pleural effusion or pneumothorax. Normal cardiomediastinal silhouette. There are postoperative changes of cervical spine fusion.,No active disease.,,982,IU_982,,,,,,success
IU_995,995,sufficient,sufficient,SP CABG SOB NO RALES,SP CABG SOB NO RALES,external_data/IU-Xray/images/IU_995_frontal.jpg,external_data/IU-Xray/images/IU_995_lateral.jpg,Sternotomy sutures and bypass grafts have been placed in the interval. Both lungs remain clear and expanded with no infiltrates. Pulmonary XXXX are normal.,Post operative chest with no acute disease.,"XXXX, XXXX.",995,IU_995,,,,,,success
IU_995,995,syntactic_incomplete,incomplete,SP CABG SOB NO RALES,SP CABG SOB NO RALES and,external_data/IU-Xray/images/IU_995_frontal.jpg,external_data/IU-Xray/images/IU_995_lateral.jpg,Sternotomy sutures and bypass grafts have been placed in the interval. Both lungs remain clear and expanded with no infiltrates. Pulmonary XXXX are normal.,Post operative chest with no acute disease.,"XXXX, XXXX.",995,IU_995,,appended_conjunction_fallback,,,,success
IU_995,995,evidentiary_incomplete,incomplete,SP CABG SOB NO RALES,Respiratory evaluation.,external_data/IU-Xray/images/IU_995_frontal.jpg,external_data/IU-Xray/images/IU_995_lateral.jpg,Sternotomy sutures and bypass grafts have been placed in the interval. Both lungs remain clear and expanded with no infiltrates. Pulmonary XXXX are normal.,Post operative chest with no acute disease.,"XXXX, XXXX.",995,IU_995,sob,evidenced_term_generalization,,,,success
IU_995,995,irrelevant,irrelevant,SP CABG SOB NO RALES,XXXX for one XXXX.,external_data/IU-Xray/images/IU_995_frontal.jpg,external_data/IU-Xray/images/IU_995_lateral.jpg,Sternotomy sutures and bypass grafts have been placed in the interval. Both lungs remain clear and expanded with no infiltrates. Pulmonary XXXX are normal.,Post operative chest with no acute disease.,"XXXX, XXXX.",1630,IU_1630,,,,,,success
IU_995,995,conflicting,conflicting,SP CABG SOB NO RALES,"Fever, cough, and chills, evaluate for acute focal pneumonia and consolidation.",external_data/IU-Xray/images/IU_995_frontal.jpg,external_data/IU-Xray/images/IU_995_lateral.jpg,Sternotomy sutures and bypass grafts have been placed in the interval. Both lungs remain clear and expanded with no infiltrates. Pulmonary XXXX are normal.,Post operative chest with no acute disease.,"XXXX, XXXX.",995,IU_995,,,consolidation_absence,reference_evidence_contradiction,no focal consolidation reported in reference findings/impression,success
IU_995,995,insufficient,insufficient,SP CABG SOB NO RALES,,external_data/IU-Xray/images/IU_995_frontal.jpg,external_data/IU-Xray/images/IU_995_lateral.jpg,Sternotomy sutures and bypass grafts have been placed in the interval. Both lungs remain clear and expanded with no infiltrates. Pulmonary XXXX are normal.,Post operative chest with no acute disease.,"XXXX, XXXX.",995,IU_995,,,,,,success
IU_1025,1025,sufficient,sufficient,XXXX-year-old female. Pain. Emesis.,XXXX-year-old female. Pain. Emesis.,external_data/IU-Xray/images/IU_1025_frontal.jpg,external_data/IU-Xray/images/IU_1025_lateral.jpg,"The cardiomediastinal silhouette is normal in size and contour. No focal consolidation, pneumothorax or large pleural effusion. Calcified granuloma, right base. Normal XXXX.",Negative for acute abnormality.,None.,1025,IU_1025,,,,,,success
IU_1025,1025,syntactic_incomplete,incomplete,XXXX-year-old female. Pain. Emesis.,XXXX-year-old female. Pain. Emesis and,external_data/IU-Xray/images/IU_1025_frontal.jpg,external_data/IU-Xray/images/IU_1025_lateral.jpg,"The cardiomediastinal silhouette is normal in size and contour. No focal consolidation, pneumothorax or large pleural effusion. Calcified granuloma, right base. Normal XXXX.",Negative for acute abnormality.,None.,1025,IU_1025,,appended_conjunction_fallback,,,,success
IU_1025,1025,evidentiary_incomplete,incomplete,XXXX-year-old female. Pain. Emesis.,XXXX-year-old female. Pain.,external_data/IU-Xray/images/IU_1025_frontal.jpg,external_data/IU-Xray/images/IU_1025_lateral.jpg,"The cardiomediastinal silhouette is normal in size and contour. No focal consolidation, pneumothorax or large pleural effusion. Calcified granuloma, right base. Normal XXXX.",Negative for acute abnormality.,None.,1025,IU_1025,Emesis,sentence_clinical_removal,,,,success
IU_1025,1025,irrelevant,irrelevant,XXXX-year-old female. Pain. Emesis.,"Abnormal breath sounds, high blood pressure",external_data/IU-Xray/images/IU_1025_frontal.jpg,external_data/IU-Xray/images/IU_1025_lateral.jpg,"The cardiomediastinal silhouette is normal in size and contour. No focal consolidation, pneumothorax or large pleural effusion. Calcified granuloma, right base. Normal XXXX.",Negative for acute abnormality.,None.,388,IU_388,,,,,,success
IU_1025,1025,conflicting,conflicting,XXXX-year-old female. Pain. Emesis.,"Routine follow-up chest radiograph, no trauma or pneumothorax suspected.",external_data/IU-Xray/images/IU_1025_frontal.jpg,external_data/IU-Xray/images/IU_1025_lateral.jpg,"The cardiomediastinal silhouette is normal in size and contour. No focal consolidation, pneumothorax or large pleural effusion. Calcified granuloma, right base. Normal XXXX.",Negative for acute abnormality.,None.,1025,IU_1025,,,pneumothorax_presence,reference_evidence_contradiction,pneumothorax present in reference findings/impression,success
IU_1025,1025,insufficient,insufficient,XXXX-year-old female. Pain. Emesis.,,external_data/IU-Xray/images/IU_1025_frontal.jpg,external_data/IU-Xray/images/IU_1025_lateral.jpg,"The cardiomediastinal silhouette is normal in size and contour. No focal consolidation, pneumothorax or large pleural effusion. Calcified granuloma, right base. Normal XXXX.",Negative for acute abnormality.,None.,1025,IU_1025,,,,,,success
IU_1087,1087,sufficient,sufficient,XXXX XXXX and flulike symptoms.,XXXX XXXX and flulike symptoms.,external_data/IU-Xray/images/IU_1087_frontal.jpg,external_data/IU-Xray/images/IU_1087_lateral.jpg,There is a calcified granuloma in the left upper lobe. Lungs otherwise are believed to be clear. The heart is normal. There are calcified left hilar and mediastinal lymph XXXX. The skeletal structures show some senescent changes.,Old granulomatous disease. No acute pulmonary disease.,,1087,IU_1087,,,,,,success
IU_1087,1087,syntactic_incomplete,incomplete,XXXX XXXX and flulike symptoms.,XXXX XXXX and,external_data/IU-Xray/images/IU_1087_frontal.jpg,external_data/IU-Xray/images/IU_1087_lateral.jpg,There is a calcified granuloma in the left upper lobe. Lungs otherwise are believed to be clear. The heart is normal. There are calcified left hilar and mediastinal lymph XXXX. The skeletal structures show some senescent changes.,Old granulomatous disease. No acute pulmonary disease.,,1087,IU_1087,,preposition_truncation,,,,success
IU_1087,1087,evidentiary_incomplete,incomplete,XXXX XXXX and flulike symptoms.,flulike symptoms.,external_data/IU-Xray/images/IU_1087_frontal.jpg,external_data/IU-Xray/images/IU_1087_lateral.jpg,There is a calcified granuloma in the left upper lobe. Lungs otherwise are believed to be clear. The heart is normal. There are calcified left hilar and mediastinal lymph XXXX. The skeletal structures show some senescent changes.,Old granulomatous disease. No acute pulmonary disease.,,1087,IU_1087,XXXX XXXX,clause_clinical_removal,,,,success
IU_1087,1087,irrelevant,irrelevant,XXXX XXXX and flulike symptoms.,XXXX-year-old XXXX for XXXX XXXX placement,external_data/IU-Xray/images/IU_1087_frontal.jpg,external_data/IU-Xray/images/IU_1087_lateral.jpg,There is a calcified granuloma in the left upper lobe. Lungs otherwise are believed to be clear. The heart is normal. There are calcified left hilar and mediastinal lymph XXXX. The skeletal structures show some senescent changes.,Old granulomatous disease. No acute pulmonary disease.,,2328,IU_2328,,,,,,success
IU_1087,1087,conflicting,conflicting,XXXX XXXX and flulike symptoms.,"Patient with high fever and shortness of breath, evaluate acute multifocal pneumonia.",external_data/IU-Xray/images/IU_1087_frontal.jpg,external_data/IU-Xray/images/IU_1087_lateral.jpg,There is a calcified granuloma in the left upper lobe. Lungs otherwise are believed to be clear. The heart is normal. There are calcified left hilar and mediastinal lymph XXXX. The skeletal structures show some senescent changes.,Old granulomatous disease. No acute pulmonary disease.,,1087,IU_1087,,,normal_exam_contradiction,reference_evidence_contradiction,reference report indicates clear/normal exam,success
IU_1087,1087,insufficient,insufficient,XXXX XXXX and flulike symptoms.,,external_data/IU-Xray/images/IU_1087_frontal.jpg,external_data/IU-Xray/images/IU_1087_lateral.jpg,There is a calcified granuloma in the left upper lobe. Lungs otherwise are believed to be clear. The heart is normal. There are calcified left hilar and mediastinal lymph XXXX. The skeletal structures show some senescent changes.,Old granulomatous disease. No acute pulmonary disease.,,1087,IU_1087,,,,,,success
IU_1095,1095,sufficient,sufficient,Preprocedure evaluation prior to bone marrow transplant,Preprocedure evaluation prior to bone marrow transplant,external_data/IU-Xray/images/IU_1095_frontal.jpg,,"The lungs appear clear. The heart and pulmonary XXXX appear normal. There is severe kyphotic deformity of the chest involving prior fractures of thoracic vertebral bodies and the sternum. There are multiple XXXX fractures identified involving upper thoracic vertebral bodies and a single upper lumbar vertebral body. The patient is status post vertebroplasty at multiple levels. The pleural spaces appear clear. There is right-sided chest XXXX, the distal tip in the upper right atrium. Mediastinal contours appear normal.",1. No evidence of acute cardiopulmonary disease 2. Changes of acute kyphotic deformity and of the thorax as described above,,1095,IU_1095,,,,,,success
IU_1095,1095,syntactic_incomplete,incomplete,Preprocedure evaluation prior to bone marrow transplant,Preprocedure evaluation prior to,external_data/IU-Xray/images/IU_1095_frontal.jpg,,"The lungs appear clear. The heart and pulmonary XXXX appear normal. There is severe kyphotic deformity of the chest involving prior fractures of thoracic vertebral bodies and the sternum. There are multiple XXXX fractures identified involving upper thoracic vertebral bodies and a single upper lumbar vertebral body. The patient is status post vertebroplasty at multiple levels. The pleural spaces appear clear. There is right-sided chest XXXX, the distal tip in the upper right atrium. Mediastinal contours appear normal.",1. No evidence of acute cardiopulmonary disease 2. Changes of acute kyphotic deformity and of the thorax as described above,,1095,IU_1095,,preposition_truncation,,,,success
IU_1095,1095,evidentiary_incomplete,incomplete,Preprocedure evaluation prior to bone marrow transplant,Preprocedure evaluation.,external_data/IU-Xray/images/IU_1095_frontal.jpg,,"The lungs appear clear. The heart and pulmonary XXXX appear normal. There is severe kyphotic deformity of the chest involving prior fractures of thoracic vertebral bodies and the sternum. There are multiple XXXX fractures identified involving upper thoracic vertebral bodies and a single upper lumbar vertebral body. The patient is status post vertebroplasty at multiple levels. The pleural spaces appear clear. There is right-sided chest XXXX, the distal tip in the upper right atrium. Mediastinal contours appear normal.",1. No evidence of acute cardiopulmonary disease 2. Changes of acute kyphotic deformity and of the thorax as described above,,1095,IU_1095,prior to bone marrow transplant,prepositional_phrase_removal_prior_to_phrase,,,,success
IU_1095,1095,irrelevant,irrelevant,Preprocedure evaluation prior to bone marrow transplant,Low oxygen saturation.,external_data/IU-Xray/images/IU_1095_frontal.jpg,,"The lungs appear clear. The heart and pulmonary XXXX appear normal. There is severe kyphotic deformity of the chest involving prior fractures of thoracic vertebral bodies and the sternum. There are multiple XXXX fractures identified involving upper thoracic vertebral bodies and a single upper lumbar vertebral body. The patient is status post vertebroplasty at multiple levels. The pleural spaces appear clear. There is right-sided chest XXXX, the distal tip in the upper right atrium. Mediastinal contours appear normal.",1. No evidence of acute cardiopulmonary disease 2. Changes of acute kyphotic deformity and of the thorax as described above,,2165,IU_2165,,,,,,success
IU_1095,1095,conflicting,conflicting,Preprocedure evaluation prior to bone marrow transplant,"Patient with high fever and shortness of breath, evaluate acute multifocal pneumonia.",external_data/IU-Xray/images/IU_1095_frontal.jpg,,"The lungs appear clear. The heart and pulmonary XXXX appear normal. There is severe kyphotic deformity of the chest involving prior fractures of thoracic vertebral bodies and the sternum. There are multiple XXXX fractures identified involving upper thoracic vertebral bodies and a single upper lumbar vertebral body. The patient is status post vertebroplasty at multiple levels. The pleural spaces appear clear. There is right-sided chest XXXX, the distal tip in the upper right atrium. Mediastinal contours appear normal.",1. No evidence of acute cardiopulmonary disease 2. Changes of acute kyphotic deformity and of the thorax as described above,,1095,IU_1095,,,normal_exam_contradiction,reference_evidence_contradiction,reference report indicates clear/normal exam,success
IU_1095,1095,insufficient,insufficient,Preprocedure evaluation prior to bone marrow transplant,,external_data/IU-Xray/images/IU_1095_frontal.jpg,,"The lungs appear clear. The heart and pulmonary XXXX appear normal. There is severe kyphotic deformity of the chest involving prior fractures of thoracic vertebral bodies and the sternum. There are multiple XXXX fractures identified involving upper thoracic vertebral bodies and a single upper lumbar vertebral body. The patient is status post vertebroplasty at multiple levels. The pleural spaces appear clear. There is right-sided chest XXXX, the distal tip in the upper right atrium. Mediastinal contours appear normal.",1. No evidence of acute cardiopulmonary disease 2. Changes of acute kyphotic deformity and of the thorax as described above,,1095,IU_1095,,,,,,success
IU_1166,1166,sufficient,sufficient,"Right-sided chest pain, muscle spasms","Right-sided chest pain, muscle spasms",external_data/IU-Xray/images/IU_1166_frontal.jpg,external_data/IU-Xray/images/IU_1166_lateral.jpg,Low lung volumes. Cardiomediastinal silhouette and pulmonary vasculature are within normal limits. Streaky bibasilar airspace opacities. No pneumothorax or pleural effusion. No acute osseous findings.,"Low lung volumes with streaky bibasilar opacities, XXXX subsegmental atelectasis over infiltrate.",,1166,IU_1166,,,,,,success
IU_1166,1166,syntactic_incomplete,incomplete,"Right-sided chest pain, muscle spasms","Right-sided chest pain, muscle spasms and",external_data/IU-Xray/images/IU_1166_frontal.jpg,external_data/IU-Xray/images/IU_1166_lateral.jpg,Low lung volumes. Cardiomediastinal silhouette and pulmonary vasculature are within normal limits. Streaky bibasilar airspace opacities. No pneumothorax or pleural effusion. No acute osseous findings.,"Low lung volumes with streaky bibasilar opacities, XXXX subsegmental atelectasis over infiltrate.",,1166,IU_1166,,appended_conjunction_fallback,,,,success
IU_1166,1166,evidentiary_incomplete,incomplete,"Right-sided chest pain, muscle spasms",muscle spasms.,external_data/IU-Xray/images/IU_1166_frontal.jpg,external_data/IU-Xray/images/IU_1166_lateral.jpg,Low lung volumes. Cardiomediastinal silhouette and pulmonary vasculature are within normal limits. Streaky bibasilar airspace opacities. No pneumothorax or pleural effusion. No acute osseous findings.,"Low lung volumes with streaky bibasilar opacities, XXXX subsegmental atelectasis over infiltrate.",,1166,IU_1166,Right-sided chest pain,clause_clinical_removal,,,,success
IU_1166,1166,irrelevant,irrelevant,"Right-sided chest pain, muscle spasms",XXXX-year-old female. Pain. Emesis.,external_data/IU-Xray/images/IU_1166_frontal.jpg,external_data/IU-Xray/images/IU_1166_lateral.jpg,Low lung volumes. Cardiomediastinal silhouette and pulmonary vasculature are within normal limits. Streaky bibasilar airspace opacities. No pneumothorax or pleural effusion. No acute osseous findings.,"Low lung volumes with streaky bibasilar opacities, XXXX subsegmental atelectasis over infiltrate.",,1025,IU_1025,,,,,,success
IU_1166,1166,conflicting,conflicting,"Right-sided chest pain, muscle spasms","Patient presenting with sudden onset shortness of breath following trauma, evaluate acute pneumothorax.",external_data/IU-Xray/images/IU_1166_frontal.jpg,external_data/IU-Xray/images/IU_1166_lateral.jpg,Low lung volumes. Cardiomediastinal silhouette and pulmonary vasculature are within normal limits. Streaky bibasilar airspace opacities. No pneumothorax or pleural effusion. No acute osseous findings.,"Low lung volumes with streaky bibasilar opacities, XXXX subsegmental atelectasis over infiltrate.",,1166,IU_1166,,,pneumothorax_absence,reference_evidence_contradiction,no pneumothorax reported in reference findings/impression,success
IU_1166,1166,insufficient,insufficient,"Right-sided chest pain, muscle spasms",,external_data/IU-Xray/images/IU_1166_frontal.jpg,external_data/IU-Xray/images/IU_1166_lateral.jpg,Low lung volumes. Cardiomediastinal silhouette and pulmonary vasculature are within normal limits. Streaky bibasilar airspace opacities. No pneumothorax or pleural effusion. No acute osseous findings.,"Low lung volumes with streaky bibasilar opacities, XXXX subsegmental atelectasis over infiltrate.",,1166,IU_1166,,,,,,success
IU_1264,1264,sufficient,sufficient,"XXXX, XXXX symptoms. Dyspnea.","XXXX, XXXX symptoms. Dyspnea.",external_data/IU-Xray/images/IU_1264_frontal.jpg,external_data/IU-Xray/images/IU_1264_lateral.jpg,"The cardiomediastinal silhouette and pulmonary vasculature are within normal limits in size. The lungs are clear of focal airspace disease, pneumothorax, or pleural effusion. There are no acute bony findings.",No acute cardiopulmonary findings. .,None.,1264,IU_1264,,,,,,success
IU_1264,1264,syntactic_incomplete,incomplete,"XXXX, XXXX symptoms. Dyspnea.","XXXX, XXXX symptoms. Dyspnea and",external_data/IU-Xray/images/IU_1264_frontal.jpg,external_data/IU-Xray/images/IU_1264_lateral.jpg,"The cardiomediastinal silhouette and pulmonary vasculature are within normal limits in size. The lungs are clear of focal airspace disease, pneumothorax, or pleural effusion. There are no acute bony findings.",No acute cardiopulmonary findings. .,None.,1264,IU_1264,,appended_conjunction_fallback,,,,success
IU_1264,1264,evidentiary_incomplete,incomplete,"XXXX, XXXX symptoms. Dyspnea.",Dyspnea.,external_data/IU-Xray/images/IU_1264_frontal.jpg,external_data/IU-Xray/images/IU_1264_lateral.jpg,"The cardiomediastinal silhouette and pulmonary vasculature are within normal limits in size. The lungs are clear of focal airspace disease, pneumothorax, or pleural effusion. There are no acute bony findings.",No acute cardiopulmonary findings. .,None.,1264,IU_1264,"XXXX, XXXX symptoms",sentence_clinical_removal,,,,success
IU_1264,1264,irrelevant,irrelevant,"XXXX, XXXX symptoms. Dyspnea.","XXXX-year-old male, pain",external_data/IU-Xray/images/IU_1264_frontal.jpg,external_data/IU-Xray/images/IU_1264_lateral.jpg,"The cardiomediastinal silhouette and pulmonary vasculature are within normal limits in size. The lungs are clear of focal airspace disease, pneumothorax, or pleural effusion. There are no acute bony findings.",No acute cardiopulmonary findings. .,None.,1864,IU_1864,,,,,,success
IU_1264,1264,conflicting,conflicting,"XXXX, XXXX symptoms. Dyspnea.","Routine follow-up chest radiograph, no trauma or pneumothorax suspected.",external_data/IU-Xray/images/IU_1264_frontal.jpg,external_data/IU-Xray/images/IU_1264_lateral.jpg,"The cardiomediastinal silhouette and pulmonary vasculature are within normal limits in size. The lungs are clear of focal airspace disease, pneumothorax, or pleural effusion. There are no acute bony findings.",No acute cardiopulmonary findings. .,None.,1264,IU_1264,,,pneumothorax_presence,reference_evidence_contradiction,pneumothorax present in reference findings/impression,success
IU_1264,1264,insufficient,insufficient,"XXXX, XXXX symptoms. Dyspnea.",,external_data/IU-Xray/images/IU_1264_frontal.jpg,external_data/IU-Xray/images/IU_1264_lateral.jpg,"The cardiomediastinal silhouette and pulmonary vasculature are within normal limits in size. The lungs are clear of focal airspace disease, pneumothorax, or pleural effusion. There are no acute bony findings.",No acute cardiopulmonary findings. .,None.,1264,IU_1264,,,,,,success
IU_1273,1273,sufficient,sufficient,Shortness of breath,Shortness of breath,external_data/IU-Xray/images/IU_1273_frontal.jpg,external_data/IU-Xray/images/IU_1273_lateral.jpg,Heart is mildly enlarged stable. Mediastinal contour is normal. Pulmonary vascularity is normal. Lungs are hyperexpanded but clear. No pleural effusions or pneumothoraces.,1. Stable mild cardiomegaly. 2. Hyperexpanded but clear lungs.,XXXX,1273,IU_1273,,,,,,success
IU_1273,1273,syntactic_incomplete,incomplete,Shortness of breath,Shortness of,external_data/IU-Xray/images/IU_1273_frontal.jpg,external_data/IU-Xray/images/IU_1273_lateral.jpg,Heart is mildly enlarged stable. Mediastinal contour is normal. Pulmonary vascularity is normal. Lungs are hyperexpanded but clear. No pleural effusions or pneumothoraces.,1. Stable mild cardiomegaly. 2. Hyperexpanded but clear lungs.,XXXX,1273,IU_1273,,preposition_truncation,,,,success
IU_1273,1273,evidentiary_incomplete,incomplete,Shortness of breath,Shortness.,external_data/IU-Xray/images/IU_1273_frontal.jpg,external_data/IU-Xray/images/IU_1273_lateral.jpg,Heart is mildly enlarged stable. Mediastinal contour is normal. Pulmonary vascularity is normal. Lungs are hyperexpanded but clear. No pleural effusions or pneumothoraces.,1. Stable mild cardiomegaly. 2. Hyperexpanded but clear lungs.,XXXX,1273,IU_1273,of breath,prepositional_phrase_removal_of_phrase,,,,success
IU_1273,1273,irrelevant,irrelevant,Shortness of breath,"XXXX-year-old male, COPD, XXXX, XXXX.",external_data/IU-Xray/images/IU_1273_frontal.jpg,external_data/IU-Xray/images/IU_1273_lateral.jpg,Heart is mildly enlarged stable. Mediastinal contour is normal. Pulmonary vascularity is normal. Lungs are hyperexpanded but clear. No pleural effusions or pneumothoraces.,1. Stable mild cardiomegaly. 2. Hyperexpanded but clear lungs.,XXXX,181,IU_181,,,,,,success
IU_1273,1273,conflicting,conflicting,Shortness of breath,"Shortness of breath and orthopnea, evaluate for worsening pleural effusion.",external_data/IU-Xray/images/IU_1273_frontal.jpg,external_data/IU-Xray/images/IU_1273_lateral.jpg,Heart is mildly enlarged stable. Mediastinal contour is normal. Pulmonary vascularity is normal. Lungs are hyperexpanded but clear. No pleural effusions or pneumothoraces.,1. Stable mild cardiomegaly. 2. Hyperexpanded but clear lungs.,XXXX,1273,IU_1273,,,effusion_absence,reference_evidence_contradiction,no pleural effusion reported in reference findings/impression,success
IU_1273,1273,insufficient,insufficient,Shortness of breath,,external_data/IU-Xray/images/IU_1273_frontal.jpg,external_data/IU-Xray/images/IU_1273_lateral.jpg,Heart is mildly enlarged stable. Mediastinal contour is normal. Pulmonary vascularity is normal. Lungs are hyperexpanded but clear. No pleural effusions or pneumothoraces.,1. Stable mild cardiomegaly. 2. Hyperexpanded but clear lungs.,XXXX,1273,IU_1273,,,,,,success
IU_1360,1360,sufficient,sufficient,"DESATURATION EPISODE OVERNIGHT, PLEASE EVALUATE FOR INFILTRATE;","DESATURATION EPISODE OVERNIGHT, PLEASE EVALUATE FOR INFILTRATE;",external_data/IU-Xray/images/IU_1360_frontal.jpg,external_data/IU-Xray/images/IU_1360_lateral.jpg,"There are XXXX opacities within both lung bases, XXXX representing atelectasis. Heart size is upper limits of normal. No pneumothorax. No pneumothorax.",Bibasilar atelectasis. No pneumonia. .,Chest AP portable. XXXX.,1360,IU_1360,,,,,,success
IU_1360,1360,syntactic_incomplete,incomplete,"DESATURATION EPISODE OVERNIGHT, PLEASE EVALUATE FOR INFILTRATE;","DESATURATION EPISODE OVERNIGHT, PLEASE EVALUATE FOR",external_data/IU-Xray/images/IU_1360_frontal.jpg,external_data/IU-Xray/images/IU_1360_lateral.jpg,"There are XXXX opacities within both lung bases, XXXX representing atelectasis. Heart size is upper limits of normal. No pneumothorax. No pneumothorax.",Bibasilar atelectasis. No pneumonia. .,Chest AP portable. XXXX.,1360,IU_1360,,preposition_truncation,,,,success
IU_1360,1360,evidentiary_incomplete,incomplete,"DESATURATION EPISODE OVERNIGHT, PLEASE EVALUATE FOR INFILTRATE;",PLEASE EVALUATE FOR INFILTRATE;.,external_data/IU-Xray/images/IU_1360_frontal.jpg,external_data/IU-Xray/images/IU_1360_lateral.jpg,"There are XXXX opacities within both lung bases, XXXX representing atelectasis. Heart size is upper limits of normal. No pneumothorax. No pneumothorax.",Bibasilar atelectasis. No pneumonia. .,Chest AP portable. XXXX.,1360,IU_1360,DESATURATION EPISODE OVERNIGHT,clause_clinical_removal,,,,success
IU_1360,1360,irrelevant,irrelevant,"DESATURATION EPISODE OVERNIGHT, PLEASE EVALUATE FOR INFILTRATE;","XXXX and XXXX infection, XXXX",external_data/IU-Xray/images/IU_1360_frontal.jpg,external_data/IU-Xray/images/IU_1360_lateral.jpg,"There are XXXX opacities within both lung bases, XXXX representing atelectasis. Heart size is upper limits of normal. No pneumothorax. No pneumothorax.",Bibasilar atelectasis. No pneumonia. .,Chest AP portable. XXXX.,2445,IU_2445,,,,,,success
IU_1360,1360,conflicting,conflicting,"DESATURATION EPISODE OVERNIGHT, PLEASE EVALUATE FOR INFILTRATE;","Patient presenting with sudden onset shortness of breath following trauma, evaluate acute pneumothorax.",external_data/IU-Xray/images/IU_1360_frontal.jpg,external_data/IU-Xray/images/IU_1360_lateral.jpg,"There are XXXX opacities within both lung bases, XXXX representing atelectasis. Heart size is upper limits of normal. No pneumothorax. No pneumothorax.",Bibasilar atelectasis. No pneumonia. .,Chest AP portable. XXXX.,1360,IU_1360,,,pneumothorax_absence,reference_evidence_contradiction,no pneumothorax reported in reference findings/impression,success
IU_1360,1360,insufficient,insufficient,"DESATURATION EPISODE OVERNIGHT, PLEASE EVALUATE FOR INFILTRATE;",,external_data/IU-Xray/images/IU_1360_frontal.jpg,external_data/IU-Xray/images/IU_1360_lateral.jpg,"There are XXXX opacities within both lung bases, XXXX representing atelectasis. Heart size is upper limits of normal. No pneumothorax. No pneumothorax.",Bibasilar atelectasis. No pneumonia. .,Chest AP portable. XXXX.,1360,IU_1360,,,,,,success
IU_1369,1369,sufficient,sufficient,Dyspnea,Dyspnea,external_data/IU-Xray/images/IU_1369_frontal.jpg,external_data/IU-Xray/images/IU_1369_lateral.jpg,Heart size normal. Prominent epicardial fat. Lungs are clear. No pleural effusion or pneumothorax.,Unremarkable examination of the chest.,XXXX,1369,IU_1369,,,,,,success
IU_1369,1369,syntactic_incomplete,incomplete,Dyspnea,Dyspnea and,external_data/IU-Xray/images/IU_1369_frontal.jpg,external_data/IU-Xray/images/IU_1369_lateral.jpg,Heart size normal. Prominent epicardial fat. Lungs are clear. No pleural effusion or pneumothorax.,Unremarkable examination of the chest.,XXXX,1369,IU_1369,,appended_conjunction_fallback,,,,success
IU_1369,1369,evidentiary_incomplete,incomplete,Dyspnea,Respiratory evaluation.,external_data/IU-Xray/images/IU_1369_frontal.jpg,external_data/IU-Xray/images/IU_1369_lateral.jpg,Heart size normal. Prominent epicardial fat. Lungs are clear. No pleural effusion or pneumothorax.,Unremarkable examination of the chest.,XXXX,1369,IU_1369,dyspnea,evidenced_term_generalization,,,,success
IU_1369,1369,irrelevant,irrelevant,Dyspnea,XXXX year old outside chest pain radiating XXXX the left arm.,external_data/IU-Xray/images/IU_1369_frontal.jpg,external_data/IU-Xray/images/IU_1369_lateral.jpg,Heart size normal. Prominent epicardial fat. Lungs are clear. No pleural effusion or pneumothorax.,Unremarkable examination of the chest.,XXXX,2351,IU_2351,,,,,,success
IU_1369,1369,conflicting,conflicting,Dyspnea,"Routine follow-up chest radiograph, no trauma or pneumothorax suspected.",external_data/IU-Xray/images/IU_1369_frontal.jpg,external_data/IU-Xray/images/IU_1369_lateral.jpg,Heart size normal. Prominent epicardial fat. Lungs are clear. No pleural effusion or pneumothorax.,Unremarkable examination of the chest.,XXXX,1369,IU_1369,,,pneumothorax_presence,reference_evidence_contradiction,pneumothorax present in reference findings/impression,success
IU_1369,1369,insufficient,insufficient,Dyspnea,,external_data/IU-Xray/images/IU_1369_frontal.jpg,external_data/IU-Xray/images/IU_1369_lateral.jpg,Heart size normal. Prominent epicardial fat. Lungs are clear. No pleural effusion or pneumothorax.,Unremarkable examination of the chest.,XXXX,1369,IU_1369,,,,,,success
IU_1383,1383,sufficient,sufficient,"XXXX-year-old female, XXXX, known right pleural effusion.","XXXX-year-old female, XXXX, known right pleural effusion.",external_data/IU-Xray/images/IU_1383_frontal.jpg,external_data/IU-Xray/images/IU_1383_lateral.jpg,There is significant interval decrease in right middle and right lower lobe opacification. Persistent small right pleural effusion and XXXX XXXX atelectasis. No pneumothorax. Stable appearance of the cardiomediastinal silhouette. No acute bone abnormality.,1. Improved right mid lung and right basilar consolidation. 2. Decreasing right pleural effusion.,Chest radiographs XXXX 10 and CT chest with contrast XXXX.,1383,IU_1383,,,,,,success
IU_1383,1383,syntactic_incomplete,incomplete,"XXXX-year-old female, XXXX, known right pleural effusion.","XXXX-year-old female, XXXX, known right pleural effusion and",external_data/IU-Xray/images/IU_1383_frontal.jpg,external_data/IU-Xray/images/IU_1383_lateral.jpg,There is significant interval decrease in right middle and right lower lobe opacification. Persistent small right pleural effusion and XXXX XXXX atelectasis. No pneumothorax. Stable appearance of the cardiomediastinal silhouette. No acute bone abnormality.,1. Improved right mid lung and right basilar consolidation. 2. Decreasing right pleural effusion.,Chest radiographs XXXX 10 and CT chest with contrast XXXX.,1383,IU_1383,,appended_conjunction_fallback,,,,success
IU_1383,1383,evidentiary_incomplete,incomplete,"XXXX-year-old female, XXXX, known right pleural effusion.","XXXX-year-old female, known right pleural effusion.",external_data/IU-Xray/images/IU_1383_frontal.jpg,external_data/IU-Xray/images/IU_1383_lateral.jpg,There is significant interval decrease in right middle and right lower lobe opacification. Persistent small right pleural effusion and XXXX XXXX atelectasis. No pneumothorax. Stable appearance of the cardiomediastinal silhouette. No acute bone abnormality.,1. Improved right mid lung and right basilar consolidation. 2. Decreasing right pleural effusion.,Chest radiographs XXXX 10 and CT chest with contrast XXXX.,1383,IU_1383,XXXX,clause_clinical_removal,,,,success
IU_1383,1383,irrelevant,irrelevant,"XXXX-year-old female, XXXX, known right pleural effusion.",Vomiting and right-sided abdominal pain,external_data/IU-Xray/images/IU_1383_frontal.jpg,external_data/IU-Xray/images/IU_1383_lateral.jpg,There is significant interval decrease in right middle and right lower lobe opacification. Persistent small right pleural effusion and XXXX XXXX atelectasis. No pneumothorax. Stable appearance of the cardiomediastinal silhouette. No acute bone abnormality.,1. Improved right mid lung and right basilar consolidation. 2. Decreasing right pleural effusion.,Chest radiographs XXXX 10 and CT chest with contrast XXXX.,784,IU_784,,,,,,success
IU_1383,1383,conflicting,conflicting,"XXXX-year-old female, XXXX, known right pleural effusion.","Patient presenting with sudden onset shortness of breath following trauma, evaluate acute pneumothorax.",external_data/IU-Xray/images/IU_1383_frontal.jpg,external_data/IU-Xray/images/IU_1383_lateral.jpg,There is significant interval decrease in right middle and right lower lobe opacification. Persistent small right pleural effusion and XXXX XXXX atelectasis. No pneumothorax. Stable appearance of the cardiomediastinal silhouette. No acute bone abnormality.,1. Improved right mid lung and right basilar consolidation. 2. Decreasing right pleural effusion.,Chest radiographs XXXX 10 and CT chest with contrast XXXX.,1383,IU_1383,,,pneumothorax_absence,reference_evidence_contradiction,no pneumothorax reported in reference findings/impression,success
IU_1383,1383,insufficient,insufficient,"XXXX-year-old female, XXXX, known right pleural effusion.",,external_data/IU-Xray/images/IU_1383_frontal.jpg,external_data/IU-Xray/images/IU_1383_lateral.jpg,There is significant interval decrease in right middle and right lower lobe opacification. Persistent small right pleural effusion and XXXX XXXX atelectasis. No pneumothorax. Stable appearance of the cardiomediastinal silhouette. No acute bone abnormality.,1. Improved right mid lung and right basilar consolidation. 2. Decreasing right pleural effusion.,Chest radiographs XXXX 10 and CT chest with contrast XXXX.,1383,IU_1383,,,,,,success
IU_1388,1388,sufficient,sufficient,XXXX-year-old female. Pain.,XXXX-year-old female. Pain.,external_data/IU-Xray/images/IU_1388_frontal.jpg,external_data/IU-Xray/images/IU_1388_lateral.jpg,"The cardiomediastinal silhouette is normal in size and contour. No focal consolidation, pneumothorax or large pleural effusion. Normal XXXX. XXXX cholecystectomy.","Low lung volumes, otherwise clear.","XXXX, XXXX.",1388,IU_1388,,,,,,success
IU_1388,1388,syntactic_incomplete,incomplete,XXXX-year-old female. Pain.,XXXX-year-old female. Pain and,external_data/IU-Xray/images/IU_1388_frontal.jpg,external_data/IU-Xray/images/IU_1388_lateral.jpg,"The cardiomediastinal silhouette is normal in size and contour. No focal consolidation, pneumothorax or large pleural effusion. Normal XXXX. XXXX cholecystectomy.","Low lung volumes, otherwise clear.","XXXX, XXXX.",1388,IU_1388,,appended_conjunction_fallback,,,,success
IU_1388,1388,evidentiary_incomplete,incomplete,XXXX-year-old female. Pain.,Clinical evaluation.,external_data/IU-Xray/images/IU_1388_frontal.jpg,external_data/IU-Xray/images/IU_1388_lateral.jpg,"The cardiomediastinal silhouette is normal in size and contour. No focal consolidation, pneumothorax or large pleural effusion. Normal XXXX. XXXX cholecystectomy.","Low lung volumes, otherwise clear.","XXXX, XXXX.",1388,IU_1388,pain,evidenced_term_generalization,,,,success
IU_1388,1388,irrelevant,irrelevant,XXXX-year-old female. Pain.,Persistent XXXX,external_data/IU-Xray/images/IU_1388_frontal.jpg,external_data/IU-Xray/images/IU_1388_lateral.jpg,"The cardiomediastinal silhouette is normal in size and contour. No focal consolidation, pneumothorax or large pleural effusion. Normal XXXX. XXXX cholecystectomy.","Low lung volumes, otherwise clear.","XXXX, XXXX.",2203,IU_2203,,,,,,success
IU_1388,1388,conflicting,conflicting,XXXX-year-old female. Pain.,"Routine follow-up chest radiograph, no trauma or pneumothorax suspected.",external_data/IU-Xray/images/IU_1388_frontal.jpg,external_data/IU-Xray/images/IU_1388_lateral.jpg,"The cardiomediastinal silhouette is normal in size and contour. No focal consolidation, pneumothorax or large pleural effusion. Normal XXXX. XXXX cholecystectomy.","Low lung volumes, otherwise clear.","XXXX, XXXX.",1388,IU_1388,,,pneumothorax_presence,reference_evidence_contradiction,pneumothorax present in reference findings/impression,success
IU_1388,1388,insufficient,insufficient,XXXX-year-old female. Pain.,,external_data/IU-Xray/images/IU_1388_frontal.jpg,external_data/IU-Xray/images/IU_1388_lateral.jpg,"The cardiomediastinal silhouette is normal in size and contour. No focal consolidation, pneumothorax or large pleural effusion. Normal XXXX. XXXX cholecystectomy.","Low lung volumes, otherwise clear.","XXXX, XXXX.",1388,IU_1388,,,,,,success
IU_1422,1422,sufficient,sufficient,XXXX-year-old male with XXXX.,XXXX-year-old male with XXXX.,external_data/IU-Xray/images/IU_1422_frontal.jpg,external_data/IU-Xray/images/IU_1422_lateral.jpg,The heart is normal in size. The pulmonary vascularity is within normal limits in appearance. No pneumothorax or pleural effusion. A wedge-shaped opacity has developed in the right upper lobe. There is also XXXX patchy opacification identified in the left upper lobe. No acute bony abnormality.,"Interval development of bilateral upper lobe consolidation, right greater than left, XXXX representing pneumonia.. Followup imaging to document resolution is recommended.",Chest x-XXXX XXXX and lateral XXXX.,1422,IU_1422,,,,,,success
IU_1422,1422,syntactic_incomplete,incomplete,XXXX-year-old male with XXXX.,XXXX-year-old male with,external_data/IU-Xray/images/IU_1422_frontal.jpg,external_data/IU-Xray/images/IU_1422_lateral.jpg,The heart is normal in size. The pulmonary vascularity is within normal limits in appearance. No pneumothorax or pleural effusion. A wedge-shaped opacity has developed in the right upper lobe. There is also XXXX patchy opacification identified in the left upper lobe. No acute bony abnormality.,"Interval development of bilateral upper lobe consolidation, right greater than left, XXXX representing pneumonia.. Followup imaging to document resolution is recommended.",Chest x-XXXX XXXX and lateral XXXX.,1422,IU_1422,,preposition_truncation,,,,success
IU_1422,1422,evidentiary_incomplete,incomplete,XXXX-year-old male with XXXX.,"XXXX-year-old male, clinical evaluation.",external_data/IU-Xray/images/IU_1422_frontal.jpg,external_data/IU-Xray/images/IU_1422_lateral.jpg,The heart is normal in size. The pulmonary vascularity is within normal limits in appearance. No pneumothorax or pleural effusion. A wedge-shaped opacity has developed in the right upper lobe. There is also XXXX patchy opacification identified in the left upper lobe. No acute bony abnormality.,"Interval development of bilateral upper lobe consolidation, right greater than left, XXXX representing pneumonia.. Followup imaging to document resolution is recommended.",Chest x-XXXX XXXX and lateral XXXX.,1422,IU_1422,with XXXX,prepositional_phrase_removal_with_general_indication,,,,success
IU_1422,1422,irrelevant,irrelevant,XXXX-year-old male with XXXX.,Dyspnea,external_data/IU-Xray/images/IU_1422_frontal.jpg,external_data/IU-Xray/images/IU_1422_lateral.jpg,The heart is normal in size. The pulmonary vascularity is within normal limits in appearance. No pneumothorax or pleural effusion. A wedge-shaped opacity has developed in the right upper lobe. There is also XXXX patchy opacification identified in the left upper lobe. No acute bony abnormality.,"Interval development of bilateral upper lobe consolidation, right greater than left, XXXX representing pneumonia.. Followup imaging to document resolution is recommended.",Chest x-XXXX XXXX and lateral XXXX.,1369,IU_1369,,,,,,success
IU_1422,1422,conflicting,conflicting,XXXX-year-old male with XXXX.,"Patient presenting with sudden onset shortness of breath following trauma, evaluate acute pneumothorax.",external_data/IU-Xray/images/IU_1422_frontal.jpg,external_data/IU-Xray/images/IU_1422_lateral.jpg,The heart is normal in size. The pulmonary vascularity is within normal limits in appearance. No pneumothorax or pleural effusion. A wedge-shaped opacity has developed in the right upper lobe. There is also XXXX patchy opacification identified in the left upper lobe. No acute bony abnormality.,"Interval development of bilateral upper lobe consolidation, right greater than left, XXXX representing pneumonia.. Followup imaging to document resolution is recommended.",Chest x-XXXX XXXX and lateral XXXX.,1422,IU_1422,,,pneumothorax_absence,reference_evidence_contradiction,no pneumothorax reported in reference findings/impression,success
IU_1422,1422,insufficient,insufficient,XXXX-year-old male with XXXX.,,external_data/IU-Xray/images/IU_1422_frontal.jpg,external_data/IU-Xray/images/IU_1422_lateral.jpg,The heart is normal in size. The pulmonary vascularity is within normal limits in appearance. No pneumothorax or pleural effusion. A wedge-shaped opacity has developed in the right upper lobe. There is also XXXX patchy opacification identified in the left upper lobe. No acute bony abnormality.,"Interval development of bilateral upper lobe consolidation, right greater than left, XXXX representing pneumonia.. Followup imaging to document resolution is recommended.",Chest x-XXXX XXXX and lateral XXXX.,1422,IU_1422,,,,,,success
IU_1491,1491,sufficient,sufficient,XXXX-year-old female. Pain,XXXX-year-old female. Pain,external_data/IU-Xray/images/IU_1491_frontal.jpg,external_data/IU-Xray/images/IU_1491_lateral.jpg,"There are low lung volumes. The lungs are otherwise clear. No focal airspace consolidation or pleural effusion. Calcific density in the right lung apex, compatible with calcified granuloma.",No acute cardiopulmonary abnormality.,None.,1491,IU_1491,,,,,,success
IU_1491,1491,syntactic_incomplete,incomplete,XXXX-year-old female. Pain,XXXX-year-old female. Pain and,external_data/IU-Xray/images/IU_1491_frontal.jpg,external_data/IU-Xray/images/IU_1491_lateral.jpg,"There are low lung volumes. The lungs are otherwise clear. No focal airspace consolidation or pleural effusion. Calcific density in the right lung apex, compatible with calcified granuloma.",No acute cardiopulmonary abnormality.,None.,1491,IU_1491,,appended_conjunction_fallback,,,,success
IU_1491,1491,evidentiary_incomplete,incomplete,XXXX-year-old female. Pain,Clinical evaluation.,external_data/IU-Xray/images/IU_1491_frontal.jpg,external_data/IU-Xray/images/IU_1491_lateral.jpg,"There are low lung volumes. The lungs are otherwise clear. No focal airspace consolidation or pleural effusion. Calcific density in the right lung apex, compatible with calcified granuloma.",No acute cardiopulmonary abnormality.,None.,1491,IU_1491,pain,evidenced_term_generalization,,,,success
IU_1491,1491,irrelevant,irrelevant,XXXX-year-old female. Pain,testis cancer,external_data/IU-Xray/images/IU_1491_frontal.jpg,external_data/IU-Xray/images/IU_1491_lateral.jpg,"There are low lung volumes. The lungs are otherwise clear. No focal airspace consolidation or pleural effusion. Calcific density in the right lung apex, compatible with calcified granuloma.",No acute cardiopulmonary abnormality.,None.,1568,IU_1568,,,,,,success
IU_1491,1491,conflicting,conflicting,XXXX-year-old female. Pain,"Routine preoperative evaluation, no history of pleural effusion.",external_data/IU-Xray/images/IU_1491_frontal.jpg,external_data/IU-Xray/images/IU_1491_lateral.jpg,"There are low lung volumes. The lungs are otherwise clear. No focal airspace consolidation or pleural effusion. Calcific density in the right lung apex, compatible with calcified granuloma.",No acute cardiopulmonary abnormality.,None.,1491,IU_1491,,,effusion_presence,reference_evidence_contradiction,pleural effusion present in reference findings/impression,success
IU_1491,1491,insufficient,insufficient,XXXX-year-old female. Pain,,external_data/IU-Xray/images/IU_1491_frontal.jpg,external_data/IU-Xray/images/IU_1491_lateral.jpg,"There are low lung volumes. The lungs are otherwise clear. No focal airspace consolidation or pleural effusion. Calcific density in the right lung apex, compatible with calcified granuloma.",No acute cardiopulmonary abnormality.,None.,1491,IU_1491,,,,,,success
IU_1518,1518,sufficient,sufficient,"XXXX-year-old male with XXXX, right lower lobe rales..","XXXX-year-old male with XXXX, right lower lobe rales..",external_data/IU-Xray/images/IU_1518_frontal.jpg,external_data/IU-Xray/images/IU_1518_lateral.jpg,"No focal consolidation, pneumothorax, or pleural effusion. Cardiomediastinal silhouette is stable and unremarkable. No acute osseous abnormalities are identified.",No acute cardiopulmonary abnormality..,"CT the chest dated XXXX, XXXX..",1518,IU_1518,,,,,,success
IU_1518,1518,syntactic_incomplete,incomplete,"XXXX-year-old male with XXXX, right lower lobe rales..",XXXX-year-old male with,external_data/IU-Xray/images/IU_1518_frontal.jpg,external_data/IU-Xray/images/IU_1518_lateral.jpg,"No focal consolidation, pneumothorax, or pleural effusion. Cardiomediastinal silhouette is stable and unremarkable. No acute osseous abnormalities are identified.",No acute cardiopulmonary abnormality..,"CT the chest dated XXXX, XXXX..",1518,IU_1518,,preposition_truncation,,,,success
IU_1518,1518,evidentiary_incomplete,incomplete,"XXXX-year-old male with XXXX, right lower lobe rales..","XXXX-year-old male with XXXX, clinical evaluation.",external_data/IU-Xray/images/IU_1518_frontal.jpg,external_data/IU-Xray/images/IU_1518_lateral.jpg,"No focal consolidation, pneumothorax, or pleural effusion. Cardiomediastinal silhouette is stable and unremarkable. No acute osseous abnormalities are identified.",No acute cardiopulmonary abnormality..,"CT the chest dated XXXX, XXXX..",1518,IU_1518,right lower lobe rales,clause_clinical_removal,,,,success
IU_1518,1518,irrelevant,irrelevant,"XXXX-year-old male with XXXX, right lower lobe rales..",Acute mental status changes.,external_data/IU-Xray/images/IU_1518_frontal.jpg,external_data/IU-Xray/images/IU_1518_lateral.jpg,"No focal consolidation, pneumothorax, or pleural effusion. Cardiomediastinal silhouette is stable and unremarkable. No acute osseous abnormalities are identified.",No acute cardiopulmonary abnormality..,"CT the chest dated XXXX, XXXX..",1519,IU_1519,,,,,,success
IU_1518,1518,conflicting,conflicting,"XXXX-year-old male with XXXX, right lower lobe rales..","Routine follow-up chest radiograph, no trauma or pneumothorax suspected.",external_data/IU-Xray/images/IU_1518_frontal.jpg,external_data/IU-Xray/images/IU_1518_lateral.jpg,"No focal consolidation, pneumothorax, or pleural effusion. Cardiomediastinal silhouette is stable and unremarkable. No acute osseous abnormalities are identified.",No acute cardiopulmonary abnormality..,"CT the chest dated XXXX, XXXX..",1518,IU_1518,,,pneumothorax_presence,reference_evidence_contradiction,pneumothorax present in reference findings/impression,success
IU_1518,1518,insufficient,insufficient,"XXXX-year-old male with XXXX, right lower lobe rales..",,external_data/IU-Xray/images/IU_1518_frontal.jpg,external_data/IU-Xray/images/IU_1518_lateral.jpg,"No focal consolidation, pneumothorax, or pleural effusion. Cardiomediastinal silhouette is stable and unremarkable. No acute osseous abnormalities are identified.",No acute cardiopulmonary abnormality..,"CT the chest dated XXXX, XXXX..",1518,IU_1518,,,,,,success
IU_1519,1519,sufficient,sufficient,Acute mental status changes.,Acute mental status changes.,external_data/IU-Xray/images/IU_1519_frontal.jpg,external_data/IU-Xray/images/IU_1519_lateral.jpg,"Lungs are mildly hypoinflated with asymmetric elevation of the right hemidiaphragm, of uncertain chronicity. There is mild basilar bronchovascular crowding, without evidence of focal airspace disease. Heart is XXXX within normal limits for low lung volumes and AP technique. There is no pneumothorax or large pleural effusion.","Low lung volume exam. Otherwise, no acute findings. .",None.,1519,IU_1519,,,,,,success
IU_1519,1519,syntactic_incomplete,incomplete,Acute mental status changes.,Acute mental status changes and,external_data/IU-Xray/images/IU_1519_frontal.jpg,external_data/IU-Xray/images/IU_1519_lateral.jpg,"Lungs are mildly hypoinflated with asymmetric elevation of the right hemidiaphragm, of uncertain chronicity. There is mild basilar bronchovascular crowding, without evidence of focal airspace disease. Heart is XXXX within normal limits for low lung volumes and AP technique. There is no pneumothorax or large pleural effusion.","Low lung volume exam. Otherwise, no acute findings. .",None.,1519,IU_1519,,appended_conjunction_fallback,,,,success
IU_1519,1519,evidentiary_incomplete,incomplete,Acute mental status changes.,Clinical evaluation.,external_data/IU-Xray/images/IU_1519_frontal.jpg,external_data/IU-Xray/images/IU_1519_lateral.jpg,"Lungs are mildly hypoinflated with asymmetric elevation of the right hemidiaphragm, of uncertain chronicity. There is mild basilar bronchovascular crowding, without evidence of focal airspace disease. Heart is XXXX within normal limits for low lung volumes and AP technique. There is no pneumothorax or large pleural effusion.","Low lung volume exam. Otherwise, no acute findings. .",None.,1519,IU_1519,Acute mental status changes,fallback_generalization,,,,success
IU_1519,1519,irrelevant,irrelevant,Acute mental status changes.,Kidney transplant evaluation.,external_data/IU-Xray/images/IU_1519_frontal.jpg,external_data/IU-Xray/images/IU_1519_lateral.jpg,"Lungs are mildly hypoinflated with asymmetric elevation of the right hemidiaphragm, of uncertain chronicity. There is mild basilar bronchovascular crowding, without evidence of focal airspace disease. Heart is XXXX within normal limits for low lung volumes and AP technique. There is no pneumothorax or large pleural effusion.","Low lung volume exam. Otherwise, no acute findings. .",None.,2967,IU_2967,,,,,,success
IU_1519,1519,conflicting,conflicting,Acute mental status changes.,"Patient presenting with sudden onset shortness of breath following trauma, evaluate acute pneumothorax.",external_data/IU-Xray/images/IU_1519_frontal.jpg,external_data/IU-Xray/images/IU_1519_lateral.jpg,"Lungs are mildly hypoinflated with asymmetric elevation of the right hemidiaphragm, of uncertain chronicity. There is mild basilar bronchovascular crowding, without evidence of focal airspace disease. Heart is XXXX within normal limits for low lung volumes and AP technique. There is no pneumothorax or large pleural effusion.","Low lung volume exam. Otherwise, no acute findings. .",None.,1519,IU_1519,,,pneumothorax_absence,reference_evidence_contradiction,no pneumothorax reported in reference findings/impression,success
IU_1519,1519,insufficient,insufficient,Acute mental status changes.,,external_data/IU-Xray/images/IU_1519_frontal.jpg,external_data/IU-Xray/images/IU_1519_lateral.jpg,"Lungs are mildly hypoinflated with asymmetric elevation of the right hemidiaphragm, of uncertain chronicity. There is mild basilar bronchovascular crowding, without evidence of focal airspace disease. Heart is XXXX within normal limits for low lung volumes and AP technique. There is no pneumothorax or large pleural effusion.","Low lung volume exam. Otherwise, no acute findings. .",None.,1519,IU_1519,,,,,,success
IU_1556,1556,sufficient,sufficient,XXXX-year-old male with history of XXXX.,XXXX-year-old male with history of XXXX.,external_data/IU-Xray/images/IU_1556_frontal.jpg,external_data/IU-Xray/images/IU_1556_lateral.jpg,Heart size appears upper limits of normal. Tortuous aorta. Otherwise normal mediastinum. Confluent and XXXX opacities seen within the left base. There are no visible nodules or masses. No visible pneumothorax. The XXXX are grossly normal. There is no visible free intraperitoneal air under the diaphragm.,1. Left basilar mixed interstitial and alveolar infiltrate. Interval followup to resolution is recommended.,PA and lateral chest x-XXXX dated XXXX.,1556,IU_1556,,,,,,success
IU_1556,1556,syntactic_incomplete,incomplete,XXXX-year-old male with history of XXXX.,XXXX-year-old male with history of,external_data/IU-Xray/images/IU_1556_frontal.jpg,external_data/IU-Xray/images/IU_1556_lateral.jpg,Heart size appears upper limits of normal. Tortuous aorta. Otherwise normal mediastinum. Confluent and XXXX opacities seen within the left base. There are no visible nodules or masses. No visible pneumothorax. The XXXX are grossly normal. There is no visible free intraperitoneal air under the diaphragm.,1. Left basilar mixed interstitial and alveolar infiltrate. Interval followup to resolution is recommended.,PA and lateral chest x-XXXX dated XXXX.,1556,IU_1556,,pattern_truncation,,,,success
IU_1556,1556,evidentiary_incomplete,incomplete,XXXX-year-old male with history of XXXX.,"XXXX-year-old male, clinical evaluation.",external_data/IU-Xray/images/IU_1556_frontal.jpg,external_data/IU-Xray/images/IU_1556_lateral.jpg,Heart size appears upper limits of normal. Tortuous aorta. Otherwise normal mediastinum. Confluent and XXXX opacities seen within the left base. There are no visible nodules or masses. No visible pneumothorax. The XXXX are grossly normal. There is no visible free intraperitoneal air under the diaphragm.,1. Left basilar mixed interstitial and alveolar infiltrate. Interval followup to resolution is recommended.,PA and lateral chest x-XXXX dated XXXX.,1556,IU_1556,with history of XXXX,prepositional_phrase_removal_with_general_indication,,,,success
IU_1556,1556,irrelevant,irrelevant,XXXX-year-old male with history of XXXX.,"XXXX-year-old male, preop evaluation. History of tobacco use.",external_data/IU-Xray/images/IU_1556_frontal.jpg,external_data/IU-Xray/images/IU_1556_lateral.jpg,Heart size appears upper limits of normal. Tortuous aorta. Otherwise normal mediastinum. Confluent and XXXX opacities seen within the left base. There are no visible nodules or masses. No visible pneumothorax. The XXXX are grossly normal. There is no visible free intraperitoneal air under the diaphragm.,1. Left basilar mixed interstitial and alveolar infiltrate. Interval followup to resolution is recommended.,PA and lateral chest x-XXXX dated XXXX.,2822,IU_2822,,,,,,success
IU_1556,1556,conflicting,conflicting,XXXX-year-old male with history of XXXX.,"Routine follow-up chest radiograph, no trauma or pneumothorax suspected.",external_data/IU-Xray/images/IU_1556_frontal.jpg,external_data/IU-Xray/images/IU_1556_lateral.jpg,Heart size appears upper limits of normal. Tortuous aorta. Otherwise normal mediastinum. Confluent and XXXX opacities seen within the left base. There are no visible nodules or masses. No visible pneumothorax. The XXXX are grossly normal. There is no visible free intraperitoneal air under the diaphragm.,1. Left basilar mixed interstitial and alveolar infiltrate. Interval followup to resolution is recommended.,PA and lateral chest x-XXXX dated XXXX.,1556,IU_1556,,,pneumothorax_presence,reference_evidence_contradiction,pneumothorax present in reference findings/impression,success
IU_1556,1556,insufficient,insufficient,XXXX-year-old male with history of XXXX.,,external_data/IU-Xray/images/IU_1556_frontal.jpg,external_data/IU-Xray/images/IU_1556_lateral.jpg,Heart size appears upper limits of normal. Tortuous aorta. Otherwise normal mediastinum. Confluent and XXXX opacities seen within the left base. There are no visible nodules or masses. No visible pneumothorax. The XXXX are grossly normal. There is no visible free intraperitoneal air under the diaphragm.,1. Left basilar mixed interstitial and alveolar infiltrate. Interval followup to resolution is recommended.,PA and lateral chest x-XXXX dated XXXX.,1556,IU_1556,,,,,,success
IU_1568,1568,sufficient,sufficient,testis cancer,testis cancer,external_data/IU-Xray/images/IU_1568_frontal.jpg,external_data/IU-Xray/images/IU_1568_lateral.jpg,The heart is normal in size. The mediastinum is unremarkable. The lungs are hypoinflated but clear.,No acute disease.,,1568,IU_1568,,,,,,success
IU_1568,1568,syntactic_incomplete,incomplete,testis cancer,testis cancer and,external_data/IU-Xray/images/IU_1568_frontal.jpg,external_data/IU-Xray/images/IU_1568_lateral.jpg,The heart is normal in size. The mediastinum is unremarkable. The lungs are hypoinflated but clear.,No acute disease.,,1568,IU_1568,,appended_conjunction_fallback,,,,success
IU_1568,1568,evidentiary_incomplete,incomplete,testis cancer,Cancer evaluation.,external_data/IU-Xray/images/IU_1568_frontal.jpg,external_data/IU-Xray/images/IU_1568_lateral.jpg,The heart is normal in size. The mediastinum is unremarkable. The lungs are hypoinflated but clear.,No acute disease.,,1568,IU_1568,testis cancer,evidenced_term_generalization,,,,success
IU_1568,1568,irrelevant,irrelevant,testis cancer,XXXX.,external_data/IU-Xray/images/IU_1568_frontal.jpg,external_data/IU-Xray/images/IU_1568_lateral.jpg,The heart is normal in size. The mediastinum is unremarkable. The lungs are hypoinflated but clear.,No acute disease.,,2147,IU_2147,,,,,,success
IU_1568,1568,conflicting,conflicting,testis cancer,"Patient with high fever and shortness of breath, evaluate acute multifocal pneumonia.",external_data/IU-Xray/images/IU_1568_frontal.jpg,external_data/IU-Xray/images/IU_1568_lateral.jpg,The heart is normal in size. The mediastinum is unremarkable. The lungs are hypoinflated but clear.,No acute disease.,,1568,IU_1568,,,normal_exam_contradiction,reference_evidence_contradiction,reference report indicates clear/normal exam,success
IU_1568,1568,insufficient,insufficient,testis cancer,,external_data/IU-Xray/images/IU_1568_frontal.jpg,external_data/IU-Xray/images/IU_1568_lateral.jpg,The heart is normal in size. The mediastinum is unremarkable. The lungs are hypoinflated but clear.,No acute disease.,,1568,IU_1568,,,,,,success
IU_1625,1625,sufficient,sufficient,Ramicade therapy; evaluate for tuberculosis,Ramicade therapy; evaluate for tuberculosis,external_data/IU-Xray/images/IU_1625_frontal.jpg,external_data/IU-Xray/images/IU_1625_lateral.jpg,The heart is normal in size. The mediastinum is stable. Atherosclerotic calcifications of the aortic XXXX are present. The lungs are clear.,No acute disease.,XXXX,1625,IU_1625,,,,,,success
IU_1625,1625,syntactic_incomplete,incomplete,Ramicade therapy; evaluate for tuberculosis,Ramicade therapy; evaluate for,external_data/IU-Xray/images/IU_1625_frontal.jpg,external_data/IU-Xray/images/IU_1625_lateral.jpg,The heart is normal in size. The mediastinum is stable. Atherosclerotic calcifications of the aortic XXXX are present. The lungs are clear.,No acute disease.,XXXX,1625,IU_1625,,preposition_truncation,,,,success
IU_1625,1625,evidentiary_incomplete,incomplete,Ramicade therapy; evaluate for tuberculosis,evaluate for tuberculosis.,external_data/IU-Xray/images/IU_1625_frontal.jpg,external_data/IU-Xray/images/IU_1625_lateral.jpg,The heart is normal in size. The mediastinum is stable. Atherosclerotic calcifications of the aortic XXXX are present. The lungs are clear.,No acute disease.,XXXX,1625,IU_1625,Ramicade therapy,clause_clinical_removal,,,,success
IU_1625,1625,irrelevant,irrelevant,Ramicade therapy; evaluate for tuberculosis,XXXX and congestion,external_data/IU-Xray/images/IU_1625_frontal.jpg,external_data/IU-Xray/images/IU_1625_lateral.jpg,The heart is normal in size. The mediastinum is stable. Atherosclerotic calcifications of the aortic XXXX are present. The lungs are clear.,No acute disease.,XXXX,169,IU_169,,,,,,success
IU_1625,1625,conflicting,conflicting,Ramicade therapy; evaluate for tuberculosis,"Patient with high fever and shortness of breath, evaluate acute multifocal pneumonia.",external_data/IU-Xray/images/IU_1625_frontal.jpg,external_data/IU-Xray/images/IU_1625_lateral.jpg,The heart is normal in size. The mediastinum is stable. Atherosclerotic calcifications of the aortic XXXX are present. The lungs are clear.,No acute disease.,XXXX,1625,IU_1625,,,normal_exam_contradiction,reference_evidence_contradiction,reference report indicates clear/normal exam,success
IU_1625,1625,insufficient,insufficient,Ramicade therapy; evaluate for tuberculosis,,external_data/IU-Xray/images/IU_1625_frontal.jpg,external_data/IU-Xray/images/IU_1625_lateral.jpg,The heart is normal in size. The mediastinum is stable. Atherosclerotic calcifications of the aortic XXXX are present. The lungs are clear.,No acute disease.,XXXX,1625,IU_1625,,,,,,success
IU_1630,1630,sufficient,sufficient,XXXX for one XXXX.,XXXX for one XXXX.,external_data/IU-Xray/images/IU_1630_frontal.jpg,external_data/IU-Xray/images/IU_1630_lateral.jpg,"2 images. There is a poorly defined lung nodule in the right upper lobe measuring approximately 7 mm and partially superimposed upon anterior right second rib. Otherwise, the lungs are clear. No pleural effusion or pneumothorax. Heart size is normal. Critical result notification documented through Primordial.",7 mm right upper lobe lung nodule. Recommend followup characterization with XXXX.,None. Clinical,1630,IU_1630,,,,,,success
IU_1630,1630,syntactic_incomplete,incomplete,XXXX for one XXXX.,XXXX for,external_data/IU-Xray/images/IU_1630_frontal.jpg,external_data/IU-Xray/images/IU_1630_lateral.jpg,"2 images. There is a poorly defined lung nodule in the right upper lobe measuring approximately 7 mm and partially superimposed upon anterior right second rib. Otherwise, the lungs are clear. No pleural effusion or pneumothorax. Heart size is normal. Critical result notification documented through Primordial.",7 mm right upper lobe lung nodule. Recommend followup characterization with XXXX.,None. Clinical,1630,IU_1630,,preposition_truncation,,,,success
IU_1630,1630,evidentiary_incomplete,incomplete,XXXX for one XXXX.,XXXX.,external_data/IU-Xray/images/IU_1630_frontal.jpg,external_data/IU-Xray/images/IU_1630_lateral.jpg,"2 images. There is a poorly defined lung nodule in the right upper lobe measuring approximately 7 mm and partially superimposed upon anterior right second rib. Otherwise, the lungs are clear. No pleural effusion or pneumothorax. Heart size is normal. Critical result notification documented through Primordial.",7 mm right upper lobe lung nodule. Recommend followup characterization with XXXX.,None. Clinical,1630,IU_1630,for one XXXX,prepositional_phrase_removal_for_phrase,,,,success
IU_1630,1630,irrelevant,irrelevant,XXXX for one XXXX.,XXXX-XXXX,external_data/IU-Xray/images/IU_1630_frontal.jpg,external_data/IU-Xray/images/IU_1630_lateral.jpg,"2 images. There is a poorly defined lung nodule in the right upper lobe measuring approximately 7 mm and partially superimposed upon anterior right second rib. Otherwise, the lungs are clear. No pleural effusion or pneumothorax. Heart size is normal. Critical result notification documented through Primordial.",7 mm right upper lobe lung nodule. Recommend followup characterization with XXXX.,None. Clinical,3515,IU_3515,,,,,,success
IU_1630,1630,conflicting,conflicting,XXXX for one XXXX.,"Routine follow-up chest radiograph, no trauma or pneumothorax suspected.",external_data/IU-Xray/images/IU_1630_frontal.jpg,external_data/IU-Xray/images/IU_1630_lateral.jpg,"2 images. There is a poorly defined lung nodule in the right upper lobe measuring approximately 7 mm and partially superimposed upon anterior right second rib. Otherwise, the lungs are clear. No pleural effusion or pneumothorax. Heart size is normal. Critical result notification documented through Primordial.",7 mm right upper lobe lung nodule. Recommend followup characterization with XXXX.,None. Clinical,1630,IU_1630,,,pneumothorax_presence,reference_evidence_contradiction,pneumothorax present in reference findings/impression,success
IU_1630,1630,insufficient,insufficient,XXXX for one XXXX.,,external_data/IU-Xray/images/IU_1630_frontal.jpg,external_data/IU-Xray/images/IU_1630_lateral.jpg,"2 images. There is a poorly defined lung nodule in the right upper lobe measuring approximately 7 mm and partially superimposed upon anterior right second rib. Otherwise, the lungs are clear. No pleural effusion or pneumothorax. Heart size is normal. Critical result notification documented through Primordial.",7 mm right upper lobe lung nodule. Recommend followup characterization with XXXX.,None. Clinical,1630,IU_1630,,,,,,success
IU_1667,1667,sufficient,sufficient,XXXX-year-old male with preoperative prostate surgery. No chest complaints. Hypertension.,XXXX-year-old male with preoperative prostate surgery. No chest complaints. Hypertension.,external_data/IU-Xray/images/IU_1667_frontal.jpg,external_data/IU-Xray/images/IU_1667_lateral.jpg,The cardiac and mediastinal silhouettes are normal. The lungs are well-expanded and clear. There is no focal airspace opacity. There is no pneumothorax or effusion. There is irregularity of the 7th posterior right rib with underlying pleural thickening.,"1. No evidence of acute cardiopulmonary process. 2. Irregularity of the posterior right 7th rib with underlying pleural thickening. This may be related to XXXX XXXX, however, if there is no known history, consider comparison with prior studies if available XXXX of the chest for further evaluation",None.,1667,IU_1667,,,,,,success
IU_1667,1667,syntactic_incomplete,incomplete,XXXX-year-old male with preoperative prostate surgery. No chest complaints. Hypertension.,XXXX-year-old male with,external_data/IU-Xray/images/IU_1667_frontal.jpg,external_data/IU-Xray/images/IU_1667_lateral.jpg,The cardiac and mediastinal silhouettes are normal. The lungs are well-expanded and clear. There is no focal airspace opacity. There is no pneumothorax or effusion. There is irregularity of the 7th posterior right rib with underlying pleural thickening.,"1. No evidence of acute cardiopulmonary process. 2. Irregularity of the posterior right 7th rib with underlying pleural thickening. This may be related to XXXX XXXX, however, if there is no known history, consider comparison with prior studies if available XXXX of the chest for further evaluation",None.,1667,IU_1667,,preposition_truncation,,,,success
IU_1667,1667,evidentiary_incomplete,incomplete,XXXX-year-old male with preoperative prostate surgery. No chest complaints. Hypertension.,No chest complaints. Hypertension.,external_data/IU-Xray/images/IU_1667_frontal.jpg,external_data/IU-Xray/images/IU_1667_lateral.jpg,The cardiac and mediastinal silhouettes are normal. The lungs are well-expanded and clear. There is no focal airspace opacity. There is no pneumothorax or effusion. There is irregularity of the 7th posterior right rib with underlying pleural thickening.,"1. No evidence of acute cardiopulmonary process. 2. Irregularity of the posterior right 7th rib with underlying pleural thickening. This may be related to XXXX XXXX, however, if there is no known history, consider comparison with prior studies if available XXXX of the chest for further evaluation",None.,1667,IU_1667,XXXX-year-old male with preoperative prostate surgery,sentence_clinical_removal,,,,success
IU_1667,1667,irrelevant,irrelevant,XXXX-year-old male with preoperative prostate surgery. No chest complaints. Hypertension.,Dyspnea,external_data/IU-Xray/images/IU_1667_frontal.jpg,external_data/IU-Xray/images/IU_1667_lateral.jpg,The cardiac and mediastinal silhouettes are normal. The lungs are well-expanded and clear. There is no focal airspace opacity. There is no pneumothorax or effusion. There is irregularity of the 7th posterior right rib with underlying pleural thickening.,"1. No evidence of acute cardiopulmonary process. 2. Irregularity of the posterior right 7th rib with underlying pleural thickening. This may be related to XXXX XXXX, however, if there is no known history, consider comparison with prior studies if available XXXX of the chest for further evaluation",None.,1894,IU_1894,,,,,,success
IU_1667,1667,conflicting,conflicting,XXXX-year-old male with preoperative prostate surgery. No chest complaints. Hypertension.,"Patient presenting with sudden onset shortness of breath following trauma, evaluate acute pneumothorax.",external_data/IU-Xray/images/IU_1667_frontal.jpg,external_data/IU-Xray/images/IU_1667_lateral.jpg,The cardiac and mediastinal silhouettes are normal. The lungs are well-expanded and clear. There is no focal airspace opacity. There is no pneumothorax or effusion. There is irregularity of the 7th posterior right rib with underlying pleural thickening.,"1. No evidence of acute cardiopulmonary process. 2. Irregularity of the posterior right 7th rib with underlying pleural thickening. This may be related to XXXX XXXX, however, if there is no known history, consider comparison with prior studies if available XXXX of the chest for further evaluation",None.,1667,IU_1667,,,pneumothorax_absence,reference_evidence_contradiction,no pneumothorax reported in reference findings/impression,success
IU_1667,1667,insufficient,insufficient,XXXX-year-old male with preoperative prostate surgery. No chest complaints. Hypertension.,,external_data/IU-Xray/images/IU_1667_frontal.jpg,external_data/IU-Xray/images/IU_1667_lateral.jpg,The cardiac and mediastinal silhouettes are normal. The lungs are well-expanded and clear. There is no focal airspace opacity. There is no pneumothorax or effusion. There is irregularity of the 7th posterior right rib with underlying pleural thickening.,"1. No evidence of acute cardiopulmonary process. 2. Irregularity of the posterior right 7th rib with underlying pleural thickening. This may be related to XXXX XXXX, however, if there is no known history, consider comparison with prior studies if available XXXX of the chest for further evaluation",None.,1667,IU_1667,,,,,,success
IU_1676,1676,sufficient,sufficient,Preoperative evaluation. Patient on home oxygen.,Preoperative evaluation. Patient on home oxygen.,external_data/IU-Xray/images/IU_1676_frontal.jpg,external_data/IU-Xray/images/IU_1676_lateral.jpg,"Heart size and mediastinal contour within normal limits. Aortic atherosclerotic calcifications. Emphysematous changes. Nodular densities projecting over right anterior fifth and six ribs. No focal airspace consolidation, pneumothorax, or large pleural effusion. No acute osseous abnormality.",Nodular densities projecting over right 5th and 6th ribs may healing rib fracture; XXXX recommended to rule-out underlying pulmonary nodule. XXXX level Veriphy message was sent XXXX. XXXX regarding possible lung nodules at XXXX hours XXXX/XXXX.,AP chest radiograph XXXX,1676,IU_1676,,,,,,success
IU_1676,1676,syntactic_incomplete,incomplete,Preoperative evaluation. Patient on home oxygen.,Preoperative evaluation. Patient on,external_data/IU-Xray/images/IU_1676_frontal.jpg,external_data/IU-Xray/images/IU_1676_lateral.jpg,"Heart size and mediastinal contour within normal limits. Aortic atherosclerotic calcifications. Emphysematous changes. Nodular densities projecting over right anterior fifth and six ribs. No focal airspace consolidation, pneumothorax, or large pleural effusion. No acute osseous abnormality.",Nodular densities projecting over right 5th and 6th ribs may healing rib fracture; XXXX recommended to rule-out underlying pulmonary nodule. XXXX level Veriphy message was sent XXXX. XXXX regarding possible lung nodules at XXXX hours XXXX/XXXX.,AP chest radiograph XXXX,1676,IU_1676,,right_truncation,,,,success
IU_1676,1676,evidentiary_incomplete,incomplete,Preoperative evaluation. Patient on home oxygen.,Clinical evaluation.,external_data/IU-Xray/images/IU_1676_frontal.jpg,external_data/IU-Xray/images/IU_1676_lateral.jpg,"Heart size and mediastinal contour within normal limits. Aortic atherosclerotic calcifications. Emphysematous changes. Nodular densities projecting over right anterior fifth and six ribs. No focal airspace consolidation, pneumothorax, or large pleural effusion. No acute osseous abnormality.",Nodular densities projecting over right 5th and 6th ribs may healing rib fracture; XXXX recommended to rule-out underlying pulmonary nodule. XXXX level Veriphy message was sent XXXX. XXXX regarding possible lung nodules at XXXX hours XXXX/XXXX.,AP chest radiograph XXXX,1676,IU_1676,Preoperative evaluation. Patient on home oxygen,fallback_generalization,,,,success
IU_1676,1676,irrelevant,irrelevant,Preoperative evaluation. Patient on home oxygen.,"XXXX-year-old male, XXXX, MVA",external_data/IU-Xray/images/IU_1676_frontal.jpg,external_data/IU-Xray/images/IU_1676_lateral.jpg,"Heart size and mediastinal contour within normal limits. Aortic atherosclerotic calcifications. Emphysematous changes. Nodular densities projecting over right anterior fifth and six ribs. No focal airspace consolidation, pneumothorax, or large pleural effusion. No acute osseous abnormality.",Nodular densities projecting over right 5th and 6th ribs may healing rib fracture; XXXX recommended to rule-out underlying pulmonary nodule. XXXX level Veriphy message was sent XXXX. XXXX regarding possible lung nodules at XXXX hours XXXX/XXXX.,AP chest radiograph XXXX,521,IU_521,,,,,,success
IU_1676,1676,conflicting,conflicting,Preoperative evaluation. Patient on home oxygen.,"Routine follow-up chest radiograph, no trauma or pneumothorax suspected.",external_data/IU-Xray/images/IU_1676_frontal.jpg,external_data/IU-Xray/images/IU_1676_lateral.jpg,"Heart size and mediastinal contour within normal limits. Aortic atherosclerotic calcifications. Emphysematous changes. Nodular densities projecting over right anterior fifth and six ribs. No focal airspace consolidation, pneumothorax, or large pleural effusion. No acute osseous abnormality.",Nodular densities projecting over right 5th and 6th ribs may healing rib fracture; XXXX recommended to rule-out underlying pulmonary nodule. XXXX level Veriphy message was sent XXXX. XXXX regarding possible lung nodules at XXXX hours XXXX/XXXX.,AP chest radiograph XXXX,1676,IU_1676,,,pneumothorax_presence,reference_evidence_contradiction,pneumothorax present in reference findings/impression,success
IU_1676,1676,insufficient,insufficient,Preoperative evaluation. Patient on home oxygen.,,external_data/IU-Xray/images/IU_1676_frontal.jpg,external_data/IU-Xray/images/IU_1676_lateral.jpg,"Heart size and mediastinal contour within normal limits. Aortic atherosclerotic calcifications. Emphysematous changes. Nodular densities projecting over right anterior fifth and six ribs. No focal airspace consolidation, pneumothorax, or large pleural effusion. No acute osseous abnormality.",Nodular densities projecting over right 5th and 6th ribs may healing rib fracture; XXXX recommended to rule-out underlying pulmonary nodule. XXXX level Veriphy message was sent XXXX. XXXX regarding possible lung nodules at XXXX hours XXXX/XXXX.,AP chest radiograph XXXX,1676,IU_1676,,,,,,success
IU_1683,1683,sufficient,sufficient,"XXXX, difficulty breathing. History of sarcoidosis.","XXXX, difficulty breathing. History of sarcoidosis.",external_data/IU-Xray/images/IU_1683_frontal.jpg,external_data/IU-Xray/images/IU_1683_lateral.jpg,"The XXXX examination consists of frontal and lateral radiographs of the chest. There are diminished lung volumes. Right greater than left bilateral hilar and subcarinal adenopathy is again seen. The cardiac silhouette is prominent but probably artifactually large due to diminished lung volumes. No focal consolidation, pleural effusion, or pneumothorax identified. There is a deformity of the left clavicle compatible with remote XXXX.",No evidence of acute cardiopulmonary process. Mediastinal and hilar adenopathy compatible with patient's known sarcoidosis.,XXXX XXXX.,1683,IU_1683,,,,,,success
IU_1683,1683,syntactic_incomplete,incomplete,"XXXX, difficulty breathing. History of sarcoidosis.","XXXX, difficulty breathing. History of",external_data/IU-Xray/images/IU_1683_frontal.jpg,external_data/IU-Xray/images/IU_1683_lateral.jpg,"The XXXX examination consists of frontal and lateral radiographs of the chest. There are diminished lung volumes. Right greater than left bilateral hilar and subcarinal adenopathy is again seen. The cardiac silhouette is prominent but probably artifactually large due to diminished lung volumes. No focal consolidation, pleural effusion, or pneumothorax identified. There is a deformity of the left clavicle compatible with remote XXXX.",No evidence of acute cardiopulmonary process. Mediastinal and hilar adenopathy compatible with patient's known sarcoidosis.,XXXX XXXX.,1683,IU_1683,,pattern_truncation,,,,success
IU_1683,1683,evidentiary_incomplete,incomplete,"XXXX, difficulty breathing. History of sarcoidosis.",History of sarcoidosis.,external_data/IU-Xray/images/IU_1683_frontal.jpg,external_data/IU-Xray/images/IU_1683_lateral.jpg,"The XXXX examination consists of frontal and lateral radiographs of the chest. There are diminished lung volumes. Right greater than left bilateral hilar and subcarinal adenopathy is again seen. The cardiac silhouette is prominent but probably artifactually large due to diminished lung volumes. No focal consolidation, pleural effusion, or pneumothorax identified. There is a deformity of the left clavicle compatible with remote XXXX.",No evidence of acute cardiopulmonary process. Mediastinal and hilar adenopathy compatible with patient's known sarcoidosis.,XXXX XXXX.,1683,IU_1683,"XXXX, difficulty breathing",sentence_clinical_removal,,,,success
IU_1683,1683,irrelevant,irrelevant,"XXXX, difficulty breathing. History of sarcoidosis.","Syncope with collapse, XXXX, pain",external_data/IU-Xray/images/IU_1683_frontal.jpg,external_data/IU-Xray/images/IU_1683_lateral.jpg,"The XXXX examination consists of frontal and lateral radiographs of the chest. There are diminished lung volumes. Right greater than left bilateral hilar and subcarinal adenopathy is again seen. The cardiac silhouette is prominent but probably artifactually large due to diminished lung volumes. No focal consolidation, pleural effusion, or pneumothorax identified. There is a deformity of the left clavicle compatible with remote XXXX.",No evidence of acute cardiopulmonary process. Mediastinal and hilar adenopathy compatible with patient's known sarcoidosis.,XXXX XXXX.,2828,IU_2828,,,,,,success
IU_1683,1683,conflicting,conflicting,"XXXX, difficulty breathing. History of sarcoidosis.","Routine follow-up chest radiograph, no trauma or pneumothorax suspected.",external_data/IU-Xray/images/IU_1683_frontal.jpg,external_data/IU-Xray/images/IU_1683_lateral.jpg,"The XXXX examination consists of frontal and lateral radiographs of the chest. There are diminished lung volumes. Right greater than left bilateral hilar and subcarinal adenopathy is again seen. The cardiac silhouette is prominent but probably artifactually large due to diminished lung volumes. No focal consolidation, pleural effusion, or pneumothorax identified. There is a deformity of the left clavicle compatible with remote XXXX.",No evidence of acute cardiopulmonary process. Mediastinal and hilar adenopathy compatible with patient's known sarcoidosis.,XXXX XXXX.,1683,IU_1683,,,pneumothorax_presence,reference_evidence_contradiction,pneumothorax present in reference findings/impression,success
IU_1683,1683,insufficient,insufficient,"XXXX, difficulty breathing. History of sarcoidosis.",,external_data/IU-Xray/images/IU_1683_frontal.jpg,external_data/IU-Xray/images/IU_1683_lateral.jpg,"The XXXX examination consists of frontal and lateral radiographs of the chest. There are diminished lung volumes. Right greater than left bilateral hilar and subcarinal adenopathy is again seen. The cardiac silhouette is prominent but probably artifactually large due to diminished lung volumes. No focal consolidation, pleural effusion, or pneumothorax identified. There is a deformity of the left clavicle compatible with remote XXXX.",No evidence of acute cardiopulmonary process. Mediastinal and hilar adenopathy compatible with patient's known sarcoidosis.,XXXX XXXX.,1683,IU_1683,,,,,,success
IU_1689,1689,sufficient,sufficient,XXXX-year-old with XXXX.,XXXX-year-old with XXXX.,external_data/IU-Xray/images/IU_1689_frontal.jpg,external_data/IU-Xray/images/IU_1689_lateral.jpg,"Heart size and mediastinal contours appear within normal limits. Pulmonary vascularity is within normal limits. No focal consolidation, suspicious pulmonary opacity, pneumothorax or definite pleural effusion. Visualized osseous structures appear intact.",No acute cardiopulmonary abnormality.,XXXX.,1689,IU_1689,,,,,,success
IU_1689,1689,syntactic_incomplete,incomplete,XXXX-year-old with XXXX.,XXXX-year-old with,external_data/IU-Xray/images/IU_1689_frontal.jpg,external_data/IU-Xray/images/IU_1689_lateral.jpg,"Heart size and mediastinal contours appear within normal limits. Pulmonary vascularity is within normal limits. No focal consolidation, suspicious pulmonary opacity, pneumothorax or definite pleural effusion. Visualized osseous structures appear intact.",No acute cardiopulmonary abnormality.,XXXX.,1689,IU_1689,,preposition_truncation,,,,success
IU_1689,1689,evidentiary_incomplete,incomplete,XXXX-year-old with XXXX.,"XXXX-year-old, clinical evaluation.",external_data/IU-Xray/images/IU_1689_frontal.jpg,external_data/IU-Xray/images/IU_1689_lateral.jpg,"Heart size and mediastinal contours appear within normal limits. Pulmonary vascularity is within normal limits. No focal consolidation, suspicious pulmonary opacity, pneumothorax or definite pleural effusion. Visualized osseous structures appear intact.",No acute cardiopulmonary abnormality.,XXXX.,1689,IU_1689,with XXXX,prepositional_phrase_removal_with_general_indication,,,,success
IU_1689,1689,irrelevant,irrelevant,XXXX-year-old with XXXX.,"Preop hernia repair, asthma.",external_data/IU-Xray/images/IU_1689_frontal.jpg,external_data/IU-Xray/images/IU_1689_lateral.jpg,"Heart size and mediastinal contours appear within normal limits. Pulmonary vascularity is within normal limits. No focal consolidation, suspicious pulmonary opacity, pneumothorax or definite pleural effusion. Visualized osseous structures appear intact.",No acute cardiopulmonary abnormality.,XXXX.,282,IU_282,,,,,,success
IU_1689,1689,conflicting,conflicting,XXXX-year-old with XXXX.,"Routine follow-up chest radiograph, no trauma or pneumothorax suspected.",external_data/IU-Xray/images/IU_1689_frontal.jpg,external_data/IU-Xray/images/IU_1689_lateral.jpg,"Heart size and mediastinal contours appear within normal limits. Pulmonary vascularity is within normal limits. No focal consolidation, suspicious pulmonary opacity, pneumothorax or definite pleural effusion. Visualized osseous structures appear intact.",No acute cardiopulmonary abnormality.,XXXX.,1689,IU_1689,,,pneumothorax_presence,reference_evidence_contradiction,pneumothorax present in reference findings/impression,success
IU_1689,1689,insufficient,insufficient,XXXX-year-old with XXXX.,,external_data/IU-Xray/images/IU_1689_frontal.jpg,external_data/IU-Xray/images/IU_1689_lateral.jpg,"Heart size and mediastinal contours appear within normal limits. Pulmonary vascularity is within normal limits. No focal consolidation, suspicious pulmonary opacity, pneumothorax or definite pleural effusion. Visualized osseous structures appear intact.",No acute cardiopulmonary abnormality.,XXXX.,1689,IU_1689,,,,,,success
IU_1710,1710,sufficient,sufficient,Chest pressure. No known XXXX.,Chest pressure. No known XXXX.,external_data/IU-Xray/images/IU_1710_frontal.jpg,external_data/IU-Xray/images/IU_1710_lateral.jpg,Heart size is normal. Lungs are clear. No pneumothorax or pleural effusion.,No acute cardiopulmonary findings.,None.,1710,IU_1710,,,,,,success
IU_1710,1710,syntactic_incomplete,incomplete,Chest pressure. No known XXXX.,Chest pressure. No known XXXX and,external_data/IU-Xray/images/IU_1710_frontal.jpg,external_data/IU-Xray/images/IU_1710_lateral.jpg,Heart size is normal. Lungs are clear. No pneumothorax or pleural effusion.,No acute cardiopulmonary findings.,None.,1710,IU_1710,,appended_conjunction_fallback,,,,success
IU_1710,1710,evidentiary_incomplete,incomplete,Chest pressure. No known XXXX.,No known XXXX.,external_data/IU-Xray/images/IU_1710_frontal.jpg,external_data/IU-Xray/images/IU_1710_lateral.jpg,Heart size is normal. Lungs are clear. No pneumothorax or pleural effusion.,No acute cardiopulmonary findings.,None.,1710,IU_1710,Chest pressure,sentence_clinical_removal,,,,success
IU_1710,1710,irrelevant,irrelevant,Chest pressure. No known XXXX.,"XXXX-year-old male, status post chest tube with pneumothorax",external_data/IU-Xray/images/IU_1710_frontal.jpg,external_data/IU-Xray/images/IU_1710_lateral.jpg,Heart size is normal. Lungs are clear. No pneumothorax or pleural effusion.,No acute cardiopulmonary findings.,None.,253,IU_253,,,,,,success
IU_1710,1710,conflicting,conflicting,Chest pressure. No known XXXX.,"Patient presenting with sudden onset shortness of breath following trauma, evaluate acute pneumothorax.",external_data/IU-Xray/images/IU_1710_frontal.jpg,external_data/IU-Xray/images/IU_1710_lateral.jpg,Heart size is normal. Lungs are clear. No pneumothorax or pleural effusion.,No acute cardiopulmonary findings.,None.,1710,IU_1710,,,pneumothorax_absence,reference_evidence_contradiction,no pneumothorax reported in reference findings/impression,success
IU_1710,1710,insufficient,insufficient,Chest pressure. No known XXXX.,,external_data/IU-Xray/images/IU_1710_frontal.jpg,external_data/IU-Xray/images/IU_1710_lateral.jpg,Heart size is normal. Lungs are clear. No pneumothorax or pleural effusion.,No acute cardiopulmonary findings.,None.,1710,IU_1710,,,,,,success
IU_1730,1730,sufficient,sufficient,XXXX,XXXX,external_data/IU-Xray/images/IU_1730_frontal.jpg,external_data/IU-Xray/images/IU_1730_lateral.jpg,"The trachea is midline. Cardiomediastinal silhouette is normal. The lungs are clear, without evidence of acute infiltrate or effusion. There is no pneumothorax. The bony structures reveal no acute abnormalities. Lateral view reveals mild degenerative changes of the thoracic spine.",No acute cardiopulmonary abnormalities.,"chest x-XXXX and lateral from XXXX, XXXX.",1730,IU_1730,,,,,,success
IU_1730,1730,syntactic_incomplete,incomplete,XXXX,XXXX and,external_data/IU-Xray/images/IU_1730_frontal.jpg,external_data/IU-Xray/images/IU_1730_lateral.jpg,"The trachea is midline. Cardiomediastinal silhouette is normal. The lungs are clear, without evidence of acute infiltrate or effusion. There is no pneumothorax. The bony structures reveal no acute abnormalities. Lateral view reveals mild degenerative changes of the thoracic spine.",No acute cardiopulmonary abnormalities.,"chest x-XXXX and lateral from XXXX, XXXX.",1730,IU_1730,,appended_conjunction_fallback,,,,success
IU_1730,1730,evidentiary_incomplete,incomplete,XXXX,Clinical evaluation.,external_data/IU-Xray/images/IU_1730_frontal.jpg,external_data/IU-Xray/images/IU_1730_lateral.jpg,"The trachea is midline. Cardiomediastinal silhouette is normal. The lungs are clear, without evidence of acute infiltrate or effusion. There is no pneumothorax. The bony structures reveal no acute abnormalities. Lateral view reveals mild degenerative changes of the thoracic spine.",No acute cardiopulmonary abnormalities.,"chest x-XXXX and lateral from XXXX, XXXX.",1730,IU_1730,XXXX,single_symptom_generalization,,,,success
IU_1730,1730,irrelevant,irrelevant,XXXX,XXXX-year-old female. Pain.,external_data/IU-Xray/images/IU_1730_frontal.jpg,external_data/IU-Xray/images/IU_1730_lateral.jpg,"The trachea is midline. Cardiomediastinal silhouette is normal. The lungs are clear, without evidence of acute infiltrate or effusion. There is no pneumothorax. The bony structures reveal no acute abnormalities. Lateral view reveals mild degenerative changes of the thoracic spine.",No acute cardiopulmonary abnormalities.,"chest x-XXXX and lateral from XXXX, XXXX.",1388,IU_1388,,,,,,success
IU_1730,1730,conflicting,conflicting,XXXX,"Patient presenting with sudden onset shortness of breath following trauma, evaluate acute pneumothorax.",external_data/IU-Xray/images/IU_1730_frontal.jpg,external_data/IU-Xray/images/IU_1730_lateral.jpg,"The trachea is midline. Cardiomediastinal silhouette is normal. The lungs are clear, without evidence of acute infiltrate or effusion. There is no pneumothorax. The bony structures reveal no acute abnormalities. Lateral view reveals mild degenerative changes of the thoracic spine.",No acute cardiopulmonary abnormalities.,"chest x-XXXX and lateral from XXXX, XXXX.",1730,IU_1730,,,pneumothorax_absence,reference_evidence_contradiction,no pneumothorax reported in reference findings/impression,success
IU_1730,1730,insufficient,insufficient,XXXX,,external_data/IU-Xray/images/IU_1730_frontal.jpg,external_data/IU-Xray/images/IU_1730_lateral.jpg,"The trachea is midline. Cardiomediastinal silhouette is normal. The lungs are clear, without evidence of acute infiltrate or effusion. There is no pneumothorax. The bony structures reveal no acute abnormalities. Lateral view reveals mild degenerative changes of the thoracic spine.",No acute cardiopulmonary abnormalities.,"chest x-XXXX and lateral from XXXX, XXXX.",1730,IU_1730,,,,,,success
IU_1796,1796,sufficient,sufficient,XXXX-year-old female with history of right cervical lymphadenopathy..,XXXX-year-old female with history of right cervical lymphadenopathy..,external_data/IU-Xray/images/IU_1796_frontal.jpg,external_data/IU-Xray/images/IU_1796_lateral.jpg,"The lungs are clear bilaterally. Specifically, no evidence of focal consolidation, pneumothorax, or pleural effusion.. Cardio mediastinal silhouette is unremarkable. Visualized osseous structures of the thorax are without acute abnormality.",No acute cardiopulmonary abnormality..,"Two-view chest dated XXXX, XXXX.",1796,IU_1796,,,,,,success
IU_1796,1796,syntactic_incomplete,incomplete,XXXX-year-old female with history of right cervical lymphadenopathy..,XXXX-year-old female with history of,external_data/IU-Xray/images/IU_1796_frontal.jpg,external_data/IU-Xray/images/IU_1796_lateral.jpg,"The lungs are clear bilaterally. Specifically, no evidence of focal consolidation, pneumothorax, or pleural effusion.. Cardio mediastinal silhouette is unremarkable. Visualized osseous structures of the thorax are without acute abnormality.",No acute cardiopulmonary abnormality..,"Two-view chest dated XXXX, XXXX.",1796,IU_1796,,pattern_truncation,,,,success
IU_1796,1796,evidentiary_incomplete,incomplete,XXXX-year-old female with history of right cervical lymphadenopathy..,"XXXX-year-old female, clinical evaluation.",external_data/IU-Xray/images/IU_1796_frontal.jpg,external_data/IU-Xray/images/IU_1796_lateral.jpg,"The lungs are clear bilaterally. Specifically, no evidence of focal consolidation, pneumothorax, or pleural effusion.. Cardio mediastinal silhouette is unremarkable. Visualized osseous structures of the thorax are without acute abnormality.",No acute cardiopulmonary abnormality..,"Two-view chest dated XXXX, XXXX.",1796,IU_1796,with history of right cervical lymphadenopathy,prepositional_phrase_removal_with_general_indication,,,,success
IU_1796,1796,irrelevant,irrelevant,XXXX-year-old female with history of right cervical lymphadenopathy..,XXXX-year-old with XXXX.,external_data/IU-Xray/images/IU_1796_frontal.jpg,external_data/IU-Xray/images/IU_1796_lateral.jpg,"The lungs are clear bilaterally. Specifically, no evidence of focal consolidation, pneumothorax, or pleural effusion.. Cardio mediastinal silhouette is unremarkable. Visualized osseous structures of the thorax are without acute abnormality.",No acute cardiopulmonary abnormality..,"Two-view chest dated XXXX, XXXX.",1689,IU_1689,,,,,,success
IU_1796,1796,conflicting,conflicting,XXXX-year-old female with history of right cervical lymphadenopathy..,"Routine follow-up chest radiograph, no trauma or pneumothorax suspected.",external_data/IU-Xray/images/IU_1796_frontal.jpg,external_data/IU-Xray/images/IU_1796_lateral.jpg,"The lungs are clear bilaterally. Specifically, no evidence of focal consolidation, pneumothorax, or pleural effusion.. Cardio mediastinal silhouette is unremarkable. Visualized osseous structures of the thorax are without acute abnormality.",No acute cardiopulmonary abnormality..,"Two-view chest dated XXXX, XXXX.",1796,IU_1796,,,pneumothorax_presence,reference_evidence_contradiction,pneumothorax present in reference findings/impression,success
IU_1796,1796,insufficient,insufficient,XXXX-year-old female with history of right cervical lymphadenopathy..,,external_data/IU-Xray/images/IU_1796_frontal.jpg,external_data/IU-Xray/images/IU_1796_lateral.jpg,"The lungs are clear bilaterally. Specifically, no evidence of focal consolidation, pneumothorax, or pleural effusion.. Cardio mediastinal silhouette is unremarkable. Visualized osseous structures of the thorax are without acute abnormality.",No acute cardiopulmonary abnormality..,"Two-view chest dated XXXX, XXXX.",1796,IU_1796,,,,,,success
IU_1854,1854,sufficient,sufficient,XXXX-year-old male. Chest pain. HIV.,XXXX-year-old male. Chest pain. HIV.,external_data/IU-Xray/images/IU_1854_frontal.jpg,external_data/IU-Xray/images/IU_1854_lateral.jpg,"The cardiomediastinal silhouette is normal in size and contour. No focal consolidation, pneumothorax or large pleural effusion. Negative for acute displaced rib fracture.",Negative for acute abnormality.,"XXXX, XXXX.",1854,IU_1854,,,,,,success
IU_1854,1854,syntactic_incomplete,incomplete,XXXX-year-old male. Chest pain. HIV.,XXXX-year-old male. Chest pain. HIV and,external_data/IU-Xray/images/IU_1854_frontal.jpg,external_data/IU-Xray/images/IU_1854_lateral.jpg,"The cardiomediastinal silhouette is normal in size and contour. No focal consolidation, pneumothorax or large pleural effusion. Negative for acute displaced rib fracture.",Negative for acute abnormality.,"XXXX, XXXX.",1854,IU_1854,,appended_conjunction_fallback,,,,success
IU_1854,1854,evidentiary_incomplete,incomplete,XXXX-year-old male. Chest pain. HIV.,XXXX-year-old male. Chest pain.,external_data/IU-Xray/images/IU_1854_frontal.jpg,external_data/IU-Xray/images/IU_1854_lateral.jpg,"The cardiomediastinal silhouette is normal in size and contour. No focal consolidation, pneumothorax or large pleural effusion. Negative for acute displaced rib fracture.",Negative for acute abnormality.,"XXXX, XXXX.",1854,IU_1854,HIV,sentence_clinical_removal,,,,success
IU_1854,1854,irrelevant,irrelevant,XXXX-year-old male. Chest pain. HIV.,XXXX-year-old male with preoperative prostate surgery. No chest complaints. Hypertension.,external_data/IU-Xray/images/IU_1854_frontal.jpg,external_data/IU-Xray/images/IU_1854_lateral.jpg,"The cardiomediastinal silhouette is normal in size and contour. No focal consolidation, pneumothorax or large pleural effusion. Negative for acute displaced rib fracture.",Negative for acute abnormality.,"XXXX, XXXX.",1667,IU_1667,,,,,,success
IU_1854,1854,conflicting,conflicting,XXXX-year-old male. Chest pain. HIV.,"Routine follow-up chest radiograph, no trauma or pneumothorax suspected.",external_data/IU-Xray/images/IU_1854_frontal.jpg,external_data/IU-Xray/images/IU_1854_lateral.jpg,"The cardiomediastinal silhouette is normal in size and contour. No focal consolidation, pneumothorax or large pleural effusion. Negative for acute displaced rib fracture.",Negative for acute abnormality.,"XXXX, XXXX.",1854,IU_1854,,,pneumothorax_presence,reference_evidence_contradiction,pneumothorax present in reference findings/impression,success
IU_1854,1854,insufficient,insufficient,XXXX-year-old male. Chest pain. HIV.,,external_data/IU-Xray/images/IU_1854_frontal.jpg,external_data/IU-Xray/images/IU_1854_lateral.jpg,"The cardiomediastinal silhouette is normal in size and contour. No focal consolidation, pneumothorax or large pleural effusion. Negative for acute displaced rib fracture.",Negative for acute abnormality.,"XXXX, XXXX.",1854,IU_1854,,,,,,success
IU_1864,1864,sufficient,sufficient,"XXXX-year-old male, pain","XXXX-year-old male, pain",external_data/IU-Xray/images/IU_1864_frontal.jpg,external_data/IU-Xray/images/IU_1864_lateral.jpg,"Heart size borderline enlarged. No focal alveolar consolidation, no definite pleural effusion seen. No typical findings of pulmonary edema. Dense nodule in the right lower lobe suggests a previous granulomatous process.","Borderline heart size, no acute pulmonary findings",,1864,IU_1864,,,,,,success
IU_1864,1864,syntactic_incomplete,incomplete,"XXXX-year-old male, pain","XXXX-year-old male, pain and",external_data/IU-Xray/images/IU_1864_frontal.jpg,external_data/IU-Xray/images/IU_1864_lateral.jpg,"Heart size borderline enlarged. No focal alveolar consolidation, no definite pleural effusion seen. No typical findings of pulmonary edema. Dense nodule in the right lower lobe suggests a previous granulomatous process.","Borderline heart size, no acute pulmonary findings",,1864,IU_1864,,appended_conjunction_fallback,,,,success
IU_1864,1864,evidentiary_incomplete,incomplete,"XXXX-year-old male, pain","XXXX-year-old male, clinical evaluation.",external_data/IU-Xray/images/IU_1864_frontal.jpg,external_data/IU-Xray/images/IU_1864_lateral.jpg,"Heart size borderline enlarged. No focal alveolar consolidation, no definite pleural effusion seen. No typical findings of pulmonary edema. Dense nodule in the right lower lobe suggests a previous granulomatous process.","Borderline heart size, no acute pulmonary findings",,1864,IU_1864,pain,clause_clinical_removal,,,,success
IU_1864,1864,irrelevant,irrelevant,"XXXX-year-old male, pain",Testicular carcinoma.,external_data/IU-Xray/images/IU_1864_frontal.jpg,external_data/IU-Xray/images/IU_1864_lateral.jpg,"Heart size borderline enlarged. No focal alveolar consolidation, no definite pleural effusion seen. No typical findings of pulmonary edema. Dense nodule in the right lower lobe suggests a previous granulomatous process.","Borderline heart size, no acute pulmonary findings",,3077,IU_3077,,,,,,success
IU_1864,1864,conflicting,conflicting,"XXXX-year-old male, pain","Routine preoperative evaluation, no history of pleural effusion.",external_data/IU-Xray/images/IU_1864_frontal.jpg,external_data/IU-Xray/images/IU_1864_lateral.jpg,"Heart size borderline enlarged. No focal alveolar consolidation, no definite pleural effusion seen. No typical findings of pulmonary edema. Dense nodule in the right lower lobe suggests a previous granulomatous process.","Borderline heart size, no acute pulmonary findings",,1864,IU_1864,,,effusion_presence,reference_evidence_contradiction,pleural effusion present in reference findings/impression,success
IU_1864,1864,insufficient,insufficient,"XXXX-year-old male, pain",,external_data/IU-Xray/images/IU_1864_frontal.jpg,external_data/IU-Xray/images/IU_1864_lateral.jpg,"Heart size borderline enlarged. No focal alveolar consolidation, no definite pleural effusion seen. No typical findings of pulmonary edema. Dense nodule in the right lower lobe suggests a previous granulomatous process.","Borderline heart size, no acute pulmonary findings",,1864,IU_1864,,,,,,success
IU_1894,1894,sufficient,sufficient,Dyspnea,Dyspnea,external_data/IU-Xray/images/IU_1894_frontal.jpg,external_data/IU-Xray/images/IU_1894_lateral.jpg,The heart is normal in size. The mediastinum is unremarkable. Subtle increased opacity of right mid hemithorax XXXX related to superimposed soft tissues. The lungs are otherwise clear. There is no pleural effusion or pneumothorax.,No acute disease.,,1894,IU_1894,,,,,,success
IU_1894,1894,syntactic_incomplete,incomplete,Dyspnea,Dyspnea and,external_data/IU-Xray/images/IU_1894_frontal.jpg,external_data/IU-Xray/images/IU_1894_lateral.jpg,The heart is normal in size. The mediastinum is unremarkable. Subtle increased opacity of right mid hemithorax XXXX related to superimposed soft tissues. The lungs are otherwise clear. There is no pleural effusion or pneumothorax.,No acute disease.,,1894,IU_1894,,appended_conjunction_fallback,,,,success
IU_1894,1894,evidentiary_incomplete,incomplete,Dyspnea,Respiratory evaluation.,external_data/IU-Xray/images/IU_1894_frontal.jpg,external_data/IU-Xray/images/IU_1894_lateral.jpg,The heart is normal in size. The mediastinum is unremarkable. Subtle increased opacity of right mid hemithorax XXXX related to superimposed soft tissues. The lungs are otherwise clear. There is no pleural effusion or pneumothorax.,No acute disease.,,1894,IU_1894,dyspnea,evidenced_term_generalization,,,,success
IU_1894,1894,irrelevant,irrelevant,Dyspnea,XXXX XXXX and flulike symptoms.,external_data/IU-Xray/images/IU_1894_frontal.jpg,external_data/IU-Xray/images/IU_1894_lateral.jpg,The heart is normal in size. The mediastinum is unremarkable. Subtle increased opacity of right mid hemithorax XXXX related to superimposed soft tissues. The lungs are otherwise clear. There is no pleural effusion or pneumothorax.,No acute disease.,,1087,IU_1087,,,,,,success
IU_1894,1894,conflicting,conflicting,Dyspnea,"Routine follow-up chest radiograph, no trauma or pneumothorax suspected.",external_data/IU-Xray/images/IU_1894_frontal.jpg,external_data/IU-Xray/images/IU_1894_lateral.jpg,The heart is normal in size. The mediastinum is unremarkable. Subtle increased opacity of right mid hemithorax XXXX related to superimposed soft tissues. The lungs are otherwise clear. There is no pleural effusion or pneumothorax.,No acute disease.,,1894,IU_1894,,,pneumothorax_presence,reference_evidence_contradiction,pneumothorax present in reference findings/impression,success
IU_1894,1894,insufficient,insufficient,Dyspnea,,external_data/IU-Xray/images/IU_1894_frontal.jpg,external_data/IU-Xray/images/IU_1894_lateral.jpg,The heart is normal in size. The mediastinum is unremarkable. Subtle increased opacity of right mid hemithorax XXXX related to superimposed soft tissues. The lungs are otherwise clear. There is no pleural effusion or pneumothorax.,No acute disease.,,1894,IU_1894,,,,,,success
IU_1916,1916,sufficient,sufficient,COPD,COPD,external_data/IU-Xray/images/IU_1916_frontal.jpg,external_data/IU-Xray/images/IU_1916_lateral.jpg,There is stable left costophrenic XXXX blunting. The patient has undergone prior left lobectomy. There are chronic appearing right basilar interstitial markings. Heart size normal. No visualized pneumothorax. There is stable appearing left upper and right upper lobe bullous disease.,1. No acute cardiopulmonary findings. 2. Unchanged chronic appearance of the left lung.,Chest radiograph XXXX.,1916,IU_1916,,,,,,success
IU_1916,1916,syntactic_incomplete,incomplete,COPD,COPD and,external_data/IU-Xray/images/IU_1916_frontal.jpg,external_data/IU-Xray/images/IU_1916_lateral.jpg,There is stable left costophrenic XXXX blunting. The patient has undergone prior left lobectomy. There are chronic appearing right basilar interstitial markings. Heart size normal. No visualized pneumothorax. There is stable appearing left upper and right upper lobe bullous disease.,1. No acute cardiopulmonary findings. 2. Unchanged chronic appearance of the left lung.,Chest radiograph XXXX.,1916,IU_1916,,appended_conjunction_fallback,,,,success
IU_1916,1916,evidentiary_incomplete,incomplete,COPD,Respiratory evaluation.,external_data/IU-Xray/images/IU_1916_frontal.jpg,external_data/IU-Xray/images/IU_1916_lateral.jpg,There is stable left costophrenic XXXX blunting. The patient has undergone prior left lobectomy. There are chronic appearing right basilar interstitial markings. Heart size normal. No visualized pneumothorax. There is stable appearing left upper and right upper lobe bullous disease.,1. No acute cardiopulmonary findings. 2. Unchanged chronic appearance of the left lung.,Chest radiograph XXXX.,1916,IU_1916,copd,evidenced_term_generalization,,,,success
IU_1916,1916,irrelevant,irrelevant,COPD,XXXX,external_data/IU-Xray/images/IU_1916_frontal.jpg,external_data/IU-Xray/images/IU_1916_lateral.jpg,There is stable left costophrenic XXXX blunting. The patient has undergone prior left lobectomy. There are chronic appearing right basilar interstitial markings. Heart size normal. No visualized pneumothorax. There is stable appearing left upper and right upper lobe bullous disease.,1. No acute cardiopulmonary findings. 2. Unchanged chronic appearance of the left lung.,Chest radiograph XXXX.,1730,IU_1730,,,,,,success
IU_1916,1916,conflicting,conflicting,COPD,"Routine follow-up chest radiograph, no trauma or pneumothorax suspected.",external_data/IU-Xray/images/IU_1916_frontal.jpg,external_data/IU-Xray/images/IU_1916_lateral.jpg,There is stable left costophrenic XXXX blunting. The patient has undergone prior left lobectomy. There are chronic appearing right basilar interstitial markings. Heart size normal. No visualized pneumothorax. There is stable appearing left upper and right upper lobe bullous disease.,1. No acute cardiopulmonary findings. 2. Unchanged chronic appearance of the left lung.,Chest radiograph XXXX.,1916,IU_1916,,,pneumothorax_presence,reference_evidence_contradiction,pneumothorax present in reference findings/impression,success
IU_1916,1916,insufficient,insufficient,COPD,,external_data/IU-Xray/images/IU_1916_frontal.jpg,external_data/IU-Xray/images/IU_1916_lateral.jpg,There is stable left costophrenic XXXX blunting. The patient has undergone prior left lobectomy. There are chronic appearing right basilar interstitial markings. Heart size normal. No visualized pneumothorax. There is stable appearing left upper and right upper lobe bullous disease.,1. No acute cardiopulmonary findings. 2. Unchanged chronic appearance of the left lung.,Chest radiograph XXXX.,1916,IU_1916,,,,,,success
IU_1994,1994,sufficient,sufficient,XXXX and nonproductive XXXX x1 XXXX.,XXXX and nonproductive XXXX x1 XXXX.,external_data/IU-Xray/images/IU_1994_frontal.jpg,external_data/IU-Xray/images/IU_1994_lateral.jpg,Lungs are clear. No pneumothorax or pleural effusion. Normal heart and mediastinal contours. Normal pulmonary vasculature. Bony thorax intact.,No acute cardiopulmonary abnormality.,None.,1994,IU_1994,,,,,,success
IU_1994,1994,syntactic_incomplete,incomplete,XXXX and nonproductive XXXX x1 XXXX.,XXXX and,external_data/IU-Xray/images/IU_1994_frontal.jpg,external_data/IU-Xray/images/IU_1994_lateral.jpg,Lungs are clear. No pneumothorax or pleural effusion. Normal heart and mediastinal contours. Normal pulmonary vasculature. Bony thorax intact.,No acute cardiopulmonary abnormality.,None.,1994,IU_1994,,preposition_truncation,,,,success
IU_1994,1994,evidentiary_incomplete,incomplete,XXXX and nonproductive XXXX x1 XXXX.,nonproductive XXXX x1 XXXX.,external_data/IU-Xray/images/IU_1994_frontal.jpg,external_data/IU-Xray/images/IU_1994_lateral.jpg,Lungs are clear. No pneumothorax or pleural effusion. Normal heart and mediastinal contours. Normal pulmonary vasculature. Bony thorax intact.,No acute cardiopulmonary abnormality.,None.,1994,IU_1994,XXXX,clause_clinical_removal,,,,success
IU_1994,1994,irrelevant,irrelevant,XXXX and nonproductive XXXX x1 XXXX.,"XXXX, difficulty breathing. History of sarcoidosis.",external_data/IU-Xray/images/IU_1994_frontal.jpg,external_data/IU-Xray/images/IU_1994_lateral.jpg,Lungs are clear. No pneumothorax or pleural effusion. Normal heart and mediastinal contours. Normal pulmonary vasculature. Bony thorax intact.,No acute cardiopulmonary abnormality.,None.,1683,IU_1683,,,,,,success
IU_1994,1994,conflicting,conflicting,XXXX and nonproductive XXXX x1 XXXX.,"Patient presenting with sudden onset shortness of breath following trauma, evaluate acute pneumothorax.",external_data/IU-Xray/images/IU_1994_frontal.jpg,external_data/IU-Xray/images/IU_1994_lateral.jpg,Lungs are clear. No pneumothorax or pleural effusion. Normal heart and mediastinal contours. Normal pulmonary vasculature. Bony thorax intact.,No acute cardiopulmonary abnormality.,None.,1994,IU_1994,,,pneumothorax_absence,reference_evidence_contradiction,no pneumothorax reported in reference findings/impression,success
IU_1994,1994,insufficient,insufficient,XXXX and nonproductive XXXX x1 XXXX.,,external_data/IU-Xray/images/IU_1994_frontal.jpg,external_data/IU-Xray/images/IU_1994_lateral.jpg,Lungs are clear. No pneumothorax or pleural effusion. Normal heart and mediastinal contours. Normal pulmonary vasculature. Bony thorax intact.,No acute cardiopulmonary abnormality.,None.,1994,IU_1994,,,,,,success
IU_2147,2147,sufficient,sufficient,XXXX.,XXXX.,external_data/IU-Xray/images/IU_2147_frontal.jpg,external_data/IU-Xray/images/IU_2147_lateral.jpg,Cardiac and mediastinal contours are within normal limits. The lungs are clear. Mild spondylosis.,No acute findings.,"XXXX, XXXX",2147,IU_2147,,,,,,success
IU_2147,2147,syntactic_incomplete,incomplete,XXXX.,XXXX and,external_data/IU-Xray/images/IU_2147_frontal.jpg,external_data/IU-Xray/images/IU_2147_lateral.jpg,Cardiac and mediastinal contours are within normal limits. The lungs are clear. Mild spondylosis.,No acute findings.,"XXXX, XXXX",2147,IU_2147,,appended_conjunction_fallback,,,,success
IU_2147,2147,evidentiary_incomplete,incomplete,XXXX.,Clinical evaluation.,external_data/IU-Xray/images/IU_2147_frontal.jpg,external_data/IU-Xray/images/IU_2147_lateral.jpg,Cardiac and mediastinal contours are within normal limits. The lungs are clear. Mild spondylosis.,No acute findings.,"XXXX, XXXX",2147,IU_2147,XXXX,single_symptom_generalization,,,,success
IU_2147,2147,irrelevant,irrelevant,XXXX.,COPD. Preoperative evaluation.,external_data/IU-Xray/images/IU_2147_frontal.jpg,external_data/IU-Xray/images/IU_2147_lateral.jpg,Cardiac and mediastinal contours are within normal limits. The lungs are clear. Mild spondylosis.,No acute findings.,"XXXX, XXXX",317,IU_317,,,,,,success
IU_2147,2147,conflicting,conflicting,XXXX.,"Patient with high fever and shortness of breath, evaluate acute multifocal pneumonia.",external_data/IU-Xray/images/IU_2147_frontal.jpg,external_data/IU-Xray/images/IU_2147_lateral.jpg,Cardiac and mediastinal contours are within normal limits. The lungs are clear. Mild spondylosis.,No acute findings.,"XXXX, XXXX",2147,IU_2147,,,normal_exam_contradiction,reference_evidence_contradiction,reference report indicates clear/normal exam,success
IU_2147,2147,insufficient,insufficient,XXXX.,,external_data/IU-Xray/images/IU_2147_frontal.jpg,external_data/IU-Xray/images/IU_2147_lateral.jpg,Cardiac and mediastinal contours are within normal limits. The lungs are clear. Mild spondylosis.,No acute findings.,"XXXX, XXXX",2147,IU_2147,,,,,,success
IU_2165,2165,sufficient,sufficient,Low oxygen saturation.,Low oxygen saturation.,external_data/IU-Xray/images/IU_2165_frontal.jpg,external_data/IU-Xray/images/IU_2165_lateral.jpg,Low lung volumes are present. The heart size and pulmonary vascularity appear within normal limits. There has been interval development of bibasilar opacities. The appearance of the right base opacity XXXX atelectasis. The left base opacities could represent early pneumonia or areas of atelectasis. No pneumothorax or pleural effusion is seen.,1. Low lung volumes. 2. XXXX XXXX opacities. Right base appears to represent atelectasis. Left base could be atelectasis or pneumonia.,XXXX.,2165,IU_2165,,,,,,success
IU_2165,2165,syntactic_incomplete,incomplete,Low oxygen saturation.,Low oxygen saturation and,external_data/IU-Xray/images/IU_2165_frontal.jpg,external_data/IU-Xray/images/IU_2165_lateral.jpg,Low lung volumes are present. The heart size and pulmonary vascularity appear within normal limits. There has been interval development of bibasilar opacities. The appearance of the right base opacity XXXX atelectasis. The left base opacities could represent early pneumonia or areas of atelectasis. No pneumothorax or pleural effusion is seen.,1. Low lung volumes. 2. XXXX XXXX opacities. Right base appears to represent atelectasis. Left base could be atelectasis or pneumonia.,XXXX.,2165,IU_2165,,appended_conjunction_fallback,,,,success
IU_2165,2165,evidentiary_incomplete,incomplete,Low oxygen saturation.,Clinical evaluation.,external_data/IU-Xray/images/IU_2165_frontal.jpg,external_data/IU-Xray/images/IU_2165_lateral.jpg,Low lung volumes are present. The heart size and pulmonary vascularity appear within normal limits. There has been interval development of bibasilar opacities. The appearance of the right base opacity XXXX atelectasis. The left base opacities could represent early pneumonia or areas of atelectasis. No pneumothorax or pleural effusion is seen.,1. Low lung volumes. 2. XXXX XXXX opacities. Right base appears to represent atelectasis. Left base could be atelectasis or pneumonia.,XXXX.,2165,IU_2165,Low oxygen saturation,fallback_generalization,,,,success
IU_2165,2165,irrelevant,irrelevant,Low oxygen saturation.,XXXX-year-old female. Shortness of breath. XXXX.,external_data/IU-Xray/images/IU_2165_frontal.jpg,external_data/IU-Xray/images/IU_2165_lateral.jpg,Low lung volumes are present. The heart size and pulmonary vascularity appear within normal limits. There has been interval development of bibasilar opacities. The appearance of the right base opacity XXXX atelectasis. The left base opacities could represent early pneumonia or areas of atelectasis. No pneumothorax or pleural effusion is seen.,1. Low lung volumes. 2. XXXX XXXX opacities. Right base appears to represent atelectasis. Left base could be atelectasis or pneumonia.,XXXX.,2610,IU_2610,,,,,,success
IU_2165,2165,conflicting,conflicting,Low oxygen saturation.,"Patient presenting with sudden onset shortness of breath following trauma, evaluate acute pneumothorax.",external_data/IU-Xray/images/IU_2165_frontal.jpg,external_data/IU-Xray/images/IU_2165_lateral.jpg,Low lung volumes are present. The heart size and pulmonary vascularity appear within normal limits. There has been interval development of bibasilar opacities. The appearance of the right base opacity XXXX atelectasis. The left base opacities could represent early pneumonia or areas of atelectasis. No pneumothorax or pleural effusion is seen.,1. Low lung volumes. 2. XXXX XXXX opacities. Right base appears to represent atelectasis. Left base could be atelectasis or pneumonia.,XXXX.,2165,IU_2165,,,pneumothorax_absence,reference_evidence_contradiction,no pneumothorax reported in reference findings/impression,success
IU_2165,2165,insufficient,insufficient,Low oxygen saturation.,,external_data/IU-Xray/images/IU_2165_frontal.jpg,external_data/IU-Xray/images/IU_2165_lateral.jpg,Low lung volumes are present. The heart size and pulmonary vascularity appear within normal limits. There has been interval development of bibasilar opacities. The appearance of the right base opacity XXXX atelectasis. The left base opacities could represent early pneumonia or areas of atelectasis. No pneumothorax or pleural effusion is seen.,1. Low lung volumes. 2. XXXX XXXX opacities. Right base appears to represent atelectasis. Left base could be atelectasis or pneumonia.,XXXX.,2165,IU_2165,,,,,,success
IU_2203,2203,sufficient,sufficient,Persistent XXXX,Persistent XXXX,external_data/IU-Xray/images/IU_2203_frontal.jpg,external_data/IU-Xray/images/IU_2203_lateral.jpg,"PA and lateral views of the chest were obtained. The cardiomediastinal silhouette is normal in size and configuration. The lungs are well aerated. There is no pneumothorax, pleural effusion, or focal air space consolidation. Old right rib fractures.",1. No acute cardiopulmonary disease.,,2203,IU_2203,,,,,,success
IU_2203,2203,syntactic_incomplete,incomplete,Persistent XXXX,Persistent XXXX and,external_data/IU-Xray/images/IU_2203_frontal.jpg,external_data/IU-Xray/images/IU_2203_lateral.jpg,"PA and lateral views of the chest were obtained. The cardiomediastinal silhouette is normal in size and configuration. The lungs are well aerated. There is no pneumothorax, pleural effusion, or focal air space consolidation. Old right rib fractures.",1. No acute cardiopulmonary disease.,,2203,IU_2203,,appended_conjunction_fallback,,,,success
IU_2203,2203,evidentiary_incomplete,incomplete,Persistent XXXX,Clinical evaluation.,external_data/IU-Xray/images/IU_2203_frontal.jpg,external_data/IU-Xray/images/IU_2203_lateral.jpg,"PA and lateral views of the chest were obtained. The cardiomediastinal silhouette is normal in size and configuration. The lungs are well aerated. There is no pneumothorax, pleural effusion, or focal air space consolidation. Old right rib fractures.",1. No acute cardiopulmonary disease.,,2203,IU_2203,Persistent XXXX,fallback_generalization,,,,success
IU_2203,2203,irrelevant,irrelevant,Persistent XXXX,Shortness of breath.,external_data/IU-Xray/images/IU_2203_frontal.jpg,external_data/IU-Xray/images/IU_2203_lateral.jpg,"PA and lateral views of the chest were obtained. The cardiomediastinal silhouette is normal in size and configuration. The lungs are well aerated. There is no pneumothorax, pleural effusion, or focal air space consolidation. Old right rib fractures.",1. No acute cardiopulmonary disease.,,3526,IU_3526,,,,,,success
IU_2203,2203,conflicting,conflicting,Persistent XXXX,"Patient presenting with sudden onset shortness of breath following trauma, evaluate acute pneumothorax.",external_data/IU-Xray/images/IU_2203_frontal.jpg,external_data/IU-Xray/images/IU_2203_lateral.jpg,"PA and lateral views of the chest were obtained. The cardiomediastinal silhouette is normal in size and configuration. The lungs are well aerated. There is no pneumothorax, pleural effusion, or focal air space consolidation. Old right rib fractures.",1. No acute cardiopulmonary disease.,,2203,IU_2203,,,pneumothorax_absence,reference_evidence_contradiction,no pneumothorax reported in reference findings/impression,success
IU_2203,2203,insufficient,insufficient,Persistent XXXX,,external_data/IU-Xray/images/IU_2203_frontal.jpg,external_data/IU-Xray/images/IU_2203_lateral.jpg,"PA and lateral views of the chest were obtained. The cardiomediastinal silhouette is normal in size and configuration. The lungs are well aerated. There is no pneumothorax, pleural effusion, or focal air space consolidation. Old right rib fractures.",1. No acute cardiopulmonary disease.,,2203,IU_2203,,,,,,success
IU_2207,2207,sufficient,sufficient,XXXX-year-old female with dyspnea and productive XXXX.,XXXX-year-old female with dyspnea and productive XXXX.,external_data/IU-Xray/images/IU_2207_frontal.jpg,external_data/IU-Xray/images/IU_2207_lateral.jpg,Heart size is within normal limits. Tortuous thoracic aorta. There is patchy right base airspace disease. No pneumothorax or pleural effusion. There mild degenerative changes throughout the thoracic spine.,Right lower lobe pneumonia.,None.,2207,IU_2207,,,,,,success
IU_2207,2207,syntactic_incomplete,incomplete,XXXX-year-old female with dyspnea and productive XXXX.,XXXX-year-old female with,external_data/IU-Xray/images/IU_2207_frontal.jpg,external_data/IU-Xray/images/IU_2207_lateral.jpg,Heart size is within normal limits. Tortuous thoracic aorta. There is patchy right base airspace disease. No pneumothorax or pleural effusion. There mild degenerative changes throughout the thoracic spine.,Right lower lobe pneumonia.,None.,2207,IU_2207,,preposition_truncation,,,,success
IU_2207,2207,evidentiary_incomplete,incomplete,XXXX-year-old female with dyspnea and productive XXXX.,productive XXXX.,external_data/IU-Xray/images/IU_2207_frontal.jpg,external_data/IU-Xray/images/IU_2207_lateral.jpg,Heart size is within normal limits. Tortuous thoracic aorta. There is patchy right base airspace disease. No pneumothorax or pleural effusion. There mild degenerative changes throughout the thoracic spine.,Right lower lobe pneumonia.,None.,2207,IU_2207,XXXX-year-old female with dyspnea,clause_clinical_removal,,,,success
IU_2207,2207,irrelevant,irrelevant,XXXX-year-old female with dyspnea and productive XXXX.,Chest pain,external_data/IU-Xray/images/IU_2207_frontal.jpg,external_data/IU-Xray/images/IU_2207_lateral.jpg,Heart size is within normal limits. Tortuous thoracic aorta. There is patchy right base airspace disease. No pneumothorax or pleural effusion. There mild degenerative changes throughout the thoracic spine.,Right lower lobe pneumonia.,None.,366,IU_366,,,,,,success
IU_2207,2207,conflicting,conflicting,XXXX-year-old female with dyspnea and productive XXXX.,"Patient presenting with sudden onset shortness of breath following trauma, evaluate acute pneumothorax.",external_data/IU-Xray/images/IU_2207_frontal.jpg,external_data/IU-Xray/images/IU_2207_lateral.jpg,Heart size is within normal limits. Tortuous thoracic aorta. There is patchy right base airspace disease. No pneumothorax or pleural effusion. There mild degenerative changes throughout the thoracic spine.,Right lower lobe pneumonia.,None.,2207,IU_2207,,,pneumothorax_absence,reference_evidence_contradiction,no pneumothorax reported in reference findings/impression,success
IU_2207,2207,insufficient,insufficient,XXXX-year-old female with dyspnea and productive XXXX.,,external_data/IU-Xray/images/IU_2207_frontal.jpg,external_data/IU-Xray/images/IU_2207_lateral.jpg,Heart size is within normal limits. Tortuous thoracic aorta. There is patchy right base airspace disease. No pneumothorax or pleural effusion. There mild degenerative changes throughout the thoracic spine.,Right lower lobe pneumonia.,None.,2207,IU_2207,,,,,,success
IU_2216,2216,sufficient,sufficient,XXXX with low-grade XXXX and midback pain x2 weeks.,XXXX with low-grade XXXX and midback pain x2 weeks.,external_data/IU-Xray/images/IU_2216_frontal.jpg,external_data/IU-Xray/images/IU_2216_lateral.jpg,Heart size and mediastinal contours are within normal limits. Pulmonary vasculature is unremarkable. No focal airspace consolidation. There is mild elevation right hemidiaphragm. No visible pleural effusion or pneumothorax. There are mild degenerative changes along the thoracic spine.,1. Mildly elevated right hemidiaphragm. Otherwise no acute cardiopulmonary abnormality seen.,,2216,IU_2216,,,,,,success
IU_2216,2216,syntactic_incomplete,incomplete,XXXX with low-grade XXXX and midback pain x2 weeks.,XXXX with,external_data/IU-Xray/images/IU_2216_frontal.jpg,external_data/IU-Xray/images/IU_2216_lateral.jpg,Heart size and mediastinal contours are within normal limits. Pulmonary vasculature is unremarkable. No focal airspace consolidation. There is mild elevation right hemidiaphragm. No visible pleural effusion or pneumothorax. There are mild degenerative changes along the thoracic spine.,1. Mildly elevated right hemidiaphragm. Otherwise no acute cardiopulmonary abnormality seen.,,2216,IU_2216,,preposition_truncation,,,,success
IU_2216,2216,evidentiary_incomplete,incomplete,XXXX with low-grade XXXX and midback pain x2 weeks.,midback pain x2 weeks.,external_data/IU-Xray/images/IU_2216_frontal.jpg,external_data/IU-Xray/images/IU_2216_lateral.jpg,Heart size and mediastinal contours are within normal limits. Pulmonary vasculature is unremarkable. No focal airspace consolidation. There is mild elevation right hemidiaphragm. No visible pleural effusion or pneumothorax. There are mild degenerative changes along the thoracic spine.,1. Mildly elevated right hemidiaphragm. Otherwise no acute cardiopulmonary abnormality seen.,,2216,IU_2216,XXXX with low-grade XXXX,clause_clinical_removal,,,,success
IU_2216,2216,irrelevant,irrelevant,XXXX with low-grade XXXX and midback pain x2 weeks.,XXXX,external_data/IU-Xray/images/IU_2216_frontal.jpg,external_data/IU-Xray/images/IU_2216_lateral.jpg,Heart size and mediastinal contours are within normal limits. Pulmonary vasculature is unremarkable. No focal airspace consolidation. There is mild elevation right hemidiaphragm. No visible pleural effusion or pneumothorax. There are mild degenerative changes along the thoracic spine.,1. Mildly elevated right hemidiaphragm. Otherwise no acute cardiopulmonary abnormality seen.,,3687,IU_3687,,,,,,success
IU_2216,2216,conflicting,conflicting,XXXX with low-grade XXXX and midback pain x2 weeks.,"Routine follow-up chest radiograph, no trauma or pneumothorax suspected.",external_data/IU-Xray/images/IU_2216_frontal.jpg,external_data/IU-Xray/images/IU_2216_lateral.jpg,Heart size and mediastinal contours are within normal limits. Pulmonary vasculature is unremarkable. No focal airspace consolidation. There is mild elevation right hemidiaphragm. No visible pleural effusion or pneumothorax. There are mild degenerative changes along the thoracic spine.,1. Mildly elevated right hemidiaphragm. Otherwise no acute cardiopulmonary abnormality seen.,,2216,IU_2216,,,pneumothorax_presence,reference_evidence_contradiction,pneumothorax present in reference findings/impression,success
IU_2216,2216,insufficient,insufficient,XXXX with low-grade XXXX and midback pain x2 weeks.,,external_data/IU-Xray/images/IU_2216_frontal.jpg,external_data/IU-Xray/images/IU_2216_lateral.jpg,Heart size and mediastinal contours are within normal limits. Pulmonary vasculature is unremarkable. No focal airspace consolidation. There is mild elevation right hemidiaphragm. No visible pleural effusion or pneumothorax. There are mild degenerative changes along the thoracic spine.,1. Mildly elevated right hemidiaphragm. Otherwise no acute cardiopulmonary abnormality seen.,,2216,IU_2216,,,,,,success
IU_2270,2270,sufficient,sufficient,Chest pain,Chest pain,external_data/IU-Xray/images/IU_2270_frontal.jpg,external_data/IU-Xray/images/IU_2270_lateral.jpg,"Cardiomediastinal silhouette is within normal limits in overall size and appearance. Aortic XXXX, cardiac apex, and stomach are left-sided. Central vascular markings are symmetric and within normal limits. The lungs are normally inflated with no focal airspace disease, pleural effusion, or pneumothorax. Dextro-convex scoliotic curvature of the thoracic spine. No acute bony abnormality.",No acute cardiopulmonary process.,No prior,2270,IU_2270,,,,,,success
IU_2270,2270,syntactic_incomplete,incomplete,Chest pain,Chest pain and,external_data/IU-Xray/images/IU_2270_frontal.jpg,external_data/IU-Xray/images/IU_2270_lateral.jpg,"Cardiomediastinal silhouette is within normal limits in overall size and appearance. Aortic XXXX, cardiac apex, and stomach are left-sided. Central vascular markings are symmetric and within normal limits. The lungs are normally inflated with no focal airspace disease, pleural effusion, or pneumothorax. Dextro-convex scoliotic curvature of the thoracic spine. No acute bony abnormality.",No acute cardiopulmonary process.,No prior,2270,IU_2270,,appended_conjunction_fallback,,,,success
IU_2270,2270,evidentiary_incomplete,incomplete,Chest pain,Clinical evaluation.,external_data/IU-Xray/images/IU_2270_frontal.jpg,external_data/IU-Xray/images/IU_2270_lateral.jpg,"Cardiomediastinal silhouette is within normal limits in overall size and appearance. Aortic XXXX, cardiac apex, and stomach are left-sided. Central vascular markings are symmetric and within normal limits. The lungs are normally inflated with no focal airspace disease, pleural effusion, or pneumothorax. Dextro-convex scoliotic curvature of the thoracic spine. No acute bony abnormality.",No acute cardiopulmonary process.,No prior,2270,IU_2270,pain,evidenced_term_generalization,,,,success
IU_2270,2270,irrelevant,irrelevant,Chest pain,Chest pain,external_data/IU-Xray/images/IU_2270_frontal.jpg,external_data/IU-Xray/images/IU_2270_lateral.jpg,"Cardiomediastinal silhouette is within normal limits in overall size and appearance. Aortic XXXX, cardiac apex, and stomach are left-sided. Central vascular markings are symmetric and within normal limits. The lungs are normally inflated with no focal airspace disease, pleural effusion, or pneumothorax. Dextro-convex scoliotic curvature of the thoracic spine. No acute bony abnormality.",No acute cardiopulmonary process.,No prior,3834,IU_3834,,,,,,success
IU_2270,2270,conflicting,conflicting,Chest pain,"Routine follow-up chest radiograph, no trauma or pneumothorax suspected.",external_data/IU-Xray/images/IU_2270_frontal.jpg,external_data/IU-Xray/images/IU_2270_lateral.jpg,"Cardiomediastinal silhouette is within normal limits in overall size and appearance. Aortic XXXX, cardiac apex, and stomach are left-sided. Central vascular markings are symmetric and within normal limits. The lungs are normally inflated with no focal airspace disease, pleural effusion, or pneumothorax. Dextro-convex scoliotic curvature of the thoracic spine. No acute bony abnormality.",No acute cardiopulmonary process.,No prior,2270,IU_2270,,,pneumothorax_presence,reference_evidence_contradiction,pneumothorax present in reference findings/impression,success
IU_2270,2270,insufficient,insufficient,Chest pain,,external_data/IU-Xray/images/IU_2270_frontal.jpg,external_data/IU-Xray/images/IU_2270_lateral.jpg,"Cardiomediastinal silhouette is within normal limits in overall size and appearance. Aortic XXXX, cardiac apex, and stomach are left-sided. Central vascular markings are symmetric and within normal limits. The lungs are normally inflated with no focal airspace disease, pleural effusion, or pneumothorax. Dextro-convex scoliotic curvature of the thoracic spine. No acute bony abnormality.",No acute cardiopulmonary process.,No prior,2270,IU_2270,,,,,,success
IU_2328,2328,sufficient,sufficient,XXXX-year-old XXXX for XXXX XXXX placement,XXXX-year-old XXXX for XXXX XXXX placement,external_data/IU-Xray/images/IU_2328_frontal.jpg,external_data/IU-Xray/images/IU_2328_lateral.jpg,Heart size is normal. The lungs are clear. There are no XXXX focal air space consolidations. No pleural effusions or pneumothoraces. The hilar and mediastinal contours are unchanged. Again noted is tortuosity and unfolding of the thoracic aorta. Aortic vascular calcifications. Normal pulmonary vascularity. Bone demineralization.,No acute abnormality.,"XXXX, XXXX",2328,IU_2328,,,,,,success
IU_2328,2328,syntactic_incomplete,incomplete,XXXX-year-old XXXX for XXXX XXXX placement,XXXX-year-old XXXX for,external_data/IU-Xray/images/IU_2328_frontal.jpg,external_data/IU-Xray/images/IU_2328_lateral.jpg,Heart size is normal. The lungs are clear. There are no XXXX focal air space consolidations. No pleural effusions or pneumothoraces. The hilar and mediastinal contours are unchanged. Again noted is tortuosity and unfolding of the thoracic aorta. Aortic vascular calcifications. Normal pulmonary vascularity. Bone demineralization.,No acute abnormality.,"XXXX, XXXX",2328,IU_2328,,preposition_truncation,,,,success
IU_2328,2328,evidentiary_incomplete,incomplete,XXXX-year-old XXXX for XXXX XXXX placement,"XXXX-year-old XXXX, clinical evaluation.",external_data/IU-Xray/images/IU_2328_frontal.jpg,external_data/IU-Xray/images/IU_2328_lateral.jpg,Heart size is normal. The lungs are clear. There are no XXXX focal air space consolidations. No pleural effusions or pneumothoraces. The hilar and mediastinal contours are unchanged. Again noted is tortuosity and unfolding of the thoracic aorta. Aortic vascular calcifications. Normal pulmonary vascularity. Bone demineralization.,No acute abnormality.,"XXXX, XXXX",2328,IU_2328,for XXXX XXXX placement,prepositional_phrase_removal_with_general_indication,,,,success
IU_2328,2328,irrelevant,irrelevant,XXXX-year-old XXXX for XXXX XXXX placement,Chest pain.,external_data/IU-Xray/images/IU_2328_frontal.jpg,external_data/IU-Xray/images/IU_2328_lateral.jpg,Heart size is normal. The lungs are clear. There are no XXXX focal air space consolidations. No pleural effusions or pneumothoraces. The hilar and mediastinal contours are unchanged. Again noted is tortuosity and unfolding of the thoracic aorta. Aortic vascular calcifications. Normal pulmonary vascularity. Bone demineralization.,No acute abnormality.,"XXXX, XXXX",2397,IU_2397,,,,,,success
IU_2328,2328,conflicting,conflicting,XXXX-year-old XXXX for XXXX XXXX placement,"Shortness of breath and orthopnea, evaluate for worsening pleural effusion.",external_data/IU-Xray/images/IU_2328_frontal.jpg,external_data/IU-Xray/images/IU_2328_lateral.jpg,Heart size is normal. The lungs are clear. There are no XXXX focal air space consolidations. No pleural effusions or pneumothoraces. The hilar and mediastinal contours are unchanged. Again noted is tortuosity and unfolding of the thoracic aorta. Aortic vascular calcifications. Normal pulmonary vascularity. Bone demineralization.,No acute abnormality.,"XXXX, XXXX",2328,IU_2328,,,effusion_absence,reference_evidence_contradiction,no pleural effusion reported in reference findings/impression,success
IU_2328,2328,insufficient,insufficient,XXXX-year-old XXXX for XXXX XXXX placement,,external_data/IU-Xray/images/IU_2328_frontal.jpg,external_data/IU-Xray/images/IU_2328_lateral.jpg,Heart size is normal. The lungs are clear. There are no XXXX focal air space consolidations. No pleural effusions or pneumothoraces. The hilar and mediastinal contours are unchanged. Again noted is tortuosity and unfolding of the thoracic aorta. Aortic vascular calcifications. Normal pulmonary vascularity. Bone demineralization.,No acute abnormality.,"XXXX, XXXX",2328,IU_2328,,,,,,success
IU_2339,2339,sufficient,sufficient,"Pre-op evaluation, XXXX surgery.","Pre-op evaluation, XXXX surgery.",external_data/IU-Xray/images/IU_2339_frontal.jpg,,The heart size and pulmonary vascularity appear within normal limits. The lungs are free of focal airspace disease. No pleural effusion or pneumothorax is seen. Multiple XXXX-filled loops of bowel are present. Gastrostomy is noted.,1. Clear lungs.,None.,2339,IU_2339,,,,,,success
IU_2339,2339,syntactic_incomplete,incomplete,"Pre-op evaluation, XXXX surgery.","Pre-op evaluation, XXXX surgery and",external_data/IU-Xray/images/IU_2339_frontal.jpg,,The heart size and pulmonary vascularity appear within normal limits. The lungs are free of focal airspace disease. No pleural effusion or pneumothorax is seen. Multiple XXXX-filled loops of bowel are present. Gastrostomy is noted.,1. Clear lungs.,None.,2339,IU_2339,,appended_conjunction_fallback,,,,success
IU_2339,2339,evidentiary_incomplete,incomplete,"Pre-op evaluation, XXXX surgery.",XXXX surgery.,external_data/IU-Xray/images/IU_2339_frontal.jpg,,The heart size and pulmonary vascularity appear within normal limits. The lungs are free of focal airspace disease. No pleural effusion or pneumothorax is seen. Multiple XXXX-filled loops of bowel are present. Gastrostomy is noted.,1. Clear lungs.,None.,2339,IU_2339,Pre-op evaluation,clause_clinical_removal,,,,success
IU_2339,2339,irrelevant,irrelevant,"Pre-op evaluation, XXXX surgery.",XXXX-year-old male with a history of altered mental status.,external_data/IU-Xray/images/IU_2339_frontal.jpg,,The heart size and pulmonary vascularity appear within normal limits. The lungs are free of focal airspace disease. No pleural effusion or pneumothorax is seen. Multiple XXXX-filled loops of bowel are present. Gastrostomy is noted.,1. Clear lungs.,None.,2684,IU_2684,,,,,,success
IU_2339,2339,conflicting,conflicting,"Pre-op evaluation, XXXX surgery.","Routine follow-up chest radiograph, no trauma or pneumothorax suspected.",external_data/IU-Xray/images/IU_2339_frontal.jpg,,The heart size and pulmonary vascularity appear within normal limits. The lungs are free of focal airspace disease. No pleural effusion or pneumothorax is seen. Multiple XXXX-filled loops of bowel are present. Gastrostomy is noted.,1. Clear lungs.,None.,2339,IU_2339,,,pneumothorax_presence,reference_evidence_contradiction,pneumothorax present in reference findings/impression,success
IU_2339,2339,insufficient,insufficient,"Pre-op evaluation, XXXX surgery.",,external_data/IU-Xray/images/IU_2339_frontal.jpg,,The heart size and pulmonary vascularity appear within normal limits. The lungs are free of focal airspace disease. No pleural effusion or pneumothorax is seen. Multiple XXXX-filled loops of bowel are present. Gastrostomy is noted.,1. Clear lungs.,None.,2339,IU_2339,,,,,,success
IU_2351,2351,sufficient,sufficient,XXXX year old outside chest pain radiating XXXX the left arm.,XXXX year old outside chest pain radiating XXXX the left arm.,external_data/IU-Xray/images/IU_2351_frontal.jpg,external_data/IU-Xray/images/IU_2351_lateral.jpg,"The heart is normal in size and contour. Scattered calcifications are noted, compatible with prior granulomatous disease. The lungs are clear, without evidence of infiltrate. There is no pneumothorax or effusion.",No acute cardiopulmonary disease.,None.,2351,IU_2351,,,,,,success
IU_2351,2351,syntactic_incomplete,incomplete,XXXX year old outside chest pain radiating XXXX the left arm.,XXXX year old outside chest pain radiating XXXX the left arm and,external_data/IU-Xray/images/IU_2351_frontal.jpg,external_data/IU-Xray/images/IU_2351_lateral.jpg,"The heart is normal in size and contour. Scattered calcifications are noted, compatible with prior granulomatous disease. The lungs are clear, without evidence of infiltrate. There is no pneumothorax or effusion.",No acute cardiopulmonary disease.,None.,2351,IU_2351,,appended_conjunction_fallback,,,,success
IU_2351,2351,evidentiary_incomplete,incomplete,XXXX year old outside chest pain radiating XXXX the left arm.,Clinical evaluation.,external_data/IU-Xray/images/IU_2351_frontal.jpg,external_data/IU-Xray/images/IU_2351_lateral.jpg,"The heart is normal in size and contour. Scattered calcifications are noted, compatible with prior granulomatous disease. The lungs are clear, without evidence of infiltrate. There is no pneumothorax or effusion.",No acute cardiopulmonary disease.,None.,2351,IU_2351,pain,evidenced_term_generalization,,,,success
IU_2351,2351,irrelevant,irrelevant,XXXX year old outside chest pain radiating XXXX the left arm.,Positive PPD,external_data/IU-Xray/images/IU_2351_frontal.jpg,external_data/IU-Xray/images/IU_2351_lateral.jpg,"The heart is normal in size and contour. Scattered calcifications are noted, compatible with prior granulomatous disease. The lungs are clear, without evidence of infiltrate. There is no pneumothorax or effusion.",No acute cardiopulmonary disease.,None.,443,IU_443,,,,,,success
IU_2351,2351,conflicting,conflicting,XXXX year old outside chest pain radiating XXXX the left arm.,"Patient presenting with sudden onset shortness of breath following trauma, evaluate acute pneumothorax.",external_data/IU-Xray/images/IU_2351_frontal.jpg,external_data/IU-Xray/images/IU_2351_lateral.jpg,"The heart is normal in size and contour. Scattered calcifications are noted, compatible with prior granulomatous disease. The lungs are clear, without evidence of infiltrate. There is no pneumothorax or effusion.",No acute cardiopulmonary disease.,None.,2351,IU_2351,,,pneumothorax_absence,reference_evidence_contradiction,no pneumothorax reported in reference findings/impression,success
IU_2351,2351,insufficient,insufficient,XXXX year old outside chest pain radiating XXXX the left arm.,,external_data/IU-Xray/images/IU_2351_frontal.jpg,external_data/IU-Xray/images/IU_2351_lateral.jpg,"The heart is normal in size and contour. Scattered calcifications are noted, compatible with prior granulomatous disease. The lungs are clear, without evidence of infiltrate. There is no pneumothorax or effusion.",No acute cardiopulmonary disease.,None.,2351,IU_2351,,,,,,success
IU_2397,2397,sufficient,sufficient,Chest pain.,Chest pain.,external_data/IU-Xray/images/IU_2397_frontal.jpg,external_data/IU-Xray/images/IU_2397_lateral.jpg,"Stable normal cardiac size and contour, normal mediastinal silhouette. Normal pulmonary XXXX. Lungs clear, no airspace disease. No pleural effusion or pneumothorax.","Stable chest, no active/acute cardiopulmonary disease.",XXXX.,2397,IU_2397,,,,,,success
IU_2397,2397,syntactic_incomplete,incomplete,Chest pain.,Chest pain and,external_data/IU-Xray/images/IU_2397_frontal.jpg,external_data/IU-Xray/images/IU_2397_lateral.jpg,"Stable normal cardiac size and contour, normal mediastinal silhouette. Normal pulmonary XXXX. Lungs clear, no airspace disease. No pleural effusion or pneumothorax.","Stable chest, no active/acute cardiopulmonary disease.",XXXX.,2397,IU_2397,,appended_conjunction_fallback,,,,success
IU_2397,2397,evidentiary_incomplete,incomplete,Chest pain.,Clinical evaluation.,external_data/IU-Xray/images/IU_2397_frontal.jpg,external_data/IU-Xray/images/IU_2397_lateral.jpg,"Stable normal cardiac size and contour, normal mediastinal silhouette. Normal pulmonary XXXX. Lungs clear, no airspace disease. No pleural effusion or pneumothorax.","Stable chest, no active/acute cardiopulmonary disease.",XXXX.,2397,IU_2397,pain,evidenced_term_generalization,,,,success
IU_2397,2397,irrelevant,irrelevant,Chest pain.,XXXX-year-old male. Chest pain. HIV.,external_data/IU-Xray/images/IU_2397_frontal.jpg,external_data/IU-Xray/images/IU_2397_lateral.jpg,"Stable normal cardiac size and contour, normal mediastinal silhouette. Normal pulmonary XXXX. Lungs clear, no airspace disease. No pleural effusion or pneumothorax.","Stable chest, no active/acute cardiopulmonary disease.",XXXX.,1854,IU_1854,,,,,,success
IU_2397,2397,conflicting,conflicting,Chest pain.,"Routine follow-up chest radiograph, no trauma or pneumothorax suspected.",external_data/IU-Xray/images/IU_2397_frontal.jpg,external_data/IU-Xray/images/IU_2397_lateral.jpg,"Stable normal cardiac size and contour, normal mediastinal silhouette. Normal pulmonary XXXX. Lungs clear, no airspace disease. No pleural effusion or pneumothorax.","Stable chest, no active/acute cardiopulmonary disease.",XXXX.,2397,IU_2397,,,pneumothorax_presence,reference_evidence_contradiction,pneumothorax present in reference findings/impression,success
IU_2397,2397,insufficient,insufficient,Chest pain.,,external_data/IU-Xray/images/IU_2397_frontal.jpg,external_data/IU-Xray/images/IU_2397_lateral.jpg,"Stable normal cardiac size and contour, normal mediastinal silhouette. Normal pulmonary XXXX. Lungs clear, no airspace disease. No pleural effusion or pneumothorax.","Stable chest, no active/acute cardiopulmonary disease.",XXXX.,2397,IU_2397,,,,,,success
IU_2445,2445,sufficient,sufficient,"XXXX and XXXX infection, XXXX","XXXX and XXXX infection, XXXX",external_data/IU-Xray/images/IU_2445_frontal.jpg,external_data/IU-Xray/images/IU_2445_lateral.jpg,The heart is normal in size. The mediastinum is unremarkable. The lungs are clear.,No acute disease.,,2445,IU_2445,,,,,,success
IU_2445,2445,syntactic_incomplete,incomplete,"XXXX and XXXX infection, XXXX",XXXX and,external_data/IU-Xray/images/IU_2445_frontal.jpg,external_data/IU-Xray/images/IU_2445_lateral.jpg,The heart is normal in size. The mediastinum is unremarkable. The lungs are clear.,No acute disease.,,2445,IU_2445,,preposition_truncation,,,,success
IU_2445,2445,evidentiary_incomplete,incomplete,"XXXX and XXXX infection, XXXX",XXXX.,external_data/IU-Xray/images/IU_2445_frontal.jpg,external_data/IU-Xray/images/IU_2445_lateral.jpg,The heart is normal in size. The mediastinum is unremarkable. The lungs are clear.,No acute disease.,,2445,IU_2445,XXXX and XXXX infection,clause_clinical_removal,,,,success
IU_2445,2445,irrelevant,irrelevant,"XXXX and XXXX infection, XXXX",XXXX-year-old XXXX with history of pneumonia.,external_data/IU-Xray/images/IU_2445_frontal.jpg,external_data/IU-Xray/images/IU_2445_lateral.jpg,The heart is normal in size. The mediastinum is unremarkable. The lungs are clear.,No acute disease.,,356,IU_356,,,,,,success
IU_2445,2445,conflicting,conflicting,"XXXX and XXXX infection, XXXX","Patient with high fever and shortness of breath, evaluate acute multifocal pneumonia.",external_data/IU-Xray/images/IU_2445_frontal.jpg,external_data/IU-Xray/images/IU_2445_lateral.jpg,The heart is normal in size. The mediastinum is unremarkable. The lungs are clear.,No acute disease.,,2445,IU_2445,,,normal_exam_contradiction,reference_evidence_contradiction,reference report indicates clear/normal exam,success
IU_2445,2445,insufficient,insufficient,"XXXX and XXXX infection, XXXX",,external_data/IU-Xray/images/IU_2445_frontal.jpg,external_data/IU-Xray/images/IU_2445_lateral.jpg,The heart is normal in size. The mediastinum is unremarkable. The lungs are clear.,No acute disease.,,2445,IU_2445,,,,,,success
IU_2480,2480,sufficient,sufficient,Chest pain.,Chest pain.,external_data/IU-Xray/images/IU_2480_frontal.jpg,external_data/IU-Xray/images/IU_2480_lateral.jpg,The heart is normal in size and contour. There is no mediastinal widening. The lungs are clear bilaterally. No large pleural effusion or pneumothorax. The XXXX are intact.,No acute cardiopulmonary abnormalities.,None.,2480,IU_2480,,,,,,success
IU_2480,2480,syntactic_incomplete,incomplete,Chest pain.,Chest pain and,external_data/IU-Xray/images/IU_2480_frontal.jpg,external_data/IU-Xray/images/IU_2480_lateral.jpg,The heart is normal in size and contour. There is no mediastinal widening. The lungs are clear bilaterally. No large pleural effusion or pneumothorax. The XXXX are intact.,No acute cardiopulmonary abnormalities.,None.,2480,IU_2480,,appended_conjunction_fallback,,,,success
IU_2480,2480,evidentiary_incomplete,incomplete,Chest pain.,Clinical evaluation.,external_data/IU-Xray/images/IU_2480_frontal.jpg,external_data/IU-Xray/images/IU_2480_lateral.jpg,The heart is normal in size and contour. There is no mediastinal widening. The lungs are clear bilaterally. No large pleural effusion or pneumothorax. The XXXX are intact.,No acute cardiopulmonary abnormalities.,None.,2480,IU_2480,pain,evidenced_term_generalization,,,,success
IU_2480,2480,irrelevant,irrelevant,Chest pain.,"XXXX-year-old XXXX XXXX, persistent XXXX..",external_data/IU-Xray/images/IU_2480_frontal.jpg,external_data/IU-Xray/images/IU_2480_lateral.jpg,The heart is normal in size and contour. There is no mediastinal widening. The lungs are clear bilaterally. No large pleural effusion or pneumothorax. The XXXX are intact.,No acute cardiopulmonary abnormalities.,None.,884,IU_884,,,,,,success
IU_2480,2480,conflicting,conflicting,Chest pain.,"Routine follow-up chest radiograph, no trauma or pneumothorax suspected.",external_data/IU-Xray/images/IU_2480_frontal.jpg,external_data/IU-Xray/images/IU_2480_lateral.jpg,The heart is normal in size and contour. There is no mediastinal widening. The lungs are clear bilaterally. No large pleural effusion or pneumothorax. The XXXX are intact.,No acute cardiopulmonary abnormalities.,None.,2480,IU_2480,,,pneumothorax_presence,reference_evidence_contradiction,pneumothorax present in reference findings/impression,success
IU_2480,2480,insufficient,insufficient,Chest pain.,,external_data/IU-Xray/images/IU_2480_frontal.jpg,external_data/IU-Xray/images/IU_2480_lateral.jpg,The heart is normal in size and contour. There is no mediastinal widening. The lungs are clear bilaterally. No large pleural effusion or pneumothorax. The XXXX are intact.,No acute cardiopulmonary abnormalities.,None.,2480,IU_2480,,,,,,success
IU_2535,2535,sufficient,sufficient,Preop for knee surgery.,Preop for knee surgery.,,external_data/IU-Xray/images/IU_2535_lateral.jpg,Heart size is within normal limits. Cardiomediastinal silhouette is normal. Lungs are clear bilaterally without effusion or pneumothorax. No bony or soft tissue abnormalities.,No cardiopulmonary abnormality.,None.,2535,IU_2535,,,,,,success
IU_2535,2535,syntactic_incomplete,incomplete,Preop for knee surgery.,Preop for,,external_data/IU-Xray/images/IU_2535_lateral.jpg,Heart size is within normal limits. Cardiomediastinal silhouette is normal. Lungs are clear bilaterally without effusion or pneumothorax. No bony or soft tissue abnormalities.,No cardiopulmonary abnormality.,None.,2535,IU_2535,,preposition_truncation,,,,success
IU_2535,2535,evidentiary_incomplete,incomplete,Preop for knee surgery.,Preop.,,external_data/IU-Xray/images/IU_2535_lateral.jpg,Heart size is within normal limits. Cardiomediastinal silhouette is normal. Lungs are clear bilaterally without effusion or pneumothorax. No bony or soft tissue abnormalities.,No cardiopulmonary abnormality.,None.,2535,IU_2535,for knee surgery,prepositional_phrase_removal_for_phrase,,,,success
IU_2535,2535,irrelevant,irrelevant,Preop for knee surgery.,XXXX-year-old male with XXXX.,,external_data/IU-Xray/images/IU_2535_lateral.jpg,Heart size is within normal limits. Cardiomediastinal silhouette is normal. Lungs are clear bilaterally without effusion or pneumothorax. No bony or soft tissue abnormalities.,No cardiopulmonary abnormality.,None.,3676,IU_3676,,,,,,success
IU_2535,2535,conflicting,conflicting,Preop for knee surgery.,"Routine follow-up chest radiograph, no trauma or pneumothorax suspected.",,external_data/IU-Xray/images/IU_2535_lateral.jpg,Heart size is within normal limits. Cardiomediastinal silhouette is normal. Lungs are clear bilaterally without effusion or pneumothorax. No bony or soft tissue abnormalities.,No cardiopulmonary abnormality.,None.,2535,IU_2535,,,pneumothorax_presence,reference_evidence_contradiction,pneumothorax present in reference findings/impression,success
IU_2535,2535,insufficient,insufficient,Preop for knee surgery.,,,external_data/IU-Xray/images/IU_2535_lateral.jpg,Heart size is within normal limits. Cardiomediastinal silhouette is normal. Lungs are clear bilaterally without effusion or pneumothorax. No bony or soft tissue abnormalities.,No cardiopulmonary abnormality.,None.,2535,IU_2535,,,,,,success
IU_2561,2561,sufficient,sufficient,Chest pain,Chest pain,external_data/IU-Xray/images/IU_2561_frontal.jpg,,Lungs are clear bilaterally. Cardiac and mediastinal silhouettes are normal. Pulmonary vasculature is normal. No pneumothorax or pleural effusion. No acute bony abnormality.,No acute cardiopulmonary abnormality.,"PA and lateral views of the chest on XXXX, XXXX.",2561,IU_2561,,,,,,success
IU_2561,2561,syntactic_incomplete,incomplete,Chest pain,Chest pain and,external_data/IU-Xray/images/IU_2561_frontal.jpg,,Lungs are clear bilaterally. Cardiac and mediastinal silhouettes are normal. Pulmonary vasculature is normal. No pneumothorax or pleural effusion. No acute bony abnormality.,No acute cardiopulmonary abnormality.,"PA and lateral views of the chest on XXXX, XXXX.",2561,IU_2561,,appended_conjunction_fallback,,,,success
IU_2561,2561,evidentiary_incomplete,incomplete,Chest pain,Clinical evaluation.,external_data/IU-Xray/images/IU_2561_frontal.jpg,,Lungs are clear bilaterally. Cardiac and mediastinal silhouettes are normal. Pulmonary vasculature is normal. No pneumothorax or pleural effusion. No acute bony abnormality.,No acute cardiopulmonary abnormality.,"PA and lateral views of the chest on XXXX, XXXX.",2561,IU_2561,pain,evidenced_term_generalization,,,,success
IU_2561,2561,irrelevant,irrelevant,Chest pain,"XXXX, XXXX symptoms. Dyspnea.",external_data/IU-Xray/images/IU_2561_frontal.jpg,,Lungs are clear bilaterally. Cardiac and mediastinal silhouettes are normal. Pulmonary vasculature is normal. No pneumothorax or pleural effusion. No acute bony abnormality.,No acute cardiopulmonary abnormality.,"PA and lateral views of the chest on XXXX, XXXX.",1264,IU_1264,,,,,,success
IU_2561,2561,conflicting,conflicting,Chest pain,"Patient presenting with sudden onset shortness of breath following trauma, evaluate acute pneumothorax.",external_data/IU-Xray/images/IU_2561_frontal.jpg,,Lungs are clear bilaterally. Cardiac and mediastinal silhouettes are normal. Pulmonary vasculature is normal. No pneumothorax or pleural effusion. No acute bony abnormality.,No acute cardiopulmonary abnormality.,"PA and lateral views of the chest on XXXX, XXXX.",2561,IU_2561,,,pneumothorax_absence,reference_evidence_contradiction,no pneumothorax reported in reference findings/impression,success
IU_2561,2561,insufficient,insufficient,Chest pain,,external_data/IU-Xray/images/IU_2561_frontal.jpg,,Lungs are clear bilaterally. Cardiac and mediastinal silhouettes are normal. Pulmonary vasculature is normal. No pneumothorax or pleural effusion. No acute bony abnormality.,No acute cardiopulmonary abnormality.,"PA and lateral views of the chest on XXXX, XXXX.",2561,IU_2561,,,,,,success
IU_2589,2589,sufficient,sufficient,XXXX-year-old XXXX with chest pain.,XXXX-year-old XXXX with chest pain.,external_data/IU-Xray/images/IU_2589_frontal.jpg,external_data/IU-Xray/images/IU_2589_lateral.jpg,"There are no acute osseous abnormalities. Soft tissues are within normal limits. There is stable enlargement of the heart. Calcific aorta. Stable bilateral calcified granulomas. The lungs are clear bilaterally without focal area of consolidation, pleural effusion, or pneumothorax.",No acute radiographic cardiopulmonary process.,Chest radiograph of XXXX.,2589,IU_2589,,,,,,success
IU_2589,2589,syntactic_incomplete,incomplete,XXXX-year-old XXXX with chest pain.,XXXX-year-old XXXX with,external_data/IU-Xray/images/IU_2589_frontal.jpg,external_data/IU-Xray/images/IU_2589_lateral.jpg,"There are no acute osseous abnormalities. Soft tissues are within normal limits. There is stable enlargement of the heart. Calcific aorta. Stable bilateral calcified granulomas. The lungs are clear bilaterally without focal area of consolidation, pleural effusion, or pneumothorax.",No acute radiographic cardiopulmonary process.,Chest radiograph of XXXX.,2589,IU_2589,,preposition_truncation,,,,success
IU_2589,2589,evidentiary_incomplete,incomplete,XXXX-year-old XXXX with chest pain.,"XXXX-year-old XXXX, clinical evaluation.",external_data/IU-Xray/images/IU_2589_frontal.jpg,external_data/IU-Xray/images/IU_2589_lateral.jpg,"There are no acute osseous abnormalities. Soft tissues are within normal limits. There is stable enlargement of the heart. Calcific aorta. Stable bilateral calcified granulomas. The lungs are clear bilaterally without focal area of consolidation, pleural effusion, or pneumothorax.",No acute radiographic cardiopulmonary process.,Chest radiograph of XXXX.,2589,IU_2589,with chest pain,prepositional_phrase_removal_with_general_indication,,,,success
IU_2589,2589,irrelevant,irrelevant,XXXX-year-old XXXX with chest pain.,Dyspnea,external_data/IU-Xray/images/IU_2589_frontal.jpg,external_data/IU-Xray/images/IU_2589_lateral.jpg,"There are no acute osseous abnormalities. Soft tissues are within normal limits. There is stable enlargement of the heart. Calcific aorta. Stable bilateral calcified granulomas. The lungs are clear bilaterally without focal area of consolidation, pleural effusion, or pneumothorax.",No acute radiographic cardiopulmonary process.,Chest radiograph of XXXX.,3165,IU_3165,,,,,,success
IU_2589,2589,conflicting,conflicting,XXXX-year-old XXXX with chest pain.,"Routine follow-up chest radiograph, no trauma or pneumothorax suspected.",external_data/IU-Xray/images/IU_2589_frontal.jpg,external_data/IU-Xray/images/IU_2589_lateral.jpg,"There are no acute osseous abnormalities. Soft tissues are within normal limits. There is stable enlargement of the heart. Calcific aorta. Stable bilateral calcified granulomas. The lungs are clear bilaterally without focal area of consolidation, pleural effusion, or pneumothorax.",No acute radiographic cardiopulmonary process.,Chest radiograph of XXXX.,2589,IU_2589,,,pneumothorax_presence,reference_evidence_contradiction,pneumothorax present in reference findings/impression,success
IU_2589,2589,insufficient,insufficient,XXXX-year-old XXXX with chest pain.,,external_data/IU-Xray/images/IU_2589_frontal.jpg,external_data/IU-Xray/images/IU_2589_lateral.jpg,"There are no acute osseous abnormalities. Soft tissues are within normal limits. There is stable enlargement of the heart. Calcific aorta. Stable bilateral calcified granulomas. The lungs are clear bilaterally without focal area of consolidation, pleural effusion, or pneumothorax.",No acute radiographic cardiopulmonary process.,Chest radiograph of XXXX.,2589,IU_2589,,,,,,success
IU_2610,2610,sufficient,sufficient,XXXX-year-old female. Shortness of breath. XXXX.,XXXX-year-old female. Shortness of breath. XXXX.,external_data/IU-Xray/images/IU_2610_frontal.jpg,external_data/IU-Xray/images/IU_2610_lateral.jpg,"The cardiomediastinal silhouette is normal in size and contour. Hyperexpanded lungs, without focal consolidation, pneumothorax or large pleural effusion. XXXX right upper lobe scarring/atelectasis. Aortic calcifications.",Hyperexpanded lungs. XXXX right upper lobe scarring/atelectasis. No focal pneumonia.,None.,2610,IU_2610,,,,,,success
IU_2610,2610,syntactic_incomplete,incomplete,XXXX-year-old female. Shortness of breath. XXXX.,XXXX-year-old female. Shortness of,external_data/IU-Xray/images/IU_2610_frontal.jpg,external_data/IU-Xray/images/IU_2610_lateral.jpg,"The cardiomediastinal silhouette is normal in size and contour. Hyperexpanded lungs, without focal consolidation, pneumothorax or large pleural effusion. XXXX right upper lobe scarring/atelectasis. Aortic calcifications.",Hyperexpanded lungs. XXXX right upper lobe scarring/atelectasis. No focal pneumonia.,None.,2610,IU_2610,,preposition_truncation,,,,success
IU_2610,2610,evidentiary_incomplete,incomplete,XXXX-year-old female. Shortness of breath. XXXX.,XXXX-year-old female. Shortness of breath.,external_data/IU-Xray/images/IU_2610_frontal.jpg,external_data/IU-Xray/images/IU_2610_lateral.jpg,"The cardiomediastinal silhouette is normal in size and contour. Hyperexpanded lungs, without focal consolidation, pneumothorax or large pleural effusion. XXXX right upper lobe scarring/atelectasis. Aortic calcifications.",Hyperexpanded lungs. XXXX right upper lobe scarring/atelectasis. No focal pneumonia.,None.,2610,IU_2610,XXXX,sentence_clinical_removal,,,,success
IU_2610,2610,irrelevant,irrelevant,XXXX-year-old female. Shortness of breath. XXXX.,XXXX-year-old XXXX with chest pain.,external_data/IU-Xray/images/IU_2610_frontal.jpg,external_data/IU-Xray/images/IU_2610_lateral.jpg,"The cardiomediastinal silhouette is normal in size and contour. Hyperexpanded lungs, without focal consolidation, pneumothorax or large pleural effusion. XXXX right upper lobe scarring/atelectasis. Aortic calcifications.",Hyperexpanded lungs. XXXX right upper lobe scarring/atelectasis. No focal pneumonia.,None.,2589,IU_2589,,,,,,success
IU_2610,2610,conflicting,conflicting,XXXX-year-old female. Shortness of breath. XXXX.,"Routine follow-up chest radiograph, no trauma or pneumothorax suspected.",external_data/IU-Xray/images/IU_2610_frontal.jpg,external_data/IU-Xray/images/IU_2610_lateral.jpg,"The cardiomediastinal silhouette is normal in size and contour. Hyperexpanded lungs, without focal consolidation, pneumothorax or large pleural effusion. XXXX right upper lobe scarring/atelectasis. Aortic calcifications.",Hyperexpanded lungs. XXXX right upper lobe scarring/atelectasis. No focal pneumonia.,None.,2610,IU_2610,,,pneumothorax_presence,reference_evidence_contradiction,pneumothorax present in reference findings/impression,success
IU_2610,2610,insufficient,insufficient,XXXX-year-old female. Shortness of breath. XXXX.,,external_data/IU-Xray/images/IU_2610_frontal.jpg,external_data/IU-Xray/images/IU_2610_lateral.jpg,"The cardiomediastinal silhouette is normal in size and contour. Hyperexpanded lungs, without focal consolidation, pneumothorax or large pleural effusion. XXXX right upper lobe scarring/atelectasis. Aortic calcifications.",Hyperexpanded lungs. XXXX right upper lobe scarring/atelectasis. No focal pneumonia.,None.,2610,IU_2610,,,,,,success
IU_2684,2684,sufficient,sufficient,XXXX-year-old male with a history of altered mental status.,XXXX-year-old male with a history of altered mental status.,external_data/IU-Xray/images/IU_2684_frontal.jpg,external_data/IU-Xray/images/IU_2684_lateral.jpg,The cardiomediastinal silhouette is within normal limits for appearance. No focal areas of pulmonary consolidation. A calcified granuloma is identified in the peripheral aspect of the left lower lobe. Calcified lymph XXXX are identified in left hilar region. No pneumothorax. No pleural effusion. Minimal degenerative endplate changes of the thoracic spine.,1. No acute intrathoracic abnormality.,Comparison is XXXX to chest radiograph examination dated XXXX at XXXX.,2684,IU_2684,,,,,,success
IU_2684,2684,syntactic_incomplete,incomplete,XXXX-year-old male with a history of altered mental status.,XXXX-year-old male with a history of,external_data/IU-Xray/images/IU_2684_frontal.jpg,external_data/IU-Xray/images/IU_2684_lateral.jpg,The cardiomediastinal silhouette is within normal limits for appearance. No focal areas of pulmonary consolidation. A calcified granuloma is identified in the peripheral aspect of the left lower lobe. Calcified lymph XXXX are identified in left hilar region. No pneumothorax. No pleural effusion. Minimal degenerative endplate changes of the thoracic spine.,1. No acute intrathoracic abnormality.,Comparison is XXXX to chest radiograph examination dated XXXX at XXXX.,2684,IU_2684,,pattern_truncation,,,,success
IU_2684,2684,evidentiary_incomplete,incomplete,XXXX-year-old male with a history of altered mental status.,"XXXX-year-old male, clinical evaluation.",external_data/IU-Xray/images/IU_2684_frontal.jpg,external_data/IU-Xray/images/IU_2684_lateral.jpg,The cardiomediastinal silhouette is within normal limits for appearance. No focal areas of pulmonary consolidation. A calcified granuloma is identified in the peripheral aspect of the left lower lobe. Calcified lymph XXXX are identified in left hilar region. No pneumothorax. No pleural effusion. Minimal degenerative endplate changes of the thoracic spine.,1. No acute intrathoracic abnormality.,Comparison is XXXX to chest radiograph examination dated XXXX at XXXX.,2684,IU_2684,with a history of altered mental status,prepositional_phrase_removal_with_general_indication,,,,success
IU_2684,2684,irrelevant,irrelevant,XXXX-year-old male with a history of altered mental status.,Pneumonia,external_data/IU-Xray/images/IU_2684_frontal.jpg,external_data/IU-Xray/images/IU_2684_lateral.jpg,The cardiomediastinal silhouette is within normal limits for appearance. No focal areas of pulmonary consolidation. A calcified granuloma is identified in the peripheral aspect of the left lower lobe. Calcified lymph XXXX are identified in left hilar region. No pneumothorax. No pleural effusion. Minimal degenerative endplate changes of the thoracic spine.,1. No acute intrathoracic abnormality.,Comparison is XXXX to chest radiograph examination dated XXXX at XXXX.,483,IU_483,,,,,,success
IU_2684,2684,conflicting,conflicting,XXXX-year-old male with a history of altered mental status.,"Patient presenting with sudden onset shortness of breath following trauma, evaluate acute pneumothorax.",external_data/IU-Xray/images/IU_2684_frontal.jpg,external_data/IU-Xray/images/IU_2684_lateral.jpg,The cardiomediastinal silhouette is within normal limits for appearance. No focal areas of pulmonary consolidation. A calcified granuloma is identified in the peripheral aspect of the left lower lobe. Calcified lymph XXXX are identified in left hilar region. No pneumothorax. No pleural effusion. Minimal degenerative endplate changes of the thoracic spine.,1. No acute intrathoracic abnormality.,Comparison is XXXX to chest radiograph examination dated XXXX at XXXX.,2684,IU_2684,,,pneumothorax_absence,reference_evidence_contradiction,no pneumothorax reported in reference findings/impression,success
IU_2684,2684,insufficient,insufficient,XXXX-year-old male with a history of altered mental status.,,external_data/IU-Xray/images/IU_2684_frontal.jpg,external_data/IU-Xray/images/IU_2684_lateral.jpg,The cardiomediastinal silhouette is within normal limits for appearance. No focal areas of pulmonary consolidation. A calcified granuloma is identified in the peripheral aspect of the left lower lobe. Calcified lymph XXXX are identified in left hilar region. No pneumothorax. No pleural effusion. Minimal degenerative endplate changes of the thoracic spine.,1. No acute intrathoracic abnormality.,Comparison is XXXX to chest radiograph examination dated XXXX at XXXX.,2684,IU_2684,,,,,,success
IU_2724,2724,sufficient,sufficient,AML. BMT workup.,AML. BMT workup.,external_data/IU-Xray/images/IU_2724_frontal.jpg,external_data/IU-Xray/images/IU_2724_lateral.jpg,Lungs are clear. No pleural effusions or pneumothoraces. heart size is normal. There is some tortuosity of the aorta. Degenerative changes in the thoracic spine,Clear lungs.,None.,2724,IU_2724,,,,,,success
IU_2724,2724,syntactic_incomplete,incomplete,AML. BMT workup.,AML. BMT workup and,external_data/IU-Xray/images/IU_2724_frontal.jpg,external_data/IU-Xray/images/IU_2724_lateral.jpg,Lungs are clear. No pleural effusions or pneumothoraces. heart size is normal. There is some tortuosity of the aorta. Degenerative changes in the thoracic spine,Clear lungs.,None.,2724,IU_2724,,appended_conjunction_fallback,,,,success
IU_2724,2724,evidentiary_incomplete,incomplete,AML. BMT workup.,BMT workup.,external_data/IU-Xray/images/IU_2724_frontal.jpg,external_data/IU-Xray/images/IU_2724_lateral.jpg,Lungs are clear. No pleural effusions or pneumothoraces. heart size is normal. There is some tortuosity of the aorta. Degenerative changes in the thoracic spine,Clear lungs.,None.,2724,IU_2724,AML,sentence_clinical_removal,,,,success
IU_2724,2724,irrelevant,irrelevant,AML. BMT workup.,sob,external_data/IU-Xray/images/IU_2724_frontal.jpg,external_data/IU-Xray/images/IU_2724_lateral.jpg,Lungs are clear. No pleural effusions or pneumothoraces. heart size is normal. There is some tortuosity of the aorta. Degenerative changes in the thoracic spine,Clear lungs.,None.,3588,IU_3588,,,,,,success
IU_2724,2724,conflicting,conflicting,AML. BMT workup.,"Shortness of breath and orthopnea, evaluate for worsening pleural effusion.",external_data/IU-Xray/images/IU_2724_frontal.jpg,external_data/IU-Xray/images/IU_2724_lateral.jpg,Lungs are clear. No pleural effusions or pneumothoraces. heart size is normal. There is some tortuosity of the aorta. Degenerative changes in the thoracic spine,Clear lungs.,None.,2724,IU_2724,,,effusion_absence,reference_evidence_contradiction,no pleural effusion reported in reference findings/impression,success
IU_2724,2724,insufficient,insufficient,AML. BMT workup.,,external_data/IU-Xray/images/IU_2724_frontal.jpg,external_data/IU-Xray/images/IU_2724_lateral.jpg,Lungs are clear. No pleural effusions or pneumothoraces. heart size is normal. There is some tortuosity of the aorta. Degenerative changes in the thoracic spine,Clear lungs.,None.,2724,IU_2724,,,,,,success
IU_2822,2822,sufficient,sufficient,"XXXX-year-old male, preop evaluation. History of tobacco use.","XXXX-year-old male, preop evaluation. History of tobacco use.",external_data/IU-Xray/images/IU_2822_frontal.jpg,external_data/IU-Xray/images/IU_2822_lateral.jpg,"No focal consolidation, effusion, or pneumothorax. Normal heart size. Stable left subclavian chest XXXX catheter tip in mid SVC. Lungs are well expanded. Calcified granuloma posteriorly in the medial right lower lobe. Postsurgical changes of anterior lower cervical spine fusion. Thoracic spine demonstrates mild degenerative changes with some mild XXXX loss of T4 and T7 vertebral bodies.",Negative for acute cardiopulmonary abnormality,Chest radiograph XXXX.,2822,IU_2822,,,,,,success
IU_2822,2822,syntactic_incomplete,incomplete,"XXXX-year-old male, preop evaluation. History of tobacco use.","XXXX-year-old male, preop evaluation. History of",external_data/IU-Xray/images/IU_2822_frontal.jpg,external_data/IU-Xray/images/IU_2822_lateral.jpg,"No focal consolidation, effusion, or pneumothorax. Normal heart size. Stable left subclavian chest XXXX catheter tip in mid SVC. Lungs are well expanded. Calcified granuloma posteriorly in the medial right lower lobe. Postsurgical changes of anterior lower cervical spine fusion. Thoracic spine demonstrates mild degenerative changes with some mild XXXX loss of T4 and T7 vertebral bodies.",Negative for acute cardiopulmonary abnormality,Chest radiograph XXXX.,2822,IU_2822,,pattern_truncation,,,,success
IU_2822,2822,evidentiary_incomplete,incomplete,"XXXX-year-old male, preop evaluation. History of tobacco use.",History of tobacco use.,external_data/IU-Xray/images/IU_2822_frontal.jpg,external_data/IU-Xray/images/IU_2822_lateral.jpg,"No focal consolidation, effusion, or pneumothorax. Normal heart size. Stable left subclavian chest XXXX catheter tip in mid SVC. Lungs are well expanded. Calcified granuloma posteriorly in the medial right lower lobe. Postsurgical changes of anterior lower cervical spine fusion. Thoracic spine demonstrates mild degenerative changes with some mild XXXX loss of T4 and T7 vertebral bodies.",Negative for acute cardiopulmonary abnormality,Chest radiograph XXXX.,2822,IU_2822,"XXXX-year-old male, preop evaluation",sentence_clinical_removal,,,,success
IU_2822,2822,irrelevant,irrelevant,"XXXX-year-old male, preop evaluation. History of tobacco use.",Chest pain. Concern for pneumothorax.,external_data/IU-Xray/images/IU_2822_frontal.jpg,external_data/IU-Xray/images/IU_2822_lateral.jpg,"No focal consolidation, effusion, or pneumothorax. Normal heart size. Stable left subclavian chest XXXX catheter tip in mid SVC. Lungs are well expanded. Calcified granuloma posteriorly in the medial right lower lobe. Postsurgical changes of anterior lower cervical spine fusion. Thoracic spine demonstrates mild degenerative changes with some mild XXXX loss of T4 and T7 vertebral bodies.",Negative for acute cardiopulmonary abnormality,Chest radiograph XXXX.,3120,IU_3120,,,,,,success
IU_2822,2822,conflicting,conflicting,"XXXX-year-old male, preop evaluation. History of tobacco use.","Routine follow-up chest radiograph, no trauma or pneumothorax suspected.",external_data/IU-Xray/images/IU_2822_frontal.jpg,external_data/IU-Xray/images/IU_2822_lateral.jpg,"No focal consolidation, effusion, or pneumothorax. Normal heart size. Stable left subclavian chest XXXX catheter tip in mid SVC. Lungs are well expanded. Calcified granuloma posteriorly in the medial right lower lobe. Postsurgical changes of anterior lower cervical spine fusion. Thoracic spine demonstrates mild degenerative changes with some mild XXXX loss of T4 and T7 vertebral bodies.",Negative for acute cardiopulmonary abnormality,Chest radiograph XXXX.,2822,IU_2822,,,pneumothorax_presence,reference_evidence_contradiction,pneumothorax present in reference findings/impression,success
IU_2822,2822,insufficient,insufficient,"XXXX-year-old male, preop evaluation. History of tobacco use.",,external_data/IU-Xray/images/IU_2822_frontal.jpg,external_data/IU-Xray/images/IU_2822_lateral.jpg,"No focal consolidation, effusion, or pneumothorax. Normal heart size. Stable left subclavian chest XXXX catheter tip in mid SVC. Lungs are well expanded. Calcified granuloma posteriorly in the medial right lower lobe. Postsurgical changes of anterior lower cervical spine fusion. Thoracic spine demonstrates mild degenerative changes with some mild XXXX loss of T4 and T7 vertebral bodies.",Negative for acute cardiopulmonary abnormality,Chest radiograph XXXX.,2822,IU_2822,,,,,,success
IU_2828,2828,sufficient,sufficient,"Syncope with collapse, XXXX, pain","Syncope with collapse, XXXX, pain",external_data/IU-Xray/images/IU_2828_frontal.jpg,external_data/IU-Xray/images/IU_2828_lateral.jpg,Heart size and mediastinal contour are normal. Pulmonary vascularity is normal. Lungs are hyperexpanded but clear. No pleural effusions or pneumothoraces. Degenerative changes in the thoracic spine.,Findings suggestive of emphysema. No acute cardiopulmonary process.,,2828,IU_2828,,,,,,success
IU_2828,2828,syntactic_incomplete,incomplete,"Syncope with collapse, XXXX, pain",Syncope with,external_data/IU-Xray/images/IU_2828_frontal.jpg,external_data/IU-Xray/images/IU_2828_lateral.jpg,Heart size and mediastinal contour are normal. Pulmonary vascularity is normal. Lungs are hyperexpanded but clear. No pleural effusions or pneumothoraces. Degenerative changes in the thoracic spine.,Findings suggestive of emphysema. No acute cardiopulmonary process.,,2828,IU_2828,,preposition_truncation,,,,success
IU_2828,2828,evidentiary_incomplete,incomplete,"Syncope with collapse, XXXX, pain","XXXX, pain.",external_data/IU-Xray/images/IU_2828_frontal.jpg,external_data/IU-Xray/images/IU_2828_lateral.jpg,Heart size and mediastinal contour are normal. Pulmonary vascularity is normal. Lungs are hyperexpanded but clear. No pleural effusions or pneumothoraces. Degenerative changes in the thoracic spine.,Findings suggestive of emphysema. No acute cardiopulmonary process.,,2828,IU_2828,Syncope with collapse,clause_clinical_removal,,,,success
IU_2828,2828,irrelevant,irrelevant,"Syncope with collapse, XXXX, pain","XXXX-year-old male, hypertension, chest pain",external_data/IU-Xray/images/IU_2828_frontal.jpg,external_data/IU-Xray/images/IU_2828_lateral.jpg,Heart size and mediastinal contour are normal. Pulmonary vascularity is normal. Lungs are hyperexpanded but clear. No pleural effusions or pneumothoraces. Degenerative changes in the thoracic spine.,Findings suggestive of emphysema. No acute cardiopulmonary process.,,3977,IU_3977,,,,,,success
IU_2828,2828,conflicting,conflicting,"Syncope with collapse, XXXX, pain","Shortness of breath and orthopnea, evaluate for worsening pleural effusion.",external_data/IU-Xray/images/IU_2828_frontal.jpg,external_data/IU-Xray/images/IU_2828_lateral.jpg,Heart size and mediastinal contour are normal. Pulmonary vascularity is normal. Lungs are hyperexpanded but clear. No pleural effusions or pneumothoraces. Degenerative changes in the thoracic spine.,Findings suggestive of emphysema. No acute cardiopulmonary process.,,2828,IU_2828,,,effusion_absence,reference_evidence_contradiction,no pleural effusion reported in reference findings/impression,success
IU_2828,2828,insufficient,insufficient,"Syncope with collapse, XXXX, pain",,external_data/IU-Xray/images/IU_2828_frontal.jpg,external_data/IU-Xray/images/IU_2828_lateral.jpg,Heart size and mediastinal contour are normal. Pulmonary vascularity is normal. Lungs are hyperexpanded but clear. No pleural effusions or pneumothoraces. Degenerative changes in the thoracic spine.,Findings suggestive of emphysema. No acute cardiopulmonary process.,,2828,IU_2828,,,,,,success
IU_2967,2967,sufficient,sufficient,Kidney transplant evaluation.,Kidney transplant evaluation.,external_data/IU-Xray/images/IU_2967_frontal.jpg,,The heart size and pulmonary vascularity appear within normal limits. The lungs are free of focal airspace disease. No pleural effusion or pneumothorax is seen.,1. No evidence of active disease.,None.,2967,IU_2967,,,,,,success
IU_2967,2967,syntactic_incomplete,incomplete,Kidney transplant evaluation.,Kidney transplant evaluation and,external_data/IU-Xray/images/IU_2967_frontal.jpg,,The heart size and pulmonary vascularity appear within normal limits. The lungs are free of focal airspace disease. No pleural effusion or pneumothorax is seen.,1. No evidence of active disease.,None.,2967,IU_2967,,appended_conjunction_fallback,,,,success
IU_2967,2967,evidentiary_incomplete,incomplete,Kidney transplant evaluation.,Transplant evaluation.,external_data/IU-Xray/images/IU_2967_frontal.jpg,,The heart size and pulmonary vascularity appear within normal limits. The lungs are free of focal airspace disease. No pleural effusion or pneumothorax is seen.,1. No evidence of active disease.,None.,2967,IU_2967,kidney transplant,evidenced_term_generalization,,,,success
IU_2967,2967,irrelevant,irrelevant,Kidney transplant evaluation.,Chest pain,external_data/IU-Xray/images/IU_2967_frontal.jpg,,The heart size and pulmonary vascularity appear within normal limits. The lungs are free of focal airspace disease. No pleural effusion or pneumothorax is seen.,1. No evidence of active disease.,None.,2561,IU_2561,,,,,,success
IU_2967,2967,conflicting,conflicting,Kidney transplant evaluation.,"Routine follow-up chest radiograph, no trauma or pneumothorax suspected.",external_data/IU-Xray/images/IU_2967_frontal.jpg,,The heart size and pulmonary vascularity appear within normal limits. The lungs are free of focal airspace disease. No pleural effusion or pneumothorax is seen.,1. No evidence of active disease.,None.,2967,IU_2967,,,pneumothorax_presence,reference_evidence_contradiction,pneumothorax present in reference findings/impression,success
IU_2967,2967,insufficient,insufficient,Kidney transplant evaluation.,,external_data/IU-Xray/images/IU_2967_frontal.jpg,,The heart size and pulmonary vascularity appear within normal limits. The lungs are free of focal airspace disease. No pleural effusion or pneumothorax is seen.,1. No evidence of active disease.,None.,2967,IU_2967,,,,,,success
IU_3023,3023,sufficient,sufficient,"Wheezing, leg XXXX","Wheezing, leg XXXX",external_data/IU-Xray/images/IU_3023_frontal.jpg,,The heart is normal in size. The mediastinum is unremarkable. Small calcified left upper lung granuloma is noted. The lungs are clear.,No acute disease.,,3023,IU_3023,,,,,,success
IU_3023,3023,syntactic_incomplete,incomplete,"Wheezing, leg XXXX","Wheezing, leg XXXX and",external_data/IU-Xray/images/IU_3023_frontal.jpg,,The heart is normal in size. The mediastinum is unremarkable. Small calcified left upper lung granuloma is noted. The lungs are clear.,No acute disease.,,3023,IU_3023,,appended_conjunction_fallback,,,,success
IU_3023,3023,evidentiary_incomplete,incomplete,"Wheezing, leg XXXX",leg XXXX.,external_data/IU-Xray/images/IU_3023_frontal.jpg,,The heart is normal in size. The mediastinum is unremarkable. Small calcified left upper lung granuloma is noted. The lungs are clear.,No acute disease.,,3023,IU_3023,Wheezing,clause_clinical_removal,,,,success
IU_3023,3023,irrelevant,irrelevant,"Wheezing, leg XXXX",Preop for knee surgery.,external_data/IU-Xray/images/IU_3023_frontal.jpg,,The heart is normal in size. The mediastinum is unremarkable. Small calcified left upper lung granuloma is noted. The lungs are clear.,No acute disease.,,2535,IU_2535,,,,,,success
IU_3023,3023,conflicting,conflicting,"Wheezing, leg XXXX","Patient with high fever and shortness of breath, evaluate acute multifocal pneumonia.",external_data/IU-Xray/images/IU_3023_frontal.jpg,,The heart is normal in size. The mediastinum is unremarkable. Small calcified left upper lung granuloma is noted. The lungs are clear.,No acute disease.,,3023,IU_3023,,,normal_exam_contradiction,reference_evidence_contradiction,reference report indicates clear/normal exam,success
IU_3023,3023,insufficient,insufficient,"Wheezing, leg XXXX",,external_data/IU-Xray/images/IU_3023_frontal.jpg,,The heart is normal in size. The mediastinum is unremarkable. Small calcified left upper lung granuloma is noted. The lungs are clear.,No acute disease.,,3023,IU_3023,,,,,,success
IU_3024,3024,sufficient,sufficient,DVT,DVT,external_data/IU-Xray/images/IU_3024_frontal.jpg,external_data/IU-Xray/images/IU_3024_lateral.jpg,"Cardiomediastinal silhouette is within normal limits in overall size and appearance. Central vascular markings are symmetric and within normal limits. The lungs are normally inflated with no focal airspace disease, pleural effusion, or pneumothorax. No acute bone abnormality.",1. No acute cardiopulmonary process.,XXXX,3024,IU_3024,,,,,,success
IU_3024,3024,syntactic_incomplete,incomplete,DVT,DVT and,external_data/IU-Xray/images/IU_3024_frontal.jpg,external_data/IU-Xray/images/IU_3024_lateral.jpg,"Cardiomediastinal silhouette is within normal limits in overall size and appearance. Central vascular markings are symmetric and within normal limits. The lungs are normally inflated with no focal airspace disease, pleural effusion, or pneumothorax. No acute bone abnormality.",1. No acute cardiopulmonary process.,XXXX,3024,IU_3024,,appended_conjunction_fallback,,,,success
IU_3024,3024,evidentiary_incomplete,incomplete,DVT,Vascular evaluation.,external_data/IU-Xray/images/IU_3024_frontal.jpg,external_data/IU-Xray/images/IU_3024_lateral.jpg,"Cardiomediastinal silhouette is within normal limits in overall size and appearance. Central vascular markings are symmetric and within normal limits. The lungs are normally inflated with no focal airspace disease, pleural effusion, or pneumothorax. No acute bone abnormality.",1. No acute cardiopulmonary process.,XXXX,3024,IU_3024,dvt,evidenced_term_generalization,,,,success
IU_3024,3024,irrelevant,irrelevant,DVT,XXXX-year-old male with shortness of breath.,external_data/IU-Xray/images/IU_3024_frontal.jpg,external_data/IU-Xray/images/IU_3024_lateral.jpg,"Cardiomediastinal silhouette is within normal limits in overall size and appearance. Central vascular markings are symmetric and within normal limits. The lungs are normally inflated with no focal airspace disease, pleural effusion, or pneumothorax. No acute bone abnormality.",1. No acute cardiopulmonary process.,XXXX,387,IU_387,,,,,,success
IU_3024,3024,conflicting,conflicting,DVT,"Routine follow-up chest radiograph, no trauma or pneumothorax suspected.",external_data/IU-Xray/images/IU_3024_frontal.jpg,external_data/IU-Xray/images/IU_3024_lateral.jpg,"Cardiomediastinal silhouette is within normal limits in overall size and appearance. Central vascular markings are symmetric and within normal limits. The lungs are normally inflated with no focal airspace disease, pleural effusion, or pneumothorax. No acute bone abnormality.",1. No acute cardiopulmonary process.,XXXX,3024,IU_3024,,,pneumothorax_presence,reference_evidence_contradiction,pneumothorax present in reference findings/impression,success
IU_3024,3024,insufficient,insufficient,DVT,,external_data/IU-Xray/images/IU_3024_frontal.jpg,external_data/IU-Xray/images/IU_3024_lateral.jpg,"Cardiomediastinal silhouette is within normal limits in overall size and appearance. Central vascular markings are symmetric and within normal limits. The lungs are normally inflated with no focal airspace disease, pleural effusion, or pneumothorax. No acute bone abnormality.",1. No acute cardiopulmonary process.,XXXX,3024,IU_3024,,,,,,success
IU_3077,3077,sufficient,sufficient,Testicular carcinoma.,Testicular carcinoma.,external_data/IU-Xray/images/IU_3077_frontal.jpg,external_data/IU-Xray/images/IU_3077_lateral.jpg,Heart size and pulmonary vascularity appear within normal limits. The lungs are free of focal airspace disease. No pleural effusion or pneumothorax is seen. Low left paraspinal/retrocrural adenopathy is present. This appears unchanged.,1. Left paraspinal/retrocrural adenopathy.,Outside study dated XXXX.,3077,IU_3077,,,,,,success
IU_3077,3077,syntactic_incomplete,incomplete,Testicular carcinoma.,Testicular carcinoma and,external_data/IU-Xray/images/IU_3077_frontal.jpg,external_data/IU-Xray/images/IU_3077_lateral.jpg,Heart size and pulmonary vascularity appear within normal limits. The lungs are free of focal airspace disease. No pleural effusion or pneumothorax is seen. Low left paraspinal/retrocrural adenopathy is present. This appears unchanged.,1. Left paraspinal/retrocrural adenopathy.,Outside study dated XXXX.,3077,IU_3077,,appended_conjunction_fallback,,,,success
IU_3077,3077,evidentiary_incomplete,incomplete,Testicular carcinoma.,Carcinoma evaluation.,external_data/IU-Xray/images/IU_3077_frontal.jpg,external_data/IU-Xray/images/IU_3077_lateral.jpg,Heart size and pulmonary vascularity appear within normal limits. The lungs are free of focal airspace disease. No pleural effusion or pneumothorax is seen. Low left paraspinal/retrocrural adenopathy is present. This appears unchanged.,1. Left paraspinal/retrocrural adenopathy.,Outside study dated XXXX.,3077,IU_3077,testicular carcinoma,evidenced_term_generalization,,,,success
IU_3077,3077,irrelevant,irrelevant,Testicular carcinoma.,XXXX XXXX intake increasing weakness.,external_data/IU-Xray/images/IU_3077_frontal.jpg,external_data/IU-Xray/images/IU_3077_lateral.jpg,Heart size and pulmonary vascularity appear within normal limits. The lungs are free of focal airspace disease. No pleural effusion or pneumothorax is seen. Low left paraspinal/retrocrural adenopathy is present. This appears unchanged.,1. Left paraspinal/retrocrural adenopathy.,Outside study dated XXXX.,3211,IU_3211,,,,,,success
IU_3077,3077,conflicting,conflicting,Testicular carcinoma.,"Routine follow-up chest radiograph, no trauma or pneumothorax suspected.",external_data/IU-Xray/images/IU_3077_frontal.jpg,external_data/IU-Xray/images/IU_3077_lateral.jpg,Heart size and pulmonary vascularity appear within normal limits. The lungs are free of focal airspace disease. No pleural effusion or pneumothorax is seen. Low left paraspinal/retrocrural adenopathy is present. This appears unchanged.,1. Left paraspinal/retrocrural adenopathy.,Outside study dated XXXX.,3077,IU_3077,,,pneumothorax_presence,reference_evidence_contradiction,pneumothorax present in reference findings/impression,success
IU_3077,3077,insufficient,insufficient,Testicular carcinoma.,,external_data/IU-Xray/images/IU_3077_frontal.jpg,external_data/IU-Xray/images/IU_3077_lateral.jpg,Heart size and pulmonary vascularity appear within normal limits. The lungs are free of focal airspace disease. No pleural effusion or pneumothorax is seen. Low left paraspinal/retrocrural adenopathy is present. This appears unchanged.,1. Left paraspinal/retrocrural adenopathy.,Outside study dated XXXX.,3077,IU_3077,,,,,,success
IU_3120,3120,sufficient,sufficient,Chest pain. Concern for pneumothorax.,Chest pain. Concern for pneumothorax.,external_data/IU-Xray/images/IU_3120_frontal.jpg,external_data/IU-Xray/images/IU_3120_lateral.jpg,"The heart is normal in size and contour. There is no mediastinal widening. The lungs are clear bilaterally. No large pleural effusion or pneumothorax. Fractures of the posterior left 4th, 5th, and 6th ribs, age-indeterminate.","1. No acute cardiopulmonary abnormalities. Specifically, no pneumothorax. 2. Fractures of the posterior left 4th, 5th, and 6th ribs, age-indeterminate.",None.,3120,IU_3120,,,,,,success
IU_3120,3120,syntactic_incomplete,incomplete,Chest pain. Concern for pneumothorax.,Chest pain. Concern for,external_data/IU-Xray/images/IU_3120_frontal.jpg,external_data/IU-Xray/images/IU_3120_lateral.jpg,"The heart is normal in size and contour. There is no mediastinal widening. The lungs are clear bilaterally. No large pleural effusion or pneumothorax. Fractures of the posterior left 4th, 5th, and 6th ribs, age-indeterminate.","1. No acute cardiopulmonary abnormalities. Specifically, no pneumothorax. 2. Fractures of the posterior left 4th, 5th, and 6th ribs, age-indeterminate.",None.,3120,IU_3120,,preposition_truncation,,,,success
IU_3120,3120,evidentiary_incomplete,incomplete,Chest pain. Concern for pneumothorax.,Concern for pneumothorax.,external_data/IU-Xray/images/IU_3120_frontal.jpg,external_data/IU-Xray/images/IU_3120_lateral.jpg,"The heart is normal in size and contour. There is no mediastinal widening. The lungs are clear bilaterally. No large pleural effusion or pneumothorax. Fractures of the posterior left 4th, 5th, and 6th ribs, age-indeterminate.","1. No acute cardiopulmonary abnormalities. Specifically, no pneumothorax. 2. Fractures of the posterior left 4th, 5th, and 6th ribs, age-indeterminate.",None.,3120,IU_3120,Chest pain,sentence_clinical_removal,,,,success
IU_3120,3120,irrelevant,irrelevant,Chest pain. Concern for pneumothorax.,XXXX and nonproductive XXXX x1 XXXX.,external_data/IU-Xray/images/IU_3120_frontal.jpg,external_data/IU-Xray/images/IU_3120_lateral.jpg,"The heart is normal in size and contour. There is no mediastinal widening. The lungs are clear bilaterally. No large pleural effusion or pneumothorax. Fractures of the posterior left 4th, 5th, and 6th ribs, age-indeterminate.","1. No acute cardiopulmonary abnormalities. Specifically, no pneumothorax. 2. Fractures of the posterior left 4th, 5th, and 6th ribs, age-indeterminate.",None.,1994,IU_1994,,,,,,success
IU_3120,3120,conflicting,conflicting,Chest pain. Concern for pneumothorax.,"Patient presenting with sudden onset shortness of breath following trauma, evaluate acute pneumothorax.",external_data/IU-Xray/images/IU_3120_frontal.jpg,external_data/IU-Xray/images/IU_3120_lateral.jpg,"The heart is normal in size and contour. There is no mediastinal widening. The lungs are clear bilaterally. No large pleural effusion or pneumothorax. Fractures of the posterior left 4th, 5th, and 6th ribs, age-indeterminate.","1. No acute cardiopulmonary abnormalities. Specifically, no pneumothorax. 2. Fractures of the posterior left 4th, 5th, and 6th ribs, age-indeterminate.",None.,3120,IU_3120,,,pneumothorax_absence,reference_evidence_contradiction,no pneumothorax reported in reference findings/impression,success
IU_3120,3120,insufficient,insufficient,Chest pain. Concern for pneumothorax.,,external_data/IU-Xray/images/IU_3120_frontal.jpg,external_data/IU-Xray/images/IU_3120_lateral.jpg,"The heart is normal in size and contour. There is no mediastinal widening. The lungs are clear bilaterally. No large pleural effusion or pneumothorax. Fractures of the posterior left 4th, 5th, and 6th ribs, age-indeterminate.","1. No acute cardiopulmonary abnormalities. Specifically, no pneumothorax. 2. Fractures of the posterior left 4th, 5th, and 6th ribs, age-indeterminate.",None.,3120,IU_3120,,,,,,success
IU_3143,3143,sufficient,sufficient,dizziness,dizziness,external_data/IU-Xray/images/IU_3143_frontal.jpg,external_data/IU-Xray/images/IU_3143_lateral.jpg,XXXX XXXX and lateral chest examination was obtained. The heart silhouette is normal in size and contour. Aortic XXXX appear unremarkable. Lungs demonstrate no acute findings. There is no effusion or pneumothorax.,1. No acute pulmonary disease.,,3143,IU_3143,,,,,,success
IU_3143,3143,syntactic_incomplete,incomplete,dizziness,dizziness and,external_data/IU-Xray/images/IU_3143_frontal.jpg,external_data/IU-Xray/images/IU_3143_lateral.jpg,XXXX XXXX and lateral chest examination was obtained. The heart silhouette is normal in size and contour. Aortic XXXX appear unremarkable. Lungs demonstrate no acute findings. There is no effusion or pneumothorax.,1. No acute pulmonary disease.,,3143,IU_3143,,appended_conjunction_fallback,,,,success
IU_3143,3143,evidentiary_incomplete,incomplete,dizziness,Clinical evaluation.,external_data/IU-Xray/images/IU_3143_frontal.jpg,external_data/IU-Xray/images/IU_3143_lateral.jpg,XXXX XXXX and lateral chest examination was obtained. The heart silhouette is normal in size and contour. Aortic XXXX appear unremarkable. Lungs demonstrate no acute findings. There is no effusion or pneumothorax.,1. No acute pulmonary disease.,,3143,IU_3143,dizziness,evidenced_term_generalization,,,,success
IU_3143,3143,irrelevant,irrelevant,dizziness,Preprocedure evaluation prior to bone marrow transplant,external_data/IU-Xray/images/IU_3143_frontal.jpg,external_data/IU-Xray/images/IU_3143_lateral.jpg,XXXX XXXX and lateral chest examination was obtained. The heart silhouette is normal in size and contour. Aortic XXXX appear unremarkable. Lungs demonstrate no acute findings. There is no effusion or pneumothorax.,1. No acute pulmonary disease.,,1095,IU_1095,,,,,,success
IU_3143,3143,conflicting,conflicting,dizziness,"Routine follow-up chest radiograph, no trauma or pneumothorax suspected.",external_data/IU-Xray/images/IU_3143_frontal.jpg,external_data/IU-Xray/images/IU_3143_lateral.jpg,XXXX XXXX and lateral chest examination was obtained. The heart silhouette is normal in size and contour. Aortic XXXX appear unremarkable. Lungs demonstrate no acute findings. There is no effusion or pneumothorax.,1. No acute pulmonary disease.,,3143,IU_3143,,,pneumothorax_presence,reference_evidence_contradiction,pneumothorax present in reference findings/impression,success
IU_3143,3143,insufficient,insufficient,dizziness,,external_data/IU-Xray/images/IU_3143_frontal.jpg,external_data/IU-Xray/images/IU_3143_lateral.jpg,XXXX XXXX and lateral chest examination was obtained. The heart silhouette is normal in size and contour. Aortic XXXX appear unremarkable. Lungs demonstrate no acute findings. There is no effusion or pneumothorax.,1. No acute pulmonary disease.,,3143,IU_3143,,,,,,success
IU_3165,3165,sufficient,sufficient,Dyspnea,Dyspnea,external_data/IU-Xray/images/IU_3165_frontal.jpg,external_data/IU-Xray/images/IU_3165_lateral.jpg,"Normal and stable cardiomediastinal contours. Interval removal of left-sided intravenous catheter. No pneumothorax. XXXX XXXX opacities obscuring the hemidiaphragms, slightly improved from prior exam.. Right-sided rib fractures again noted.","Mildly improved XXXX XXXX opacities, which may represent atelectasis, infiltrate and/or pleural effusions.",XXXX,3165,IU_3165,,,,,,success
IU_3165,3165,syntactic_incomplete,incomplete,Dyspnea,Dyspnea and,external_data/IU-Xray/images/IU_3165_frontal.jpg,external_data/IU-Xray/images/IU_3165_lateral.jpg,"Normal and stable cardiomediastinal contours. Interval removal of left-sided intravenous catheter. No pneumothorax. XXXX XXXX opacities obscuring the hemidiaphragms, slightly improved from prior exam.. Right-sided rib fractures again noted.","Mildly improved XXXX XXXX opacities, which may represent atelectasis, infiltrate and/or pleural effusions.",XXXX,3165,IU_3165,,appended_conjunction_fallback,,,,success
IU_3165,3165,evidentiary_incomplete,incomplete,Dyspnea,Respiratory evaluation.,external_data/IU-Xray/images/IU_3165_frontal.jpg,external_data/IU-Xray/images/IU_3165_lateral.jpg,"Normal and stable cardiomediastinal contours. Interval removal of left-sided intravenous catheter. No pneumothorax. XXXX XXXX opacities obscuring the hemidiaphragms, slightly improved from prior exam.. Right-sided rib fractures again noted.","Mildly improved XXXX XXXX opacities, which may represent atelectasis, infiltrate and/or pleural effusions.",XXXX,3165,IU_3165,dyspnea,evidenced_term_generalization,,,,success
IU_3165,3165,irrelevant,irrelevant,Dyspnea,XXXX-year-old female with chest pain.,external_data/IU-Xray/images/IU_3165_frontal.jpg,external_data/IU-Xray/images/IU_3165_lateral.jpg,"Normal and stable cardiomediastinal contours. Interval removal of left-sided intravenous catheter. No pneumothorax. XXXX XXXX opacities obscuring the hemidiaphragms, slightly improved from prior exam.. Right-sided rib fractures again noted.","Mildly improved XXXX XXXX opacities, which may represent atelectasis, infiltrate and/or pleural effusions.",XXXX,547,IU_547,,,,,,success
IU_3165,3165,conflicting,conflicting,Dyspnea,"Patient presenting with sudden onset shortness of breath following trauma, evaluate acute pneumothorax.",external_data/IU-Xray/images/IU_3165_frontal.jpg,external_data/IU-Xray/images/IU_3165_lateral.jpg,"Normal and stable cardiomediastinal contours. Interval removal of left-sided intravenous catheter. No pneumothorax. XXXX XXXX opacities obscuring the hemidiaphragms, slightly improved from prior exam.. Right-sided rib fractures again noted.","Mildly improved XXXX XXXX opacities, which may represent atelectasis, infiltrate and/or pleural effusions.",XXXX,3165,IU_3165,,,pneumothorax_absence,reference_evidence_contradiction,no pneumothorax reported in reference findings/impression,success
IU_3165,3165,insufficient,insufficient,Dyspnea,,external_data/IU-Xray/images/IU_3165_frontal.jpg,external_data/IU-Xray/images/IU_3165_lateral.jpg,"Normal and stable cardiomediastinal contours. Interval removal of left-sided intravenous catheter. No pneumothorax. XXXX XXXX opacities obscuring the hemidiaphragms, slightly improved from prior exam.. Right-sided rib fractures again noted.","Mildly improved XXXX XXXX opacities, which may represent atelectasis, infiltrate and/or pleural effusions.",XXXX,3165,IU_3165,,,,,,success
IU_3171,3171,sufficient,sufficient,XXXX and congestion with XXXX for 1 month,XXXX and congestion with XXXX for 1 month,external_data/IU-Xray/images/IU_3171_frontal.jpg,external_data/IU-Xray/images/IU_3171_lateral.jpg,The heart and lungs have XXXX XXXX in the interval. Both lungs are clear and expanded. Heart and mediastinum normal.,No active disease.,"XXXX, XXXX.",3171,IU_3171,,,,,,success
IU_3171,3171,syntactic_incomplete,incomplete,XXXX and congestion with XXXX for 1 month,XXXX and,external_data/IU-Xray/images/IU_3171_frontal.jpg,external_data/IU-Xray/images/IU_3171_lateral.jpg,The heart and lungs have XXXX XXXX in the interval. Both lungs are clear and expanded. Heart and mediastinum normal.,No active disease.,"XXXX, XXXX.",3171,IU_3171,,preposition_truncation,,,,success
IU_3171,3171,evidentiary_incomplete,incomplete,XXXX and congestion with XXXX for 1 month,congestion with XXXX for 1 month.,external_data/IU-Xray/images/IU_3171_frontal.jpg,external_data/IU-Xray/images/IU_3171_lateral.jpg,The heart and lungs have XXXX XXXX in the interval. Both lungs are clear and expanded. Heart and mediastinum normal.,No active disease.,"XXXX, XXXX.",3171,IU_3171,XXXX,clause_clinical_removal,,,,success
IU_3171,3171,irrelevant,irrelevant,XXXX and congestion with XXXX for 1 month,"XXXX-year-old female, XXXX, known right pleural effusion.",external_data/IU-Xray/images/IU_3171_frontal.jpg,external_data/IU-Xray/images/IU_3171_lateral.jpg,The heart and lungs have XXXX XXXX in the interval. Both lungs are clear and expanded. Heart and mediastinum normal.,No active disease.,"XXXX, XXXX.",1383,IU_1383,,,,,,success
IU_3171,3171,conflicting,conflicting,XXXX and congestion with XXXX for 1 month,"Patient with high fever and shortness of breath, evaluate acute multifocal pneumonia.",external_data/IU-Xray/images/IU_3171_frontal.jpg,external_data/IU-Xray/images/IU_3171_lateral.jpg,The heart and lungs have XXXX XXXX in the interval. Both lungs are clear and expanded. Heart and mediastinum normal.,No active disease.,"XXXX, XXXX.",3171,IU_3171,,,normal_exam_contradiction,reference_evidence_contradiction,reference report indicates clear/normal exam,success
IU_3171,3171,insufficient,insufficient,XXXX and congestion with XXXX for 1 month,,external_data/IU-Xray/images/IU_3171_frontal.jpg,external_data/IU-Xray/images/IU_3171_lateral.jpg,The heart and lungs have XXXX XXXX in the interval. Both lungs are clear and expanded. Heart and mediastinum normal.,No active disease.,"XXXX, XXXX.",3171,IU_3171,,,,,,success
IU_3211,3211,sufficient,sufficient,XXXX XXXX intake increasing weakness.,XXXX XXXX intake increasing weakness.,external_data/IU-Xray/images/IU_3211_frontal.jpg,external_data/IU-Xray/images/IU_3211_lateral.jpg,The lungs are clear. There appear to be small bilateral pleural effusions. The heart is not grossly enlarged. There are atherosclerotic changes of the aorta. Increased kyphosis is seen in the may be a thoracic XXXX deformity that is not well-characterized. Arthritic changes are seen.,1. Probable small bilateral pleural effusions. 2. Possible lower thoracic XXXX deformity not well characterized on today's study.,,3211,IU_3211,,,,,,success
IU_3211,3211,syntactic_incomplete,incomplete,XXXX XXXX intake increasing weakness.,XXXX XXXX intake increasing weakness and,external_data/IU-Xray/images/IU_3211_frontal.jpg,external_data/IU-Xray/images/IU_3211_lateral.jpg,The lungs are clear. There appear to be small bilateral pleural effusions. The heart is not grossly enlarged. There are atherosclerotic changes of the aorta. Increased kyphosis is seen in the may be a thoracic XXXX deformity that is not well-characterized. Arthritic changes are seen.,1. Probable small bilateral pleural effusions. 2. Possible lower thoracic XXXX deformity not well characterized on today's study.,,3211,IU_3211,,appended_conjunction_fallback,,,,success
IU_3211,3211,evidentiary_incomplete,incomplete,XXXX XXXX intake increasing weakness.,Clinical evaluation.,external_data/IU-Xray/images/IU_3211_frontal.jpg,external_data/IU-Xray/images/IU_3211_lateral.jpg,The lungs are clear. There appear to be small bilateral pleural effusions. The heart is not grossly enlarged. There are atherosclerotic changes of the aorta. Increased kyphosis is seen in the may be a thoracic XXXX deformity that is not well-characterized. Arthritic changes are seen.,1. Probable small bilateral pleural effusions. 2. Possible lower thoracic XXXX deformity not well characterized on today's study.,,3211,IU_3211,XXXX XXXX intake increasing weakness,fallback_generalization,,,,success
IU_3211,3211,irrelevant,irrelevant,XXXX XXXX intake increasing weakness.,Chest pain,external_data/IU-Xray/images/IU_3211_frontal.jpg,external_data/IU-Xray/images/IU_3211_lateral.jpg,The lungs are clear. There appear to be small bilateral pleural effusions. The heart is not grossly enlarged. There are atherosclerotic changes of the aorta. Increased kyphosis is seen in the may be a thoracic XXXX deformity that is not well-characterized. Arthritic changes are seen.,1. Probable small bilateral pleural effusions. 2. Possible lower thoracic XXXX deformity not well characterized on today's study.,,2270,IU_2270,,,,,,success
IU_3211,3211,conflicting,conflicting,XXXX XXXX intake increasing weakness.,"Routine preoperative evaluation, no history of pleural effusion.",external_data/IU-Xray/images/IU_3211_frontal.jpg,external_data/IU-Xray/images/IU_3211_lateral.jpg,The lungs are clear. There appear to be small bilateral pleural effusions. The heart is not grossly enlarged. There are atherosclerotic changes of the aorta. Increased kyphosis is seen in the may be a thoracic XXXX deformity that is not well-characterized. Arthritic changes are seen.,1. Probable small bilateral pleural effusions. 2. Possible lower thoracic XXXX deformity not well characterized on today's study.,,3211,IU_3211,,,effusion_presence,reference_evidence_contradiction,pleural effusion present in reference findings/impression,success
IU_3211,3211,insufficient,insufficient,XXXX XXXX intake increasing weakness.,,external_data/IU-Xray/images/IU_3211_frontal.jpg,external_data/IU-Xray/images/IU_3211_lateral.jpg,The lungs are clear. There appear to be small bilateral pleural effusions. The heart is not grossly enlarged. There are atherosclerotic changes of the aorta. Increased kyphosis is seen in the may be a thoracic XXXX deformity that is not well-characterized. Arthritic changes are seen.,1. Probable small bilateral pleural effusions. 2. Possible lower thoracic XXXX deformity not well characterized on today's study.,,3211,IU_3211,,,,,,success
IU_3216,3216,sufficient,sufficient,XXXX-year-old female with dyspnea.,XXXX-year-old female with dyspnea.,external_data/IU-Xray/images/IU_3216_frontal.jpg,external_data/IU-Xray/images/IU_3216_lateral.jpg,"Heart size is normal. No pneumothorax, pleural effusion, or focal airspace disease. Bony structures are intact.",Normal chest radiograph.,None available.,3216,IU_3216,,,,,,success
IU_3216,3216,syntactic_incomplete,incomplete,XXXX-year-old female with dyspnea.,XXXX-year-old female with,external_data/IU-Xray/images/IU_3216_frontal.jpg,external_data/IU-Xray/images/IU_3216_lateral.jpg,"Heart size is normal. No pneumothorax, pleural effusion, or focal airspace disease. Bony structures are intact.",Normal chest radiograph.,None available.,3216,IU_3216,,preposition_truncation,,,,success
IU_3216,3216,evidentiary_incomplete,incomplete,XXXX-year-old female with dyspnea.,"XXXX-year-old female, clinical evaluation.",external_data/IU-Xray/images/IU_3216_frontal.jpg,external_data/IU-Xray/images/IU_3216_lateral.jpg,"Heart size is normal. No pneumothorax, pleural effusion, or focal airspace disease. Bony structures are intact.",Normal chest radiograph.,None available.,3216,IU_3216,with dyspnea,prepositional_phrase_removal_with_general_indication,,,,success
IU_3216,3216,irrelevant,irrelevant,XXXX-year-old female with dyspnea.,COPD,external_data/IU-Xray/images/IU_3216_frontal.jpg,external_data/IU-Xray/images/IU_3216_lateral.jpg,"Heart size is normal. No pneumothorax, pleural effusion, or focal airspace disease. Bony structures are intact.",Normal chest radiograph.,None available.,1916,IU_1916,,,,,,success
IU_3216,3216,conflicting,conflicting,XXXX-year-old female with dyspnea.,"Patient presenting with sudden onset shortness of breath following trauma, evaluate acute pneumothorax.",external_data/IU-Xray/images/IU_3216_frontal.jpg,external_data/IU-Xray/images/IU_3216_lateral.jpg,"Heart size is normal. No pneumothorax, pleural effusion, or focal airspace disease. Bony structures are intact.",Normal chest radiograph.,None available.,3216,IU_3216,,,pneumothorax_absence,reference_evidence_contradiction,no pneumothorax reported in reference findings/impression,success
IU_3216,3216,insufficient,insufficient,XXXX-year-old female with dyspnea.,,external_data/IU-Xray/images/IU_3216_frontal.jpg,external_data/IU-Xray/images/IU_3216_lateral.jpg,"Heart size is normal. No pneumothorax, pleural effusion, or focal airspace disease. Bony structures are intact.",Normal chest radiograph.,None available.,3216,IU_3216,,,,,,success
IU_3414,3414,sufficient,sufficient,Hemoptysis,Hemoptysis,external_data/IU-Xray/images/IU_3414_frontal.jpg,external_data/IU-Xray/images/IU_3414_lateral.jpg,Heart size appears enlarged. Mediastinal contours are within normal limits. Lung volumes are low with central bronchovascular crowding and patchy basilar atelectasis.. Osseous structures are within normal limits for patient age.,1. Low volume study without definite acute process. 2. Mild cardiomegaly.,None available.,3414,IU_3414,,,,,,success
IU_3414,3414,syntactic_incomplete,incomplete,Hemoptysis,Hemoptysis and,external_data/IU-Xray/images/IU_3414_frontal.jpg,external_data/IU-Xray/images/IU_3414_lateral.jpg,Heart size appears enlarged. Mediastinal contours are within normal limits. Lung volumes are low with central bronchovascular crowding and patchy basilar atelectasis.. Osseous structures are within normal limits for patient age.,1. Low volume study without definite acute process. 2. Mild cardiomegaly.,None available.,3414,IU_3414,,appended_conjunction_fallback,,,,success
IU_3414,3414,evidentiary_incomplete,incomplete,Hemoptysis,Respiratory evaluation.,external_data/IU-Xray/images/IU_3414_frontal.jpg,external_data/IU-Xray/images/IU_3414_lateral.jpg,Heart size appears enlarged. Mediastinal contours are within normal limits. Lung volumes are low with central bronchovascular crowding and patchy basilar atelectasis.. Osseous structures are within normal limits for patient age.,1. Low volume study without definite acute process. 2. Mild cardiomegaly.,None available.,3414,IU_3414,hemoptysis,evidenced_term_generalization,,,,success
IU_3414,3414,irrelevant,irrelevant,Hemoptysis,"XXXX-year-old male with chest pain, positive troponin",external_data/IU-Xray/images/IU_3414_frontal.jpg,external_data/IU-Xray/images/IU_3414_lateral.jpg,Heart size appears enlarged. Mediastinal contours are within normal limits. Lung volumes are low with central bronchovascular crowding and patchy basilar atelectasis.. Osseous structures are within normal limits for patient age.,1. Low volume study without definite acute process. 2. Mild cardiomegaly.,None available.,3994,IU_3994,,,,,,success
IU_3414,3414,conflicting,conflicting,Hemoptysis,"Normal heart size, evaluate for non-cardiac chest pain.",external_data/IU-Xray/images/IU_3414_frontal.jpg,external_data/IU-Xray/images/IU_3414_lateral.jpg,Heart size appears enlarged. Mediastinal contours are within normal limits. Lung volumes are low with central bronchovascular crowding and patchy basilar atelectasis.. Osseous structures are within normal limits for patient age.,1. Low volume study without definite acute process. 2. Mild cardiomegaly.,None available.,3414,IU_3414,,,cardiomegaly_presence,reference_evidence_contradiction,cardiomegaly present in reference findings/impression,success
IU_3414,3414,insufficient,insufficient,Hemoptysis,,external_data/IU-Xray/images/IU_3414_frontal.jpg,external_data/IU-Xray/images/IU_3414_lateral.jpg,Heart size appears enlarged. Mediastinal contours are within normal limits. Lung volumes are low with central bronchovascular crowding and patchy basilar atelectasis.. Osseous structures are within normal limits for patient age.,1. Low volume study without definite acute process. 2. Mild cardiomegaly.,None available.,3414,IU_3414,,,,,,success
IU_3417,3417,sufficient,sufficient,XXXX-year-old with dyspnea.,XXXX-year-old with dyspnea.,external_data/IU-Xray/images/IU_3417_frontal.jpg,external_data/IU-Xray/images/IU_3417_lateral.jpg,"The lungs are hyperexpanded, consistent with COPD. Mild cardiomegaly. No focal lung consolidation. No pneumothorax or pleural effusion. Pulmonary vascularity is within normal limits. Mild degenerative changes of the thoracic spine. Aortic calcifications consistent with atherosclerotic disease.",No focal lung consolidation. COPD.,None.,3417,IU_3417,,,,,,success
IU_3417,3417,syntactic_incomplete,incomplete,XXXX-year-old with dyspnea.,XXXX-year-old with,external_data/IU-Xray/images/IU_3417_frontal.jpg,external_data/IU-Xray/images/IU_3417_lateral.jpg,"The lungs are hyperexpanded, consistent with COPD. Mild cardiomegaly. No focal lung consolidation. No pneumothorax or pleural effusion. Pulmonary vascularity is within normal limits. Mild degenerative changes of the thoracic spine. Aortic calcifications consistent with atherosclerotic disease.",No focal lung consolidation. COPD.,None.,3417,IU_3417,,preposition_truncation,,,,success
IU_3417,3417,evidentiary_incomplete,incomplete,XXXX-year-old with dyspnea.,"XXXX-year-old, clinical evaluation.",external_data/IU-Xray/images/IU_3417_frontal.jpg,external_data/IU-Xray/images/IU_3417_lateral.jpg,"The lungs are hyperexpanded, consistent with COPD. Mild cardiomegaly. No focal lung consolidation. No pneumothorax or pleural effusion. Pulmonary vascularity is within normal limits. Mild degenerative changes of the thoracic spine. Aortic calcifications consistent with atherosclerotic disease.",No focal lung consolidation. COPD.,None.,3417,IU_3417,with dyspnea,prepositional_phrase_removal_with_general_indication,,,,success
IU_3417,3417,irrelevant,irrelevant,XXXX-year-old with dyspnea.,XXXX-year-old male with XXXX.,external_data/IU-Xray/images/IU_3417_frontal.jpg,external_data/IU-Xray/images/IU_3417_lateral.jpg,"The lungs are hyperexpanded, consistent with COPD. Mild cardiomegaly. No focal lung consolidation. No pneumothorax or pleural effusion. Pulmonary vascularity is within normal limits. Mild degenerative changes of the thoracic spine. Aortic calcifications consistent with atherosclerotic disease.",No focal lung consolidation. COPD.,None.,1422,IU_1422,,,,,,success
IU_3417,3417,conflicting,conflicting,XXXX-year-old with dyspnea.,"Patient presenting with sudden onset shortness of breath following trauma, evaluate acute pneumothorax.",external_data/IU-Xray/images/IU_3417_frontal.jpg,external_data/IU-Xray/images/IU_3417_lateral.jpg,"The lungs are hyperexpanded, consistent with COPD. Mild cardiomegaly. No focal lung consolidation. No pneumothorax or pleural effusion. Pulmonary vascularity is within normal limits. Mild degenerative changes of the thoracic spine. Aortic calcifications consistent with atherosclerotic disease.",No focal lung consolidation. COPD.,None.,3417,IU_3417,,,pneumothorax_absence,reference_evidence_contradiction,no pneumothorax reported in reference findings/impression,success
IU_3417,3417,insufficient,insufficient,XXXX-year-old with dyspnea.,,external_data/IU-Xray/images/IU_3417_frontal.jpg,external_data/IU-Xray/images/IU_3417_lateral.jpg,"The lungs are hyperexpanded, consistent with COPD. Mild cardiomegaly. No focal lung consolidation. No pneumothorax or pleural effusion. Pulmonary vascularity is within normal limits. Mild degenerative changes of the thoracic spine. Aortic calcifications consistent with atherosclerotic disease.",No focal lung consolidation. COPD.,None.,3417,IU_3417,,,,,,success
IU_3508,3508,sufficient,sufficient,METASTATIC TESTICULAR CANCER,METASTATIC TESTICULAR CANCER,external_data/IU-Xray/images/IU_3508_frontal.jpg,external_data/IU-Xray/images/IU_3508_lateral.jpg,The heart is normal in size. The cardiomediastinal contours are stable. There are stable bilateral pleural effusions with partial right-sided loculation. Biapical scarring and pleural thickening appears stable. There is again right-sided superior hilar retraction and mild rightward XXXX deviation. No acute infiltrate is appreciated.,"1. Stable bilateral pleural effusions and pleural thickening, right worse than left, with mild right-sided loculation. 2. Stable appearance of right apical thickening/atelectasis with volume loss, possibly related to prior radiation or surgery. Suggest clinical correlation.",XXXX,3508,IU_3508,,,,,,success
IU_3508,3508,syntactic_incomplete,incomplete,METASTATIC TESTICULAR CANCER,METASTATIC TESTICULAR CANCER and,external_data/IU-Xray/images/IU_3508_frontal.jpg,external_data/IU-Xray/images/IU_3508_lateral.jpg,The heart is normal in size. The cardiomediastinal contours are stable. There are stable bilateral pleural effusions with partial right-sided loculation. Biapical scarring and pleural thickening appears stable. There is again right-sided superior hilar retraction and mild rightward XXXX deviation. No acute infiltrate is appreciated.,"1. Stable bilateral pleural effusions and pleural thickening, right worse than left, with mild right-sided loculation. 2. Stable appearance of right apical thickening/atelectasis with volume loss, possibly related to prior radiation or surgery. Suggest clinical correlation.",XXXX,3508,IU_3508,,appended_conjunction_fallback,,,,success
IU_3508,3508,evidentiary_incomplete,incomplete,METASTATIC TESTICULAR CANCER,Cancer evaluation.,external_data/IU-Xray/images/IU_3508_frontal.jpg,external_data/IU-Xray/images/IU_3508_lateral.jpg,The heart is normal in size. The cardiomediastinal contours are stable. There are stable bilateral pleural effusions with partial right-sided loculation. Biapical scarring and pleural thickening appears stable. There is again right-sided superior hilar retraction and mild rightward XXXX deviation. No acute infiltrate is appreciated.,"1. Stable bilateral pleural effusions and pleural thickening, right worse than left, with mild right-sided loculation. 2. Stable appearance of right apical thickening/atelectasis with volume loss, possibly related to prior radiation or surgery. Suggest clinical correlation.",XXXX,3508,IU_3508,testicular cancer,evidenced_term_generalization,,,,success
IU_3508,3508,irrelevant,irrelevant,METASTATIC TESTICULAR CANCER,"hx of smoking, not feeling well ; right foot XXXX.",external_data/IU-Xray/images/IU_3508_frontal.jpg,external_data/IU-Xray/images/IU_3508_lateral.jpg,The heart is normal in size. The cardiomediastinal contours are stable. There are stable bilateral pleural effusions with partial right-sided loculation. Biapical scarring and pleural thickening appears stable. There is again right-sided superior hilar retraction and mild rightward XXXX deviation. No acute infiltrate is appreciated.,"1. Stable bilateral pleural effusions and pleural thickening, right worse than left, with mild right-sided loculation. 2. Stable appearance of right apical thickening/atelectasis with volume loss, possibly related to prior radiation or surgery. Suggest clinical correlation.",XXXX,341,IU_341,,,,,,success
IU_3508,3508,conflicting,conflicting,METASTATIC TESTICULAR CANCER,"Routine preoperative evaluation, no history of pleural effusion.",external_data/IU-Xray/images/IU_3508_frontal.jpg,external_data/IU-Xray/images/IU_3508_lateral.jpg,The heart is normal in size. The cardiomediastinal contours are stable. There are stable bilateral pleural effusions with partial right-sided loculation. Biapical scarring and pleural thickening appears stable. There is again right-sided superior hilar retraction and mild rightward XXXX deviation. No acute infiltrate is appreciated.,"1. Stable bilateral pleural effusions and pleural thickening, right worse than left, with mild right-sided loculation. 2. Stable appearance of right apical thickening/atelectasis with volume loss, possibly related to prior radiation or surgery. Suggest clinical correlation.",XXXX,3508,IU_3508,,,effusion_presence,reference_evidence_contradiction,pleural effusion present in reference findings/impression,success
IU_3508,3508,insufficient,insufficient,METASTATIC TESTICULAR CANCER,,external_data/IU-Xray/images/IU_3508_frontal.jpg,external_data/IU-Xray/images/IU_3508_lateral.jpg,The heart is normal in size. The cardiomediastinal contours are stable. There are stable bilateral pleural effusions with partial right-sided loculation. Biapical scarring and pleural thickening appears stable. There is again right-sided superior hilar retraction and mild rightward XXXX deviation. No acute infiltrate is appreciated.,"1. Stable bilateral pleural effusions and pleural thickening, right worse than left, with mild right-sided loculation. 2. Stable appearance of right apical thickening/atelectasis with volume loss, possibly related to prior radiation or surgery. Suggest clinical correlation.",XXXX,3508,IU_3508,,,,,,success
IU_3515,3515,sufficient,sufficient,XXXX-XXXX,XXXX-XXXX,external_data/IU-Xray/images/IU_3515_frontal.jpg,external_data/IU-Xray/images/IU_3515_lateral.jpg,Lungs are clear. A calcified small granuloma is present in the left lower lobe. Heart size normal. Mediastinum normal.,No active disease.,,3515,IU_3515,,,,,,success
IU_3515,3515,syntactic_incomplete,incomplete,XXXX-XXXX,XXXX-XXXX and,external_data/IU-Xray/images/IU_3515_frontal.jpg,external_data/IU-Xray/images/IU_3515_lateral.jpg,Lungs are clear. A calcified small granuloma is present in the left lower lobe. Heart size normal. Mediastinum normal.,No active disease.,,3515,IU_3515,,appended_conjunction_fallback,,,,success
IU_3515,3515,evidentiary_incomplete,incomplete,XXXX-XXXX,Clinical evaluation.,external_data/IU-Xray/images/IU_3515_frontal.jpg,external_data/IU-Xray/images/IU_3515_lateral.jpg,Lungs are clear. A calcified small granuloma is present in the left lower lobe. Heart size normal. Mediastinum normal.,No active disease.,,3515,IU_3515,XXXX-XXXX,single_symptom_generalization,,,,success
IU_3515,3515,irrelevant,irrelevant,XXXX-XXXX,XXXX-year-old male with positive PPD.,external_data/IU-Xray/images/IU_3515_frontal.jpg,external_data/IU-Xray/images/IU_3515_lateral.jpg,Lungs are clear. A calcified small granuloma is present in the left lower lobe. Heart size normal. Mediastinum normal.,No active disease.,,817,IU_817,,,,,,success
IU_3515,3515,conflicting,conflicting,XXXX-XXXX,"Patient with high fever and shortness of breath, evaluate acute multifocal pneumonia.",external_data/IU-Xray/images/IU_3515_frontal.jpg,external_data/IU-Xray/images/IU_3515_lateral.jpg,Lungs are clear. A calcified small granuloma is present in the left lower lobe. Heart size normal. Mediastinum normal.,No active disease.,,3515,IU_3515,,,normal_exam_contradiction,reference_evidence_contradiction,reference report indicates clear/normal exam,success
IU_3515,3515,insufficient,insufficient,XXXX-XXXX,,external_data/IU-Xray/images/IU_3515_frontal.jpg,external_data/IU-Xray/images/IU_3515_lateral.jpg,Lungs are clear. A calcified small granuloma is present in the left lower lobe. Heart size normal. Mediastinum normal.,No active disease.,,3515,IU_3515,,,,,,success
IU_3526,3526,sufficient,sufficient,Shortness of breath.,Shortness of breath.,external_data/IU-Xray/images/IU_3526_frontal.jpg,external_data/IU-Xray/images/IU_3526_lateral.jpg,"The XXXX examination consists of frontal and lateral radiographs of the chest. there are diminished lung volumes with XXXX XXXX hypoventilatory changes. The cardiac silhouette is not enlarged. There is mild tortuosity of the thoracic aorta. Pulmonary vascularity is within normal limits. No focal consolidation, pleural effusion, or pneumothorax identified. Surgical clips are seen in the upper abdomen. No acute osseous abnormalities demonstrated.",Low lung volumes without evidence of acute cardiopulmonary process.,None.,3526,IU_3526,,,,,,success
IU_3526,3526,syntactic_incomplete,incomplete,Shortness of breath.,Shortness of,external_data/IU-Xray/images/IU_3526_frontal.jpg,external_data/IU-Xray/images/IU_3526_lateral.jpg,"The XXXX examination consists of frontal and lateral radiographs of the chest. there are diminished lung volumes with XXXX XXXX hypoventilatory changes. The cardiac silhouette is not enlarged. There is mild tortuosity of the thoracic aorta. Pulmonary vascularity is within normal limits. No focal consolidation, pleural effusion, or pneumothorax identified. Surgical clips are seen in the upper abdomen. No acute osseous abnormalities demonstrated.",Low lung volumes without evidence of acute cardiopulmonary process.,None.,3526,IU_3526,,preposition_truncation,,,,success
IU_3526,3526,evidentiary_incomplete,incomplete,Shortness of breath.,Shortness.,external_data/IU-Xray/images/IU_3526_frontal.jpg,external_data/IU-Xray/images/IU_3526_lateral.jpg,"The XXXX examination consists of frontal and lateral radiographs of the chest. there are diminished lung volumes with XXXX XXXX hypoventilatory changes. The cardiac silhouette is not enlarged. There is mild tortuosity of the thoracic aorta. Pulmonary vascularity is within normal limits. No focal consolidation, pleural effusion, or pneumothorax identified. Surgical clips are seen in the upper abdomen. No acute osseous abnormalities demonstrated.",Low lung volumes without evidence of acute cardiopulmonary process.,None.,3526,IU_3526,of breath,prepositional_phrase_removal_of_phrase,,,,success
IU_3526,3526,irrelevant,irrelevant,Shortness of breath.,"XXXX-year-old female with XXXX, chest pain",external_data/IU-Xray/images/IU_3526_frontal.jpg,external_data/IU-Xray/images/IU_3526_lateral.jpg,"The XXXX examination consists of frontal and lateral radiographs of the chest. there are diminished lung volumes with XXXX XXXX hypoventilatory changes. The cardiac silhouette is not enlarged. There is mild tortuosity of the thoracic aorta. Pulmonary vascularity is within normal limits. No focal consolidation, pleural effusion, or pneumothorax identified. Surgical clips are seen in the upper abdomen. No acute osseous abnormalities demonstrated.",Low lung volumes without evidence of acute cardiopulmonary process.,None.,503,IU_503,,,,,,success
IU_3526,3526,conflicting,conflicting,Shortness of breath.,"Routine follow-up chest radiograph, no trauma or pneumothorax suspected.",external_data/IU-Xray/images/IU_3526_frontal.jpg,external_data/IU-Xray/images/IU_3526_lateral.jpg,"The XXXX examination consists of frontal and lateral radiographs of the chest. there are diminished lung volumes with XXXX XXXX hypoventilatory changes. The cardiac silhouette is not enlarged. There is mild tortuosity of the thoracic aorta. Pulmonary vascularity is within normal limits. No focal consolidation, pleural effusion, or pneumothorax identified. Surgical clips are seen in the upper abdomen. No acute osseous abnormalities demonstrated.",Low lung volumes without evidence of acute cardiopulmonary process.,None.,3526,IU_3526,,,pneumothorax_presence,reference_evidence_contradiction,pneumothorax present in reference findings/impression,success
IU_3526,3526,insufficient,insufficient,Shortness of breath.,,external_data/IU-Xray/images/IU_3526_frontal.jpg,external_data/IU-Xray/images/IU_3526_lateral.jpg,"The XXXX examination consists of frontal and lateral radiographs of the chest. there are diminished lung volumes with XXXX XXXX hypoventilatory changes. The cardiac silhouette is not enlarged. There is mild tortuosity of the thoracic aorta. Pulmonary vascularity is within normal limits. No focal consolidation, pleural effusion, or pneumothorax identified. Surgical clips are seen in the upper abdomen. No acute osseous abnormalities demonstrated.",Low lung volumes without evidence of acute cardiopulmonary process.,None.,3526,IU_3526,,,,,,success
IU_3588,3588,sufficient,sufficient,sob,sob,external_data/IU-Xray/images/IU_3588_frontal.jpg,external_data/IU-Xray/images/IU_3588_lateral.jpg,XXXX XXXX and lateral chest examination was obtained. The heart silhouette is normal in size and contour. Aortic XXXX appear unremarkable. Lungs demonstrate no acute findings. There is no effusion or pneumothorax.,1. No acute pulmonary disease.,XXXX,3588,IU_3588,,,,,,success
IU_3588,3588,syntactic_incomplete,incomplete,sob,sob and,external_data/IU-Xray/images/IU_3588_frontal.jpg,external_data/IU-Xray/images/IU_3588_lateral.jpg,XXXX XXXX and lateral chest examination was obtained. The heart silhouette is normal in size and contour. Aortic XXXX appear unremarkable. Lungs demonstrate no acute findings. There is no effusion or pneumothorax.,1. No acute pulmonary disease.,XXXX,3588,IU_3588,,appended_conjunction_fallback,,,,success
IU_3588,3588,evidentiary_incomplete,incomplete,sob,Respiratory evaluation.,external_data/IU-Xray/images/IU_3588_frontal.jpg,external_data/IU-Xray/images/IU_3588_lateral.jpg,XXXX XXXX and lateral chest examination was obtained. The heart silhouette is normal in size and contour. Aortic XXXX appear unremarkable. Lungs demonstrate no acute findings. There is no effusion or pneumothorax.,1. No acute pulmonary disease.,XXXX,3588,IU_3588,sob,evidenced_term_generalization,,,,success
IU_3588,3588,irrelevant,irrelevant,sob,XXXX-year-old male with history of XXXX.,external_data/IU-Xray/images/IU_3588_frontal.jpg,external_data/IU-Xray/images/IU_3588_lateral.jpg,XXXX XXXX and lateral chest examination was obtained. The heart silhouette is normal in size and contour. Aortic XXXX appear unremarkable. Lungs demonstrate no acute findings. There is no effusion or pneumothorax.,1. No acute pulmonary disease.,XXXX,1556,IU_1556,,,,,,success
IU_3588,3588,conflicting,conflicting,sob,"Routine follow-up chest radiograph, no trauma or pneumothorax suspected.",external_data/IU-Xray/images/IU_3588_frontal.jpg,external_data/IU-Xray/images/IU_3588_lateral.jpg,XXXX XXXX and lateral chest examination was obtained. The heart silhouette is normal in size and contour. Aortic XXXX appear unremarkable. Lungs demonstrate no acute findings. There is no effusion or pneumothorax.,1. No acute pulmonary disease.,XXXX,3588,IU_3588,,,pneumothorax_presence,reference_evidence_contradiction,pneumothorax present in reference findings/impression,success
IU_3588,3588,insufficient,insufficient,sob,,external_data/IU-Xray/images/IU_3588_frontal.jpg,external_data/IU-Xray/images/IU_3588_lateral.jpg,XXXX XXXX and lateral chest examination was obtained. The heart silhouette is normal in size and contour. Aortic XXXX appear unremarkable. Lungs demonstrate no acute findings. There is no effusion or pneumothorax.,1. No acute pulmonary disease.,XXXX,3588,IU_3588,,,,,,success
IU_3676,3676,sufficient,sufficient,XXXX-year-old male with XXXX.,XXXX-year-old male with XXXX.,external_data/IU-Xray/images/IU_3676_frontal.jpg,external_data/IU-Xray/images/IU_3676_lateral.jpg,"The cardiomediastinal silhouette appears irregular secondary to the diffuse bilateral pulmonary interstitial disease. The thoracic aorta is tortuous. Calcified lymph XXXX are demonstrated in the left hilum. No focal pulmonary consolidation. Diffuse increased bilateral pulmonary interstitial markings, consistent with the patient's history of known pulmonary fibrosis, with relative sparing of the bilateral lung apices. No pneumothorax or pleural effusion demonstrated. The thoracic spine appears intact.",1. Redemonstration of diffuse bilateral pulmonary fibrosis with relative sparing of the bilateral lung apices. No focal pulmonary consolidation. .,Comparison is XXXX to XXXX examination dated XXXX.,3676,IU_3676,,,,,,success
IU_3676,3676,syntactic_incomplete,incomplete,XXXX-year-old male with XXXX.,XXXX-year-old male with,external_data/IU-Xray/images/IU_3676_frontal.jpg,external_data/IU-Xray/images/IU_3676_lateral.jpg,"The cardiomediastinal silhouette appears irregular secondary to the diffuse bilateral pulmonary interstitial disease. The thoracic aorta is tortuous. Calcified lymph XXXX are demonstrated in the left hilum. No focal pulmonary consolidation. Diffuse increased bilateral pulmonary interstitial markings, consistent with the patient's history of known pulmonary fibrosis, with relative sparing of the bilateral lung apices. No pneumothorax or pleural effusion demonstrated. The thoracic spine appears intact.",1. Redemonstration of diffuse bilateral pulmonary fibrosis with relative sparing of the bilateral lung apices. No focal pulmonary consolidation. .,Comparison is XXXX to XXXX examination dated XXXX.,3676,IU_3676,,preposition_truncation,,,,success
IU_3676,3676,evidentiary_incomplete,incomplete,XXXX-year-old male with XXXX.,"XXXX-year-old male, clinical evaluation.",external_data/IU-Xray/images/IU_3676_frontal.jpg,external_data/IU-Xray/images/IU_3676_lateral.jpg,"The cardiomediastinal silhouette appears irregular secondary to the diffuse bilateral pulmonary interstitial disease. The thoracic aorta is tortuous. Calcified lymph XXXX are demonstrated in the left hilum. No focal pulmonary consolidation. Diffuse increased bilateral pulmonary interstitial markings, consistent with the patient's history of known pulmonary fibrosis, with relative sparing of the bilateral lung apices. No pneumothorax or pleural effusion demonstrated. The thoracic spine appears intact.",1. Redemonstration of diffuse bilateral pulmonary fibrosis with relative sparing of the bilateral lung apices. No focal pulmonary consolidation. .,Comparison is XXXX to XXXX examination dated XXXX.,3676,IU_3676,with XXXX,prepositional_phrase_removal_with_general_indication,,,,success
IU_3676,3676,irrelevant,irrelevant,XXXX-year-old male with XXXX.,AML. BMT workup.,external_data/IU-Xray/images/IU_3676_frontal.jpg,external_data/IU-Xray/images/IU_3676_lateral.jpg,"The cardiomediastinal silhouette appears irregular secondary to the diffuse bilateral pulmonary interstitial disease. The thoracic aorta is tortuous. Calcified lymph XXXX are demonstrated in the left hilum. No focal pulmonary consolidation. Diffuse increased bilateral pulmonary interstitial markings, consistent with the patient's history of known pulmonary fibrosis, with relative sparing of the bilateral lung apices. No pneumothorax or pleural effusion demonstrated. The thoracic spine appears intact.",1. Redemonstration of diffuse bilateral pulmonary fibrosis with relative sparing of the bilateral lung apices. No focal pulmonary consolidation. .,Comparison is XXXX to XXXX examination dated XXXX.,2724,IU_2724,,,,,,success
IU_3676,3676,conflicting,conflicting,XXXX-year-old male with XXXX.,"Patient presenting with sudden onset shortness of breath following trauma, evaluate acute pneumothorax.",external_data/IU-Xray/images/IU_3676_frontal.jpg,external_data/IU-Xray/images/IU_3676_lateral.jpg,"The cardiomediastinal silhouette appears irregular secondary to the diffuse bilateral pulmonary interstitial disease. The thoracic aorta is tortuous. Calcified lymph XXXX are demonstrated in the left hilum. No focal pulmonary consolidation. Diffuse increased bilateral pulmonary interstitial markings, consistent with the patient's history of known pulmonary fibrosis, with relative sparing of the bilateral lung apices. No pneumothorax or pleural effusion demonstrated. The thoracic spine appears intact.",1. Redemonstration of diffuse bilateral pulmonary fibrosis with relative sparing of the bilateral lung apices. No focal pulmonary consolidation. .,Comparison is XXXX to XXXX examination dated XXXX.,3676,IU_3676,,,pneumothorax_absence,reference_evidence_contradiction,no pneumothorax reported in reference findings/impression,success
IU_3676,3676,insufficient,insufficient,XXXX-year-old male with XXXX.,,external_data/IU-Xray/images/IU_3676_frontal.jpg,external_data/IU-Xray/images/IU_3676_lateral.jpg,"The cardiomediastinal silhouette appears irregular secondary to the diffuse bilateral pulmonary interstitial disease. The thoracic aorta is tortuous. Calcified lymph XXXX are demonstrated in the left hilum. No focal pulmonary consolidation. Diffuse increased bilateral pulmonary interstitial markings, consistent with the patient's history of known pulmonary fibrosis, with relative sparing of the bilateral lung apices. No pneumothorax or pleural effusion demonstrated. The thoracic spine appears intact.",1. Redemonstration of diffuse bilateral pulmonary fibrosis with relative sparing of the bilateral lung apices. No focal pulmonary consolidation. .,Comparison is XXXX to XXXX examination dated XXXX.,3676,IU_3676,,,,,,success
IU_3687,3687,sufficient,sufficient,XXXX,XXXX,external_data/IU-Xray/images/IU_3687_frontal.jpg,external_data/IU-Xray/images/IU_3687_lateral.jpg,Heart size and mediastinal contours are within normal limits given AP projection. The right lung appears clear. There is minimal patchy atelectasis or early infiltrate in left lung base. No visible pleural effusion or pneumothorax. There is a partially visualized IVC XXXX on the lateral view. There are partially visualized surgical changes the cervical spine compatible with prior fusion procedure.,Minimal patchy left basilar atelectasis or infiltrate.,None available,3687,IU_3687,,,,,,success
IU_3687,3687,syntactic_incomplete,incomplete,XXXX,XXXX and,external_data/IU-Xray/images/IU_3687_frontal.jpg,external_data/IU-Xray/images/IU_3687_lateral.jpg,Heart size and mediastinal contours are within normal limits given AP projection. The right lung appears clear. There is minimal patchy atelectasis or early infiltrate in left lung base. No visible pleural effusion or pneumothorax. There is a partially visualized IVC XXXX on the lateral view. There are partially visualized surgical changes the cervical spine compatible with prior fusion procedure.,Minimal patchy left basilar atelectasis or infiltrate.,None available,3687,IU_3687,,appended_conjunction_fallback,,,,success
IU_3687,3687,evidentiary_incomplete,incomplete,XXXX,Clinical evaluation.,external_data/IU-Xray/images/IU_3687_frontal.jpg,external_data/IU-Xray/images/IU_3687_lateral.jpg,Heart size and mediastinal contours are within normal limits given AP projection. The right lung appears clear. There is minimal patchy atelectasis or early infiltrate in left lung base. No visible pleural effusion or pneumothorax. There is a partially visualized IVC XXXX on the lateral view. There are partially visualized surgical changes the cervical spine compatible with prior fusion procedure.,Minimal patchy left basilar atelectasis or infiltrate.,None available,3687,IU_3687,XXXX,single_symptom_generalization,,,,success
IU_3687,3687,irrelevant,irrelevant,XXXX,XXXX and congestion with XXXX for 1 month,external_data/IU-Xray/images/IU_3687_frontal.jpg,external_data/IU-Xray/images/IU_3687_lateral.jpg,Heart size and mediastinal contours are within normal limits given AP projection. The right lung appears clear. There is minimal patchy atelectasis or early infiltrate in left lung base. No visible pleural effusion or pneumothorax. There is a partially visualized IVC XXXX on the lateral view. There are partially visualized surgical changes the cervical spine compatible with prior fusion procedure.,Minimal patchy left basilar atelectasis or infiltrate.,None available,3171,IU_3171,,,,,,success
IU_3687,3687,conflicting,conflicting,XXXX,"Routine follow-up chest radiograph, no trauma or pneumothorax suspected.",external_data/IU-Xray/images/IU_3687_frontal.jpg,external_data/IU-Xray/images/IU_3687_lateral.jpg,Heart size and mediastinal contours are within normal limits given AP projection. The right lung appears clear. There is minimal patchy atelectasis or early infiltrate in left lung base. No visible pleural effusion or pneumothorax. There is a partially visualized IVC XXXX on the lateral view. There are partially visualized surgical changes the cervical spine compatible with prior fusion procedure.,Minimal patchy left basilar atelectasis or infiltrate.,None available,3687,IU_3687,,,pneumothorax_presence,reference_evidence_contradiction,pneumothorax present in reference findings/impression,success
IU_3687,3687,insufficient,insufficient,XXXX,,external_data/IU-Xray/images/IU_3687_frontal.jpg,external_data/IU-Xray/images/IU_3687_lateral.jpg,Heart size and mediastinal contours are within normal limits given AP projection. The right lung appears clear. There is minimal patchy atelectasis or early infiltrate in left lung base. No visible pleural effusion or pneumothorax. There is a partially visualized IVC XXXX on the lateral view. There are partially visualized surgical changes the cervical spine compatible with prior fusion procedure.,Minimal patchy left basilar atelectasis or infiltrate.,None available,3687,IU_3687,,,,,,success
IU_3796,3796,sufficient,sufficient,XXXX-year-old female with chest pain.,XXXX-year-old female with chest pain.,external_data/IU-Xray/images/IU_3796_frontal.jpg,external_data/IU-Xray/images/IU_3796_lateral.jpg,"The cardiomediastinal silhouette is within normal limits for appearance. No focal areas of pulmonary consolidation. No pneumothorax. No pleural effusion. The thoracic spine appears intact. No acute, displaced rib fractures.",1. No acute intrathoracic abnormality.,None available.,3796,IU_3796,,,,,,success
IU_3796,3796,syntactic_incomplete,incomplete,XXXX-year-old female with chest pain.,XXXX-year-old female with,external_data/IU-Xray/images/IU_3796_frontal.jpg,external_data/IU-Xray/images/IU_3796_lateral.jpg,"The cardiomediastinal silhouette is within normal limits for appearance. No focal areas of pulmonary consolidation. No pneumothorax. No pleural effusion. The thoracic spine appears intact. No acute, displaced rib fractures.",1. No acute intrathoracic abnormality.,None available.,3796,IU_3796,,preposition_truncation,,,,success
IU_3796,3796,evidentiary_incomplete,incomplete,XXXX-year-old female with chest pain.,"XXXX-year-old female, clinical evaluation.",external_data/IU-Xray/images/IU_3796_frontal.jpg,external_data/IU-Xray/images/IU_3796_lateral.jpg,"The cardiomediastinal silhouette is within normal limits for appearance. No focal areas of pulmonary consolidation. No pneumothorax. No pleural effusion. The thoracic spine appears intact. No acute, displaced rib fractures.",1. No acute intrathoracic abnormality.,None available.,3796,IU_3796,with chest pain,prepositional_phrase_removal_with_general_indication,,,,success
IU_3796,3796,irrelevant,irrelevant,XXXX-year-old female with chest pain.,XXXX with low-grade XXXX and midback pain x2 weeks.,external_data/IU-Xray/images/IU_3796_frontal.jpg,external_data/IU-Xray/images/IU_3796_lateral.jpg,"The cardiomediastinal silhouette is within normal limits for appearance. No focal areas of pulmonary consolidation. No pneumothorax. No pleural effusion. The thoracic spine appears intact. No acute, displaced rib fractures.",1. No acute intrathoracic abnormality.,None available.,2216,IU_2216,,,,,,success
IU_3796,3796,conflicting,conflicting,XXXX-year-old female with chest pain.,"Patient presenting with sudden onset shortness of breath following trauma, evaluate acute pneumothorax.",external_data/IU-Xray/images/IU_3796_frontal.jpg,external_data/IU-Xray/images/IU_3796_lateral.jpg,"The cardiomediastinal silhouette is within normal limits for appearance. No focal areas of pulmonary consolidation. No pneumothorax. No pleural effusion. The thoracic spine appears intact. No acute, displaced rib fractures.",1. No acute intrathoracic abnormality.,None available.,3796,IU_3796,,,pneumothorax_absence,reference_evidence_contradiction,no pneumothorax reported in reference findings/impression,success
IU_3796,3796,insufficient,insufficient,XXXX-year-old female with chest pain.,,external_data/IU-Xray/images/IU_3796_frontal.jpg,external_data/IU-Xray/images/IU_3796_lateral.jpg,"The cardiomediastinal silhouette is within normal limits for appearance. No focal areas of pulmonary consolidation. No pneumothorax. No pleural effusion. The thoracic spine appears intact. No acute, displaced rib fractures.",1. No acute intrathoracic abnormality.,None available.,3796,IU_3796,,,,,,success
IU_3818,3818,sufficient,sufficient,XXXX-year-old XXXX with chest pain.,XXXX-year-old XXXX with chest pain.,external_data/IU-Xray/images/IU_3818_frontal.jpg,external_data/IU-Xray/images/IU_3818_lateral.jpg,"Heart and mediastinum within normal limits. Negative for focal pulmonary consolidation, pleural effusion, or pneumothorax.",No acute abnormality.,"XXXX, XXXX.",3818,IU_3818,,,,,,success
IU_3818,3818,syntactic_incomplete,incomplete,XXXX-year-old XXXX with chest pain.,XXXX-year-old XXXX with,external_data/IU-Xray/images/IU_3818_frontal.jpg,external_data/IU-Xray/images/IU_3818_lateral.jpg,"Heart and mediastinum within normal limits. Negative for focal pulmonary consolidation, pleural effusion, or pneumothorax.",No acute abnormality.,"XXXX, XXXX.",3818,IU_3818,,preposition_truncation,,,,success
IU_3818,3818,evidentiary_incomplete,incomplete,XXXX-year-old XXXX with chest pain.,"XXXX-year-old XXXX, clinical evaluation.",external_data/IU-Xray/images/IU_3818_frontal.jpg,external_data/IU-Xray/images/IU_3818_lateral.jpg,"Heart and mediastinum within normal limits. Negative for focal pulmonary consolidation, pleural effusion, or pneumothorax.",No acute abnormality.,"XXXX, XXXX.",3818,IU_3818,with chest pain,prepositional_phrase_removal_with_general_indication,,,,success
IU_3818,3818,irrelevant,irrelevant,XXXX-year-old XXXX with chest pain.,"XXXX-year-old male, status post cardiac arrest",external_data/IU-Xray/images/IU_3818_frontal.jpg,external_data/IU-Xray/images/IU_3818_lateral.jpg,"Heart and mediastinum within normal limits. Negative for focal pulmonary consolidation, pleural effusion, or pneumothorax.",No acute abnormality.,"XXXX, XXXX.",455,IU_455,,,,,,success
IU_3818,3818,conflicting,conflicting,XXXX-year-old XXXX with chest pain.,"Routine follow-up chest radiograph, no trauma or pneumothorax suspected.",external_data/IU-Xray/images/IU_3818_frontal.jpg,external_data/IU-Xray/images/IU_3818_lateral.jpg,"Heart and mediastinum within normal limits. Negative for focal pulmonary consolidation, pleural effusion, or pneumothorax.",No acute abnormality.,"XXXX, XXXX.",3818,IU_3818,,,pneumothorax_presence,reference_evidence_contradiction,pneumothorax present in reference findings/impression,success
IU_3818,3818,insufficient,insufficient,XXXX-year-old XXXX with chest pain.,,external_data/IU-Xray/images/IU_3818_frontal.jpg,external_data/IU-Xray/images/IU_3818_lateral.jpg,"Heart and mediastinum within normal limits. Negative for focal pulmonary consolidation, pleural effusion, or pneumothorax.",No acute abnormality.,"XXXX, XXXX.",3818,IU_3818,,,,,,success
IU_3834,3834,sufficient,sufficient,Chest pain,Chest pain,external_data/IU-Xray/images/IU_3834_frontal.jpg,,"There is an S-shaped scoliosis of the thoracic spine. Heart size and pulmonary vascularity within normal limits. No focal infiltrate, pneumothorax or pleural effusion identified.",No acute cardiopulmonary disease.,,3834,IU_3834,,,,,,success
IU_3834,3834,syntactic_incomplete,incomplete,Chest pain,Chest pain and,external_data/IU-Xray/images/IU_3834_frontal.jpg,,"There is an S-shaped scoliosis of the thoracic spine. Heart size and pulmonary vascularity within normal limits. No focal infiltrate, pneumothorax or pleural effusion identified.",No acute cardiopulmonary disease.,,3834,IU_3834,,appended_conjunction_fallback,,,,success
IU_3834,3834,evidentiary_incomplete,incomplete,Chest pain,Clinical evaluation.,external_data/IU-Xray/images/IU_3834_frontal.jpg,,"There is an S-shaped scoliosis of the thoracic spine. Heart size and pulmonary vascularity within normal limits. No focal infiltrate, pneumothorax or pleural effusion identified.",No acute cardiopulmonary disease.,,3834,IU_3834,pain,evidenced_term_generalization,,,,success
IU_3834,3834,irrelevant,irrelevant,Chest pain,XXXX-year-old female with history of right cervical lymphadenopathy..,external_data/IU-Xray/images/IU_3834_frontal.jpg,,"There is an S-shaped scoliosis of the thoracic spine. Heart size and pulmonary vascularity within normal limits. No focal infiltrate, pneumothorax or pleural effusion identified.",No acute cardiopulmonary disease.,,1796,IU_1796,,,,,,success
IU_3834,3834,conflicting,conflicting,Chest pain,"Routine follow-up chest radiograph, no trauma or pneumothorax suspected.",external_data/IU-Xray/images/IU_3834_frontal.jpg,,"There is an S-shaped scoliosis of the thoracic spine. Heart size and pulmonary vascularity within normal limits. No focal infiltrate, pneumothorax or pleural effusion identified.",No acute cardiopulmonary disease.,,3834,IU_3834,,,pneumothorax_presence,reference_evidence_contradiction,pneumothorax present in reference findings/impression,success
IU_3834,3834,insufficient,insufficient,Chest pain,,external_data/IU-Xray/images/IU_3834_frontal.jpg,,"There is an S-shaped scoliosis of the thoracic spine. Heart size and pulmonary vascularity within normal limits. No focal infiltrate, pneumothorax or pleural effusion identified.",No acute cardiopulmonary disease.,,3834,IU_3834,,,,,,success
IU_3958,3958,sufficient,sufficient,Chest pain.,Chest pain.,external_data/IU-Xray/images/IU_3958_frontal.jpg,external_data/IU-Xray/images/IU_3958_lateral.jpg,Both lungs are clear and expanded. Heart and mediastinum normal.,No active disease.,None.,3958,IU_3958,,,,,,success
IU_3958,3958,syntactic_incomplete,incomplete,Chest pain.,Chest pain and,external_data/IU-Xray/images/IU_3958_frontal.jpg,external_data/IU-Xray/images/IU_3958_lateral.jpg,Both lungs are clear and expanded. Heart and mediastinum normal.,No active disease.,None.,3958,IU_3958,,appended_conjunction_fallback,,,,success
IU_3958,3958,evidentiary_incomplete,incomplete,Chest pain.,Clinical evaluation.,external_data/IU-Xray/images/IU_3958_frontal.jpg,external_data/IU-Xray/images/IU_3958_lateral.jpg,Both lungs are clear and expanded. Heart and mediastinum normal.,No active disease.,None.,3958,IU_3958,pain,evidenced_term_generalization,,,,success
IU_3958,3958,irrelevant,irrelevant,Chest pain.,SP CABG SOB NO RALES,external_data/IU-Xray/images/IU_3958_frontal.jpg,external_data/IU-Xray/images/IU_3958_lateral.jpg,Both lungs are clear and expanded. Heart and mediastinum normal.,No active disease.,None.,995,IU_995,,,,,,success
IU_3958,3958,conflicting,conflicting,Chest pain.,"Patient with high fever and shortness of breath, evaluate acute multifocal pneumonia.",external_data/IU-Xray/images/IU_3958_frontal.jpg,external_data/IU-Xray/images/IU_3958_lateral.jpg,Both lungs are clear and expanded. Heart and mediastinum normal.,No active disease.,None.,3958,IU_3958,,,normal_exam_contradiction,reference_evidence_contradiction,reference report indicates clear/normal exam,success
IU_3958,3958,insufficient,insufficient,Chest pain.,,external_data/IU-Xray/images/IU_3958_frontal.jpg,external_data/IU-Xray/images/IU_3958_lateral.jpg,Both lungs are clear and expanded. Heart and mediastinum normal.,No active disease.,None.,3958,IU_3958,,,,,,success
IU_3977,3977,sufficient,sufficient,"XXXX-year-old male, hypertension, chest pain","XXXX-year-old male, hypertension, chest pain",external_data/IU-Xray/images/IU_3977_frontal.jpg,external_data/IU-Xray/images/IU_3977_lateral.jpg,Normal heart size. Stable unfolding the thoracic aorta. No focal air space consolidation. No pleural effusion or pneumothorax. Stable calcified granuloma in the left lower lobe. Visualized osseous structures are unremarkable appearance.,No acute cardiopulmonary abnormality.,"Chest x-XXXX XXXX, XXXX",3977,IU_3977,,,,,,success
IU_3977,3977,syntactic_incomplete,incomplete,"XXXX-year-old male, hypertension, chest pain","XXXX-year-old male, hypertension, chest pain and",external_data/IU-Xray/images/IU_3977_frontal.jpg,external_data/IU-Xray/images/IU_3977_lateral.jpg,Normal heart size. Stable unfolding the thoracic aorta. No focal air space consolidation. No pleural effusion or pneumothorax. Stable calcified granuloma in the left lower lobe. Visualized osseous structures are unremarkable appearance.,No acute cardiopulmonary abnormality.,"Chest x-XXXX XXXX, XXXX",3977,IU_3977,,appended_conjunction_fallback,,,,success
IU_3977,3977,evidentiary_incomplete,incomplete,"XXXX-year-old male, hypertension, chest pain","XXXX-year-old male, chest pain.",external_data/IU-Xray/images/IU_3977_frontal.jpg,external_data/IU-Xray/images/IU_3977_lateral.jpg,Normal heart size. Stable unfolding the thoracic aorta. No focal air space consolidation. No pleural effusion or pneumothorax. Stable calcified granuloma in the left lower lobe. Visualized osseous structures are unremarkable appearance.,No acute cardiopulmonary abnormality.,"Chest x-XXXX XXXX, XXXX",3977,IU_3977,hypertension,clause_clinical_removal,,,,success
IU_3977,3977,irrelevant,irrelevant,"XXXX-year-old male, hypertension, chest pain",Hemoptysis,external_data/IU-Xray/images/IU_3977_frontal.jpg,external_data/IU-Xray/images/IU_3977_lateral.jpg,Normal heart size. Stable unfolding the thoracic aorta. No focal air space consolidation. No pleural effusion or pneumothorax. Stable calcified granuloma in the left lower lobe. Visualized osseous structures are unremarkable appearance.,No acute cardiopulmonary abnormality.,"Chest x-XXXX XXXX, XXXX",3414,IU_3414,,,,,,success
IU_3977,3977,conflicting,conflicting,"XXXX-year-old male, hypertension, chest pain","Routine follow-up chest radiograph, no trauma or pneumothorax suspected.",external_data/IU-Xray/images/IU_3977_frontal.jpg,external_data/IU-Xray/images/IU_3977_lateral.jpg,Normal heart size. Stable unfolding the thoracic aorta. No focal air space consolidation. No pleural effusion or pneumothorax. Stable calcified granuloma in the left lower lobe. Visualized osseous structures are unremarkable appearance.,No acute cardiopulmonary abnormality.,"Chest x-XXXX XXXX, XXXX",3977,IU_3977,,,pneumothorax_presence,reference_evidence_contradiction,pneumothorax present in reference findings/impression,success
IU_3977,3977,insufficient,insufficient,"XXXX-year-old male, hypertension, chest pain",,external_data/IU-Xray/images/IU_3977_frontal.jpg,external_data/IU-Xray/images/IU_3977_lateral.jpg,Normal heart size. Stable unfolding the thoracic aorta. No focal air space consolidation. No pleural effusion or pneumothorax. Stable calcified granuloma in the left lower lobe. Visualized osseous structures are unremarkable appearance.,No acute cardiopulmonary abnormality.,"Chest x-XXXX XXXX, XXXX",3977,IU_3977,,,,,,success
IU_3994,3994,sufficient,sufficient,"XXXX-year-old male with chest pain, positive troponin","XXXX-year-old male with chest pain, positive troponin",external_data/IU-Xray/images/IU_3994_frontal.jpg,external_data/IU-Xray/images/IU_3994_lateral.jpg,Similar mild cardiomegaly. Of the pulmonary vascularity is prominent. No focal consolidations or effusions. No pneumothorax. No acute bony abnormality.,Mild cardiomegaly with XXXX of early failure.,"Portable chest x-XXXX XXXX, XXXX",3994,IU_3994,,,,,,success
IU_3994,3994,syntactic_incomplete,incomplete,"XXXX-year-old male with chest pain, positive troponin",XXXX-year-old male with,external_data/IU-Xray/images/IU_3994_frontal.jpg,external_data/IU-Xray/images/IU_3994_lateral.jpg,Similar mild cardiomegaly. Of the pulmonary vascularity is prominent. No focal consolidations or effusions. No pneumothorax. No acute bony abnormality.,Mild cardiomegaly with XXXX of early failure.,"Portable chest x-XXXX XXXX, XXXX",3994,IU_3994,,preposition_truncation,,,,success
IU_3994,3994,evidentiary_incomplete,incomplete,"XXXX-year-old male with chest pain, positive troponin",positive troponin.,external_data/IU-Xray/images/IU_3994_frontal.jpg,external_data/IU-Xray/images/IU_3994_lateral.jpg,Similar mild cardiomegaly. Of the pulmonary vascularity is prominent. No focal consolidations or effusions. No pneumothorax. No acute bony abnormality.,Mild cardiomegaly with XXXX of early failure.,"Portable chest x-XXXX XXXX, XXXX",3994,IU_3994,XXXX-year-old male with chest pain,clause_clinical_removal,,,,success
IU_3994,3994,irrelevant,irrelevant,"XXXX-year-old male with chest pain, positive troponin",Chest pressure. No known XXXX.,external_data/IU-Xray/images/IU_3994_frontal.jpg,external_data/IU-Xray/images/IU_3994_lateral.jpg,Similar mild cardiomegaly. Of the pulmonary vascularity is prominent. No focal consolidations or effusions. No pneumothorax. No acute bony abnormality.,Mild cardiomegaly with XXXX of early failure.,"Portable chest x-XXXX XXXX, XXXX",1710,IU_1710,,,,,,success
IU_3994,3994,conflicting,conflicting,"XXXX-year-old male with chest pain, positive troponin","Patient presenting with sudden onset shortness of breath following trauma, evaluate acute pneumothorax.",external_data/IU-Xray/images/IU_3994_frontal.jpg,external_data/IU-Xray/images/IU_3994_lateral.jpg,Similar mild cardiomegaly. Of the pulmonary vascularity is prominent. No focal consolidations or effusions. No pneumothorax. No acute bony abnormality.,Mild cardiomegaly with XXXX of early failure.,"Portable chest x-XXXX XXXX, XXXX",3994,IU_3994,,,pneumothorax_absence,reference_evidence_contradiction,no pneumothorax reported in reference findings/impression,success
IU_3994,3994,insufficient,insufficient,"XXXX-year-old male with chest pain, positive troponin",,external_data/IU-Xray/images/IU_3994_frontal.jpg,external_data/IU-Xray/images/IU_3994_lateral.jpg,Similar mild cardiomegaly. Of the pulmonary vascularity is prominent. No focal consolidations or effusions. No pneumothorax. No acute bony abnormality.,Mild cardiomegaly with XXXX of early failure.,"Portable chest x-XXXX XXXX, XXXX",3994,IU_3994,,,,,,success
